threshold,accuracy,balanced_accuracy,macro_f1,exit_precision,exit_recall,exit_f1,presence_precision,presence_recall,presence_f1,tn,fp,fn,tp,model,fold,outer_val_season
0.2,0.8665207877461707,0.5192067520747724,0.5019118067467124,0.8333333333333334,0.03968253968253968,0.07575757575757576,0.8667400881057269,0.998730964467005,0.9280660377358491,5,121,1,787,Logistic_ModelA,1,2020-2021
0.21,0.8676148796498906,0.5231750060430264,0.5094195666156542,0.8571428571428571,0.047619047619047616,0.09022556390977443,0.8676957001102535,0.998730964467005,0.9286135693215339,6,120,1,787,Logistic_ModelA,1,2020-2021
0.22,0.8698030634573304,0.5311115139795343,0.5241145457329746,0.8888888888888888,0.06349206349206349,0.11851851851851852,0.8696132596685083,0.998730964467005,0.9297105729474306,8,118,1,787,Logistic_ModelA,1,2020-2021
0.23,0.8719912472647703,0.5390480219160422,0.5383977864780051,0.9090909090909091,0.07936507936507936,0.145985401459854,0.8715393133997785,0.998730964467005,0.9308101714961561,10,116,1,787,Logistic_ModelA,1,2020-2021
0.24,0.8741794310722101,0.5469845298525502,0.552287122344753,0.9230769230769231,0.09523809523809523,0.17266187050359713,0.8734739178690344,0.998730964467005,0.9319123741859088,12,114,1,787,Logistic_ModelA,1,2020-2021
0.25,0.8774617067833698,0.5588892917573121,0.5724190934456084,0.9375,0.11904761904761904,0.2112676056338028,0.876391982182628,0.998730964467005,0.933570581257414,15,111,1,787,Logistic_ModelA,1,2020-2021
0.26,0.8774617067833698,0.5588892917573121,0.5724190934456084,0.9375,0.11904761904761904,0.2112676056338028,0.876391982182628,0.998730964467005,0.933570581257414,15,111,1,787,Logistic_ModelA,1,2020-2021
0.27,0.8774617067833698,0.5588892917573121,0.5724190934456084,0.9375,0.11904761904761904,0.2112676056338028,0.876391982182628,0.998730964467005,0.933570581257414,15,111,1,787,Logistic_ModelA,1,2020-2021
0.28,0.8785557986870897,0.5695250181290791,0.5894329177239009,0.8571428571428571,0.14285714285714285,0.24489795918367346,0.8790593505039194,0.9961928934010152,0.9339678762641285,18,108,3,785,Logistic_ModelA,1,2020-2021
0.29,0.8807439824945296,0.577461526065587,0.6017683904209521,0.8695652173913043,0.15873015873015872,0.2684563758389262,0.8810325476992144,0.9961928934010152,0.935080405002978,20,106,3,785,Logistic_ModelA,1,2020-2021
0.3,0.8807439824945296,0.577461526065587,0.6017683904209521,0.8695652173913043,0.15873015873015872,0.2684563758389262,0.8810325476992144,0.9961928934010152,0.935080405002978,20,106,3,785,Logistic_ModelA,1,2020-2021
0.31,0.8807439824945296,0.5807952622673435,0.606574338439424,0.84,0.16666666666666666,0.2781456953642384,0.8818897637795275,0.9949238578680203,0.9350029815146095,21,105,4,784,Logistic_ModelA,1,2020-2021
0.32,0.8829321663019694,0.5887317702038514,0.6183864988781582,0.8518518518518519,0.18253968253968253,0.3006535947712418,0.8838782412626832,0.9949238578680203,0.9361194029850747,23,103,4,784,Logistic_ModelA,1,2020-2021
0.33,0.8818380743982495,0.5914309886391105,0.6215495031284506,0.8,0.19047619047619047,0.3076923076923077,0.8846153846153846,0.9923857868020305,0.9354066985645934,24,102,6,782,Logistic_ModelA,1,2020-2021
0.34,0.8829321663019694,0.5953992426073644,0.6272189123565354,0.8064516129032258,0.1984126984126984,0.3184713375796178,0.8856172140430351,0.9923857868020305,0.935966487133453,25,101,6,782,Logistic_ModelA,1,2020-2021
0.35,0.8851203501094091,0.6033357505438723,0.6383553591010321,0.8181818181818182,0.21428571428571427,0.33962264150943394,0.887627695800227,0.9923857868020305,0.9370880766926303,27,99,6,782,Logistic_ModelA,1,2020-2021
0.36,0.8862144420131292,0.6106377407138829,0.6477998606850147,0.8055555555555556,0.23015873015873015,0.35802469135802467,0.8895216400911162,0.9911167512690355,0.9375750300120048,29,97,7,781,Logistic_ModelA,1,2020-2021
0.37,0.887308533916849,0.6146059946821368,0.6531181488236704,0.8108108108108109,0.23809523809523808,0.36809815950920244,0.8905359179019384,0.9911167512690355,0.9381381381381382,30,96,7,781,Logistic_ModelA,1,2020-2021
0.38,0.887308533916849,0.6179397308838933,0.6569106579930393,0.7948717948717948,0.24603174603174602,0.37575757575757573,0.8914285714285715,0.9898477157360406,0.9380637402285027,31,95,8,780,Logistic_ModelA,1,2020-2021
0.39,0.887308533916849,0.6212734670856499,0.6606113480444289,0.7804878048780488,0.25396825396825395,0.38323353293413176,0.8923253150057274,0.9885786802030457,0.937989163154726,32,94,9,779,Logistic_ModelA,1,2020-2021
0.4,0.888402625820569,0.6252417210539039,0.6657056798623063,0.7857142857142857,0.2619047619047619,0.39285714285714285,0.893348623853211,0.9885786802030457,0.9385542168674699,33,93,9,779,Logistic_ModelA,1,2020-2021
0.41,0.8905908096280087,0.6365119651921682,0.6791090888664195,0.782608695652174,0.2857142857142857,0.4186046511627907,0.8963133640552995,0.9873096446700508,0.9396135265700483,36,90,10,778,Logistic_ModelA,1,2020-2021
0.42,0.8916849015317286,0.6438139553621787,0.6871973036038372,0.7755102040816326,0.30158730158730157,0.4342857142857143,0.8982658959537573,0.9860406091370558,0.9401088929219601,38,88,11,777,Logistic_ModelA,1,2020-2021
0.43,0.8927789934354485,0.6544496817339457,0.6980447680690399,0.7592592592592593,0.3253968253968254,0.45555555555555555,0.9011627906976745,0.983502538071066,0.9405339805825242,41,85,13,775,Logistic_ModelA,1,2020-2021
0.44,0.8938730853391685,0.6584179357021996,0.7025967186278752,0.7636363636363637,0.3333333333333333,0.46408839779005523,0.9022118742724098,0.983502538071066,0.9411050394656952,42,84,13,775,Logistic_ModelA,1,2020-2021
0.45,0.8949671772428884,0.6690536620739667,0.7127028407528191,0.75,0.35714285714285715,0.4838709677419355,0.905152224824356,0.9809644670050761,0.9415347137637028,45,81,15,773,Logistic_ModelA,1,2020-2021
0.46,0.8960612691466083,0.6763556522439771,0.7196961626491828,0.746031746031746,0.373015873015873,0.4973544973544973,0.9071680376028202,0.9796954314720813,0.9420378279438683,47,79,16,772,Logistic_ModelA,1,2020-2021
0.47,0.8982494529540481,0.6876258963822416,0.7306269905404763,0.746268656716418,0.3968253968253968,0.5181347150259067,0.910271546635183,0.9784263959390863,0.9431192660550459,50,76,17,771,Logistic_ModelA,1,2020-2021
0.48,0.8971553610503282,0.6903251148175006,0.7314050620248099,0.7285714285714285,0.40476190476190477,0.5204081632653061,0.9111374407582938,0.9758883248730964,0.9424019607843137,51,75,19,769,Logistic_ModelA,1,2020-2021
0.49,0.8960612691466083,0.6896905970510032,0.7297600114532208,0.7183098591549296,0.40476190476190477,0.5177664974619289,0.9110320284697508,0.9746192893401016,0.9417535254445125,51,75,20,768,Logistic_ModelA,1,2020-2021
0.5,0.8982494529540481,0.7076283135927806,0.7445200847572246,0.7088607594936709,0.4444444444444444,0.5463414634146342,0.9161676646706587,0.9708121827411168,0.9426987060998152,56,70,23,765,Logistic_ModelA,1,2020-2021
0.51,0.8982494529540481,0.7176295221980501,0.7508638957521828,0.6941176470588235,0.46825396825396826,0.5592417061611374,0.9191797346200241,0.9670050761421319,0.9424860853432282,59,67,26,762,Logistic_ModelA,1,2020-2021
0.52,0.899343544857768,0.7282652485698171,0.7585010568881536,0.6888888888888889,0.49206349206349204,0.5740740740740741,0.9223300970873787,0.9644670050761421,0.9429280397022333,62,64,28,760,Logistic_ModelA,1,2020-2021
0.53,0.9004376367614879,0.7389009749415841,0.76580401918079,0.6842105263157895,0.5158730158730159,0.5882352941176471,0.9255189255189256,0.9619289340101523,0.9433727442439328,65,61,30,758,Logistic_ModelA,1,2020-2021
0.54,0.9037199124726477,0.7541394730481026,0.7778440665981682,0.69,0.5476190476190477,0.6106194690265486,0.9299754299754299,0.9606598984771574,0.9450686641697877,69,57,31,757,Logistic_ModelA,1,2020-2021
0.55,0.9026258205689278,0.7568386914833616,0.7778469622116443,0.6796116504854369,0.5555555555555556,0.611353711790393,0.9309494451294698,0.9581218274111675,0.9443402126328956,70,56,33,755,Logistic_ModelA,1,2020-2021
0.56,0.9004376367614879,0.7555696559503666,0.7745393825544107,0.6666666666666666,0.5555555555555556,0.6060606060606061,0.930778739184178,0.9555837563451777,0.9430181590482154,70,56,35,753,Logistic_ModelA,1,2020-2021
0.57,0.9015317286652079,0.7595379099186206,0.7778389940368162,0.6698113207547169,0.5634920634920635,0.6120689655172413,0.931930693069307,0.9555837563451777,0.943609022556391,71,55,35,753,Logistic_ModelA,1,2020-2021
0.58,0.9004376367614879,0.7655708645556362,0.7794185118294628,0.6576576576576577,0.5793650793650794,0.6160337552742616,0.933997509339975,0.9517766497461929,0.9428032683846638,73,53,38,750,Logistic_ModelA,1,2020-2021
0.59,0.9015317286652079,0.7795403271291597,0.7871646795827124,0.652542372881356,0.6111111111111112,0.6311475409836066,0.9384422110552764,0.9479695431472082,0.9431818181818182,77,49,41,747,Logistic_ModelA,1,2020-2021
0.6,0.899343544857768,0.7816050277979212,0.7854022049816252,0.639344262295082,0.6190476190476191,0.6290322580645161,0.9393939393939394,0.9441624365482234,0.9417721518987342,78,48,44,744,Logistic_ModelA,1,2020-2021
0.61,0.8971553610503282,0.7870034646684393,0.7851004012046143,0.625,0.6349206349206349,0.6299212598425197,0.9414758269720102,0.9390862944162437,0.940279542566709,80,46,48,740,Logistic_ModelA,1,2020-2021
0.62,0.8905908096280087,0.7831963580694545,0.7758045525902668,0.5970149253731343,0.6349206349206349,0.6153846153846154,0.941025641025641,0.9314720812182741,0.9362244897959183,80,46,54,734,Logistic_ModelA,1,2020-2021
0.63,0.887308533916849,0.7846265409717186,0.7727109211844663,0.5827338129496403,0.6428571428571429,0.6113207547169811,0.9419354838709677,0.9263959390862944,0.9341010876519513,81,45,58,730,Logistic_ModelA,1,2020-2021
0.64,0.888402625820569,0.7952622673434856,0.7783768363999429,0.5833333333333334,0.6666666666666666,0.6222222222222222,0.9454545454545454,0.9238578680203046,0.9345314505776636,84,42,60,728,Logistic_ModelA,1,2020-2021
0.65,0.8840262582056893,0.7960579324792523,0.7738215299566711,0.5666666666666667,0.6746031746031746,0.6159420289855072,0.9463350785340314,0.9175126903553299,0.9317010309278351,85,41,65,723,Logistic_ModelA,1,2020-2021
0.66,0.8851203501094091,0.8100273950527758,0.7805070499845621,0.5668789808917197,0.7063492063492064,0.6289752650176679,0.9511228533685601,0.9137055837563451,0.9320388349514563,89,37,68,720,Logistic_ModelA,1,2020-2021
0.67,0.8796498905908097,0.8068548062202885,0.7733134920634921,0.5493827160493827,0.7063492063492064,0.6180555555555556,0.9507978723404256,0.9073604060913706,0.9285714285714286,89,37,73,715,Logistic_ModelA,1,2020-2021
0.68,0.8763676148796499,0.8082849891225525,0.7703594179053039,0.5389221556886228,0.7142857142857143,0.6143344709897611,0.9518072289156626,0.9022842639593909,0.9263843648208469,90,36,77,711,Logistic_ModelA,1,2020-2021
0.69,0.87527352297593,0.8143179437595681,0.7714699302539808,0.5348837209302325,0.7301587301587301,0.6174496644295302,0.954177897574124,0.8984771573604061,0.9254901960784314,92,34,80,708,Logistic_ModelA,1,2020-2021
0.7,0.87527352297593,0.8276528885665941,0.7762747674628327,0.5333333333333333,0.7619047619047619,0.6274509803921569,0.9591280653950953,0.8934010152284264,0.9250985545335085,96,30,84,704,Logistic_ModelA,1,2020-2021
0.71,0.8698030634573304,0.8278140359358634,0.7706302259618933,0.5187165775401069,0.7698412698412699,0.6198083067092651,0.9601100412654745,0.8857868020304569,0.9214521452145215,97,29,90,698,Logistic_ModelA,1,2020-2021
0.72,0.8654266958424508,0.8319434372733865,0.7676016595451755,0.5076923076923077,0.7857142857142857,0.616822429906542,0.9624478442280946,0.8781725888324873,0.9183808891838089,99,27,96,692,Logistic_ModelA,1,2020-2021
0.73,0.8577680525164114,0.8275018129079043,0.7584959349593496,0.4900990099009901,0.7857142857142857,0.6036585365853658,0.9620786516853933,0.8692893401015228,0.9133333333333333,99,27,103,685,Logistic_ModelA,1,2020-2021
0.74,0.8479212253829321,0.8251248892111835,0.7483096295151663,0.4694835680751174,0.7936507936507936,0.5899705014749262,0.9629101283880172,0.8565989847715736,0.9066487575554063,100,26,113,675,Logistic_ModelA,1,2020-2021
0.75,0.8402625820568927,0.8273507372492144,0.7420375024163928,0.45535714285714285,0.8095238095238095,0.5828571428571429,0.9652173913043478,0.8451776649746193,0.9012178619756428,102,24,122,666,Logistic_ModelA,1,2020-2021
0.76,0.8391684901531729,0.8300499556844734,0.7419541940749987,0.45374449339207046,0.8174603174603174,0.5835694050991501,0.9665211062590975,0.8426395939086294,0.9003389830508475,103,23,124,664,Logistic_ModelA,1,2020-2021
0.77,0.8315098468271335,0.8256083313189913,0.7336587950348168,0.44017094017094016,0.8174603174603174,0.5722222222222222,0.9661764705882353,0.833756345177665,0.8950953678474114,103,23,131,657,Logistic_ModelA,1,2020-2021
0.78,0.8227571115973742,0.823865925388768,0.7255255255255255,0.4262295081967213,0.8253968253968254,0.5621621621621622,0.9671641791044776,0.8223350253807107,0.8888888888888888,104,22,140,648,Logistic_ModelA,1,2020-2021
0.79,0.8150984682713348,0.8227580372250423,0.718728774826056,0.4150197628458498,0.8333333333333334,0.554089709762533,0.9682299546142209,0.8121827411167513,0.883367839889579,105,21,148,640,Logistic_ModelA,1,2020-2021
0.8,0.8041575492341356,0.8230803319635807,0.7098952930641629,0.40074906367041196,0.8492063492063492,0.544529262086514,0.9706336939721792,0.7969543147208121,0.8752613240418119,107,19,160,628,Logistic_ModelA,1,2020-2021
0.81,0.7964989059080962,0.8253061800016115,0.7044929914339748,0.3920863309352518,0.8650793650793651,0.5396039603960396,0.9732704402515723,0.7855329949238579,0.8693820224719101,109,17,169,619,Logistic_ModelA,1,2020-2021
0.82,0.7811816192560175,0.8197566674724035,0.6908820346320346,0.3741496598639456,0.873015873015873,0.5238095238095238,0.9741935483870968,0.766497461928934,0.8579545454545454,110,16,184,604,Logistic_ModelA,1,2020-2021
0.83,0.7680525164113785,0.8154761904761905,0.6797201964971669,0.36038961038961037,0.8809523809523809,0.511520737327189,0.9752475247524752,0.75,0.8479196556671449,111,15,197,591,Logistic_ModelA,1,2020-2021
0.84,0.7582056892778993,0.8097655305777134,0.6707809405839738,0.3501577287066246,0.8809523809523809,0.5011286681715575,0.9748743718592965,0.7385786802030457,0.8404332129963898,111,15,206,582,Logistic_ModelA,1,2020-2021
0.85,0.7516411378555798,0.8059584239787285,0.6649100167805017,0.34365325077399383,0.8809523809523809,0.49443207126948774,0.9746192893401016,0.7309644670050761,0.8353879622915156,111,15,212,576,Logistic_ModelA,1,2020-2021
0.86,0.7407002188183808,0.8029469825155104,0.6562639343559927,0.33432835820895523,0.8888888888888888,0.48590021691973967,0.9758203799654577,0.7170050761421319,0.8266276517922458,112,14,223,565,Logistic_ModelA,1,2020-2021
0.87,0.7275711159737418,0.7986665055192974,0.6458769984829035,0.3237822349570201,0.8968253968253969,0.47578947368421054,0.9769911504424779,0.700507614213198,0.8159645232815964,113,13,236,552,Logistic_ModelA,1,2020-2021
0.88,0.7166301969365426,0.7956550640560793,0.637516518213292,0.3157894736842105,0.9047619047619048,0.4681724845995893,0.9783001808318263,0.6865482233502538,0.8068605518269948,114,12,247,541,Logistic_ModelA,1,2020-2021
0.89,0.7078774617067833,0.7905789219240995,0.630152992793653,0.3089430894308943,0.9047619047619048,0.46060606060606063,0.9779816513761468,0.6763959390862944,0.7996999249812453,114,12,255,533,Logistic_ModelA,1,2020-2021
0.9,0.6892778993435449,0.7831258560953993,0.6156684374796416,0.2963917525773196,0.9126984126984127,0.4474708171206226,0.9790874524714829,0.6535532994923858,0.7838660578386606,115,11,273,515,Logistic_ModelA,1,2020-2021
0.91,0.6739606126914661,0.7809100797679478,0.604955676227606,0.2881773399014778,0.9285714285714286,0.4398496240601504,0.9822834645669292,0.633248730964467,0.7700617283950617,117,9,289,499,Logistic_ModelA,1,2020-2021
0.92,0.6531728665207878,0.768854242204496,0.5882221688479834,0.2752941176470588,0.9285714285714286,0.4246823956442831,0.9815950920245399,0.6091370558375635,0.7517619420516837,117,9,308,480,Logistic_ModelA,1,2020-2021
0.93,0.6312910284463895,0.7594976230763033,0.5716707341663017,0.2639821029082774,0.9365079365079365,0.4118673647469459,0.9828693790149893,0.5824873096446701,0.7314741035856573,118,8,329,459,Logistic_ModelA,1,2020-2021
0.94,0.6072210065645515,0.7455382322133591,0.5527394412752935,0.2515991471215352,0.9365079365079365,0.39663865546218485,0.9820224719101124,0.5545685279187818,0.7088402270884022,118,8,351,437,Logistic_ModelA,1,2020-2021
0.95,0.5776805251641138,0.7284062525179276,0.5296774434366218,0.23790322580645162,0.9365079365079365,0.37942122186495175,0.9808612440191388,0.5203045685279187,0.6799336650082919,118,8,378,410,Logistic_ModelA,1,2020-2021
0.2,0.8818380743982495,0.5814297800338409,0.6078188319427891,0.875,0.16666666666666666,0.28,0.8820224719101124,0.9961928934010152,0.9356376638855781,21,105,3,785,CatBoost_ModelA,1,2020-2021
0.21,0.8818380743982495,0.5814297800338409,0.6078188319427891,0.875,0.16666666666666666,0.28,0.8820224719101124,0.9961928934010152,0.9356376638855781,21,105,3,785,CatBoost_ModelA,1,2020-2021
0.22,0.8840262582056893,0.5893662879703488,0.6196928777791735,0.8846153846153846,0.18253968253968253,0.3026315789473684,0.884009009009009,0.9961928934010152,0.9367541766109785,23,103,3,785,CatBoost_ModelA,1,2020-2021
0.23,0.8862144420131292,0.5973027959068569,0.6312743409517603,0.8928571428571429,0.1984126984126984,0.3246753246753247,0.8860045146726863,0.9961928934010152,0.937873357228196,25,101,3,785,CatBoost_ModelA,1,2020-2021
0.24,0.888402625820569,0.6052393038433648,0.6425745307324255,0.9,0.21428571428571427,0.34615384615384615,0.8880090497737556,0.9961928934010152,0.9389952153110048,27,99,3,785,CatBoost_ModelA,1,2020-2021
0.25,0.8916849015317286,0.6171440657481266,0.6590207671524018,0.9090909090909091,0.23809523809523808,0.37735849056603776,0.8910329171396141,0.9961928934010152,0.9406830437387658,30,96,3,785,CatBoost_ModelA,1,2020-2021
0.26,0.8938730853391685,0.6250805736846345,0.6696635828113879,0.9142857142857143,0.25396825396825395,0.39751552795031053,0.8930602957906713,0.9961928934010152,0.9418116376724655,32,94,3,785,CatBoost_ModelA,1,2020-2021
0.27,0.8971553610503282,0.6369853355893965,0.6851694418386491,0.9210526315789473,0.2777777777777778,0.4268292682926829,0.8961187214611872,0.9961928934010152,0.9435096153846154,35,91,3,785,CatBoost_ModelA,1,2020-2021
0.28,0.8982494529540481,0.6409535895576505,0.690220302848084,0.9230769230769231,0.2857142857142857,0.43636363636363634,0.8971428571428571,0.9961928934010152,0.9440769693325316,36,90,3,785,CatBoost_ModelA,1,2020-2021
0.29,0.9004376367614879,0.6488900974941584,0.7001517735149808,0.926829268292683,0.30158730158730157,0.4550898203592814,0.8991981672394044,0.9961928934010152,0.9452137266706803,38,88,3,785,CatBoost_ModelA,1,2020-2021
0.3,0.9026258205689278,0.6568266054306664,0.7098630029496631,0.9302325581395349,0.31746031746031744,0.47337278106508873,0.9012629161882894,0.9961928934010152,0.9463532248342374,40,86,3,785,CatBoost_ModelA,1,2020-2021
0.31,0.9037199124726477,0.6674623318024333,0.7205242602398921,0.8958333333333334,0.3412698412698413,0.4942528735632184,0.9041570438799076,0.9936548223350253,0.9467956469165659,43,83,5,783,CatBoost_ModelA,1,2020-2021
0.32,0.9048140043763676,0.6747643219724438,0.7278896200556417,0.8823529411764706,0.35714285714285715,0.5084745762711864,0.9061413673232909,0.9923857868020305,0.9473046638400969,45,81,6,782,CatBoost_ModelA,1,2020-2021
0.33,0.9026258205689278,0.6734952864394489,0.7244105958918728,0.8490566037735849,0.35714285714285715,0.5027932960893855,0.9059233449477352,0.9898477157360406,0.9460278956943602,45,81,8,780,CatBoost_ModelA,1,2020-2021
0.34,0.9026258205689278,0.6734952864394489,0.7244105958918728,0.8490566037735849,0.35714285714285715,0.5027932960893855,0.9059233449477352,0.9898477157360406,0.9460278956943602,45,81,8,780,CatBoost_ModelA,1,2020-2021
0.35,0.9026258205689278,0.6734952864394489,0.7244105958918728,0.8490566037735849,0.35714285714285715,0.5027932960893855,0.9059233449477352,0.9898477157360406,0.9460278956943602,45,81,8,780,CatBoost_ModelA,1,2020-2021
0.36,0.9026258205689278,0.6768290226412054,0.7271248243080505,0.8363636363636363,0.36507936507936506,0.5082872928176796,0.9068684516880093,0.9885786802030457,0.9459623557984214,46,80,9,779,CatBoost_ModelA,1,2020-2021
0.37,0.9059080962800875,0.6887337845459673,0.7401486300645298,0.8448275862068966,0.3888888888888889,0.532608695652174,0.9100467289719626,0.9885786802030457,0.9476885644768857,49,77,9,779,CatBoost_ModelA,1,2020-2021
0.38,0.9048140043763676,0.6880992667794699,0.7383889062525704,0.8305084745762712,0.3888888888888889,0.5297297297297298,0.9099415204678363,0.9873096446700508,0.9470480827754109,49,77,10,778,CatBoost_ModelA,1,2020-2021
0.39,0.9080962800875274,0.7000040286842317,0.7509859885832901,0.8387096774193549,0.4126984126984127,0.5531914893617021,0.9131455399061033,0.9873096446700508,0.948780487804878,52,74,10,778,CatBoost_ModelA,1,2020-2021
0.4,0.9059080962800875,0.7020687293529934,0.7497580480847597,0.803030303030303,0.42063492063492064,0.5520833333333334,0.9139150943396226,0.983502538071066,0.9474327628361858,53,73,13,775,CatBoost_ModelA,1,2020-2021
0.41,0.9004376367614879,0.698896140520506,0.7411385372867694,0.7464788732394366,0.42063492063492064,0.5380710659898477,0.9134045077105575,0.9771573604060914,0.944206008583691,53,73,18,770,CatBoost_ModelA,1,2020-2021
0.42,0.9015317286652079,0.7028643944887599,0.7451199107640825,0.75,0.42857142857142855,0.5454545454545454,0.9144893111638955,0.9771573604060914,0.9447852760736196,54,72,18,770,CatBoost_ModelA,1,2020-2021
0.43,0.9048140043763676,0.7147691563935219,0.7568457650285756,0.76,0.4523809523809524,0.5671641791044776,0.9177592371871275,0.9771573604060914,0.9465273509526736,57,69,18,770,CatBoost_ModelA,1,2020-2021
0.44,0.9080962800875274,0.7300076545000402,0.77022254677792,0.7625,0.48412698412698413,0.5922330097087378,0.9220623501199041,0.9758883248730964,0.9482120838471023,61,65,19,769,CatBoost_ModelA,1,2020-2021
0.45,0.9080962800875274,0.7333413907017968,0.7721509971509972,0.7560975609756098,0.49206349206349204,0.5961538461538461,0.9230769230769231,0.9746192893401016,0.9481481481481482,62,64,20,768,CatBoost_ModelA,1,2020-2021
0.46,0.9091903719912473,0.7406433808718073,0.7776527241659266,0.7529411764705882,0.5079365079365079,0.6066350710900474,0.9252110977080821,0.9733502538071066,0.9486703772418058,64,62,21,767,CatBoost_ModelA,1,2020-2021
0.47,0.9102844638949672,0.7479453710418178,0.7830084888070504,0.75,0.5238095238095238,0.616822429906542,0.927360774818402,0.9720812182741116,0.9491945477075588,66,60,22,766,CatBoost_ModelA,1,2020-2021
0.48,0.9091903719912473,0.7506445894770768,0.7829953630998865,0.7362637362637363,0.5317460317460317,0.6175115207373272,0.928311057108141,0.9695431472081218,0.9484792054624457,67,59,24,764,CatBoost_ModelA,1,2020-2021
0.49,0.9091903719912473,0.7573120618805897,0.786392676835226,0.7263157894736842,0.5476190476190477,0.6244343891402715,0.9304029304029304,0.9670050761421319,0.9483509645301804,69,57,26,762,CatBoost_ModelA,1,2020-2021
0.5,0.912472647702407,0.7692168237853516,0.7964909155682223,0.7346938775510204,0.5714285714285714,0.6428571428571429,0.9338235294117647,0.9670050761421319,0.9501246882793017,72,54,26,762,CatBoost_ModelA,1,2020-2021
0.51,0.9113785557986871,0.7685823060188542,0.7947348721147848,0.7272727272727273,0.5714285714285714,0.64,0.9337423312883436,0.9657360406091371,0.9494697442295695,72,54,27,761,CatBoost_ModelA,1,2020-2021
0.52,0.9113785557986871,0.7719160422206108,0.7962892135146811,0.7227722772277227,0.5793650793650794,0.6431718061674009,0.9348093480934809,0.9644670050761421,0.9494066208619613,73,53,28,760,CatBoost_ModelA,1,2020-2021
0.53,0.9102844638949672,0.7746152606558698,0.7960820590956086,0.7115384615384616,0.5873015873015873,0.6434782608695652,0.9358024691358025,0.9619289340101523,0.9486858573216521,74,52,30,758,CatBoost_ModelA,1,2020-2021
0.54,0.912472647702407,0.7825517685923777,0.8025235502549477,0.7169811320754716,0.6031746031746031,0.6551724137931034,0.9381188118811881,0.9619289340101523,0.949874686716792,76,50,30,758,CatBoost_ModelA,1,2020-2021
0.55,0.912472647702407,0.7858855047941342,0.8039657261740072,0.7129629629629629,0.6111111111111112,0.6581196581196581,0.9392059553349876,0.9606598984771574,0.9498117942283564,77,49,31,757,CatBoost_ModelA,1,2020-2021
0.56,0.9135667396061269,0.7931874949641446,0.8085061805992038,0.7117117117117117,0.626984126984127,0.6666666666666666,0.9414694894146949,0.9593908629441624,0.950345694531741,79,47,32,756,CatBoost_ModelA,1,2020-2021
0.57,0.9146608315098468,0.7971557489323986,0.8116061518947202,0.7142857142857143,0.6349206349206349,0.6722689075630253,0.942643391521197,0.9593908629441624,0.9509433962264151,80,46,32,756,CatBoost_ModelA,1,2020-2021
0.58,0.9146608315098468,0.8004894851341552,0.81294080604534,0.7105263157894737,0.6428571428571429,0.675,0.94375,0.9581218274111675,0.9508816120906801,81,45,33,755,CatBoost_ModelA,1,2020-2021
0.59,0.9179431072210066,0.812394247038917,0.8220197063519881,0.717948717948718,0.6666666666666666,0.691358024691358,0.9473023839397742,0.9581218274111675,0.9526813880126183,84,42,33,755,CatBoost_ModelA,1,2020-2021
0.6,0.9190371991247265,0.8196962372089276,0.8262053796264891,0.7166666666666667,0.6825396825396826,0.6991869918699187,0.9496221662468514,0.9568527918781726,0.9532237673830595,86,40,34,754,CatBoost_ModelA,1,2020-2021
0.61,0.9190371991247265,0.8263637096124405,0.828552598225602,0.7096774193548387,0.6984126984126984,0.704,0.9518987341772152,0.9543147208121827,0.9531051964512041,88,38,36,752,CatBoost_ModelA,1,2020-2021
0.62,0.9168490153172867,0.8250946740794456,0.8250946740794456,0.6984126984126984,0.6984126984126984,0.6984126984126984,0.9517766497461929,0.9517766497461929,0.9517766497461929,88,38,38,750,CatBoost_ModelA,1,2020-2021
0.63,0.9179431072210066,0.8323966642494561,0.829101379903519,0.6976744186046512,0.7142857142857143,0.7058823529411765,0.954140127388535,0.950507614213198,0.9523204068658614,90,36,39,749,CatBoost_ModelA,1,2020-2021
0.64,0.9168490153172867,0.8317621464829587,0.8273894720101781,0.6923076923076923,0.7142857142857143,0.703125,0.9540816326530612,0.949238578680203,0.9516539440203562,90,36,40,748,CatBoost_ModelA,1,2020-2021
0.65,0.9179431072210066,0.8357304004512126,0.8302154567092759,0.6946564885496184,0.7222222222222222,0.708171206225681,0.9553001277139208,0.949238578680203,0.9522597071928708,91,35,40,748,CatBoost_ModelA,1,2020-2021
0.66,0.9179431072210066,0.8390641366529692,0.8313117815985884,0.6917293233082706,0.7301587301587301,0.7104247104247104,0.9564660691421255,0.9479695431472082,0.9521988527724665,92,34,41,747,CatBoost_ModelA,1,2020-2021
0.67,0.9179431072210066,0.8390641366529692,0.8313117815985884,0.6917293233082706,0.7301587301587301,0.7104247104247104,0.9564660691421255,0.9479695431472082,0.9521988527724665,92,34,41,747,CatBoost_ModelA,1,2020-2021
0.68,0.9157549234135668,0.8377951011199742,0.8279211808688296,0.6814814814814815,0.7301587301587301,0.7049808429118773,0.9563543003851092,0.9454314720812182,0.9508615188257817,92,34,43,745,CatBoost_ModelA,1,2020-2021
0.69,0.9135667396061269,0.8398598017887358,0.8256714832385712,0.6690647482014388,0.7380952380952381,0.7018867924528301,0.9574193548387097,0.9416243654822335,0.9494561740243123,93,33,46,742,CatBoost_ModelA,1,2020-2021
0.7,0.9135667396061269,0.8431935379904922,0.8267556329731973,0.6666666666666666,0.746031746031746,0.704119850187266,0.9586028460543338,0.9403553299492385,0.9493914157591288,94,32,47,741,CatBoost_ModelA,1,2020-2021
0.71,0.9102844638949672,0.8412899846909999,0.8218323586744639,0.6527777777777778,0.746031746031746,0.6962962962962963,0.9584415584415584,0.9365482233502538,0.9473684210526315,94,32,50,738,CatBoost_ModelA,1,2020-2021
0.72,0.9059080962800875,0.8387519136250101,0.8153951657601293,0.6351351351351351,0.746031746031746,0.6861313868613139,0.95822454308094,0.9314720812182741,0.9446589446589446,94,32,54,734,CatBoost_ModelA,1,2020-2021
0.73,0.9026258205689278,0.8401820965272742,0.8117735803651795,0.6209150326797386,0.753968253968254,0.6810035842293907,0.9592641261498029,0.9263959390862944,0.9425435765009683,95,31,58,730,CatBoost_ModelA,1,2020-2021
0.74,0.8971553610503282,0.8403432438965434,0.8051844394256846,0.6,0.7619047619047619,0.6713286713286714,0.9602122015915119,0.9187817258883249,0.9390402075226978,96,30,64,724,CatBoost_ModelA,1,2020-2021
0.75,0.8949671772428884,0.8390742083635485,0.8021645021645021,0.5925925925925926,0.7619047619047619,0.6666666666666666,0.9601063829787234,0.916243654822335,0.9376623376623376,96,30,66,722,CatBoost_ModelA,1,2020-2021
0.76,0.8916849015317286,0.8371706550640561,0.797691311900945,0.5818181818181818,0.7619047619047619,0.6597938144329897,0.9599465954606141,0.9124365482233503,0.9355888093689004,96,30,69,719,CatBoost_ModelA,1,2020-2021
0.77,0.8894967177242888,0.8425690919345742,0.7969813528272052,0.5730994152046783,0.7777777777777778,0.6599326599326599,0.9623149394347241,0.9073604060913706,0.9340300457217505,98,28,73,715,CatBoost_ModelA,1,2020-2021
0.78,0.8818380743982495,0.838127467569092,0.7869353501864899,0.550561797752809,0.7777777777777778,0.6447368421052632,0.9619565217391305,0.8984771573604061,0.9291338582677166,98,28,80,708,CatBoost_ModelA,1,2020-2021
0.79,0.8818380743982495,0.8447949399726049,0.789149008885851,0.5494505494505495,0.7936507936507936,0.6493506493506493,0.9644808743169399,0.8959390862944162,0.9289473684210526,100,26,82,706,CatBoost_ModelA,1,2020-2021
0.8,0.8807439824945296,0.8508278946096205,0.7899049968894654,0.5454545454545454,0.8095238095238095,0.6517571884984026,0.9669876203576341,0.8921319796954315,0.928052805280528,102,24,85,703,CatBoost_ModelA,1,2020-2021
0.81,0.8763676148796499,0.8482898235436307,0.784374106186598,0.5340314136125655,0.8095238095238095,0.6435331230283912,0.966804979253112,0.8870558375634517,0.9252150893448048,102,24,89,699,CatBoost_ModelA,1,2020-2021
0.82,0.8708971553610503,0.8484509709128998,0.7786725111636459,0.5202020202020202,0.8174603174603174,0.6358024691358025,0.9678770949720671,0.8794416243654822,0.9215425531914894,103,23,95,693,CatBoost_ModelA,1,2020-2021
0.83,0.8708971553610503,0.8584521795181694,0.7818262734150585,0.5196078431372549,0.8412698412698413,0.6424242424242425,0.971830985915493,0.8756345177664975,0.9212283044058746,106,20,98,690,CatBoost_ModelA,1,2020-2021
0.84,0.8654266958424508,0.855279590685682,0.7752256800391879,0.507177033492823,0.8412698412698413,0.6328358208955224,0.9716312056737588,0.8692893401015228,0.9176155391828533,106,20,103,685,CatBoost_ModelA,1,2020-2021
0.85,0.8588621444201313,0.8548062202884538,0.7685190093353358,0.4930875576036866,0.8492063492063492,0.6239067055393586,0.9727403156384505,0.8604060913705583,0.9131313131313131,107,19,110,678,CatBoost_ModelA,1,2020-2021
0.86,0.8424507658643327,0.8452884537909919,0.7499030897275112,0.46120689655172414,0.8492063492063492,0.5977653631284916,0.9721407624633431,0.8413705583756346,0.9020408163265307,107,19,125,663,CatBoost_ModelA,1,2020-2021
0.87,0.8326039387308534,0.8462452662960278,0.7412953915200713,0.4448979591836735,0.8650793650793651,0.5876010781671159,0.9745889387144993,0.8274111675126904,0.8949897048730268,109,17,136,652,CatBoost_ModelA,1,2020-2021
0.88,0.8183807439824945,0.8379965353315607,0.7263749422899354,0.42248062015503873,0.8650793650793651,0.5677083333333334,0.9740853658536586,0.8109137055837563,0.8850415512465374,109,17,149,639,CatBoost_ModelA,1,2020-2021
0.89,0.8008752735229759,0.8278442510676014,0.7087745098039215,0.3978102189781022,0.8650793650793651,0.545,0.9734375,0.7906091370558376,0.8725490196078431,109,17,165,623,CatBoost_ModelA,1,2020-2021
0.9,0.7964989059080962,0.8386411248086375,0.7085938785584993,0.3951048951048951,0.8968253968253969,0.5485436893203883,0.9792993630573248,0.7804568527918782,0.8686440677966102,113,13,173,615,CatBoost_ModelA,1,2020-2021
0.91,0.7702407002188184,0.8300801708162114,0.6857152213780455,0.3662420382165605,0.9126984126984127,0.5227272727272727,0.9816666666666667,0.7474619289340102,0.8487031700288185,115,11,199,589,CatBoost_ModelA,1,2020-2021
0.92,0.7319474835886215,0.8145395213923132,0.6534508667210382,0.3314447592067989,0.9285714285714286,0.48851774530271397,0.983957219251337,0.700507614213198,0.8183839881393625,117,9,236,552,CatBoost_ModelA,1,2020-2021
0.93,0.6816192560175055,0.7886854403351865,0.6120718699817831,0.2942643391521197,0.9365079365079365,0.4478178368121442,0.9844054580896686,0.6408629441624365,0.776325903151422,118,8,283,505,CatBoost_ModelA,1,2020-2021
0.94,0.6280087527352297,0.7609278059785674,0.5698823529411765,0.26327433628318586,0.9444444444444444,0.4117647058823529,0.9848484848484849,0.5774111675126904,0.728,119,7,333,455,CatBoost_ModelA,1,2020-2021
0.95,0.5601750547045952,0.7282551768592378,0.5181246852442505,0.2335907335907336,0.9603174603174603,0.37577639751552794,0.9873737373737373,0.49619289340101524,0.660472972972973,121,5,397,391,CatBoost_ModelA,1,2020-2021
0.2,0.8791666666666667,0.5464200068516616,0.5531300160513644,0.8571428571428571,0.09523809523809523,0.17142857142857143,0.879492600422833,0.9976019184652278,0.9348314606741573,12,114,2,832,Logistic_ModelA,2,2021-2022
0.21,0.8802083333333334,0.5503882608199155,0.559877052611436,0.8666666666666667,0.10317460317460317,0.18439716312056736,0.8804232804232804,0.9976019184652278,0.9353569421023047,13,113,2,832,Logistic_ModelA,2,2021-2022
0.22,0.8802083333333334,0.5503882608199155,0.559877052611436,0.8666666666666667,0.10317460317460317,0.18439716312056736,0.8804232804232804,0.9976019184652278,0.9353569421023047,13,113,2,832,Logistic_ModelA,2,2021-2022
0.23,0.8822916666666667,0.5583247687564235,0.5730999445124374,0.8823529411764706,0.11904761904761904,0.2097902097902098,0.8822905620360552,0.9976019184652278,0.9364096792346651,15,111,2,832,Logistic_ModelA,2,2021-2022
0.24,0.8833333333333333,0.5622930227246774,0.5795795795795795,0.8888888888888888,0.12698412698412698,0.2222222222222222,0.8832271762208068,0.9976019184652278,0.9369369369369369,16,110,2,832,Logistic_ModelA,2,2021-2022
0.25,0.8875,0.5781660385976932,0.604661094503081,0.9090909090909091,0.15873015873015872,0.2702702702702703,0.8869936034115139,0.9976019184652278,0.9390519187358917,20,106,2,832,Logistic_ModelA,2,2021-2022
0.26,0.8885416666666667,0.5821342925659473,0.6107306758021669,0.9130434782608695,0.16666666666666666,0.28187919463087246,0.887940234791889,0.9976019184652278,0.9395821569734614,21,105,2,832,Logistic_ModelA,2,2021-2022
0.27,0.890625,0.5900708005024552,0.6226400967359117,0.92,0.18253968253968253,0.304635761589404,0.8898395721925134,0.9976019184652278,0.9406444318824194,23,103,2,832,Logistic_ModelA,2,2021-2022
0.28,0.8916666666666667,0.5940390544707091,0.6284829721362228,0.9230769230769231,0.19047619047619047,0.3157894736842105,0.8907922912205567,0.9976019184652278,0.9411764705882353,24,102,2,832,Logistic_ModelA,2,2021-2022
0.29,0.8927083333333333,0.5980073084389631,0.6342532485546567,0.9259259259259259,0.1984126984126984,0.32679738562091504,0.8917470525187567,0.9976019184652278,0.9417091114883984,25,101,2,832,Logistic_ModelA,2,2021-2022
0.3,0.8958333333333334,0.6099120703437251,0.6511425082853655,0.9333333333333333,0.2222222222222222,0.358974358974359,0.8946236559139785,0.9976019184652278,0.9433106575963719,28,98,2,832,Logistic_ModelA,2,2021-2022
0.31,0.8958333333333334,0.6166495375128469,0.6590909090909092,0.8823529411764706,0.23809523809523808,0.375,0.896328293736501,0.9952038369304557,0.9431818181818182,30,96,4,830,Logistic_ModelA,2,2021-2022
0.32,0.8958333333333334,0.6166495375128469,0.6590909090909092,0.8823529411764706,0.23809523809523808,0.375,0.896328293736501,0.9952038369304557,0.9431818181818182,30,96,4,830,Logistic_ModelA,2,2021-2022
0.33,0.8989583333333333,0.6285542994176088,0.674850117496709,0.8918918918918919,0.2619047619047619,0.4049079754601227,0.8992416034669556,0.9952038369304557,0.9447922595332954,33,93,4,830,Logistic_ModelA,2,2021-2022
0.34,0.9010416666666666,0.6364908073541167,0.685055685055685,0.8974358974358975,0.2777777777777778,0.42424242424242425,0.9011943539630836,0.9952038369304557,0.9458689458689459,35,91,4,830,Logistic_ModelA,2,2021-2022
0.35,0.9041666666666667,0.6517643028434396,0.7031260504201681,0.8863636363636364,0.30952380952380953,0.4588235294117647,0.9050218340611353,0.9940047961630696,0.9474285714285714,39,87,5,829,Logistic_ModelA,2,2021-2022
0.36,0.9072916666666667,0.6670377983327624,0.7202128530495293,0.8775510204081632,0.3412698412698413,0.49142857142857144,0.9088913282107574,0.9928057553956835,0.9489971346704871,43,83,6,828,Logistic_ModelA,2,2021-2022
0.37,0.9072916666666667,0.6670377983327624,0.7202128530495293,0.8775510204081632,0.3412698412698413,0.49142857142857144,0.9088913282107574,0.9928057553956835,0.9489971346704871,43,83,6,828,Logistic_ModelA,2,2021-2022
0.38,0.9104166666666667,0.6789425602375243,0.7337426953392072,0.8846153846153846,0.36507936507936506,0.5168539325842697,0.9118942731277533,0.9928057553956835,0.9506314580941446,46,80,6,828,Logistic_ModelA,2,2021-2022
0.39,0.9125,0.6902478017585931,0.7450650615207577,0.875,0.3888888888888889,0.5384615384615384,0.9148230088495575,0.9916067146282974,0.9516685845799769,49,77,7,827,Logistic_ModelA,2,2021-2022
0.4,0.9125,0.693616535343154,0.7475455820476858,0.8620689655172413,0.3968253968253968,0.5434782608695652,0.9157427937915743,0.9904076738609112,0.9516129032258065,50,76,8,826,Logistic_ModelA,2,2021-2022
0.41,0.9125,0.7003540025122759,0.7523463220480566,0.8387096774193549,0.4126984126984127,0.5531914893617021,0.9175946547884187,0.988009592326139,0.9515011547344111,52,74,10,824,Logistic_ModelA,2,2021-2022
0.42,0.9135416666666667,0.7043222564805298,0.7564486992563249,0.8412698412698413,0.42063492063492064,0.5608465608465608,0.9186176142697882,0.988009592326139,0.952050837666089,53,73,10,824,Logistic_ModelA,2,2021-2022
0.43,0.9145833333333333,0.7082905104487838,0.7605111043504715,0.84375,0.42857142857142855,0.5684210526315789,0.9196428571428571,0.988009592326139,0.9526011560693641,54,72,10,824,Logistic_ModelA,2,2021-2022
0.44,0.9125,0.7104602032659586,0.7591714350563248,0.8088235294117647,0.4365079365079365,0.5670103092783505,0.9204035874439462,0.9844124700239808,0.951332560834299,55,71,13,821,Logistic_ModelA,2,2021-2022
0.45,0.9104166666666667,0.7092611624985725,0.7556702495383304,0.7857142857142857,0.4365079365079365,0.5612244897959183,0.9202247191011236,0.9820143884892086,0.9501160092807425,55,71,15,819,Logistic_ModelA,2,2021-2022
0.46,0.9114583333333334,0.7132294164668265,0.7595976796462315,0.7887323943661971,0.4444444444444444,0.5685279187817259,0.9212598425196851,0.9820143884892086,0.950667440510737,56,70,15,819,Logistic_ModelA,2,2021-2022
0.47,0.9145833333333333,0.7285029119561494,0.7731647437153494,0.7894736842105263,0.47619047619047616,0.594059405940594,0.9253393665158371,0.9808153477218226,0.9522700814901047,60,66,16,818,Logistic_ModelA,2,2021-2022
0.48,0.9135416666666667,0.7346408587415781,0.775290405001819,0.7654320987654321,0.49206349206349204,0.5990338164251208,0.9271899886234357,0.9772182254196643,0.9515469935785172,62,64,19,815,Logistic_ModelA,2,2021-2022
0.49,0.9125,0.7340413383578851,0.7735442127965493,0.7560975609756098,0.49206349206349204,0.5961538461538461,0.9271070615034168,0.9760191846522782,0.9509345794392523,62,64,20,814,Logistic_ModelA,2,2021-2022
0.5,0.9135416666666667,0.7413783259107001,0.7790343289914836,0.7529411764705882,0.5079365079365079,0.6066350710900474,0.9291428571428572,0.9748201438848921,0.9514335868929198,64,62,21,813,Logistic_ModelA,2,2021-2022
0.51,0.9125,0.744147539111568,0.77911932596334,0.7386363636363636,0.5158730158730159,0.6074766355140186,0.930045871559633,0.9724220623501199,0.9507620164126612,65,61,23,811,Logistic_ModelA,2,2021-2022
0.52,0.9125,0.7609912070343725,0.7877358490566038,0.7142857142857143,0.5555555555555556,0.625,0.9350348027842227,0.9664268585131894,0.9504716981132075,70,56,28,806,Logistic_ModelA,2,2021-2022
0.53,0.9125,0.7744661413726162,0.7940840006537015,0.6981132075471698,0.5873015873015873,0.6379310344827587,0.9391100702576113,0.9616306954436451,0.9502369668246445,74,52,32,802,Logistic_ModelA,2,2021-2022
0.54,0.9125,0.7744661413726162,0.7940840006537015,0.6981132075471698,0.5873015873015873,0.6379310344827587,0.9391100702576113,0.9616306954436451,0.9502369668246445,74,52,32,802,Logistic_ModelA,2,2021-2022
0.55,0.9135416666666667,0.781803128925431,0.7987751752004546,0.6972477064220184,0.6031746031746031,0.6468085106382979,0.9412455934195064,0.960431654676259,0.9507418397626113,76,50,33,801,Logistic_ModelA,2,2021-2022
0.56,0.9125,0.7879410757108599,0.8,0.6842105263157895,0.6190476190476191,0.65,0.9432624113475178,0.9568345323741008,0.95,78,48,36,798,Logistic_ModelA,2,2021-2022
0.57,0.9104166666666667,0.7867420349434737,0.7966883046523311,0.6724137931034483,0.6190476190476191,0.6446280991735537,0.943127962085308,0.9544364508393285,0.9487485101311085,78,48,38,796,Logistic_ModelA,2,2021-2022
0.58,0.9083333333333333,0.7889117277606486,0.7948538625171198,0.6583333333333333,0.626984126984127,0.6422764227642277,0.944047619047619,0.9508393285371702,0.9474313022700119,79,47,41,793,Logistic_ModelA,2,2021-2022
0.59,0.9072916666666667,0.7916809409615164,0.7946543805383113,0.6504065040650406,0.6349206349206349,0.642570281124498,0.945041816009558,0.9484412470023981,0.9467384799521245,80,46,43,791,Logistic_ModelA,2,2021-2022
0.6,0.9052083333333333,0.7972193673632523,0.794241300123653,0.6356589147286822,0.6507936507936508,0.6431372549019608,0.9470517448856799,0.9436450839328537,0.9453453453453453,82,44,47,787,Logistic_ModelA,2,2021-2022
0.61,0.9052083333333333,0.8005881009478132,0.7955970060202484,0.6335877862595419,0.6587301587301587,0.6459143968871596,0.9481302774427021,0.9424460431654677,0.9452796151533374,83,43,48,786,Logistic_ModelA,2,2021-2022
0.62,0.9041666666666667,0.7999885805641201,0.7940279293650128,0.6287878787878788,0.6587301587301587,0.6434108527131783,0.9480676328502415,0.9412470023980816,0.9446450060168472,83,43,49,785,Logistic_ModelA,2,2021-2022
0.63,0.9020833333333333,0.802158273381295,0.7922632805090286,0.6176470588235294,0.6666666666666666,0.6412213740458015,0.9490291262135923,0.9376498800959233,0.9433051869722557,84,42,52,782,Logistic_ModelA,2,2021-2022
0.64,0.9010416666666666,0.8082962201667238,0.7933617460932455,0.6099290780141844,0.6825396825396826,0.6441947565543071,0.9511599511599511,0.934052757793765,0.9425287356321839,86,40,55,779,Logistic_ModelA,2,2021-2022
0.65,0.8958333333333334,0.8052986182482585,0.7858366647629926,0.589041095890411,0.6825396825396826,0.6323529411764706,0.9508599508599509,0.9280575539568345,0.9393203883495146,86,40,60,774,Logistic_ModelA,2,2021-2022
0.66,0.8927083333333333,0.8102375242663012,0.7840288835158211,0.5751633986928104,0.6984126984126984,0.6308243727598566,0.952912019826518,0.9220623501199041,0.9372333942717855,88,38,65,769,Logistic_ModelA,2,2021-2022
0.67,0.8854166666666666,0.8094096151650109,0.7753267973856209,0.5493827160493827,0.7063492063492064,0.6180555555555556,0.9536340852130326,0.9124700239808153,0.9325980392156863,89,37,73,761,Logistic_ModelA,2,2021-2022
0.68,0.8864583333333333,0.8234840698869477,0.7817157757496741,0.5502958579881657,0.7380952380952381,0.6305084745762712,0.9582806573957017,0.9088729016786571,0.932923076923077,93,33,76,758,Logistic_ModelA,2,2021-2022
0.69,0.884375,0.8290224962886834,0.7813341979278461,0.5428571428571428,0.753968253968254,0.6312292358803987,0.9605095541401274,0.9040767386091128,0.9314391599752934,95,31,80,754,Logistic_ModelA,2,2021-2022
0.7,0.884375,0.8391286970423661,0.7848103055184767,0.5414364640883977,0.7777777777777778,0.6384364820846905,0.9640564826700898,0.9004796163069544,0.9311841289522629,98,28,83,751,Logistic_ModelA,2,2021-2022
0.71,0.8833333333333333,0.8452666438277949,0.7856869498660544,0.5376344086021505,0.7936507936507936,0.6410256410256411,0.9664082687338501,0.8968824940047961,0.9303482587064676,100,26,86,748,Logistic_ModelA,2,2021-2022
0.72,0.88125,0.8474363366449698,0.7840840935635595,0.531578947368421,0.8015873015873016,0.6392405063291139,0.9675324675324676,0.8932853717026379,0.928927680798005,101,25,89,745,Logistic_ModelA,2,2021-2022
0.73,0.8770833333333333,0.8517757222793194,0.7809338160215353,0.5202020202020202,0.8174603174603174,0.6358024691358025,0.9698162729658792,0.8860911270983214,0.9260651629072681,103,23,95,739,Logistic_ModelA,2,2021-2022
0.74,0.8708333333333333,0.8481785999771612,0.7731275014293882,0.5049019607843137,0.8174603174603174,0.6242424242424243,0.9695767195767195,0.8788968824940048,0.9220125786163522,103,23,101,733,Logistic_ModelA,2,2021-2022
0.75,0.8625,0.8467511704921777,0.7641102010424423,0.48598130841121495,0.8253968253968254,0.611764705882353,0.9705093833780161,0.86810551558753,0.9164556962025316,104,22,110,724,Logistic_ModelA,2,2021-2022
0.76,0.8552083333333333,0.8459232613908874,0.7566202608525952,0.47085201793721976,0.8333333333333334,0.6017191977077364,0.9715061058344641,0.8585131894484412,0.9115213239974539,105,21,118,716,Logistic_ModelA,2,2021-2022
0.77,0.846875,0.841127098321343,0.7470926950434684,0.45454545454545453,0.8333333333333334,0.5882352941176471,0.9711934156378601,0.8489208633093526,0.9059500959692899,105,21,126,708,Logistic_ModelA,2,2021-2022
0.78,0.8416666666666667,0.8414982299874386,0.7423656035481229,0.44537815126050423,0.8412698412698413,0.5824175824175825,0.9722991689750693,0.841726618705036,0.9023136246786633,106,20,132,702,Logistic_ModelA,2,2021-2022
0.79,0.834375,0.8440390544707091,0.7365436893203883,0.43373493975903615,0.8571428571428571,0.576,0.9746835443037974,0.8309352517985612,0.8970873786407767,108,18,141,693,Logistic_ModelA,2,2021-2022
0.8,0.8302083333333333,0.8450097065204979,0.7331327736079774,0.42745098039215684,0.8650793650793651,0.5721784776902887,0.975886524822695,0.8249400479616307,0.894087069525666,109,17,146,688,Logistic_ModelA,2,2021-2022
0.81,0.821875,0.8402135434509536,0.7243598031429296,0.4144486692015209,0.8650793650793651,0.5604113110539846,0.975609756097561,0.815347721822542,0.8883082952318746,109,17,154,680,Logistic_ModelA,2,2021-2022
0.82,0.8125,0.838186593582277,0.7157894736842105,0.40145985401459855,0.873015873015873,0.55,0.9766763848396501,0.8033573141486811,0.881578947368421,110,16,164,670,Logistic_ModelA,2,2021-2022
0.83,0.8052083333333333,0.8339899508964257,0.7084725174612816,0.3914590747330961,0.873015873015873,0.5405405405405406,0.9764359351988218,0.7949640287769785,0.8764044943820225,110,16,171,663,Logistic_ModelA,2,2021-2022
0.84,0.8020833333333334,0.8355601233299075,0.7064201282480492,0.3881118881118881,0.8809523809523809,0.5388349514563107,0.9777448071216617,0.790167865707434,0.8740053050397878,111,15,175,659,Logistic_ModelA,2,2021-2022
0.85,0.7916666666666666,0.832933653077538,0.6973060236101302,0.37583892617449666,0.8888888888888888,0.5283018867924528,0.9788519637462235,0.7769784172661871,0.8663101604278075,112,14,186,648,Logistic_ModelA,2,2021-2022
0.86,0.78125,0.8303071828251685,0.6884195949454734,0.36451612903225805,0.8968253968253969,0.518348623853211,0.98,0.7637889688249401,0.8584905660377359,113,13,197,637,Logistic_ModelA,2,2021-2022
0.87,0.7708333333333334,0.8310494461573599,0.6807256235827663,0.3549382716049383,0.9126984126984127,0.5111111111111111,0.9827044025157232,0.749400479616307,0.8503401360544217,115,11,209,625,Logistic_ModelA,2,2021-2022
0.88,0.7604166666666666,0.8317917094895513,0.6731716559302766,0.34615384615384615,0.9285714285714286,0.5043103448275862,0.9855305466237942,0.7350119904076738,0.842032967032967,117,9,221,613,Logistic_ModelA,2,2021-2022
0.89,0.7520833333333333,0.8303642800045679,0.6666491587443318,0.3390804597701149,0.9365079365079365,0.4978902953586498,0.9869281045751634,0.7242206235011991,0.8354080221300139,118,8,230,604,Logistic_ModelA,2,2021-2022
0.9,0.7354166666666667,0.8241406874500399,0.652934344469495,0.3251366120218579,0.9444444444444444,0.483739837398374,0.9882154882154882,0.7038369304556354,0.8221288515406162,119,7,247,587,Logistic_ModelA,2,2021-2022
0.91,0.709375,0.8091526778577138,0.6307442879378398,0.30434782608695654,0.9444444444444444,0.46034816247582205,0.9876977152899824,0.6738609112709832,0.8011404133998574,119,7,272,562,Logistic_ModelA,2,2021-2022
0.92,0.6958333333333333,0.8013589128697043,0.6194923306637709,0.29455445544554454,0.9444444444444444,0.4490566037735849,0.987410071942446,0.658273381294964,0.7899280575539568,119,7,285,549,Logistic_ModelA,2,2021-2022
0.93,0.665625,0.7839728217426059,0.5949521489907321,0.2748267898383372,0.9444444444444444,0.4257602862254025,0.9867172675521821,0.6235011990407674,0.7641440117560617,119,7,314,520,Logistic_ModelA,2,2021-2022
0.94,0.6520833333333333,0.7761790567545963,0.584154717685875,0.26681614349775784,0.9444444444444444,0.4160839160839161,0.9863813229571985,0.6079136690647482,0.7522255192878339,119,7,327,507,Logistic_ModelA,2,2021-2022
0.95,0.6239583333333333,0.763360739979445,0.5628211257709226,0.25263157894736843,0.9523809523809523,0.39933444259567386,0.9876288659793815,0.5743405275779376,0.7263078089461713,120,6,355,479,Logistic_ModelA,2,2021-2022
0.2,0.90625,0.6597008107799475,0.7126283859294343,0.8913043478260869,0.3253968253968254,0.47674418604651164,0.9070021881838074,0.9940047961630696,0.948512585812357,41,85,5,829,CatBoost_ModelA,2,2021-2022
0.21,0.9083333333333333,0.6676373187164555,0.7219259785914602,0.8958333333333334,0.3412698412698413,0.4942528735632184,0.9089912280701754,0.9940047961630696,0.9495990836197021,43,83,5,829,CatBoost_ModelA,2,2021-2022
0.22,0.9104166666666667,0.6755738266529634,0.7310258548790659,0.9,0.35714285714285715,0.5113636363636364,0.910989010989011,0.9940047961630696,0.9506880733944955,45,81,5,829,CatBoost_ModelA,2,2021-2022
0.23,0.9104166666666667,0.6755738266529634,0.7310258548790659,0.9,0.35714285714285715,0.5113636363636364,0.910989010989011,0.9940047961630696,0.9506880733944955,45,81,5,829,CatBoost_ModelA,2,2021-2022
0.24,0.9125,0.6835103345894713,0.7399347256801558,0.9038461538461539,0.373015873015873,0.5280898876404494,0.9129955947136564,0.9940047961630696,0.9517795637198623,47,79,5,829,CatBoost_ModelA,2,2021-2022
0.25,0.9145833333333333,0.6914468425259792,0.7486590038314176,0.9074074074074074,0.3888888888888889,0.5444444444444444,0.9150110375275938,0.9940047961630696,0.9528735632183908,49,77,5,829,CatBoost_ModelA,2,2021-2022
0.26,0.9145833333333333,0.6948155761105401,0.7511349410083588,0.8928571428571429,0.3968253968253968,0.5494505494505495,0.915929203539823,0.9928057553956835,0.952819332566168,50,76,6,828,CatBoost_ModelA,2,2021-2022
0.27,0.9145833333333333,0.698184309695101,0.753556401522741,0.8793103448275862,0.40476190476190477,0.5543478260869565,0.9168514412416852,0.9916067146282974,0.9527649769585254,51,75,7,827,CatBoost_ModelA,2,2021-2022
0.28,0.915625,0.702152563663355,0.757738141599813,0.8813559322033898,0.4126984126984127,0.5621621621621622,0.9178690344062154,0.9916067146282974,0.9533141210374639,52,74,7,827,CatBoost_ModelA,2,2021-2022
0.29,0.9166666666666666,0.7094895512161699,0.7641393543314825,0.8709677419354839,0.42857142857142855,0.574468085106383,0.9198218262806236,0.9904076738609112,0.953810623556582,54,72,8,826,CatBoost_ModelA,2,2021-2022
0.3,0.9166666666666666,0.7128582848007308,0.7663522969272893,0.859375,0.4365079365079365,0.5789473684210527,0.9207589285714286,0.9892086330935251,0.953757225433526,55,71,9,825,CatBoost_ModelA,2,2021-2022
0.31,0.91875,0.7207947927372388,0.7743055555555556,0.8636363636363636,0.4523809523809524,0.59375,0.9228187919463087,0.9892086330935251,0.9548611111111112,57,69,9,825,CatBoost_ModelA,2,2021-2022
0.32,0.91875,0.7241635263217997,0.7763734754094445,0.8529411764705882,0.4603174603174603,0.5979381443298969,0.9237668161434978,0.988009592326139,0.9548088064889919,58,68,10,824,CatBoost_ModelA,2,2021-2022
0.33,0.9197916666666667,0.7281317802900537,0.7802452619843925,0.855072463768116,0.46825396825396826,0.6051282051282051,0.9248035914702581,0.988009592326139,0.9553623188405798,59,67,10,824,CatBoost_ModelA,2,2021-2022
0.34,0.9208333333333333,0.7321000342583076,0.7840806856385245,0.8571428571428571,0.47619047619047616,0.6122448979591837,0.9258426966292135,0.988009592326139,0.9559164733178654,60,66,10,824,CatBoost_ModelA,2,2021-2022
0.35,0.91875,0.7309009934909215,0.7803822194066097,0.8333333333333334,0.47619047619047616,0.6060606060606061,0.9256756756756757,0.9856115107913669,0.9547038327526133,60,66,12,822,CatBoost_ModelA,2,2021-2022
0.36,0.9177083333333333,0.7303014731072285,0.7785557654629919,0.821917808219178,0.47619047619047616,0.6030150753768844,0.9255918827508456,0.9844124700239808,0.9540964555490994,60,66,13,821,CatBoost_ModelA,2,2021-2022
0.37,0.9197916666666667,0.7416067146282974,0.787921997067861,0.8181818181818182,0.5,0.6206896551724138,0.928652321630804,0.9832134292565947,0.9551543389633081,63,63,14,820,CatBoost_ModelA,2,2021-2022
0.38,0.9239583333333333,0.7574797305013132,0.8023638501823227,0.8271604938271605,0.5317460317460317,0.6473429951690821,0.9328782707622298,0.9832134292565947,0.9573847051955633,67,59,14,820,CatBoost_ModelA,2,2021-2022
0.39,0.9239583333333333,0.767585931254996,0.8072559551804088,0.8045977011494253,0.5555555555555556,0.6572769953051644,0.9358533791523482,0.9796163069544365,0.9572349150556532,70,56,17,817,CatBoost_ModelA,2,2021-2022
0.4,0.9260416666666667,0.7755224391915039,0.814062606560731,0.8089887640449438,0.5714285714285714,0.6697674418604651,0.9380022962112514,0.9796163069544365,0.9583577712609971,72,54,17,817,CatBoost_ModelA,2,2021-2022
0.41,0.9260416666666667,0.7788911727760649,0.8155599633068237,0.8021978021978022,0.5793650793650794,0.6728110599078341,0.9390103567318757,0.9784172661870504,0.9583088667058133,73,53,18,816,CatBoost_ModelA,2,2021-2022
0.42,0.928125,0.7868276807125728,0.8221835664758039,0.8064516129032258,0.5952380952380952,0.684931506849315,0.9411764705882353,0.9784172661870504,0.9594356261022927,75,51,18,816,CatBoost_ModelA,2,2021-2022
0.43,0.9260416666666667,0.7889973735297476,0.8198879055891298,0.7835051546391752,0.6031746031746031,0.6816143497757847,0.9420625724217845,0.9748201438848921,0.9581614614024749,76,50,21,813,CatBoost_ModelA,2,2021-2022
0.44,0.9270833333333334,0.7929656274980017,0.8231132075471699,0.7857142857142857,0.6111111111111112,0.6875,0.9431554524361949,0.9748201438848921,0.9587264150943396,77,49,21,813,CatBoost_ModelA,2,2021-2022
0.45,0.9302083333333333,0.8082391229873245,0.8339010275308014,0.7864077669902912,0.6428571428571429,0.7074235807860262,0.9474912485414235,0.973621103117506,0.9603784742755765,81,45,22,812,CatBoost_ModelA,2,2021-2022
0.46,0.93125,0.8155761105401393,0.8382088576564799,0.7830188679245284,0.6587301587301587,0.7155172413793104,0.949648711943794,0.9724220623501199,0.9609004739336493,83,43,23,811,CatBoost_ModelA,2,2021-2022
0.47,0.9322916666666666,0.8195443645083933,0.84125005406148,0.7850467289719626,0.6666666666666666,0.721030042918455,0.9507620164126612,0.9724220623501199,0.9614700652045051,84,42,23,811,CatBoost_ModelA,2,2021-2022
0.48,0.9333333333333333,0.8235126184766473,0.8442680293214101,0.7870370370370371,0.6746031746031746,0.7264957264957265,0.9518779342723005,0.9724220623501199,0.9620403321470937,85,41,23,811,CatBoost_ModelA,2,2021-2022
0.49,0.9291666666666667,0.8211145369418751,0.8369288262272805,0.7589285714285714,0.6746031746031746,0.7142857142857143,0.9516509433962265,0.9676258992805755,0.9595719381688466,85,41,27,807,CatBoost_ModelA,2,2021-2022
0.5,0.9291666666666667,0.8211145369418751,0.8369288262272805,0.7589285714285714,0.6746031746031746,0.7142857142857143,0.9516509433962265,0.9676258992805755,0.9595719381688466,85,41,27,807,CatBoost_ModelA,2,2021-2022
0.51,0.928125,0.823883750142743,0.8362985278235662,0.7478260869565218,0.6825396825396826,0.7136929460580913,0.9526627218934911,0.9652278177458034,0.958904109589041,86,40,29,805,CatBoost_ModelA,2,2021-2022
0.52,0.9270833333333334,0.8266529633436108,0.8356743221565789,0.7372881355932204,0.6904761904761905,0.7131147540983607,0.9536817102137767,0.9628297362110312,0.9582338902147971,87,39,31,803,CatBoost_ModelA,2,2021-2022
0.53,0.9291666666666667,0.8379582048646796,0.8425682975767865,0.7377049180327869,0.7142857142857143,0.7258064516129032,0.9570405727923628,0.9616306954436451,0.9593301435406698,90,36,32,802,CatBoost_ModelA,2,2021-2022
0.54,0.93125,0.8458947128011876,0.8482395209580837,0.7419354838709677,0.7301587301587301,0.736,0.9593301435406698,0.9616306954436451,0.9604790419161676,92,34,32,802,CatBoost_ModelA,2,2021-2022
0.55,0.9302083333333333,0.8486639260020555,0.8474929520024849,0.7322834645669292,0.7380952380952381,0.7351778656126482,0.9603841536614646,0.9592326139088729,0.9598080383923215,93,33,34,800,CatBoost_ModelA,2,2021-2022
0.56,0.9302083333333333,0.8486639260020555,0.8474929520024849,0.7322834645669292,0.7380952380952381,0.7351778656126482,0.9603841536614646,0.9592326139088729,0.9598080383923215,93,33,34,800,CatBoost_ModelA,2,2021-2022
0.57,0.9322916666666666,0.8566004339385634,0.8530295000883237,0.7364341085271318,0.753968253968254,0.7450980392156863,0.9626955475330926,0.9592326139088729,0.960960960960961,95,31,34,800,CatBoost_ModelA,2,2021-2022
0.58,0.9302083333333333,0.8554013931711774,0.8495054879489741,0.7251908396946565,0.753968253968254,0.7392996108949417,0.962605548854041,0.9568345323741008,0.9597113650030066,95,31,36,798,CatBoost_ModelA,2,2021-2022
0.59,0.928125,0.8542023524037912,0.8460247466869983,0.7142857142857143,0.753968253968254,0.7335907335907336,0.9625151148730351,0.9544364508393285,0.9584587597832631,95,31,38,796,CatBoost_ModelA,2,2021-2022
0.6,0.9260416666666667,0.8530033116364051,0.842586241538664,0.7037037037037037,0.753968253968254,0.7279693486590039,0.9624242424242424,0.9520383693045563,0.9572031344183243,95,31,40,794,CatBoost_ModelA,2,2021-2022
0.61,0.925,0.852403791252712,0.8408825127303198,0.6985294117647058,0.753968253968254,0.7251908396946565,0.962378640776699,0.9508393285371702,0.9565741857659831,95,31,41,793,CatBoost_ModelA,2,2021-2022
0.62,0.9239583333333333,0.8551730044535799,0.8402097702787437,0.6906474820143885,0.7619047619047619,0.7245283018867924,0.9634591961023142,0.9484412470023981,0.9558912386706948,96,30,43,791,CatBoost_ModelA,2,2021-2022
0.63,0.9208333333333333,0.8533744433025008,0.8352065339163746,0.676056338028169,0.7619047619047619,0.7164179104477612,0.9633251833740831,0.9448441247002398,0.9539951573849879,96,30,46,788,CatBoost_ModelA,2,2021-2022
0.64,0.9177083333333333,0.8515758821514217,0.8302896309739325,0.6620689655172414,0.7619047619047619,0.7084870848708487,0.9631901840490797,0.9412470023980816,0.9520921770770163,96,30,49,785,CatBoost_ModelA,2,2021-2022
0.65,0.9166666666666666,0.8509763617677286,0.8286693318103941,0.6575342465753424,0.7619047619047619,0.7058823529411765,0.9631449631449631,0.9400479616306955,0.9514563106796117,96,30,50,784,CatBoost_ModelA,2,2021-2022
0.66,0.915625,0.8571143085531574,0.8291405832862753,0.6490066225165563,0.7777777777777778,0.7075812274368231,0.965389369592089,0.9364508393285371,0.9506999391357274,98,28,53,781,CatBoost_ModelA,2,2021-2022
0.67,0.915625,0.8638517757222792,0.8311616969812772,0.6451612903225806,0.7936507936507936,0.7117437722419929,0.9677018633540373,0.934052757793765,0.9505796217205613,100,26,55,779,CatBoost_ModelA,2,2021-2022
0.68,0.9135416666666667,0.8660214685394542,0.8290037019153388,0.6352201257861635,0.8015873015873016,0.7087719298245614,0.968789013732834,0.9304556354916067,0.9492354740061162,101,25,58,776,CatBoost_ModelA,2,2021-2022
0.69,0.9114583333333334,0.868191161356629,0.8268835431168176,0.6257668711656442,0.8095238095238095,0.7058823529411765,0.9698870765370138,0.9268585131894485,0.9478847332924586,102,24,61,773,CatBoost_ModelA,2,2021-2022
0.7,0.909375,0.8737295877583647,0.8257731421121252,0.6153846153846154,0.8253968253968254,0.7050847457627119,0.9721871049304678,0.9220623501199041,0.9464615384615385,104,22,65,769,CatBoost_ModelA,2,2021-2022
0.71,0.909375,0.8770983213429258,0.826733135420751,0.6140350877192983,0.8333333333333334,0.7070707070707071,0.973384030418251,0.920863309352518,0.9463955637707948,105,21,66,768,CatBoost_ModelA,2,2021-2022
0.72,0.909375,0.8770983213429258,0.826733135420751,0.6140350877192983,0.8333333333333334,0.7070707070707071,0.973384030418251,0.920863309352518,0.9463955637707948,105,21,66,768,CatBoost_ModelA,2,2021-2022
0.73,0.9083333333333333,0.8764988009592327,0.8252219895894537,0.6104651162790697,0.8333333333333334,0.7046979865771812,0.9733502538071066,0.919664268585132,0.9457459926017263,105,21,67,767,CatBoost_ModelA,2,2021-2022
0.74,0.909375,0.8804670549274867,0.827679763307261,0.6127167630057804,0.8412698412698413,0.7090301003344481,0.974587039390089,0.919664268585132,0.946329426280074,106,20,67,767,CatBoost_ModelA,2,2021-2022
0.75,0.9072916666666667,0.8826367477446614,0.8256152145826827,0.6045197740112994,0.8492063492063492,0.7062706270627063,0.9757343550446999,0.9160671462829736,0.9449598021026593,107,19,70,764,CatBoost_ModelA,2,2021-2022
0.76,0.9010416666666666,0.8790396254425031,0.8167935250974792,0.5846994535519126,0.8492063492063492,0.6925566343042071,0.9755469755469756,0.9088729016786571,0.9410304158907511,107,19,76,758,CatBoost_ModelA,2,2021-2022
0.77,0.896875,0.876641543907731,0.8110502971226126,0.5721925133689839,0.8492063492063492,0.6837060702875399,0.9754204398447607,0.9040767386091128,0.9383945239576851,107,19,80,754,CatBoost_ModelA,2,2021-2022
0.78,0.890625,0.8764131551901335,0.8036155774929424,0.5538461538461539,0.8571428571428571,0.6728971962616822,0.9764705882352941,0.89568345323741,0.9343339587242027,108,18,87,747,CatBoost_ModelA,2,2021-2022
0.79,0.8875,0.8746145940390544,0.7994987468671679,0.5454545454545454,0.8571428571428571,0.6666666666666666,0.9763779527559056,0.8920863309352518,0.9323308270676691,108,18,90,744,CatBoost_ModelA,2,2021-2022
0.8,0.8822916666666667,0.8716169921205892,0.7927552207611583,0.5320197044334976,0.8571428571428571,0.6565349544072948,0.9762219286657859,0.8860911270983214,0.928975487115022,108,18,95,739,CatBoost_ModelA,2,2021-2022
0.81,0.88125,0.877754938906018,0.7934018469995696,0.5288461538461539,0.873015873015873,0.6586826347305389,0.9787234042553191,0.882494004796163,0.9281210592686002,110,16,98,736,CatBoost_ModelA,2,2021-2022
0.82,0.8760416666666667,0.8747573369875528,0.7868493672090588,0.5164319248826291,0.873015873015873,0.6489675516224189,0.9785809906291834,0.8764988009592326,0.9247311827956989,110,16,103,731,CatBoost_ModelA,2,2021-2022
0.83,0.86875,0.8705606943017015,0.7778936621838988,0.5,0.873015873015873,0.6358381502890174,0.9783783783783784,0.86810551558753,0.9199491740787802,110,16,110,724,CatBoost_ModelA,2,2021-2022
0.84,0.8604166666666667,0.8657645312321571,0.7679502998030175,0.4824561403508772,0.873015873015873,0.6214689265536724,0.9781420765027322,0.8585131894484412,0.9144316730523627,110,16,118,716,CatBoost_ModelA,2,2021-2022
0.85,0.8541666666666666,0.8655361425145598,0.761700437591756,0.4703389830508475,0.8809523809523809,0.6132596685082873,0.9792817679558011,0.8501199040767387,0.9101412066752247,111,15,125,709,CatBoost_ModelA,2,2021-2022
0.86,0.8395833333333333,0.8605115907274181,0.7463611471393572,0.4444444444444444,0.8888888888888888,0.5925925925925926,0.980225988700565,0.8321342925659473,0.9001297016861219,112,14,140,694,CatBoost_ModelA,2,2021-2022
0.87,0.8302083333333333,0.8584846408587417,0.7372552509491084,0.4296577946768061,0.8968253968253969,0.5809768637532133,0.9813486370157819,0.8201438848920863,0.8935336381450033,113,13,150,684,CatBoost_ModelA,2,2021-2022
0.88,0.815625,0.8534600890715999,0.7230656398973231,0.40860215053763443,0.9047619047619048,0.562962962962963,0.9823788546255506,0.802158273381295,0.8831683168316832,114,12,165,669,CatBoost_ModelA,2,2021-2022
0.89,0.8072916666666666,0.8520326595866163,0.7156466397150062,0.39792387543252594,0.9126984126984127,0.5542168674698795,0.9836065573770492,0.7913669064748201,0.8770764119601329,115,11,174,660,CatBoost_ModelA,2,2021-2022
0.9,0.796875,0.8494061893342468,0.7063580079402552,0.3853820598006645,0.9206349206349206,0.5433255269320844,0.9848254931714719,0.7781774580335732,0.869390488948426,116,10,185,649,CatBoost_ModelA,2,2021-2022
0.91,0.78125,0.8404133835788512,0.6914014903348662,0.3670886075949367,0.9206349206349206,0.5248868778280543,0.984472049689441,0.7601918465227818,0.857916102841678,116,10,200,634,CatBoost_ModelA,2,2021-2022
0.92,0.753125,0.8309638003882609,0.6675778858643164,0.3400576368876081,0.9365079365079365,0.4989429175475687,0.9869494290375204,0.7254196642685852,0.8362128541810643,118,8,229,605,CatBoost_ModelA,2,2021-2022
0.93,0.7302083333333333,0.8245118191161356,0.6493479569977393,0.32171581769436997,0.9523809523809523,0.48096192384769537,0.989778534923339,0.6966426858513189,0.8177339901477833,120,6,253,581,CatBoost_ModelA,2,2021-2022
0.94,0.7,0.8104944615735983,0.6247047644902946,0.2995049504950495,0.9603174603174603,0.45660377358490567,0.9910071942446043,0.6606714628297362,0.7928057553956834,121,5,283,551,CatBoost_ModelA,2,2021-2022
0.95,0.6572916666666667,0.7926515930113052,0.5916082107645062,0.2739420935412027,0.9761904761904762,0.42782608695652175,0.9941291585127201,0.6091127098321343,0.7553903345724907,123,3,326,508,CatBoost_ModelA,2,2021-2022
0.2,0.8436830835117773,0.5346137367345594,0.5225350140056022,0.9166666666666666,0.07051282051282051,0.13095238095238096,0.8427331887201736,0.9987146529562982,0.9141176470588235,11,145,1,777,Logistic_ModelA,3,2022-2023
0.21,0.8458244111349036,0.5410239931448158,0.5340677613801704,0.9285714285714286,0.08333333333333333,0.15294117647058825,0.8445652173913043,0.9987146529562982,0.9151943462897526,13,143,1,777,Logistic_ModelA,3,2022-2023
0.22,0.8458244111349036,0.5435864478280931,0.53894251864853,0.875,0.08974358974358974,0.16279069767441862,0.8453159041394336,0.9974293059125964,0.9150943396226415,14,142,2,776,Logistic_ModelA,3,2022-2023
0.23,0.8490364025695931,0.5532018324434776,0.5555008016201164,0.8947368421052632,0.10897435897435898,0.19428571428571428,0.848087431693989,0.9974293059125964,0.9167158889545186,17,139,2,776,Logistic_ModelA,3,2022-2023
0.24,0.8511777301927195,0.559612088853734,0.5662446919049671,0.9047619047619048,0.12179487179487179,0.21468926553672316,0.8499452354874042,0.9974293059125964,0.9178001182732111,19,137,2,776,Logistic_ModelA,3,2022-2023
0.25,0.8511777301927195,0.559612088853734,0.5662446919049671,0.9047619047619048,0.12179487179487179,0.21468926553672316,0.8499452354874042,0.9974293059125964,0.9178001182732111,19,137,2,776,Logistic_ModelA,3,2022-2023
0.26,0.8533190578158458,0.5660223452639905,0.5767618934214487,0.9130434782608695,0.1346153846153846,0.2346368715083799,0.8518111964873765,0.9974293059125964,0.9188869153345175,21,135,2,776,Logistic_ModelA,3,2022-2023
0.27,0.8554603854389722,0.5724326016742469,0.5870599678398674,0.92,0.14743589743589744,0.2541436464088398,0.8536853685368537,0.9974293059125964,0.919976289270895,23,133,2,776,Logistic_ModelA,3,2022-2023
0.28,0.8554603854389722,0.5724326016742469,0.5870599678398674,0.92,0.14743589743589744,0.2541436464088398,0.8536853685368537,0.9974293059125964,0.919976289270895,23,133,2,776,Logistic_ModelA,3,2022-2023
0.29,0.8586723768736617,0.5820479862896315,0.6021119487762057,0.9285714285714286,0.16666666666666666,0.2826086956521739,0.8565121412803532,0.9974293059125964,0.9216152019002375,26,130,2,776,Logistic_ModelA,3,2022-2023
0.3,0.860813704496788,0.5884582426998879,0.6118931635405879,0.9333333333333333,0.1794871794871795,0.3010752688172043,0.8584070796460177,0.9974293059125964,0.9227110582639715,28,128,2,776,Logistic_ModelA,3,2022-2023
0.31,0.8650963597430407,0.6012787555204008,0.6308763565648328,0.9411764705882353,0.20512820512820512,0.3368421052631579,0.8622222222222222,0.9974293059125964,0.9249106078665077,32,124,2,776,Logistic_ModelA,3,2022-2023
0.32,0.8650963597430407,0.6038412102036781,0.6342855011933175,0.9166666666666666,0.21153846153846154,0.34375,0.8630289532293987,0.9961439588688946,0.9248210023866349,33,123,3,775,Logistic_ModelA,3,2022-2023
0.33,0.8650963597430407,0.6038412102036781,0.6342855011933175,0.9166666666666666,0.21153846153846154,0.34375,0.8630289532293987,0.9961439588688946,0.9248210023866349,33,123,3,775,Logistic_ModelA,3,2022-2023
0.34,0.8640256959314775,0.6031985366818271,0.6330740081973552,0.8918918918918919,0.21153846153846154,0.34196891191709844,0.862876254180602,0.9948586118251928,0.924179104477612,33,123,4,774,Logistic_ModelA,3,2022-2023
0.35,0.8661670235546038,0.6096087930920836,0.6421291400370899,0.8974358974358975,0.22435897435897437,0.358974358974359,0.864804469273743,0.9948586118251928,0.9252839210998207,35,121,4,774,Logistic_ModelA,3,2022-2023
0.36,0.8683083511777302,0.61601904950234,0.6510129500861213,0.9024390243902439,0.23717948717948717,0.3756345177664975,0.8667413213885778,0.9948586118251928,0.926391382405745,37,119,4,774,Logistic_ModelA,3,2022-2023
0.37,0.8693790149892934,0.6243490870740228,0.6614051561218547,0.8695652173913043,0.2564102564102564,0.39603960396039606,0.8693693693693694,0.9922879177377892,0.9267707082833133,40,116,6,772,Logistic_ModelA,3,2022-2023
0.38,0.8704496788008566,0.627554215279151,0.6656341070134174,0.8723404255319149,0.26282051282051283,0.4039408866995074,0.8703494926719278,0.9922879177377892,0.9273273273273274,41,115,6,772,Logistic_ModelA,3,2022-2023
0.39,0.8725910064239829,0.6339644716894075,0.6739773843920038,0.8775510204081632,0.27564102564102566,0.4195121951219512,0.8723163841807909,0.9922879177377892,0.9284425736620565,43,113,6,772,Logistic_ModelA,3,2022-2023
0.4,0.8747323340471093,0.6403747280996639,0.6821715572075492,0.8823529411764706,0.28846153846153844,0.43478260869565216,0.8742921857304643,0.9922879177377892,0.9295605057194462,45,111,6,772,Logistic_ModelA,3,2022-2023
0.41,0.8747323340471093,0.6429371827829411,0.6848334876316222,0.8679245283018868,0.2948717948717949,0.44019138755980863,0.8751418842224744,0.9910025706940874,0.9294755877034359,46,110,7,771,Logistic_ModelA,3,2022-2023
0.42,0.8747323340471093,0.6454996374662184,0.687444047513493,0.8545454545454545,0.30128205128205127,0.44549763033175355,0.875995449374289,0.9897172236503856,0.9293904646952323,47,109,8,770,Logistic_ModelA,3,2022-2023
0.43,0.8747323340471093,0.6531870015160504,0.694981675677637,0.819672131147541,0.32051282051282054,0.4608294930875576,0.8785796105383734,0.9858611825192802,0.9291338582677166,50,106,11,767,Logistic_ModelA,3,2022-2023
0.44,0.8747323340471093,0.6557494561993277,0.6974006662402286,0.8095238095238095,0.3269230769230769,0.4657534246575342,0.8794489092996556,0.9845758354755784,0.929047907822923,51,105,12,766,Logistic_ModelA,3,2022-2023
0.45,0.8747323340471093,0.6608743655658823,0.7021058514045825,0.7910447761194029,0.33974358974358976,0.47533632286995514,0.881199538638985,0.9820051413881749,0.9288753799392098,53,103,14,764,Logistic_ModelA,3,2022-2023
0.46,0.8736616702355461,0.6602316920440314,0.7007190649982621,0.7794117647058824,0.33974358974358976,0.4732142857142857,0.8810623556581986,0.980719794344473,0.9282238442822385,53,103,15,763,Logistic_ModelA,3,2022-2023
0.47,0.8747323340471093,0.6685617296157141,0.7088489892921181,0.7671232876712328,0.358974358974359,0.4890829694323144,0.883855981416957,0.9781491002570694,0.9286150091519219,56,100,17,761,Logistic_ModelA,3,2022-2023
0.48,0.8725910064239829,0.6698388372552897,0.7082437558241788,0.7402597402597403,0.36538461538461536,0.4892703862660944,0.8844807467911319,0.974293059125964,0.927217125382263,57,99,20,758,Logistic_ModelA,3,2022-2023
0.49,0.8747323340471093,0.6788115483488234,0.717296991051541,0.7407407407407407,0.38461538461538464,0.5063291139240507,0.8874560375146542,0.9730077120822622,0.9282648681790313,60,96,21,757,Logistic_ModelA,3,2022-2023
0.5,0.8758029978586723,0.6871415859205062,0.7246602218088296,0.7325581395348837,0.40384615384615385,0.5206611570247934,0.8903301886792453,0.9704370179948586,0.9286592865928659,63,93,23,755,Logistic_ModelA,3,2022-2023
0.51,0.8747323340471093,0.6864989123986553,0.7232592592592593,0.7241379310344828,0.40384615384615385,0.5185185185185185,0.8902007083825265,0.9691516709511568,0.928,63,93,24,754,Logistic_ModelA,3,2022-2023
0.52,0.8747323340471093,0.69162382176521,0.7270690606837884,0.7142857142857143,0.4166666666666667,0.5263157894736842,0.8920521945432978,0.9665809768637532,0.9278223318938926,65,91,26,752,Logistic_ModelA,3,2022-2023
0.53,0.8768736616702355,0.7057214422252983,0.7388619427932364,0.7070707070707071,0.44871794871794873,0.5490196078431373,0.8970059880239521,0.9627249357326478,0.9287042777433354,70,86,29,749,Logistic_ModelA,3,2022-2023
0.54,0.8768736616702355,0.7057214422252983,0.7388619427932364,0.7070707070707071,0.44871794871794873,0.5490196078431373,0.8970059880239521,0.9627249357326478,0.9287042777433354,70,86,29,749,Logistic_ModelA,3,2022-2023
0.55,0.8758029978586723,0.7076412233867246,0.7391689537291155,0.696078431372549,0.4551282051282051,0.5503875968992248,0.8978365384615384,0.9601542416452442,0.9279503105590062,71,85,31,747,Logistic_ModelA,3,2022-2023
0.56,0.8758029978586723,0.7127661327532793,0.7425113838373276,0.6886792452830188,0.46794871794871795,0.5572519083969466,0.8997584541062802,0.9575835475578406,0.9277708592777086,73,83,33,745,Logistic_ModelA,3,2022-2023
0.57,0.8736616702355461,0.7140432403928547,0.7413665249265486,0.6727272727272727,0.47435897435897434,0.556390977443609,0.9004854368932039,0.9537275064267352,0.9263420724094882,74,82,36,742,Logistic_ModelA,3,2022-2023
0.58,0.8779443254817987,0.7268637532133676,0.7532193019051592,0.6842105263157895,0.5,0.5777777777777777,0.9048780487804878,0.9537275064267352,0.9286608260325406,78,78,36,742,Logistic_ModelA,3,2022-2023
0.59,0.8779443254817987,0.7294262078966449,0.7547268907563025,0.6810344827586207,0.5064102564102564,0.5808823529411765,0.9058679706601467,0.9524421593830334,0.9285714285714286,79,77,37,741,Logistic_ModelA,3,2022-2023
0.6,0.8822269807280514,0.744809175400435,0.7675670784127415,0.6885245901639344,0.5384615384615384,0.60431654676259,0.9113300492610837,0.9511568123393316,0.9308176100628931,84,72,38,740,Logistic_ModelA,3,2022-2023
0.61,0.8832976445396146,0.7531392129721179,0.7730356366554827,0.6850393700787402,0.5576923076923077,0.6148409893992933,0.9144981412639405,0.9485861182519281,0.931230283911672,87,69,40,738,Logistic_ModelA,3,2022-2023
0.62,0.8811563169164882,0.7544163206116934,0.7715158447328577,0.6717557251908397,0.5641025641025641,0.6132404181184669,0.9153175591531756,0.9447300771208226,0.9297912713472486,88,68,43,735,Logistic_ModelA,3,2022-2023
0.63,0.8790149892933619,0.7556934282512688,0.7700144037898746,0.6592592592592592,0.5705128205128205,0.6116838487972509,0.9161451814768461,0.9408740359897172,0.9283449587824985,89,67,46,732,Logistic_ModelA,3,2022-2023
0.64,0.8790149892933619,0.7608183376178235,0.7725559494434687,0.6546762589928058,0.5833333333333334,0.6169491525423729,0.9182389937106918,0.9383033419023136,0.9281627463445645,91,65,48,730,Logistic_ModelA,3,2022-2023
0.65,0.8768736616702355,0.7620954452573989,0.771044761484532,0.6433566433566433,0.5897435897435898,0.6153846153846154,0.9190897597977244,0.9344473007712082,0.9267049075844487,92,64,51,727,Logistic_ModelA,3,2022-2023
0.66,0.8758029978586723,0.7665776811021027,0.7721261273388074,0.6351351351351351,0.6025641025641025,0.618421052631579,0.9211195928753181,0.9305912596401028,0.9258312020460358,94,62,54,724,Logistic_ModelA,3,2022-2023
0.67,0.8725910064239829,0.7723370245863819,0.7716404877597773,0.6178343949044586,0.6217948717948718,0.6198083067092651,0.924066924066924,0.922879177377892,0.9234726688102894,97,59,60,718,Logistic_ModelA,3,2022-2023
0.68,0.8683083511777302,0.7697663304989784,0.766341853327557,0.6024844720496895,0.6217948717948718,0.61198738170347,0.9236739974126779,0.9177377892030848,0.9206963249516441,97,59,64,714,Logistic_ModelA,3,2022-2023
0.69,0.867237687366167,0.7716861116604048,0.7661983204134367,0.5975609756097561,0.6282051282051282,0.6125,0.9246753246753247,0.9151670951156813,0.9198966408268734,98,58,66,712,Logistic_ModelA,3,2022-2023
0.7,0.8650963597430407,0.7729632192999802,0.7647524467472655,0.5892857142857143,0.6346153846153846,0.6111111111111112,0.9255874673629243,0.9113110539845758,0.9183937823834197,99,57,69,709,Logistic_ModelA,3,2022-2023
0.71,0.8661670235546038,0.7812932568716631,0.7694196089119567,0.5895953757225434,0.6538461538461539,0.6200607902735562,0.9290407358738502,0.9087403598971723,0.9187784275503573,102,54,71,707,Logistic_ModelA,3,2022-2023
0.72,0.8661670235546038,0.7864181662382177,0.7715956999344622,0.5875706214689266,0.6666666666666666,0.6246246246246246,0.9313077939233818,0.9061696658097687,0.9185667752442996,104,52,73,705,Logistic_ModelA,3,2022-2023
0.73,0.860813704496788,0.7883297079955178,0.7673465008085965,0.5698924731182796,0.6794871794871795,0.6198830409356725,0.9331550802139037,0.897172236503856,0.9148099606815203,106,50,80,698,Logistic_ModelA,3,2022-2023
0.74,0.8597430406852249,0.7928119438402215,0.768175419250569,0.5654450261780105,0.6923076923076923,0.622478386167147,0.9353970390309556,0.8933161953727506,0.9138724523339908,108,48,83,695,Logistic_ModelA,3,2022-2023
0.75,0.8511777301927195,0.7876705556654142,0.7582901240888822,0.542713567839196,0.6923076923076923,0.6084507042253521,0.9346938775510204,0.8830334190231363,0.9081295439524124,108,48,91,687,Logistic_ModelA,3,2022-2023
0.76,0.8501070663811563,0.7947152461933953,0.7601490905622446,0.5388349514563107,0.7115384615384616,0.6132596685082873,0.9381868131868132,0.877892030848329,0.9070385126162018,111,45,95,683,Logistic_ModelA,3,2022-2023
0.77,0.8436830835117773,0.7908592050622899,0.752963768115942,0.5235849056603774,0.7115384615384616,0.6032608695652174,0.9376731301939059,0.8701799485861182,0.9026666666666666,111,45,101,677,Logistic_ModelA,3,2022-2023
0.78,0.8404710920770878,0.7914936391800145,0.7504353205950128,0.5161290322580645,0.717948717948718,0.6005361930294906,0.9386331938633193,0.8650385604113111,0.9003344481605351,112,44,105,673,Logistic_ModelA,3,2022-2023
0.79,0.841541755888651,0.79726122206842,0.7535936341338201,0.5181818181818182,0.7307692307692307,0.6063829787234043,0.9411764705882353,0.8637532133676092,0.900804289544236,114,42,106,672,Logistic_ModelA,3,2022-2023
0.8,0.8372591006423983,0.8023778920308483,0.7518267570081042,0.508695652173913,0.75,0.6062176165803109,0.9446022727272727,0.8547557840616966,0.8974358974358975,117,39,113,665,Logistic_ModelA,3,2022-2023
0.81,0.8340471092077087,0.8030123261485729,0.7493190558729158,0.502127659574468,0.7564102564102564,0.6035805626598465,0.9456366237482118,0.8496143958868895,0.8950575490859851,118,38,117,661,Logistic_ModelA,3,2022-2023
0.82,0.8265524625267666,0.7985136114956166,0.741380371243975,0.48760330578512395,0.7564102564102564,0.592964824120603,0.9450867052023122,0.8406169665809768,0.889795918367347,118,38,124,654,Logistic_ModelA,3,2022-2023
0.83,0.8190578158458244,0.7940148968426604,0.7335999932491161,0.4738955823293173,0.7564102564102564,0.582716049382716,0.9445255474452555,0.8316195372750642,0.8844839371155161,118,38,131,647,Logistic_ModelA,3,2022-2023
0.84,0.8147751605995718,0.7965691121218114,0.7311067289050863,0.4669260700389105,0.7692307692307693,0.5811138014527845,0.946824224519941,0.8239074550128535,0.8810996563573883,120,36,137,641,Logistic_ModelA,3,2022-2023
0.85,0.8094218415417559,0.7984806538791114,0.7275504250981626,0.45864661654135336,0.782051282051282,0.5781990521327014,0.9491017964071856,0.8149100257069408,0.8769017980636238,122,34,144,634,Logistic_ModelA,3,2022-2023
0.86,0.7997858672376874,0.7952590468657307,0.7189078707019336,0.44404332129963897,0.7884615384615384,0.5681293302540416,0.9497716894977168,0.8020565552699229,0.8696864111498258,123,33,154,624,Logistic_ModelA,3,2022-2023
0.87,0.7922912205567452,0.7907603322127743,0.7116182836771072,0.43309859154929575,0.7884615384615384,0.5590909090909091,0.9492307692307692,0.7930591259640103,0.8641456582633054,123,33,161,617,Logistic_ModelA,3,2022-2023
0.88,0.778372591006424,0.7824055764287127,0.6983783024828587,0.41414141414141414,0.7884615384615384,0.543046357615894,0.9481946624803768,0.7763496143958869,0.8537102473498234,123,33,174,604,Logistic_ModelA,3,2022-2023
0.89,0.7687366167023555,0.7791839694153319,0.6903183023872679,0.4025974025974026,0.7948717948717948,0.5344827586206896,0.9488817891373802,0.7634961439588689,0.8461538461538461,124,32,184,594,Logistic_ModelA,3,2022-2023
0.9,0.7644539614561028,0.7817381846944829,0.6881525909377884,0.3987341772151899,0.8076923076923077,0.5338983050847458,0.9514563106796117,0.7557840616966581,0.8424068767908309,126,30,190,588,Logistic_ModelA,3,2022-2023
0.91,0.7537473233404711,0.7778739041592512,0.679304208665743,0.3871951219512195,0.8141025641025641,0.5247933884297521,0.9521452145214522,0.7416452442159382,0.8338150289017341,127,29,201,577,Logistic_ModelA,3,2022-2023
0.92,0.7419700214132763,0.7733669501021686,0.6696532220309457,0.375366568914956,0.8205128205128205,0.5150905432595574,0.9527824620573356,0.7262210796915167,0.8242159008023341,128,28,213,565,Logistic_ModelA,3,2022-2023
0.93,0.7259100642398287,0.7688517566409597,0.6572634282831062,0.3611111111111111,0.8333333333333334,0.5038759689922481,0.9547038327526133,0.7043701799485861,0.8106508875739645,130,26,230,548,Logistic_ModelA,3,2022-2023
0.94,0.7109207708779444,0.7649792367016017,0.645991610936105,0.3492063492063492,0.8461538461538461,0.4943820224719101,0.9568345323741008,0.6838046272493573,0.7976011994002998,132,24,246,532,Logistic_ModelA,3,2022-2023
0.95,0.6937901498929336,0.7546964603519873,0.6315022761760243,0.3350253807106599,0.8461538461538461,0.48,0.9555555555555556,0.6632390745501285,0.7830045523520486,132,24,262,516,Logistic_ModelA,3,2022-2023
0.2,0.8618843683083511,0.5916633709050161,0.6167101960572234,0.9354838709677419,0.1858974358974359,0.31016042780748665,0.8593576965669989,0.9974293059125964,0.9232599643069601,29,127,2,776,CatBoost_ModelA,3,2022-2023
0.21,0.8618843683083511,0.5916633709050161,0.6167101960572234,0.9354838709677419,0.1858974358974359,0.31016042780748665,0.8593576965669989,0.9974293059125964,0.9232599643069601,29,127,2,776,CatBoost_ModelA,3,2022-2023
0.22,0.8693790149892934,0.6166617230241909,0.6522922566155649,0.925,0.23717948717948717,0.37755102040816324,0.8668903803131991,0.9961439588688946,0.9270334928229665,37,119,3,775,CatBoost_ModelA,3,2022-2023
0.23,0.8747323340471093,0.632687364049832,0.6738622424768778,0.9333333333333333,0.2692307692307692,0.417910447761194,0.8717660292463442,0.9961439588688946,0.9298140371925615,42,114,3,775,CatBoost_ModelA,3,2022-2023
0.24,0.8790149892933619,0.6455078768703447,0.690415499464676,0.9387755102040817,0.2948717948717949,0.44878048780487806,0.8757062146892656,0.9961439588688946,0.9320505111244738,46,110,3,775,CatBoost_ModelA,3,2022-2023
0.25,0.8768736616702355,0.644222529826643,0.687604522041608,0.9019607843137255,0.2948717948717949,0.4444444444444444,0.8754246885617214,0.993573264781491,0.9307645996387718,46,110,5,773,CatBoost_ModelA,3,2022-2023
0.26,0.8779443254817987,0.6525525673983257,0.6967117856166256,0.875,0.3141025641025641,0.46226415094339623,0.878132118451025,0.9910025706940874,0.9311594202898551,49,107,7,771,CatBoost_ModelA,3,2022-2023
0.27,0.8790149892933619,0.655757695603454,0.700602811227891,0.8771929824561403,0.32051282051282054,0.4694835680751174,0.879133409350057,0.9910025706940874,0.9317220543806647,50,106,7,771,CatBoost_ModelA,3,2022-2023
0.28,0.880085653104925,0.6589628238085822,0.7044604414107968,0.8793103448275862,0.3269230769230769,0.4766355140186916,0.8801369863013698,0.9910025706940874,0.932285368802902,51,105,7,771,CatBoost_ModelA,3,2022-2023
0.29,0.8832976445396146,0.6711406631072441,0.7180912189759394,0.873015873015873,0.3525641025641026,0.502283105022831,0.8840413318025259,0.9897172236503856,0.9338993329290479,55,101,8,770,CatBoost_ModelA,3,2022-2023
0.3,0.8822269807280514,0.6704979895853932,0.716626213592233,0.859375,0.3525641025641026,0.5,0.8839080459770114,0.9884318766066839,0.933252427184466,55,101,9,769,CatBoost_ModelA,3,2022-2023
0.31,0.8822269807280514,0.6704979895853932,0.716626213592233,0.859375,0.3525641025641026,0.5,0.8839080459770114,0.9884318766066839,0.933252427184466,55,101,9,769,CatBoost_ModelA,3,2022-2023
0.32,0.8832976445396146,0.6737031177905214,0.720303197641674,0.8615384615384616,0.358974358974359,0.5067873303167421,0.8849252013808976,0.9884318766066839,0.9338190649666059,56,100,9,769,CatBoost_ModelA,3,2022-2023
0.33,0.8832976445396146,0.6762655724737987,0.7224746820777734,0.8507462686567164,0.36538461538461536,0.5112107623318386,0.8858131487889274,0.987146529562982,0.9337386018237082,57,99,10,768,CatBoost_ModelA,3,2022-2023
0.34,0.8865096359743041,0.6884434117724606,0.7352267864783911,0.8472222222222222,0.391025641025641,0.5350877192982456,0.8897911832946636,0.9858611825192802,0.9353658536585366,61,95,11,767,CatBoost_ModelA,3,2022-2023
0.35,0.8907922912205567,0.7012639245929735,0.7489988196610741,0.8552631578947368,0.4166666666666667,0.5603448275862069,0.8939393939393939,0.9858611825192802,0.9376528117359413,65,91,11,767,CatBoost_ModelA,3,2022-2023
0.36,0.8918629550321199,0.7070315074813789,0.7541817044729059,0.8481012658227848,0.42948717948717946,0.5702127659574469,0.895906432748538,0.9845758354755784,0.9381506429883649,67,89,12,766,CatBoost_ModelA,3,2022-2023
0.37,0.8907922912205567,0.706388833959528,0.7526483050847458,0.8375,0.42948717948717946,0.5677966101694916,0.8957845433255269,0.9832904884318766,0.9375,67,89,13,765,CatBoost_ModelA,3,2022-2023
0.38,0.892933618843683,0.7127990903697845,0.7592411197607878,0.8414634146341463,0.4423076923076923,0.5798319327731093,0.897887323943662,0.9832904884318766,0.9386503067484663,69,87,13,765,CatBoost_ModelA,3,2022-2023
0.39,0.8907922912205567,0.7115137433260826,0.7561732186732186,0.8214285714285714,0.4423076923076923,0.575,0.8976470588235295,0.980719794344473,0.9373464373464373,69,87,15,763,CatBoost_ModelA,3,2022-2023
0.4,0.8907922912205567,0.71407619800936,0.7578908846939709,0.813953488372093,0.44871794871794873,0.5785123966942148,0.8985849056603774,0.9794344473007712,0.9372693726937269,70,86,16,762,CatBoost_ModelA,3,2022-2023
0.41,0.8907922912205567,0.7166386526926373,0.7595796656706775,0.8068181818181818,0.4551282051282051,0.5819672131147541,0.8995271867612293,0.9781491002570694,0.937192118226601,71,85,17,761,CatBoost_ModelA,3,2022-2023
0.42,0.8907922912205567,0.7166386526926373,0.7595796656706775,0.8068181818181818,0.4551282051282051,0.5819672131147541,0.8995271867612293,0.9781491002570694,0.937192118226601,71,85,17,761,CatBoost_ModelA,3,2022-2023
0.43,0.8918629550321199,0.7224062355810428,0.7643929498210482,0.8021978021978022,0.46794871794871795,0.5910931174089069,0.9015421115065243,0.9768637532133676,0.9376927822331894,73,83,18,760,CatBoost_ModelA,3,2022-2023
0.44,0.8940042826552462,0.7288164919912992,0.770630390617442,0.8064516129032258,0.4807692307692308,0.6024096385542169,0.9036860879904876,0.9768637532133676,0.938851142680667,75,81,18,760,CatBoost_ModelA,3,2022-2023
0.45,0.8950749464668094,0.7345840748797048,0.7752337733773378,0.8020833333333334,0.4935897435897436,0.6111111111111112,0.905727923627685,0.9755784061696658,0.9393564356435643,77,79,19,759,CatBoost_ModelA,3,2022-2023
0.46,0.8972162740899358,0.7435567859732384,0.7827233250620347,0.8,0.5128205128205128,0.625,0.9088729016786571,0.974293059125964,0.9404466501240695,80,76,20,758,CatBoost_ModelA,3,2022-2023
0.47,0.8982869379014989,0.749324368861644,0.7870808747129443,0.7961165048543689,0.5256410256410257,0.6332046332046332,0.910950661853189,0.9730077120822622,0.9409571162212554,82,74,21,757,CatBoost_ModelA,3,2022-2023
0.48,0.8982869379014989,0.7518868235449212,0.7884494798856536,0.7904761904761904,0.532051282051282,0.6360153256704981,0.9119420989143546,0.9717223650385605,0.940883634100809,83,73,22,756,CatBoost_ModelA,3,2022-2023
0.49,0.8982869379014989,0.7544492782281985,0.7897966194046646,0.7850467289719626,0.5384615384615384,0.6387832699619772,0.9129383313180169,0.9704370179948586,0.940809968847352,84,72,23,755,CatBoost_ModelA,3,2022-2023
0.5,0.8982869379014989,0.7570117329114758,0.7911227768688426,0.7798165137614679,0.5448717948717948,0.6415094339622641,0.9139393939393939,0.9691516709511568,0.940736119775421,85,71,24,754,CatBoost_ModelA,3,2022-2023
0.51,0.8982869379014989,0.7646990969613078,0.7949799786037935,0.7652173913043478,0.5641025641025641,0.6494464944649446,0.9169719169719169,0.9652956298200515,0.9405134627426425,88,68,27,751,CatBoost_ModelA,3,2022-2023
0.52,0.8982869379014989,0.7672615516445851,0.7962267617440031,0.7606837606837606,0.5705128205128205,0.652014652014652,0.9179926560587516,0.9640102827763496,0.9404388714733543,89,67,28,750,CatBoost_ModelA,3,2022-2023
0.53,0.8972162740899358,0.7691813328060114,0.7959362027528949,0.75,0.5769230769230769,0.6521739130434783,0.918918918918919,0.961439588688946,0.9396984924623115,90,66,30,748,CatBoost_ModelA,3,2022-2023
0.54,0.8961456102783726,0.7685386592841605,0.7944257749479813,0.743801652892562,0.5769230769230769,0.6498194945848376,0.9188191881918819,0.9601542416452442,0.9390320553111251,90,66,31,747,CatBoost_ModelA,3,2022-2023
0.55,0.8972162740899358,0.7717437874892887,0.7971494502511198,0.7459016393442623,0.5833333333333334,0.6546762589928058,0.9199507389162561,0.9601542416452442,0.939622641509434,91,65,31,747,CatBoost_ModelA,3,2022-2023
0.56,0.8972162740899358,0.7743062421725662,0.7983447283195394,0.7419354838709677,0.5897435897435898,0.6571428571428571,0.9209876543209876,0.9588688946015425,0.9395465994962217,92,64,32,746,CatBoost_ModelA,3,2022-2023
0.57,0.8950749464668094,0.7755833498121416,0.796530445298051,0.7265625,0.5961538461538461,0.6549295774647887,0.9218362282878412,0.9550128534704371,0.9381313131313131,93,63,35,743,CatBoost_ModelA,3,2022-2023
0.58,0.8950749464668094,0.7755833498121416,0.796530445298051,0.7265625,0.5961538461538461,0.6549295774647887,0.9218362282878412,0.9550128534704371,0.9381313131313131,93,63,35,743,CatBoost_ModelA,3,2022-2023
0.59,0.8972162740899358,0.7845560609056753,0.8029535864978903,0.7272727272727273,0.6153846153846154,0.6666666666666666,0.9251870324189526,0.9537275064267352,0.9392405063291139,96,60,36,742,CatBoost_ModelA,3,2022-2023
0.6,0.8961456102783726,0.7864758420671016,0.8025787359966181,0.7185185185185186,0.6217948717948718,0.6666666666666666,0.9261576971214017,0.9511568123393316,0.9384908053265695,97,59,38,740,CatBoost_ModelA,3,2022-2023
0.61,0.8961456102783726,0.7864758420671016,0.8025787359966181,0.7185185185185186,0.6217948717948718,0.6666666666666666,0.9261576971214017,0.9511568123393316,0.9384908053265695,97,59,38,740,CatBoost_ModelA,3,2022-2023
0.62,0.8961456102783726,0.7864758420671016,0.8025787359966181,0.7185185185185186,0.6217948717948718,0.6666666666666666,0.9261576971214017,0.9511568123393316,0.9384908053265695,97,59,38,740,CatBoost_ModelA,3,2022-2023
0.63,0.8940042826552462,0.7851904950233999,0.7996294490492443,0.708029197080292,0.6217948717948718,0.6621160409556314,0.9259723964868256,0.9485861182519281,0.9371428571428572,97,59,40,738,CatBoost_ModelA,3,2022-2023
0.64,0.8940042826552462,0.7877529497066772,0.800734858361977,0.7050359712230215,0.6282051282051282,0.6644067796610169,0.9270440251572327,0.9473007712082262,0.9370629370629371,98,58,41,737,CatBoost_ModelA,3,2022-2023
0.65,0.8940042826552462,0.7877529497066772,0.800734858361977,0.7050359712230215,0.6282051282051282,0.6644067796610169,0.9270440251572327,0.9473007712082262,0.9370629370629371,98,58,41,737,CatBoost_ModelA,3,2022-2023
0.66,0.892933618843683,0.7896727308681035,0.8003676313427094,0.6971830985915493,0.6346153846153846,0.6644295302013423,0.928030303030303,0.9447300771208226,0.9363057324840764,99,57,43,735,CatBoost_ModelA,3,2022-2023
0.67,0.8940042826552462,0.7928778590732318,0.802899403364945,0.6993006993006993,0.6410256410256411,0.6688963210702341,0.9292035398230089,0.9447300771208226,0.9369024856596558,100,56,43,735,CatBoost_ModelA,3,2022-2023
0.68,0.892933618843683,0.7947976402346583,0.802508605888373,0.6917808219178082,0.6474358974358975,0.6688741721854304,0.9302030456852792,0.9421593830334191,0.9361430395913155,101,55,45,733,CatBoost_ModelA,3,2022-2023
0.69,0.8918629550321199,0.7941549667128074,0.8010649627263046,0.6870748299319728,0.6474358974358975,0.6666666666666666,0.9301143583227446,0.9408740359897172,0.9354632587859425,101,55,46,732,CatBoost_ModelA,3,2022-2023
0.7,0.892933618843683,0.8024850042844901,0.8056110556110556,0.6842105263157895,0.6666666666666666,0.6753246753246753,0.9335038363171355,0.9383033419023136,0.9358974358974359,104,52,48,730,CatBoost_ModelA,3,2022-2023
0.71,0.892933618843683,0.8050474589677674,0.8066172512319351,0.6818181818181818,0.6730769230769231,0.6774193548387096,0.9346153846153846,0.9370179948586118,0.9358151476251605,105,51,49,729,CatBoost_ModelA,3,2022-2023
0.72,0.8897216274089935,0.8056818930854921,0.8033463138421284,0.6666666666666666,0.6794871794871795,0.6730158730158731,0.9354838709677419,0.9318766066838047,0.9336767546683837,106,50,53,725,CatBoost_ModelA,3,2022-2023
0.73,0.8897216274089935,0.8108068024520467,0.805310737436024,0.6625766871165644,0.6923076923076923,0.677115987460815,0.9377431906614786,0.929305912596401,0.9335054874112331,108,48,55,723,CatBoost_ModelA,3,2022-2023
0.74,0.8854389721627409,0.8107985630479204,0.8007118998953089,0.6449704142011834,0.6987179487179487,0.6707692307692308,0.938562091503268,0.922879177377892,0.9306545690213869,109,47,60,718,CatBoost_ModelA,3,2022-2023
0.75,0.8822269807280514,0.8088705424823677,0.7966027874564461,0.6337209302325582,0.6987179487179487,0.6646341463414634,0.9383202099737533,0.9190231362467867,0.9285714285714286,109,47,63,715,CatBoost_ModelA,3,2022-2023
0.76,0.8790149892933619,0.8095049766000924,0.7935225127407537,0.6214689265536724,0.7051282051282052,0.6606606606606606,0.9392338177014531,0.9138817480719794,0.9263843648208469,110,46,67,711,CatBoost_ModelA,3,2022-2023
0.77,0.8768736616702355,0.8107820842396678,0.7918197024112942,0.6132596685082873,0.7115384615384616,0.658753709198813,0.9402390438247012,0.910025706940874,0.9248856956237753,111,45,70,708,CatBoost_ModelA,3,2022-2023
0.78,0.8704496788008566,0.8069260431085624,0.7839430292023133,0.5935828877005348,0.7115384615384616,0.6472303206997084,0.9397590361445783,0.9023136246786633,0.920655737704918,111,45,76,702,CatBoost_ModelA,3,2022-2023
0.79,0.8661670235546038,0.8043553490211588,0.7787933389795505,0.581151832460733,0.7115384615384616,0.6397694524495677,0.9394347240915208,0.897172236503856,0.9178172255095332,111,45,80,698,CatBoost_ModelA,3,2022-2023
0.8,0.8597430406852249,0.8030617625733307,0.7722014838535509,0.5628140703517588,0.717948717948718,0.6309859154929578,0.9401360544217687,0.8881748071979434,0.913417052214144,112,44,87,691,CatBoost_ModelA,3,2022-2023
0.81,0.8597430406852249,0.8107491266231626,0.7750957213520653,0.5609756097560976,0.7371794871794872,0.6371191135734072,0.943758573388203,0.884318766066838,0.9130723291307233,115,41,90,688,CatBoost_ModelA,3,2022-2023
0.82,0.8522483940042827,0.8062504119702063,0.7665,0.5424528301886793,0.7371794871794872,0.625,0.943213296398892,0.8753213367609255,0.908,115,41,97,681,CatBoost_ModelA,3,2022-2023
0.83,0.8490364025695931,0.8043223914046536,0.7628788574453489,0.5348837209302325,0.7371794871794872,0.6199460916442049,0.9429763560500696,0.87146529562982,0.905811623246493,115,41,100,678,CatBoost_ModelA,3,2022-2023
0.84,0.8447537473233405,0.80175169731725,0.7581067202500558,0.5251141552511416,0.7371794871794872,0.6133333333333333,0.9426573426573427,0.8663239074550129,0.9028801071667782,115,41,104,674,CatBoost_ModelA,3,2022-2023
0.85,0.8372591006423983,0.799815437347571,0.7508703953279425,0.5087719298245614,0.7435897435897436,0.6041666666666666,0.943342776203966,0.8560411311053985,0.8975741239892183,116,40,112,666,CatBoost_ModelA,3,2022-2023
0.86,0.8340471092077087,0.8030123261485729,0.7493190558729158,0.502127659574468,0.7564102564102564,0.6035805626598465,0.9456366237482118,0.8496143958868895,0.8950575490859851,118,38,117,661,CatBoost_ModelA,3,2022-2023
0.87,0.8265524625267666,0.8010760661788939,0.7423228882833788,0.48770491803278687,0.7628205128205128,0.595,0.946376811594203,0.8393316195372751,0.8896457765667575,119,37,125,653,CatBoost_ModelA,3,2022-2023
0.88,0.815845824411135,0.7972117856436622,0.732196201856396,0.46875,0.7692307692307693,0.5825242718446602,0.9469026548672567,0.8251928020565553,0.8818681318681318,120,36,136,642,CatBoost_ModelA,3,2022-2023
0.89,0.8062098501070664,0.7939901786302814,0.7234222516707977,0.45318352059925093,0.7756410256410257,0.5721040189125296,0.9475262368815592,0.8123393316195373,0.8747404844290657,121,35,146,632,CatBoost_ModelA,3,2022-2023
0.9,0.797644539614561,0.7965361545053061,0.7177151245628427,0.4412811387900356,0.7948717948717948,0.5675057208237986,0.9509954058192955,0.7982005141388174,0.8679245283018868,124,32,157,621,CatBoost_ModelA,3,2022-2023
0.91,0.7826552462526767,0.7952260892492256,0.705964545529266,0.4219269102990033,0.8141025641025641,0.5557986870897156,0.9541864139020537,0.7763496143958869,0.8561304039688165,127,29,174,604,CatBoost_ModelA,3,2022-2023
0.92,0.7708779443254818,0.7932815898754202,0.6966575202758487,0.40822784810126583,0.8269230769230769,0.5466101694915254,0.9563106796116505,0.7596401028277635,0.8467048710601719,129,27,187,591,CatBoost_ModelA,3,2022-2023
0.93,0.7558886509635975,0.7894090699360623,0.6846183466129558,0.39221556886227543,0.8397435897435898,0.5346938775510204,0.9583333333333334,0.7390745501285347,0.8345428156748912,131,25,203,575,CatBoost_ModelA,3,2022-2023
0.94,0.721627408993576,0.773968426603388,0.6559813682546338,0.35945945945945945,0.8525641025641025,0.5057034220532319,0.9592198581560284,0.6953727506426736,0.8062593144560357,133,23,237,541,CatBoost_ModelA,3,2022-2023
0.95,0.6659528907922913,0.7456743128336959,0.6106523865257892,0.31690140845070425,0.8653846153846154,0.4639175257731959,0.9586614173228346,0.6259640102827764,0.7573872472783826,135,21,291,487,CatBoost_ModelA,3,2022-2023
0.2,0.8198294243070362,0.5811449864498645,0.5889325398368924,0.9428571428571428,0.165,0.28085106382978725,0.8150609080841639,0.997289972899729,0.8970140158439975,33,167,2,736,Logistic_ModelA,4,2023-2024
0.21,0.8198294243070362,0.5811449864498645,0.5889325398368924,0.9428571428571428,0.165,0.28085106382978725,0.8150609080841639,0.997289972899729,0.8970140158439975,33,167,2,736,Logistic_ModelA,4,2023-2024
0.22,0.8198294243070362,0.5811449864498645,0.5889325398368924,0.9428571428571428,0.165,0.28085106382978725,0.8150609080841639,0.997289972899729,0.8970140158439975,33,167,2,736,Logistic_ModelA,4,2023-2024
0.23,0.8219616204690832,0.5861449864498645,0.5967336262978095,0.9459459459459459,0.175,0.29535864978902954,0.8168701442841287,0.997289972899729,0.8981086028065893,35,165,2,736,Logistic_ModelA,4,2023-2024
0.24,0.8219616204690832,0.5879674796747968,0.5996196737066222,0.9230769230769231,0.18,0.301255230125523,0.8175750834260289,0.9959349593495935,0.8979841172877214,36,164,3,735,Logistic_ModelA,4,2023-2024
0.25,0.8230277185501066,0.5904674796747967,0.6034331703341483,0.925,0.185,0.30833333333333335,0.8184855233853007,0.9959349593495935,0.8985330073349633,37,163,3,735,Logistic_ModelA,4,2023-2024
0.26,0.826226012793177,0.5979674796747968,0.6147009089786527,0.9302325581395349,0.2,0.3292181069958848,0.8212290502793296,0.9959349593495935,0.9001837109614207,40,160,3,735,Logistic_ModelA,4,2023-2024
0.27,0.8294243070362474,0.6054674796747967,0.6257169933662527,0.9347826086956522,0.215,0.34959349593495936,0.8239910313901345,0.9959349593495935,0.901840490797546,43,157,3,735,Logistic_ModelA,4,2023-2024
0.28,0.8294243070362474,0.607289972899729,0.6282793056986605,0.9166666666666666,0.22,0.3548387096774194,0.8247191011235955,0.994579945799458,0.9017199017199017,44,156,4,734,Logistic_ModelA,4,2023-2024
0.29,0.8315565031982942,0.612289972899729,0.6354145141451415,0.92,0.23,0.368,0.8265765765765766,0.994579945799458,0.9028290282902829,46,154,4,734,Logistic_ModelA,4,2023-2024
0.3,0.8315565031982942,0.6141124661246613,0.6378626163108922,0.9038461538461539,0.235,0.373015873015873,0.827313769751693,0.9932249322493225,0.9027093596059114,47,153,5,733,Logistic_ModelA,4,2023-2024
0.31,0.8326226012793176,0.6166124661246613,0.6413560989627854,0.9056603773584906,0.24,0.3794466403162055,0.8282485875706215,0.9932249322493225,0.9032655576093653,48,152,5,733,Logistic_ModelA,4,2023-2024
0.32,0.8368869936034116,0.6266124661246613,0.6550832406034373,0.9122807017543859,0.26,0.4046692607003891,0.8320090805902384,0.9932249322493225,0.9054972205064855,52,148,5,733,Logistic_ModelA,4,2023-2024
0.33,0.837953091684435,0.6291124661246612,0.6584547867498395,0.9137931034482759,0.265,0.4108527131782946,0.8329545454545455,0.9932249322493225,0.9060568603213844,53,147,5,733,Logistic_ModelA,4,2023-2024
0.34,0.8400852878464818,0.6341124661246613,0.6651275704493527,0.9166666666666666,0.275,0.4230769230769231,0.8348519362186788,0.9932249322493225,0.9071782178217822,55,145,5,733,Logistic_ModelA,4,2023-2024
0.35,0.8422174840085288,0.6391124661246612,0.6717084291079013,0.9193548387096774,0.285,0.4351145038167939,0.83675799086758,0.9932249322493225,0.9083023543990086,57,143,5,733,Logistic_ModelA,4,2023-2024
0.36,0.8454157782515992,0.6466124661246613,0.6814119906773011,0.9230769230769231,0.3,0.4528301886792453,0.8396334478808706,0.9932249322493225,0.909993792675357,60,140,5,733,Logistic_ModelA,4,2023-2024
0.37,0.8507462686567164,0.6591124661246612,0.6971541903048752,0.9285714285714286,0.325,0.48148148148148145,0.8444700460829493,0.9932249322493225,0.912826899128269,65,135,5,733,Logistic_ModelA,4,2023-2024
0.38,0.8539445628997868,0.6666124661246613,0.7063518722907369,0.9315068493150684,0.34,0.4981684981684982,0.8473988439306358,0.9932249322493225,0.9145352464129757,68,132,5,733,Logistic_ModelA,4,2023-2024
0.39,0.8528784648187633,0.6659349593495935,0.7051040214330627,0.918918918918919,0.34,0.49635036496350365,0.8472222222222222,0.991869918699187,0.9138576779026217,68,132,6,732,Logistic_ModelA,4,2023-2024
0.4,0.8550106609808102,0.6709349593495935,0.7111231884057971,0.9210526315789473,0.35,0.5072463768115942,0.8491879350348028,0.991869918699187,0.915,70,130,6,732,Logistic_ModelA,4,2023-2024
0.41,0.8571428571428571,0.6759349593495935,0.7170653964938187,0.9230769230769231,0.36,0.5179856115107914,0.8511627906976744,0.991869918699187,0.9161451814768461,72,128,6,732,Logistic_ModelA,4,2023-2024
0.42,0.8592750533049041,0.6827574525745257,0.7245521770469046,0.9146341463414634,0.375,0.5319148936170213,0.8539719626168224,0.9905149051490515,0.917189460476788,75,125,7,731,Logistic_ModelA,4,2023-2024
0.43,0.8592750533049041,0.6827574525745257,0.7245521770469046,0.9146341463414634,0.375,0.5319148936170213,0.8539719626168224,0.9905149051490515,0.917189460476788,75,125,7,731,Logistic_ModelA,4,2023-2024
0.44,0.8603411513859275,0.6852574525745257,0.727433848174101,0.9156626506024096,0.38,0.5371024734982333,0.8549707602339182,0.9905149051490515,0.9177652228499686,76,124,7,731,Logistic_ModelA,4,2023-2024
0.45,0.8624733475479744,0.6902574525745258,0.7331436699857753,0.9176470588235294,0.39,0.5473684210526316,0.8569753810082064,0.9905149051490515,0.918918918918919,78,122,7,731,Logistic_ModelA,4,2023-2024
0.46,0.8635394456289979,0.6927574525745257,0.7359722038967322,0.9186046511627907,0.395,0.5524475524475524,0.857981220657277,0.9905149051490515,0.919496855345912,79,121,7,731,Logistic_ModelA,4,2023-2024
0.47,0.8635394456289979,0.6964024390243903,0.7389572552941688,0.9,0.405,0.5586206896551724,0.8596698113207547,0.9878048780487805,0.9192938209331651,81,119,9,729,Logistic_ModelA,4,2023-2024
0.48,0.8656716417910447,0.7014024390243903,0.7444738480697385,0.9021739130434783,0.415,0.5684931506849316,0.8617021276595744,0.9878048780487805,0.9204545454545454,83,117,9,729,Logistic_ModelA,4,2023-2024
0.49,0.8656716417910447,0.7032249322493225,0.7458912768647281,0.8936170212765957,0.42,0.5714285714285714,0.8625592417061612,0.986449864498645,0.9203539823008849,84,116,10,728,Logistic_ModelA,4,2023-2024
0.5,0.8667377398720683,0.7075474254742548,0.7499802756294207,0.8865979381443299,0.43,0.5791245791245792,0.8644470868014269,0.9850948509485095,0.9208359721342622,86,114,11,727,Logistic_ModelA,4,2023-2024
0.51,0.8710021321961621,0.7175474254742548,0.7605906238464378,0.8910891089108911,0.45,0.5980066445182725,0.8685782556750299,0.9850948509485095,0.9231746031746032,90,110,11,727,Logistic_ModelA,4,2023-2024
0.52,0.8742004264392325,0.7250474254742547,0.7683892460158028,0.8942307692307693,0.465,0.6118421052631579,0.8717026378896883,0.9850948509485095,0.9249363867684478,93,107,11,727,Logistic_ModelA,4,2023-2024
0.53,0.8752665245202559,0.729369918699187,0.7721613592341852,0.8878504672897196,0.475,0.6188925081433225,0.8736462093862816,0.983739837398374,0.9254302103250478,95,105,12,726,Logistic_ModelA,4,2023-2024
0.54,0.8795309168443497,0.739369918699187,0.7822257378548021,0.8918918918918919,0.495,0.6366559485530546,0.8778718258766627,0.983739837398374,0.9277955271565496,99,101,12,726,Logistic_ModelA,4,2023-2024
0.55,0.8763326226012793,0.7391598915989159,0.7792762090230445,0.8620689655172413,0.5,0.6329113924050633,0.878345498783455,0.978319783197832,0.9256410256410257,100,100,16,722,Logistic_ModelA,4,2023-2024
0.56,0.8795309168443497,0.746659891598916,0.7865962797196602,0.865546218487395,0.515,0.64576802507837,0.8815628815628815,0.978319783197832,0.9274245343609505,103,97,16,722,Logistic_ModelA,4,2023-2024
0.57,0.8816631130063965,0.7534823848238483,0.7924360919343167,0.8617886178861789,0.53,0.6563467492260062,0.8846625766871166,0.9769647696476965,0.9285254346426272,106,94,17,721,Logistic_ModelA,4,2023-2024
0.58,0.8805970149253731,0.7528048780487805,0.7910780196003564,0.8548387096774194,0.53,0.654320987654321,0.8845208845208845,0.975609756097561,0.9278350515463918,106,94,18,720,Logistic_ModelA,4,2023-2024
0.59,0.8805970149253731,0.7582723577235773,0.7940805206005723,0.8384615384615385,0.545,0.6606060606060606,0.8873762376237624,0.9715447154471545,0.9275549805950841,109,91,21,717,Logistic_ModelA,4,2023-2024
0.6,0.8795309168443497,0.761239837398374,0.7946787800129786,0.8222222222222222,0.555,0.6626865671641791,0.8891656288916563,0.967479674796748,0.9266709928617781,111,89,24,714,Logistic_ModelA,4,2023-2024
0.61,0.8784648187633263,0.7623848238482385,0.7942998284100615,0.8115942028985508,0.56,0.6627218934911243,0.89,0.964769647696477,0.9258777633289987,112,88,26,712,Logistic_ModelA,4,2023-2024
0.62,0.8763326226012793,0.7646747967479675,0.793536341004311,0.7916666666666666,0.57,0.6627906976744186,0.8916876574307305,0.959349593495935,0.9242819843342036,114,86,30,708,Logistic_ModelA,4,2023-2024
0.63,0.8742004264392325,0.7651422764227642,0.7918472046699163,0.777027027027027,0.575,0.6609195402298851,0.8924050632911392,0.9552845528455285,0.9227748691099477,115,85,33,705,Logistic_ModelA,4,2023-2024
0.64,0.8731343283582089,0.7699322493224932,0.7932753655397209,0.7612903225806451,0.59,0.6647887323943662,0.8952745849297573,0.9498644986449865,0.9217619986850756,118,82,37,701,Logistic_ModelA,4,2023-2024
0.65,0.8710021321961621,0.7740447154471545,0.7933465521039876,0.7423312883435583,0.605,0.6666666666666666,0.8980645161290323,0.943089430894309,0.9200264375413086,121,79,42,696,Logistic_ModelA,4,2023-2024
0.66,0.8678038379530917,0.7738346883468834,0.7904076807749971,0.7261904761904762,0.61,0.6630434782608695,0.8987012987012987,0.9376693766937669,0.9177718832891246,122,78,46,692,Logistic_ModelA,4,2023-2024
0.67,0.8656716417910447,0.772479674796748,0.7878970604070206,0.7176470588235294,0.61,0.6594594594594595,0.8984375,0.9349593495934959,0.9163346613545816,122,78,48,690,Logistic_ModelA,4,2023-2024
0.68,0.8635394456289979,0.7729471544715447,0.786267151818965,0.7068965517241379,0.615,0.6577540106951871,0.8992146596858639,0.9308943089430894,0.914780292942743,123,77,51,687,Logistic_ModelA,4,2023-2024
0.69,0.8635394456289979,0.7765921409214092,0.7879641991791524,0.702247191011236,0.625,0.6613756613756614,0.9013157894736842,0.9281842818428184,0.9145527369826435,125,75,53,685,Logistic_ModelA,4,2023-2024
0.7,0.8656716417910447,0.7834146341463415,0.7929098593326185,0.7032967032967034,0.64,0.6701570680628273,0.9047619047619048,0.926829268292683,0.9156626506024096,128,72,54,684,Logistic_ModelA,4,2023-2024
0.71,0.8592750533049041,0.7811720867208672,0.7863546951030127,0.6789473684210526,0.645,0.6615384615384615,0.9050802139037433,0.9173441734417345,0.9111709286675639,129,71,61,677,Logistic_ModelA,4,2023-2024
0.72,0.8528784648187633,0.7771070460704608,0.7791359541359542,0.6581632653061225,0.645,0.6515151515151515,0.9043126684636119,0.9092140921409214,0.9067567567567567,129,71,67,671,Logistic_ModelA,4,2023-2024
0.73,0.8528784648187633,0.7825745257452574,0.7815468113975577,0.6534653465346535,0.66,0.6567164179104478,0.907608695652174,0.9051490514905149,0.9063772048846676,132,68,70,668,Logistic_ModelA,4,2023-2024
0.74,0.8518123667377399,0.7855420054200541,0.781927233254667,0.6473429951690821,0.67,0.6584766584766585,0.9097127222982216,0.9010840108401084,0.9053778080326753,134,66,73,665,Logistic_ModelA,4,2023-2024
0.75,0.8486140724946695,0.7853319783197832,0.7791726351530586,0.6367924528301887,0.675,0.6553398058252428,0.9104683195592287,0.8956639566395664,0.9030054644808743,135,65,77,661,Logistic_ModelA,4,2023-2024
0.76,0.8454157782515992,0.78329945799458,0.7756776593025078,0.627906976744186,0.675,0.6506024096385542,0.9100968188105117,0.8915989159891599,0.9007529089664613,135,65,80,658,Logistic_ModelA,4,2023-2024
0.77,0.8422174840085288,0.783089430894309,0.772985347985348,0.6181818181818182,0.68,0.6476190476190476,0.9108635097493036,0.8861788617886179,0.8983516483516484,136,64,84,654,Logistic_ModelA,4,2023-2024
0.78,0.835820895522388,0.7808468834688347,0.7669166623638147,0.6008771929824561,0.685,0.6401869158878505,0.9112676056338028,0.8766937669376694,0.893646408839779,137,63,91,647,Logistic_ModelA,4,2023-2024
0.79,0.8315565031982942,0.7781368563685638,0.7624204883553914,0.5905172413793104,0.685,0.6342592592592593,0.9107648725212465,0.8712737127371274,0.8905817174515236,137,63,95,643,Logistic_ModelA,4,2023-2024
0.8,0.8219616204690832,0.7793292682926829,0.7555168145985083,0.5662650602409639,0.705,0.6280623608017817,0.9143686502177069,0.8536585365853658,0.8829712683952348,141,59,108,630,Logistic_ModelA,4,2023-2024
0.81,0.8166311300639659,0.7777642276422765,0.7508401284902397,0.5546875,0.71,0.6228070175438597,0.9149560117302052,0.8455284552845529,0.8788732394366198,142,58,114,624,Logistic_ModelA,4,2023-2024
0.82,0.8123667377398721,0.7823441734417345,0.749465811965812,0.5447761194029851,0.73,0.6239316239316239,0.9194029850746268,0.8346883468834688,0.875,146,54,122,616,Logistic_ModelA,4,2023-2024
0.83,0.8113006396588486,0.7889566395663956,0.7512059377542809,0.5415162454873647,0.75,0.6289308176100629,0.924357034795764,0.8279132791327913,0.873481057898499,150,50,127,611,Logistic_ModelA,4,2023-2024
0.84,0.8123667377398721,0.7951016260162602,0.7542996957916858,0.5425531914893617,0.765,0.6348547717842323,0.9283536585365854,0.8252032520325203,0.8737446197991392,153,47,129,609,Logistic_ModelA,4,2023-2024
0.85,0.8006396588486141,0.7894715447154472,0.7434065491994528,0.5220338983050847,0.77,0.6222222222222222,0.9284603421461898,0.8089430894308943,0.8645908761766835,154,46,141,597,Logistic_ModelA,4,2023-2024
0.86,0.7942430703624733,0.7854065040650406,0.7372034113591,0.5116279069767442,0.77,0.6147704590818364,0.9277864992150706,0.8008130081300813,0.8596363636363636,154,46,147,591,Logistic_ModelA,4,2023-2024
0.87,0.7835820895522388,0.7822764227642276,0.7283351048272615,0.49523809523809526,0.78,0.6058252427184466,0.9293739967897271,0.7845528455284553,0.8508449669360764,156,44,159,579,Logistic_ModelA,4,2023-2024
0.88,0.7771855010660981,0.7782113821138211,0.7223024130433242,0.48598130841121495,0.78,0.5988483685220729,0.9286871961102107,0.7764227642276422,0.8457564575645756,156,44,165,573,Logistic_ModelA,4,2023-2024
0.89,0.767590618336887,0.7812262872628726,0.7165613218008428,0.47352941176470587,0.805,0.5962962962962963,0.9347826086956522,0.7574525745257452,0.8368263473053892,161,39,179,559,Logistic_ModelA,4,2023-2024
0.9,0.7579957356076759,0.7787737127371274,0.7089660055302008,0.46175637393767704,0.815,0.5895117540687161,0.9367521367521368,0.7425474254742548,0.8284202569916855,163,37,190,548,Logistic_ModelA,4,2023-2024
0.91,0.7409381663113006,0.7715785907859078,0.6947117606168609,0.44235924932975873,0.825,0.5759162303664922,0.9380530973451328,0.7181571815718157,0.8135072908672295,165,35,208,530,Logistic_ModelA,4,2023-2024
0.92,0.7313432835820896,0.7691260162601625,0.6873085165489325,0.4326424870466321,0.835,0.5699658703071673,0.9402173913043478,0.7032520325203252,0.8046511627906977,167,33,219,519,Logistic_ModelA,4,2023-2024
0.93,0.7153518123667377,0.7607859078590786,0.6737365802566118,0.41687344913151364,0.84,0.5572139303482587,0.9401869158878504,0.6815718157181572,0.7902592301649647,168,32,235,503,Logistic_ModelA,4,2023-2024
0.94,0.697228144989339,0.751090785907859,0.6584665405108796,0.4004739336492891,0.845,0.5434083601286174,0.939922480620155,0.6571815718157181,0.773524720893142,169,31,253,485,Logistic_ModelA,4,2023-2024
0.95,0.6748400852878464,0.7405081300813008,0.6402121326067738,0.3825503355704698,0.855,0.5285935085007728,0.9409368635437881,0.6260162601626016,0.7518307567127747,171,29,276,462,Logistic_ModelA,4,2023-2024
0.2,0.8091684434968017,0.5561449864498645,0.5480126522646208,0.92,0.115,0.20444444444444446,0.8061336254107339,0.997289972899729,0.8915808600847971,23,177,2,736,CatBoost_ModelA,4,2023-2024
0.21,0.8113006396588486,0.5629674796747968,0.559803055973147,0.896551724137931,0.13,0.22707423580786026,0.8085808580858086,0.9959349593495935,0.8925318761384335,26,174,3,735,CatBoost_ModelA,4,2023-2024
0.22,0.8166311300639659,0.5754674796747967,0.5801034802252829,0.9117647058823529,0.155,0.26495726495726496,0.8130530973451328,0.9959349593495935,0.8952496954933008,31,169,3,735,CatBoost_ModelA,4,2023-2024
0.23,0.8187633262260128,0.5804674796747967,0.5880012401818934,0.9166666666666666,0.165,0.2796610169491525,0.8148558758314856,0.9959349593495935,0.8963414634146342,33,167,3,735,CatBoost_ModelA,4,2023-2024
0.24,0.8219616204690832,0.5879674796747968,0.5996196737066222,0.9230769230769231,0.18,0.301255230125523,0.8175750834260289,0.9959349593495935,0.8979841172877214,36,164,3,735,CatBoost_ModelA,4,2023-2024
0.25,0.826226012793177,0.5979674796747968,0.6147009089786527,0.9302325581395349,0.2,0.3292181069958848,0.8212290502793296,0.9959349593495935,0.9001837109614207,40,160,3,735,CatBoost_ModelA,4,2023-2024
0.26,0.8294243070362474,0.6054674796747967,0.6257169933662527,0.9347826086956522,0.215,0.34959349593495936,0.8239910313901345,0.9959349593495935,0.901840490797546,43,157,3,735,CatBoost_ModelA,4,2023-2024
0.27,0.8326226012793176,0.6129674796747968,0.6364906460507056,0.9387755102040817,0.23,0.36947791164658633,0.8267716535433071,0.9959349593495935,0.9035033804548248,46,154,3,735,CatBoost_ModelA,4,2023-2024
0.28,0.835820895522388,0.6204674796747968,0.6470306513409961,0.9423076923076923,0.245,0.3888888888888889,0.8295711060948081,0.9959349593495935,0.9051724137931034,49,151,3,735,CatBoost_ModelA,4,2023-2024
0.29,0.837953091684435,0.627289972899729,0.6562114197530864,0.9285714285714286,0.26,0.40625,0.8321995464852607,0.994579945799458,0.9061728395061729,52,148,4,734,CatBoost_ModelA,4,2023-2024
0.3,0.8400852878464818,0.632289972899729,0.6629488027136574,0.9310344827586207,0.27,0.4186046511627907,0.8340909090909091,0.994579945799458,0.907292954264524,54,146,4,734,CatBoost_ModelA,4,2023-2024
0.31,0.8411513859275054,0.634789972899729,0.6662822377108091,0.9322033898305084,0.275,0.4247104247104247,0.8350398179749715,0.994579945799458,0.9078540507111935,55,145,4,734,CatBoost_ModelA,4,2023-2024
0.32,0.8443496801705757,0.6441124661246612,0.6781994886833597,0.921875,0.295,0.44696969696969696,0.8386727688787186,0.9932249322493225,0.9094292803970223,59,141,5,733,CatBoost_ModelA,4,2023-2024
0.33,0.8443496801705757,0.6441124661246612,0.6781994886833597,0.921875,0.295,0.44696969696969696,0.8386727688787186,0.9932249322493225,0.9094292803970223,59,141,5,733,CatBoost_ModelA,4,2023-2024
0.34,0.8464818763326226,0.6491124661246612,0.6846028113762668,0.9242424242424242,0.305,0.45864661654135336,0.8405963302752294,0.9932249322493225,0.9105590062111801,61,139,5,733,CatBoost_ModelA,4,2023-2024
0.35,0.8464818763326226,0.6491124661246612,0.6846028113762668,0.9242424242424242,0.305,0.45864661654135336,0.8405963302752294,0.9932249322493225,0.9105590062111801,61,139,5,733,CatBoost_ModelA,4,2023-2024
0.36,0.8486140724946695,0.6559349593495934,0.6928278215949448,0.9142857142857143,0.32,0.4740740740740741,0.8433179723502304,0.991869918699187,0.9115815691158157,64,136,6,732,CatBoost_ModelA,4,2023-2024
0.37,0.8518123667377399,0.6652574525745257,0.703862358753052,0.9066666666666666,0.34,0.49454545454545457,0.847045191193511,0.9905149051490515,0.9131792629606496,68,132,7,731,CatBoost_ModelA,4,2023-2024
0.38,0.8560767590618337,0.6752574525745257,0.7157977659724888,0.9113924050632911,0.36,0.5161290322580645,0.8509895227008148,0.9905149051490515,0.915466499686913,72,128,7,731,CatBoost_ModelA,4,2023-2024
0.39,0.8592750533049041,0.6827574525745257,0.7245521770469046,0.9146341463414634,0.375,0.5319148936170213,0.8539719626168224,0.9905149051490515,0.917189460476788,75,125,7,731,CatBoost_ModelA,4,2023-2024
0.4,0.8656716417910447,0.6977574525745258,0.7415774559193955,0.9204545454545454,0.405,0.5625,0.86,0.9905149051490515,0.9206549118387909,81,119,7,731,CatBoost_ModelA,4,2023-2024
0.41,0.8656716417910447,0.7014024390243903,0.7444738480697385,0.9021739130434783,0.415,0.5684931506849316,0.8617021276595744,0.9878048780487805,0.9204545454545454,83,117,9,729,CatBoost_ModelA,4,2023-2024
0.42,0.8678038379530917,0.7064024390243903,0.7499247486605262,0.9042553191489362,0.425,0.5782312925170068,0.8637440758293838,0.9878048780487805,0.9216182048040455,85,115,9,729,CatBoost_ModelA,4,2023-2024
0.43,0.8678038379530917,0.7082249322493225,0.7513000342114267,0.8958333333333334,0.43,0.581081081081081,0.8646080760095012,0.986449864498645,0.9215189873417722,86,114,10,728,CatBoost_ModelA,4,2023-2024
0.44,0.8688699360341151,0.7125474254742548,0.7553162836171301,0.8888888888888888,0.44,0.5886287625418061,0.866507747318236,0.9850948509485095,0.922003804692454,88,112,11,727,CatBoost_ModelA,4,2023-2024
0.45,0.8710021321961621,0.719369918699187,0.761868494541762,0.883495145631068,0.455,0.6006600660066007,0.8694610778443114,0.983739837398374,0.9230769230769231,91,109,12,726,CatBoost_ModelA,4,2023-2024
0.46,0.8720682302771855,0.7255149051490515,0.7669294990723562,0.8703703703703703,0.47,0.6103896103896104,0.8722891566265061,0.981029810298103,0.923469387755102,94,106,14,724,CatBoost_ModelA,4,2023-2024
0.47,0.8720682302771855,0.7255149051490515,0.7669294990723562,0.8703703703703703,0.47,0.6103896103896104,0.8722891566265061,0.981029810298103,0.923469387755102,94,106,14,724,CatBoost_ModelA,4,2023-2024
0.48,0.8731343283582089,0.7298373983739836,0.77066250269665,0.8648648648648649,0.48,0.617363344051447,0.8742442563482467,0.9796747967479674,0.923961661341853,96,104,15,723,CatBoost_ModelA,4,2023-2024
0.49,0.8731343283582089,0.7334823848238483,0.77299451918286,0.8521739130434782,0.49,0.6222222222222222,0.8760631834750912,0.9769647696476965,0.9237668161434978,98,102,17,721,CatBoost_ModelA,4,2023-2024
0.5,0.8720682302771855,0.736449864498645,0.773939588688946,0.8333333333333334,0.5,0.625,0.8777506112469438,0.9728997289972899,0.922879177377892,100,100,20,718,CatBoost_ModelA,4,2023-2024
0.51,0.8699360341151386,0.7350948509485095,0.7713054669576409,0.819672131147541,0.5,0.6211180124223602,0.8774509803921569,0.9701897018970189,0.9214929214929215,100,100,22,716,CatBoost_ModelA,4,2023-2024
0.52,0.8720682302771855,0.7400948509485095,0.7761550210003818,0.8225806451612904,0.51,0.6296296296296297,0.8796068796068796,0.9701897018970189,0.9226804123711341,102,98,22,716,CatBoost_ModelA,4,2023-2024
0.53,0.8731343283582089,0.7425948509485094,0.7785607300500917,0.824,0.515,0.6338461538461538,0.8806888068880688,0.9701897018970189,0.9232753062540296,103,97,22,716,CatBoost_ModelA,4,2023-2024
0.54,0.8752665245202559,0.7494173441734417,0.7843733237976042,0.8217054263565892,0.53,0.6443768996960486,0.8838071693448702,0.9688346883468835,0.9243697478991597,106,94,23,715,CatBoost_ModelA,4,2023-2024
0.55,0.8763326226012793,0.7519173441734417,0.7867262534791641,0.823076923076923,0.535,0.6484848484848484,0.8849009900990099,0.9688346883468835,0.92496765847348,107,93,23,715,CatBoost_ModelA,4,2023-2024
0.56,0.8752665245202559,0.7530623306233062,0.7864111681350826,0.8120300751879699,0.54,0.6486486486486487,0.8857142857142857,0.9661246612466124,0.9241736876215165,108,92,25,713,CatBoost_ModelA,4,2023-2024
0.57,0.8742004264392325,0.7523848238482385,0.7850912960072074,0.8059701492537313,0.54,0.6467065868263473,0.8855721393034826,0.964769647696477,0.9234760051880675,108,92,26,712,CatBoost_ModelA,4,2023-2024
0.58,0.8752665245202559,0.7548848238482385,0.7874107722258273,0.8074074074074075,0.545,0.6507462686567164,0.8866749688667497,0.964769647696477,0.9240752757949383,109,91,26,712,CatBoost_ModelA,4,2023-2024
0.59,0.8742004264392325,0.756029810298103,0.7870822785297127,0.7971014492753623,0.55,0.650887573964497,0.8875,0.962059620596206,0.9232769830949284,110,90,28,710,CatBoost_ModelA,4,2023-2024
0.6,0.8742004264392325,0.7596747967479676,0.7890238416554206,0.7887323943661971,0.56,0.6549707602339181,0.8894472361809045,0.959349593495935,0.9230769230769231,112,88,30,708,CatBoost_ModelA,4,2023-2024
0.61,0.8720682302771855,0.758319783197832,0.7864169044872185,0.7777777777777778,0.56,0.6511627906976745,0.889168765743073,0.9566395663956639,0.9216710182767625,112,88,32,706,CatBoost_ModelA,4,2023-2024
0.62,0.8720682302771855,0.7601422764227642,0.7873739091012126,0.773972602739726,0.565,0.653179190751445,0.8901515151515151,0.9552845528455285,0.9215686274509803,113,87,33,705,CatBoost_ModelA,4,2023-2024
0.63,0.8699360341151386,0.7587872628726287,0.7847911777095746,0.7635135135135135,0.565,0.6494252873563219,0.889873417721519,0.9525745257452575,0.9201570680628273,113,87,35,703,CatBoost_ModelA,4,2023-2024
0.64,0.8710021321961621,0.7631097560975609,0.7879631964877867,0.7615894039735099,0.575,0.6552706552706553,0.8919949174078781,0.9512195121951219,0.920655737704918,115,85,36,702,CatBoost_ModelA,4,2023-2024
0.65,0.8742004264392325,0.7706097560975609,0.7945685501533071,0.7662337662337663,0.59,0.6666666666666666,0.8954081632653061,0.9512195121951219,0.9224704336399474,118,82,36,702,CatBoost_ModelA,4,2023-2024
0.66,0.8731343283582089,0.7699322493224932,0.7932753655397209,0.7612903225806451,0.59,0.6647887323943662,0.8952745849297573,0.9498644986449865,0.9217619986850756,118,82,37,701,CatBoost_ModelA,4,2023-2024
0.67,0.8742004264392325,0.7742547425474255,0.796328600554979,0.759493670886076,0.6,0.6703910614525139,0.8974358974358975,0.948509485094851,0.922266139657444,120,80,38,700,CatBoost_ModelA,4,2023-2024
0.68,0.8731343283582089,0.7735772357723577,0.7950396894618649,0.7547169811320755,0.6,0.6685236768802229,0.8973042362002568,0.9471544715447154,0.9215557020435069,120,80,39,699,CatBoost_ModelA,4,2023-2024
0.69,0.8752665245202559,0.7785772357723577,0.7993362771180166,0.7577639751552795,0.61,0.6759002770083102,0.8996138996138996,0.9471544715447154,0.9227722772277228,122,78,39,699,CatBoost_ModelA,4,2023-2024
0.7,0.8773987206823027,0.78539972899729,0.8044114847284298,0.7575757575757576,0.625,0.684931506849315,0.9029754204398448,0.94579945799458,0.9238914626075446,125,75,40,698,CatBoost_ModelA,4,2023-2024
0.71,0.8805970149253731,0.79289972899729,0.8106908084419329,0.7619047619047619,0.64,0.6956521739130435,0.9064935064935065,0.94579945799458,0.9257294429708223,128,72,40,698,CatBoost_ModelA,4,2023-2024
0.72,0.8784648187633263,0.7915447154471544,0.8080973403682568,0.7529411764705882,0.64,0.6918918918918919,0.90625,0.943089430894309,0.9243027888446215,128,72,42,696,CatBoost_ModelA,4,2023-2024
0.73,0.8784648187633263,0.7915447154471544,0.8080973403682568,0.7529411764705882,0.64,0.6918918918918919,0.90625,0.943089430894309,0.9243027888446215,128,72,42,696,CatBoost_ModelA,4,2023-2024
0.74,0.8742004264392325,0.7888346883468835,0.8029650305831084,0.735632183908046,0.64,0.6844919786096256,0.9057591623036649,0.9376693766937669,0.9214380825565912,128,72,46,692,CatBoost_ModelA,4,2023-2024
0.75,0.8773987206823027,0.7981571815718158,0.8098748067815491,0.7374301675977654,0.66,0.6965699208443272,0.9104084321475626,0.9363143631436315,0.9231796927187709,132,68,47,691,CatBoost_ModelA,4,2023-2024
0.76,0.8763326226012793,0.797479674796748,0.8085983675766958,0.7333333333333333,0.66,0.6947368421052632,0.9102902374670184,0.9349593495934959,0.9224598930481284,132,68,48,690,CatBoost_ModelA,4,2023-2024
0.77,0.8763326226012793,0.8011246612466125,0.8100843386952636,0.7282608695652174,0.67,0.6979166666666666,0.9124668435013262,0.9322493224932249,0.9222520107238605,134,66,50,688,CatBoost_ModelA,4,2023-2024
0.78,0.8773987206823027,0.8054471544715447,0.8128046674753533,0.7272727272727273,0.68,0.7028423772609819,0.914780292942743,0.9308943089430894,0.9227669576897246,136,64,51,687,CatBoost_ModelA,4,2023-2024
0.79,0.8742004264392325,0.8088821138211382,0.8111452361452361,0.7091836734693877,0.695,0.702020202020202,0.9177897574123989,0.9227642276422764,0.9202702702702703,139,61,57,681,CatBoost_ModelA,4,2023-2024
0.8,0.8688699360341151,0.8054945799457994,0.8049385012046155,0.6915422885572139,0.695,0.6932668329177057,0.9172320217096337,0.9159891598915989,0.9166101694915254,139,61,62,676,CatBoost_ModelA,4,2023-2024
0.81,0.8656716417910447,0.8071070460704607,0.8026727039589678,0.6778846153846154,0.705,0.6911764705882353,0.9191780821917809,0.9092140921409214,0.9141689373297003,141,59,67,671,CatBoost_ModelA,4,2023-2024
0.82,0.8603411513859275,0.8037195121951219,0.7966333398982819,0.6619718309859155,0.705,0.6828087167070218,0.9186206896551724,0.9024390243902439,0.9104579630895421,141,59,72,666,CatBoost_ModelA,4,2023-2024
0.83,0.8539445628997868,0.8051219512195122,0.7916147079093525,0.64,0.72,0.6776470588235294,0.9214586255259467,0.8902439024390244,0.9055823569951758,144,56,81,657,CatBoost_ModelA,4,2023-2024
0.84,0.8464818763326226,0.8040243902439024,0.784862385321101,0.6186440677966102,0.73,0.6697247706422018,0.9230769230769231,0.8780487804878049,0.9,146,54,90,648,CatBoost_ModelA,4,2023-2024
0.85,0.8347547974413646,0.8020392953929539,0.7744559189226504,0.5889328063241107,0.745,0.6578366445916115,0.9255474452554745,0.8590785907859079,0.8910751932536893,149,51,104,634,CatBoost_ModelA,4,2023-2024
0.86,0.8198294243070362,0.7961991869918699,0.7604521310757002,0.5571955719557196,0.755,0.6411889596602972,0.9265367316341829,0.8373983739837398,0.8797153024911032,151,49,120,618,CatBoost_ModelA,4,2023-2024
0.87,0.8113006396588486,0.7980691056910569,0.7545602511963314,0.5400696864111498,0.775,0.6365503080082136,0.9308755760368663,0.8211382113821138,0.8725701943844493,155,45,132,606,CatBoost_ModelA,4,2023-2024
0.88,0.8017057569296375,0.797439024390244,0.747055446336923,0.5231788079470199,0.79,0.6294820717131474,0.9339622641509434,0.8048780487804879,0.8646288209606987,158,42,144,594,CatBoost_ModelA,4,2023-2024
0.89,0.7953091684434968,0.8043089430894308,0.7445881552076242,0.5125,0.82,0.6307692307692307,0.941747572815534,0.7886178861788617,0.8584070796460177,164,36,156,582,CatBoost_ModelA,4,2023-2024
0.9,0.7771855010660981,0.7964363143631437,0.72856203313326,0.4868035190615836,0.83,0.6136783733826248,0.9430485762144054,0.7628726287262872,0.8434456928838951,166,34,175,563,CatBoost_ModelA,4,2023-2024
0.91,0.7643923240938166,0.7919512195121952,0.7178402113564626,0.47058823529411764,0.84,0.6032315978456014,0.9449225473321858,0.7439024390243902,0.8324488248673237,168,32,189,549,CatBoost_ModelA,4,2023-2024
0.92,0.7302771855010661,0.7775609756097561,0.6892018078403485,0.4332493702770781,0.86,0.576214405360134,0.9482439926062847,0.6951219512195121,0.8021892103205629,172,28,225,513,CatBoost_ModelA,4,2023-2024
0.93,0.6908315565031983,0.757960704607046,0.6561235841423948,0.3977272727272727,0.875,0.546875,0.9497991967871486,0.6409214092140921,0.7653721682847896,175,25,265,473,CatBoost_ModelA,4,2023-2024
0.94,0.6375266524520256,0.7368428184281843,0.6134715327334781,0.3611111111111111,0.91,0.5170454545454546,0.9585253456221198,0.5636856368563685,0.7098976109215017,182,18,322,416,CatBoost_ModelA,4,2023-2024
0.95,0.5490405117270789,0.6915447154471545,0.5389152875634934,0.31385642737896496,0.94,0.47058823529411764,0.9646017699115044,0.44308943089430897,0.6072423398328691,188,12,411,327,CatBoost_ModelA,4,2023-2024
