player,nation,team,league,season,target_season,position,position_group,age,matched_next,starts,minutes,goals,assists,non_penalty_goals,penalty_goals,penalty_attempts,goals_per90,assists_per90,goal_contrib_per90,next_goals,next_10plus,season_start,target_year,row_id,norm_player,norm_current_team,tm_player_id,match_method,match_confidence,first_big5_game_date,cutoff_date,cutoff_source,timeline_status,confirmed_preseason_event_count,preseason_team_transition_count,selected_event_id,destination_team,destination_league,destination_country,unknown_date_context_event_count_audit,post_cutoff_context_event_count_audit,context_mismatch_pre_event_count_audit,timeline_trace,tr_event_id,tr_transfer_date,tr_from_club,tr_to_club,tr_from_league,tr_to_league,tr_from_country,tr_to_country,tr_transfer_fee_eur,tr_transfer_market_value_eur,tr_is_loan,tr_db_date_match_method,tr_db_match_score,transfer_event_preseason,norm_destination_team,changed_team_preseason,destination_in_big5,same_league_transfer,league_changed,country_changed,is_loan_preseason,transfer_date_preseason,days_since_transfer,transfer_fee_eur,transfer_market_value_eur,transfer_fee_known,transfer_fee_positive,log_transfer_fee,fee_to_transfer_market_value_ratio,mv_preseason_value_eur,mv_preseason_valuation_date,mv_preseason_peak_eur,mv_6m_value_eur,mv_6m_valuation_date,mv_6m_peak_eur,mv_12m_value_eur,mv_12m_valuation_date,mv_12m_peak_eur,market_value_preseason_eur,market_value_source,market_value_known,log_market_value,market_value_6m_eur,market_value_12m_eur,market_value_change_6m_eur,market_value_change_12m_eur,market_value_growth_6m,market_value_growth_12m,market_value_peak_to_cutoff_eur,market_value_vs_peak,valuation_age_days,market_value_percentile,market_value_vs_position_median,old_team_stats_name,old_team_rank_pct,old_team_points_per_game,old_team_goal_diff_per_game,new_team_stats_name,new_team_match_score,new_team_second_score,new_team_match_margin,new_team_match_method,new_team_strength_league,new_team_prev_rank_pct,new_team_prev_points_per_game,new_team_prev_goal_diff_per_game,new_team_strength_missing,team_rank_change,team_points_change,team_goal_diff_change,audit_norm_player,audit_norm_team,audit_status,review_priority_score
Rúben Neves,pt POR,Wolves,Premier League,2022-2023,2023-2024,MF,MF,25.0,False,33.0,3019.0,6.0,1.0,3.0,3.0,3.0,0.1788671745611129,0.0298111957601854,0.2086783703212984,0.0,0,2022,2023,22281,ruben neves,wolves,225161.0,exact_normalized_unique,A,2023-08-11,2023-08-10,duckdb_big5_first_game,no_confirmed_pre_cutoff_event,0,0,,Wolves,Premier League,England,0,0,1,,,,,,,,,,,,,,,0,wolves,0,1,0,0,0,0,,,,,0,0,,,40000000.0,2023-06-20,50000000.0,40000000.0,2022-11-03,50000000.0,40000000.0,2022-06-15,50000000.0,40000000.0,historical_valuation,1,17.50439003707821,40000000.0,40000000.0,0.0,0.0,0.0,0.0,50000000.0,0.8,51.0,0.9010238907849828,5.0,Wolves,0.368421052631579,1.0789473684210529,-0.7105263157894737,Wolves,1.0,,,same_team_copy_old,Premier League,0.368421052631579,1.0789473684210529,-0.7105263157894737,0,0.0,0.0,0.0,ruben neves,wolves,STABLE_BIG5_REVIEW,0.9909090909090909
Aleksandar Mitrović,rs SRB,Fulham,Premier League,2018-2019,2019-2020,FW,FW,23.0,False,37.0,3280.0,11.0,3.0,10.0,1.0,1.0,0.3018292682926829,0.0823170731707317,0.3841463414634146,0.0,0,2018,2019,17754,aleksandar mitrovic,fulham,51152.0,exact_normalized_unique,A,2019-08-09,2019-08-08,duckdb_big5_first_game,no_summer_event,0,0,,Fulham,Premier League,England,0,0,0,,,,,,,,,,,,,,,0,fulham,0,1,0,0,0,0,,,,,0,0,,,25000000.0,2019-06-13,25000000.0,25000000.0,2018-12-19,25000000.0,15000000.0,2018-06-06,15000000.0,25000000.0,historical_valuation,1,17.034386422832473,25000000.0,15000000.0,0.0,10000000.0,0.0,0.6666666666666667,25000000.0,1.0,56.0,0.7864238410596026,2.5,Fulham,0.0526315789473684,0.6842105263157895,-1.236842105263158,Fulham,1.0,,,same_team_copy_old,Premier League,0.0526315789473684,0.6842105263157895,-1.236842105263158,0,0.0,0.0,0.0,aleksandar mitrovic,fulham,STABLE_BIG5_REVIEW,0.9901913875598085
Rodri,es ESP,Manchester City,Premier League,2021-2022,2022-2023,MF,MF,25.0,False,33.0,2884.0,7.0,2.0,7.0,0.0,0.0,0.2184466019417475,0.0624133148404993,0.2808599167822468,0.0,0,2021,2022,21316,rodri,manchester city,357565.0,exact_name_age_resolved,B,2022-08-05,2022-08-04,duckdb_big5_first_game,no_summer_event,0,0,,Manchester City,Premier League,England,0,0,0,,,,,,,,,,,,,,,0,manchester city,0,1,0,0,0,0,,,,,0,0,,,80000000.0,2022-06-15,80000000.0,70000000.0,2021-12-23,80000000.0,70000000.0,2021-05-31,80000000.0,80000000.0,historical_valuation,1,18.197537205138158,70000000.0,70000000.0,10000000.0,10000000.0,0.1428571428571428,0.1428571428571428,80000000.0,1.0,50.0,0.9867052023121388,9.411764705882351,Man City,1.0,2.4473684210526314,1.921052631578948,Man City,1.0,,,same_team_copy_old,Premier League,1.0,2.4473684210526314,1.921052631578948,0,0.0,0.0,0.0,rodri,manchester city,STABLE_BIG5_REVIEW,0.9870813397129187
Allan,br BRA,Napoli,Serie A,2017-2018,2018-2019,MF,MF,26.0,False,32.0,2850.0,4.0,5.0,4.0,0.0,0.0,0.1263157894736842,0.1578947368421052,0.2842105263157894,0.0,0,2017,2018,16816,allan,napoli,126422.0,exact_name_age_resolved,B,2018-08-10,2018-08-09,duckdb_big5_first_game,no_summer_event,0,0,,Napoli,Serie A,Italy,0,0,0,,,,,,,,,,,,,,,0,napoli,0,1,0,0,0,0,,,,,0,0,,,33000000.0,2018-06-07,33000000.0,20000000.0,2017-12-29,20000000.0,16000000.0,2017-06-08,17000000.0,33000000.0,historical_valuation,1,17.312018149733785,20000000.0,16000000.0,13000000.0,17000000.0,0.6499999999999999,1.0625,33000000.0,1.0,63.0,0.8896247240618101,5.5,Napoli,0.9473684210526316,2.394736842105264,1.263157894736842,Napoli,1.0,,,same_team_copy_old,Serie A,0.9473684210526316,2.394736842105264,1.263157894736842,0,0.0,0.0,0.0,allan,napoli,STABLE_BIG5_REVIEW,0.9811004784688995
Joe Allen,wls WAL,Stoke City,Premier League,2017-2018,2018-2019,MF,MF,27.0,False,36.0,3139.0,2.0,6.0,2.0,0.0,0.0,0.0573431028990124,0.1720293086970372,0.2293724115960497,0.0,0,2017,2018,17197,joe allen,stoke city,51452.0,exact_normalized_unique,A,2018-08-10,2018-08-09,duckdb_big5_first_game,no_summer_event,0,0,,Stoke City,Premier League,England,0,0,0,,,,,,,,,,,,,,,0,stoke city,0,1,0,0,0,0,,,,,0,0,,,18000000.0,2018-05-28,18000000.0,18000000.0,2018-01-02,18000000.0,15000000.0,2017-06-28,15000000.0,18000000.0,historical_valuation,1,16.705882371415992,18000000.0,15000000.0,0.0,3000000.0,0.0,0.1999999999999999,18000000.0,1.0,73.0,0.7632450331125827,3.0,Stoke,0.0526315789473684,0.868421052631579,-0.868421052631579,Stoke,1.0,,,same_team_copy_old,Premier League,0.0526315789473684,0.868421052631579,-0.868421052631579,0,0.0,0.0,0.0,joe allen,stoke city,STABLE_BIG5_REVIEW,0.9758373205741626
Jefferson Lerma,co COL,Bournemouth,Premier League,2019-2020,2020-2021,MF,MF,24.0,False,31.0,2703.0,1.0,2.0,1.0,0.0,0.0,0.0332963374028856,0.0665926748057713,0.099889012208657,0.0,0,2019,2020,19074,jefferson lerma,bournemouth,262980.0,exact_normalized_unique,A,2020-08-21,2020-08-20,duckdb_big5_first_game,no_summer_event,0,0,,Bournemouth,Premier League,England,0,0,0,,,,,,,,,,,,,,,0,bournemouth,0,1,0,0,0,0,,,,,0,0,,,20000000.0,2020-04-08,25000000.0,25000000.0,2019-12-10,25000000.0,25000000.0,2019-06-13,25000000.0,20000000.0,historical_valuation,1,16.811242881518265,25000000.0,25000000.0,-5000000.0,-5000000.0,-0.1999999999999999,-0.1999999999999999,25000000.0,0.8,134.0,0.7395833333333334,2.6666666666666665,Bournemouth,0.1052631578947368,0.8947368421052632,-0.6578947368421053,Bournemouth,1.0,,,same_team_copy_old,Premier League,0.1052631578947368,0.8947368421052632,-0.6578947368421053,0,0.0,0.0,0.0,jefferson lerma,bournemouth,STABLE_BIG5_REVIEW,0.9622009569377992
Rodrigo,es ESP,Valencia,La Liga,2018-2019,2019-2020,FW,FW,27.0,False,29.0,2528.0,8.0,6.0,8.0,0.0,1.0,0.2848101265822785,0.2136075949367088,0.4984177215189873,0.0,0,2018,2019,18513,rodrigo,valencia,131505.0,exact_normalized_unique,A,2019-08-09,2019-08-08,duckdb_big5_first_game,no_summer_event,0,0,,Valencia,La Liga,Spain,0,0,0,,,,,,,,,,,,,,,0,valencia,0,1,0,0,0,0,,,,,0,0,,,50000000.0,2019-06-11,50000000.0,30000000.0,2018-12-21,50000000.0,50000000.0,2018-07-15,50000000.0,50000000.0,historical_valuation,1,17.72753358339242,30000000.0,50000000.0,20000000.0,0.0,0.6666666666666667,0.0,50000000.0,1.0,58.0,0.9238410596026492,5.0,Valencia,0.8421052631578947,1.605263157894737,0.4210526315789473,Valencia,1.0,,,same_team_copy_old,La Liga,0.8421052631578947,1.605263157894737,0.4210526315789473,0,0.0,0.0,0.0,rodrigo,valencia,STABLE_BIG5_REVIEW,0.9601674641148326
Gustavo Hamer,NED,Sheffield Utd,Premier League,2023-2024,2024-2025,MF,MF,26.0,False,34.0,2910.0,4.0,6.0,4.0,0.0,0.0,0.1237113402061855,0.1855670103092783,0.3092783505154639,0.0,0,2023,2024,22753,gustavo hamer,sheffield utd,322985.0,exact_normalized_unique,A,2024-08-15,2024-08-14,duckdb_big5_first_game,no_summer_event,0,0,,Sheffield Utd,Premier League,England,0,0,0,,,,,,,,,,,,,,,0,sheffield utd,0,1,0,0,0,0,,,,,0,0,,,15000000.0,2024-05-27,16000000.0,16000000.0,2023-12-19,16000000.0,8000000.0,2023-06-01,8000000.0,15000000.0,historical_valuation,1,16.52356082573315,16000000.0,8000000.0,-1000000.0,7000000.0,-0.0625,0.875,16000000.0,0.9375,79.0,0.6334106728538283,1.875,Sheffield United,0.0,0.4210526315789473,-1.8157894736842104,Sheffield United,1.0,,,same_team_copy_old,Premier League,0.0,0.4210526315789473,-1.8157894736842104,0,0.0,0.0,0.0,gustavo hamer,sheffield utd,STABLE_BIG5_REVIEW,0.9593301435406698
Houssem Aouar,fr FRA,Lyon,Ligue 1,2021-2022,2022-2023,"MF,FW",FW,23.0,False,29.0,2504.0,6.0,4.0,6.0,0.0,0.0,0.2156549520766773,0.1437699680511182,0.3594249201277955,0.0,0,2021,2022,20882,houssem aouar,lyon,395693.0,exact_normalized_unique,A,2022-08-05,2022-08-04,duckdb_big5_first_game,no_summer_event,0,0,,Lyon,Ligue 1,France,0,0,0,,,,,,,,,,,,,,,0,lyon,0,1,0,0,0,0,,,,,0,0,,,25000000.0,2022-05-30,55000000.0,32000000.0,2021-12-16,55000000.0,42000000.0,2021-06-04,55000000.0,25000000.0,historical_valuation,1,17.034386422832473,32000000.0,42000000.0,-7000000.0,-17000000.0,-0.21875,-0.4047619047619047,55000000.0,0.4545454545454545,66.0,0.8196531791907514,2.1739130434782608,Lyon,0.6842105263157895,1.631578947368421,0.3947368421052631,Lyon,1.0,,,same_team_copy_old,Ligue 1,0.6842105263157895,1.631578947368421,0.3947368421052631,0,0.0,0.0,0.0,houssem aouar,lyon,STABLE_BIG5_REVIEW,0.95
Carlton Morris,ENG,Luton Town,Premier League,2023-2024,2024-2025,"FW,MF",FW,27.0,False,32.0,2862.0,11.0,4.0,6.0,5.0,5.0,0.3459119496855345,0.1257861635220125,0.4716981132075472,0.0,0,2023,2024,22580,carlton morris,luton town,246963.0,exact_normalized_unique,A,2024-08-15,2024-08-14,duckdb_big5_first_game,no_summer_event,0,0,,Luton Town,Premier League,England,0,0,0,,,,,,,,,,,,,,,0,luton town,0,1,0,0,0,0,,,,,0,0,,,13000000.0,2024-05-27,13000000.0,13000000.0,2023-12-19,13000000.0,6000000.0,2023-06-01,6000000.0,13000000.0,historical_valuation,1,16.380459992348886,13000000.0,6000000.0,0.0,7000000.0,0.0,1.1666666666666663,13000000.0,1.0,79.0,0.6020881670533643,1.0833333333333333,Luton,0.1052631578947368,0.6842105263157895,-0.868421052631579,Luton,1.0,,,same_team_copy_old,Premier League,0.1052631578947368,0.6842105263157895,-0.868421052631579,0,0.0,0.0,0.0,carlton morris,luton town,STABLE_BIG5_REVIEW,0.9488038277511962
Jay Rodriguez,eng ENG,West Brom,Premier League,2017-2018,2018-2019,"FW,MF",FW,28.0,False,31.0,2812.0,7.0,1.0,6.0,1.0,1.0,0.2240398293029872,0.0320056899004267,0.2560455192034139,0.0,0,2017,2018,17174,jay rodriguez,west brom,53360.0,exact_normalized_unique,A,2018-08-10,2018-08-09,duckdb_big5_first_game,no_summer_event,0,0,,West Brom,Premier League,England,0,0,0,,,,,,,,,,,,,,,0,west brom,0,1,0,0,0,0,,,,,0,0,,,12000000.0,2018-05-28,13000000.0,10000000.0,2018-01-02,13000000.0,10000000.0,2017-06-28,13000000.0,12000000.0,historical_valuation,1,16.300417291085605,10000000.0,10000000.0,2000000.0,2000000.0,0.1999999999999999,0.1999999999999999,13000000.0,0.9230769230769232,73.0,0.6721854304635762,1.6,West Brom,0.0,0.8157894736842105,-0.6578947368421053,West Brom,1.0,,,same_team_copy_old,Premier League,0.0,0.8157894736842105,-0.6578947368421053,0,0.0,0.0,0.0,jay rodriguez,west brom,STABLE_BIG5_REVIEW,0.9400717703349282
Todd Cantwell,eng ENG,Norwich City,Premier League,2019-2020,2020-2021,"FW,MF",FW,21.0,False,30.0,2489.0,6.0,2.0,6.0,0.0,0.0,0.2169546002410606,0.0723182000803535,0.2892728003214142,0.0,0,2019,2020,19529,todd cantwell,norwich city,332341.0,exact_normalized_unique,A,2020-08-21,2020-08-20,duckdb_big5_first_game,no_summer_event,0,0,,Norwich City,Premier League,England,0,0,0,,,,,,,,,,,,,,,0,norwich city,0,1,0,0,0,0,,,,,0,0,,,20000000.0,2020-04-08,22000000.0,15000000.0,2019-12-10,15000000.0,1000000.0,2019-06-28,1000000.0,20000000.0,historical_valuation,1,16.811242881518265,15000000.0,1000000.0,5000000.0,19000000.0,0.3333333333333332,19.0,22000000.0,0.9090909090909092,134.0,0.7395833333333334,1.818181818181818,Norwich,0.0,0.5526315789473685,-1.2894736842105263,Norwich,1.0,,,same_team_copy_old,Premier League,0.0,0.5526315789473685,-1.2894736842105263,0,0.0,0.0,0.0,todd cantwell,norwich city,STABLE_BIG5_REVIEW,0.939712918660287
Salomón Rondón,ve VEN,Newcastle Utd,Premier League,2018-2019,2019-2020,FW,FW,28.0,False,30.0,2603.0,11.0,7.0,11.0,0.0,0.0,0.3803303880138302,0.2420284287360737,0.6223588167499039,0.0,0,2018,2019,18545,salomon rondon,newcastle utd,80197.0,exact_normalized_unique,A,2019-08-09,2019-08-08,duckdb_big5_first_game,no_summer_event,0,0,,Newcastle Utd,Premier League,England,0,0,0,,,,,,,,,,,,,,,0,newcastle utd,0,1,0,0,0,0,,,,,0,0,,,15000000.0,2019-06-28,17000000.0,15000000.0,2018-12-19,17000000.0,13000000.0,2018-05-28,17000000.0,15000000.0,historical_valuation,1,16.52356082573315,15000000.0,13000000.0,0.0,2000000.0,0.0,0.1538461538461537,17000000.0,0.8823529411764706,41.0,0.6462472406181016,1.5,Newcastle,0.368421052631579,1.1842105263157894,-0.1578947368421052,Newcastle,1.0,,,same_team_copy_old,Premier League,0.368421052631579,1.1842105263157894,-0.1578947368421052,0,0.0,0.0,0.0,salomon rondon,newcastle utd,STABLE_BIG5_REVIEW,0.9382775119617225
Matheus Pereira,pt POR,West Brom,Premier League,2020-2021,2021-2022,"MF,FW",FW,24.0,False,30.0,2577.0,11.0,6.0,7.0,4.0,4.0,0.3841676367869616,0.209545983701979,0.5937136204889406,0.0,0,2020,2021,20186,matheus pereira,west brom,225984.0,exact_name_age_resolved,B,2021-08-06,2021-08-05,duckdb_big5_first_game,no_summer_event,0,0,,West Brom,Premier League,England,0,0,0,,,,,,,,,,,,,,,0,west brom,0,1,0,0,0,0,,,,,0,0,,,15000000.0,2021-06-08,15000000.0,13000000.0,2020-10-13,13000000.0,9500000.0,2020-04-08,12000000.0,15000000.0,historical_valuation,1,16.52356082573315,13000000.0,9500000.0,2000000.0,5500000.0,0.1538461538461537,0.5789473684210527,15000000.0,1.0,58.0,0.641914191419142,1.5,West Brom,0.0526315789473684,0.6842105263157895,-1.0789473684210529,West Brom,1.0,,,same_team_copy_old,Premier League,0.0526315789473684,0.6842105263157895,-1.0789473684210529,0,0.0,0.0,0.0,matheus pereira,west brom,STABLE_BIG5_REVIEW,0.9373205741626794
Armand Lauriente,FRA,Sassuolo,Serie A,2023-2024,2024-2025,FW,FW,24.0,False,35.0,2908.0,5.0,4.0,5.0,0.0,0.0,0.15474552957359,0.123796423658872,0.2785419532324621,0.0,0,2023,2024,22520,armand lauriente,sassuolo,579930.0,exact_normalized_unique,A,2024-08-15,2024-08-14,duckdb_big5_first_game,no_summer_event,0,0,,Sassuolo,Serie A,Italy,0,0,0,,,,,,,,,,,,,,,0,sassuolo,0,1,0,0,0,0,,,,,0,0,,,10000000.0,2024-06-05,18000000.0,16000000.0,2023-12-20,18000000.0,18000000.0,2023-06-15,18000000.0,10000000.0,historical_valuation,1,16.118095750958314,16000000.0,18000000.0,-6000000.0,-8000000.0,-0.375,-0.4444444444444444,18000000.0,0.5555555555555556,70.0,0.5174013921113689,0.8333333333333334,Sassuolo,0.0526315789473684,0.7894736842105263,-0.8421052631578947,Sassuolo,1.0,,,same_team_copy_old,Serie A,0.0526315789473684,0.7894736842105263,-0.8421052631578947,0,0.0,0.0,0.0,armand lauriente,sassuolo,STABLE_BIG5_REVIEW,0.9345693779904305
Sergi Darder,es ESP,Espanyol,La Liga,2019-2020,2020-2021,MF,MF,25.0,False,29.0,2658.0,2.0,1.0,2.0,0.0,0.0,0.0677200902934537,0.0338600451467268,0.1015801354401805,0.0,0,2019,2020,19479,sergi darder,espanyol,142021.0,exact_normalized_unique,A,2020-08-21,2020-08-20,duckdb_big5_first_game,no_summer_event,0,0,,Espanyol,La Liga,Spain,0,0,0,,,,,,,,,,,,,,,0,espanyol,0,1,0,0,0,0,,,,,0,0,,,11000000.0,2020-04-08,14000000.0,14000000.0,2019-12-20,14000000.0,14000000.0,2019-06-11,14000000.0,11000000.0,historical_valuation,1,16.213405921671733,14000000.0,14000000.0,-3000000.0,-3000000.0,-0.2142857142857143,-0.2142857142857143,14000000.0,0.7857142857142857,134.0,0.5503472222222222,1.4666666666666666,Espanol,0.0,0.6578947368421053,-0.8157894736842105,Espanol,1.0,,,same_team_copy_old,La Liga,0.0,0.6578947368421053,-0.8157894736842105,0,0.0,0.0,0.0,sergi darder,espanyol,STABLE_BIG5_REVIEW,0.9276315789473685
Philip Billing,dk DEN,Bournemouth,Premier League,2019-2020,2020-2021,MF,MF,23.0,False,29.0,2530.0,1.0,1.0,1.0,0.0,0.0,0.0355731225296442,0.0355731225296442,0.0711462450592885,0.0,0,2019,2020,19381,philip billing,bournemouth,320411.0,exact_normalized_unique,A,2020-08-21,2020-08-20,duckdb_big5_first_game,no_summer_event,0,0,,Bournemouth,Premier League,England,0,0,0,,,,,,,,,,,,,,,0,bournemouth,0,1,0,0,0,0,,,,,0,0,,,14500000.0,2020-04-08,18000000.0,18000000.0,2019-12-10,18000000.0,7000000.0,2019-06-13,7000000.0,14500000.0,historical_valuation,1,16.489659276356317,18000000.0,7000000.0,-3500000.0,7500000.0,-0.1944444444444444,1.0714285714285716,18000000.0,0.8055555555555556,134.0,0.6284722222222222,1.9333333333333331,Bournemouth,0.1052631578947368,0.8947368421052632,-0.6578947368421053,Bournemouth,1.0,,,same_team_copy_old,Premier League,0.1052631578947368,0.8947368421052632,-0.6578947368421053,0,0.0,0.0,0.0,philip billing,bournemouth,STABLE_BIG5_REVIEW,0.9269138755980861
Kiernan Dewsbury-Hall,eng ENG,Leicester City,Premier League,2022-2023,2023-2024,MF,MF,23.0,False,28.0,2306.0,2.0,2.0,2.0,0.0,0.0,0.0780572419774501,0.0780572419774501,0.1561144839549002,0.0,0,2022,2023,21981,kiernan dewsbury hall,leicester city,475188.0,exact_normalized_unique,A,2023-08-11,2023-08-10,duckdb_big5_first_game,no_summer_event,0,0,,Leicester City,Premier League,England,0,0,0,,,,,,,,,,,,,,,0,leicester city,0,1,0,0,0,0,,,,,0,0,,,25000000.0,2023-06-20,25000000.0,20000000.0,2022-11-03,20000000.0,8000000.0,2022-06-15,8000000.0,25000000.0,historical_valuation,1,17.034386422832473,20000000.0,8000000.0,5000000.0,17000000.0,0.25,2.125,25000000.0,1.0,51.0,0.7906712172923777,3.125,Leicester,0.1052631578947368,0.8947368421052632,-0.4473684210526316,Leicester,1.0,,,same_team_copy_old,Premier League,0.1052631578947368,0.8947368421052632,-0.4473684210526316,0,0.0,0.0,0.0,kiernan dewsbury hall,leicester city,STABLE_BIG5_REVIEW,0.9236842105263158
Zinedine Ferhat,dz ALG,Nîmes,Ligue 1,2020-2021,2021-2022,"FW,MF",FW,27.0,False,33.0,2957.0,6.0,10.0,5.0,1.0,1.0,0.1826175177544808,0.3043625295908014,0.4869800473452824,0.0,0,2020,2021,20556,zinedine ferhat,nimes,232895.0,exact_normalized_unique,A,2021-08-06,2021-08-05,duckdb_big5_first_game,no_summer_event,0,0,,Nîmes,Ligue 1,France,0,0,0,,,,,,,,,,,,,,,0,nimes,0,1,0,0,0,0,,,,,0,0,,,8000000.0,2021-06-04,8000000.0,7000000.0,2021-01-07,7000000.0,2800000.0,2020-04-08,3500000.0,8000000.0,historical_valuation,1,15.894952224644102,7000000.0,2800000.0,1000000.0,5200000.0,0.1428571428571428,1.8571428571428568,8000000.0,1.0,62.0,0.4719471947194719,0.8,Nimes,0.0526315789473684,0.9210526315789472,-0.8157894736842105,Nimes,1.0,,,same_team_copy_old,Ligue 1,0.0526315789473684,0.9210526315789472,-0.8157894736842105,0,0.0,0.0,0.0,zinedine ferhat,nimes,STABLE_BIG5_REVIEW,0.9161483253588516
Steven Nzonzi,fr FRA,Rennes,Ligue 1,2020-2021,2021-2022,MF,MF,31.0,False,33.0,2908.0,1.0,1.0,1.0,0.0,0.0,0.030949105914718,0.030949105914718,0.061898211829436,0.0,0,2020,2021,20464,steven nzonzi,rennes,73734.0,exact_normalized_unique,A,2021-08-06,2021-08-05,duckdb_big5_first_game,no_confirmed_pre_cutoff_event,0,0,,Rennes,Ligue 1,France,0,0,1,,,,,,,,,,,,,,,0,rennes,0,1,0,0,0,0,,,,,0,0,,,8000000.0,2021-06-04,30000000.0,10000000.0,2021-01-07,30000000.0,11000000.0,2020-04-08,30000000.0,8000000.0,historical_valuation,1,15.894952224644102,10000000.0,11000000.0,-2000000.0,-3000000.0,-0.1999999999999999,-0.2727272727272727,30000000.0,0.2666666666666666,62.0,0.4719471947194719,1.0,Rennes,0.736842105263158,1.5263157894736843,0.3157894736842105,Rennes,1.0,,,same_team_copy_old,Ligue 1,0.736842105263158,1.5263157894736843,0.3157894736842105,0,0.0,0.0,0.0,steven nzonzi,rennes,STABLE_BIG5_REVIEW,0.9130382775119616
Jake Livermore,eng ENG,West Brom,Premier League,2017-2018,2018-2019,MF,MF,27.0,False,30.0,2674.0,2.0,2.0,2.0,0.0,0.0,0.0673148840688107,0.0673148840688107,0.1346297681376215,0.0,0,2017,2018,17153,jake livermore,west brom,61832.0,exact_normalized_unique,A,2018-08-10,2018-08-09,duckdb_big5_first_game,no_summer_event,0,0,,West Brom,Premier League,England,0,0,0,,,,,,,,,,,,,,,0,west brom,0,1,0,0,0,0,,,,,0,0,,,9000000.0,2018-05-28,9000000.0,9000000.0,2018-01-02,9000000.0,7000000.0,2017-06-28,7000000.0,9000000.0,historical_valuation,1,16.012735246411598,9000000.0,7000000.0,0.0,2000000.0,0.0,0.2857142857142858,9000000.0,1.0,73.0,0.5894039735099338,1.5,West Brom,0.0,0.8157894736842105,-0.6578947368421053,West Brom,1.0,,,same_team_copy_old,Premier League,0.0,0.8157894736842105,-0.6578947368421053,0,0.0,0.0,0.0,jake livermore,west brom,STABLE_BIG5_REVIEW,0.9118421052631579
Teemu Pukki,fi FIN,Norwich City,Premier League,2019-2020,2020-2021,FW,FW,29.0,False,33.0,2886.0,11.0,3.0,9.0,2.0,2.0,0.343035343035343,0.0935550935550935,0.4365904365904365,0.0,0,2019,2020,19513,teemu pukki,norwich city,46972.0,exact_normalized_unique,A,2020-08-21,2020-08-20,duckdb_big5_first_game,no_summer_event,0,0,,Norwich City,Premier League,England,0,0,0,,,,,,,,,,,,,,,0,norwich city,0,1,0,0,0,0,,,,,0,0,,,8000000.0,2020-04-08,10000000.0,10000000.0,2019-12-10,10000000.0,6000000.0,2019-06-28,6000000.0,8000000.0,historical_valuation,1,15.894952224644102,10000000.0,6000000.0,-2000000.0,2000000.0,-0.1999999999999999,0.3333333333333332,10000000.0,0.8,134.0,0.458912037037037,0.7272727272727273,Norwich,0.0,0.5526315789473685,-1.2894736842105263,Norwich,1.0,,,same_team_copy_old,Premier League,0.0,0.5526315789473685,-1.2894736842105263,0,0.0,0.0,0.0,teemu pukki,norwich city,STABLE_BIG5_REVIEW,0.9118421052631579
Ethan Ampadu,wls WAL,Spezia,Serie A,2022-2023,2023-2024,"DF,MF",MF,21.0,False,31.0,2639.0,0.0,1.0,0.0,0.0,0.0,0.0,0.0341038272072754,0.0341038272072754,0.0,0,2022,2023,21749,ethan ampadu,spezia,392771.0,exact_normalized_unique,A,2023-08-11,2023-08-10,duckdb_big5_first_game,no_confirmed_pre_cutoff_event,0,0,,Spezia,Serie A,Italy,0,0,1,,,,,,,,,,,,,,,0,spezia,0,1,0,0,0,0,,,,,0,0,,,9000000.0,2023-06-15,15000000.0,9000000.0,2022-11-11,15000000.0,13000000.0,2022-06-07,15000000.0,9000000.0,historical_valuation,1,16.012735246411598,9000000.0,13000000.0,0.0,-4000000.0,0.0,-0.3076923076923077,15000000.0,0.6,56.0,0.4835039817974971,1.125,Spezia,0.1052631578947368,0.8157894736842105,-0.8157894736842105,Spezia,1.0,,,same_team_copy_old,Serie A,0.1052631578947368,0.8157894736842105,-0.8157894736842105,0,0.0,0.0,0.0,ethan ampadu,spezia,STABLE_BIG5_REVIEW,0.9089712918660287
Álvaro Negredo,es ESP,Middlesbrough,Premier League,2016-2017,2017-2018,FW,FW,30.0,False,33.0,2870.0,9.0,5.0,7.0,2.0,2.0,0.2822299651567944,0.156794425087108,0.4390243902439024,0.0,0,2016,2017,15843,alvaro negredo,middlesbrough,18644.0,exact_normalized_unique,A,2017-08-04,2017-08-03,duckdb_big5_first_game,no_confirmed_pre_cutoff_event,0,0,,Middlesbrough,Premier League,England,0,0,0,,,,,,,,,,,,,,,0,middlesbrough,0,1,0,0,0,0,,,,,0,0,,,7500000.0,2017-06-28,27000000.0,7500000.0,2016-07-15,27000000.0,7500000.0,2016-07-15,27000000.0,7500000.0,historical_valuation,1,15.830413711839864,7500000.0,7500000.0,0.0,0.0,0.0,0.0,27000000.0,0.2777777777777778,36.0,0.6094080338266384,1.0714285714285714,Middlesbrough,0.0526315789473684,0.7368421052631579,-0.6842105263157895,Middlesbrough,1.0,,,same_team_copy_old,Premier League,0.0526315789473684,0.7368421052631579,-0.6842105263157895,0,0.0,0.0,0.0,alvaro negredo,middlesbrough,STABLE_BIG5_REVIEW,0.9037081339712919
Josh Brownhill,eng ENG,Burnley,Premier League,2021-2022,2022-2023,MF,MF,25.0,False,32.0,2955.0,2.0,3.0,2.0,0.0,0.0,0.0609137055837563,0.0913705583756345,0.1522842639593908,0.0,0,2021,2022,20994,josh brownhill,burnley,293569.0,exact_normalized_unique,A,2022-08-05,2022-08-04,duckdb_big5_first_game,no_summer_event,0,0,,Burnley,Premier League,England,0,0,0,,,,,,,,,,,,,,,0,burnley,0,1,0,0,0,0,,,,,0,0,,,7000000.0,2022-06-15,7000000.0,7000000.0,2021-12-23,7000000.0,7000000.0,2021-06-08,7000000.0,7000000.0,historical_valuation,1,15.76142084987672,7000000.0,7000000.0,0.0,0.0,0.0,0.0,7000000.0,1.0,50.0,0.4092485549132948,0.8235294117647058,Burnley,0.1052631578947368,0.9210526315789472,-0.5,Burnley,1.0,,,same_team_copy_old,Premier League,0.1052631578947368,0.9210526315789472,-0.5,0,0.0,0.0,0.0,josh brownhill,burnley,STABLE_BIG5_REVIEW,0.900598086124402
Josh Brownhill,ENG,Burnley,Premier League,2023-2024,2024-2025,MF,MF,27.0,False,23.0,2252.0,4.0,2.0,4.0,0.0,0.0,0.1598579040852575,0.0799289520426287,0.2397868561278863,0.0,0,2023,2024,22864,josh brownhill,burnley,293569.0,exact_normalized_unique,A,2024-08-15,2024-08-14,duckdb_big5_first_game,no_summer_event,0,0,,Burnley,Premier League,England,0,0,0,,,,,,,,,,,,,,,0,burnley,0,1,0,0,0,0,,,,,0,0,,,15000000.0,2024-05-27,18000000.0,18000000.0,2023-12-19,18000000.0,18000000.0,2023-06-01,18000000.0,15000000.0,historical_valuation,1,16.52356082573315,18000000.0,18000000.0,-3000000.0,-3000000.0,-0.1666666666666666,-0.1666666666666666,18000000.0,0.8333333333333334,79.0,0.6334106728538283,1.875,Burnley,0.0526315789473684,0.631578947368421,-0.9736842105263158,Burnley,1.0,,,same_team_copy_old,Premier League,0.0526315789473684,0.631578947368421,-0.9736842105263158,0,0.0,0.0,0.0,josh brownhill,burnley,STABLE_BIG5_REVIEW,0.8933014354066986
Matheus Henrique,BRA,Sassuolo,Serie A,2023-2024,2024-2025,MF,MF,25.0,False,27.0,2501.0,2.0,2.0,2.0,0.0,0.0,0.0719712115153938,0.0719712115153938,0.1439424230307877,0.0,0,2023,2024,23013,matheus henrique,sassuolo,552549.0,exact_normalized_unique,A,2024-08-15,2024-08-14,duckdb_big5_first_game,no_summer_event,0,0,,Sassuolo,Serie A,Italy,0,0,0,,,,,,,,,,,,,,,0,sassuolo,0,1,0,0,0,0,,,,,0,0,,,8500000.0,2024-06-05,22000000.0,12000000.0,2023-12-20,22000000.0,10000000.0,2023-06-15,22000000.0,8500000.0,historical_valuation,1,15.955576839107596,12000000.0,10000000.0,-3500000.0,-1500000.0,-0.2916666666666666,-0.15,22000000.0,0.3863636363636363,70.0,0.4640371229698375,1.0625,Sassuolo,0.0526315789473684,0.7894736842105263,-0.8421052631578947,Sassuolo,1.0,,,same_team_copy_old,Serie A,0.0526315789473684,0.7894736842105263,-0.8421052631578947,0,0.0,0.0,0.0,matheus henrique,sassuolo,STABLE_BIG5_REVIEW,0.8892344497607655
Will Hughes,eng ENG,Watford,Premier League,2019-2020,2020-2021,MF,MF,24.0,False,27.0,2252.0,1.0,1.0,1.0,0.0,0.0,0.0399644760213143,0.0399644760213143,0.0799289520426287,0.0,0,2019,2020,19569,will hughes,watford,207014.0,exact_normalized_unique,A,2020-08-21,2020-08-20,duckdb_big5_first_game,no_summer_event,0,0,,Watford,Premier League,England,0,0,0,,,,,,,,,,,,,,,0,watford,0,1,0,0,0,0,,,,,0,0,,,14500000.0,2020-04-08,18000000.0,18000000.0,2019-12-10,18000000.0,18000000.0,2019-06-13,18000000.0,14500000.0,historical_valuation,1,16.489659276356317,18000000.0,18000000.0,-3500000.0,-3500000.0,-0.1944444444444444,-0.1944444444444444,18000000.0,0.8055555555555556,134.0,0.6284722222222222,1.9333333333333331,Watford,0.0526315789473684,0.8947368421052632,-0.7368421052631579,Watford,1.0,,,same_team_copy_old,Premier League,0.0526315789473684,0.8947368421052632,-0.7368421052631579,0,0.0,0.0,0.0,will hughes,watford,STABLE_BIG5_REVIEW,0.8886363636363637
Cristhian Stuani,uy URU,Girona,La Liga,2018-2019,2019-2020,FW,FW,31.0,False,30.0,2729.0,19.0,0.0,14.0,5.0,5.0,0.6266031513374862,0.0,0.6266031513374862,0.0,0,2018,2019,17893,cristhian stuani,girona,59323.0,exact_normalized_unique,A,2019-08-09,2019-08-08,duckdb_big5_first_game,no_summer_event,0,0,,Girona,La Liga,Spain,0,0,0,,,,,,,,,,,,,,,0,girona,0,1,0,0,0,0,,,,,0,0,,,7000000.0,2019-06-11,10000000.0,10000000.0,2018-12-21,10000000.0,7500000.0,2018-05-30,7500000.0,7000000.0,historical_valuation,1,15.76142084987672,10000000.0,7500000.0,-3000000.0,-500000.0,-0.3,-0.0666666666666666,10000000.0,0.7,58.0,0.4094922737306843,0.7,Girona,0.1052631578947368,0.9736842105263158,-0.4210526315789473,Girona,1.0,,,same_team_copy_old,La Liga,0.1052631578947368,0.9736842105263158,-0.4210526315789473,0,0.0,0.0,0.0,cristhian stuani,girona,STABLE_BIG5_REVIEW,0.888157894736842
Robert Snodgrass,sct SCO,Hull City,Premier League,2016-2017,2017-2018,"FW,MF",FW,28.0,False,27.0,2548.0,7.0,4.0,5.0,2.0,2.0,0.2472527472527472,0.141287284144427,0.3885400313971742,0.0,0,2016,2017,16583,robert snodgrass,hull city,22614.0,exact_normalized_unique,A,2017-08-04,2017-08-03,duckdb_big5_first_game,no_confirmed_pre_cutoff_event,0,0,,Hull City,Premier League,England,0,0,0,,,,,,,,,,,,,,,0,hull city,0,1,0,0,0,0,,,,,0,0,,,8000000.0,2017-06-28,8000000.0,5000000.0,2016-08-01,7000000.0,5000000.0,2016-08-01,7000000.0,8000000.0,historical_valuation,1,15.894952224644102,5000000.0,5000000.0,3000000.0,3000000.0,0.6000000000000001,0.6000000000000001,8000000.0,1.0,36.0,0.638477801268499,1.1428571428571428,Hull,0.1052631578947368,0.8947368421052632,-1.131578947368421,Hull,1.0,,,same_team_copy_old,Premier League,0.1052631578947368,0.8947368421052632,-1.131578947368421,0,0.0,0.0,0.0,robert snodgrass,hull city,STABLE_BIG5_REVIEW,0.8874401913875598
Gylfi Sigurðsson,is ISL,Everton,Premier League,2020-2021,2021-2022,"MF,FW",FW,30.0,False,24.0,2253.0,6.0,5.0,3.0,3.0,4.0,0.2396804260985353,0.1997336884154461,0.4394141145139814,0.0,0,2020,2021,19913,gylfi sigurdsson,everton,90466.0,exact_normalized_unique,A,2021-08-06,2021-08-05,duckdb_big5_first_game,no_summer_event,0,0,,Everton,Premier League,England,0,0,0,,,,,,,,,,,,,,,0,everton,0,1,0,0,0,0,,,,,0,0,,,13000000.0,2021-06-08,35000000.0,18000000.0,2020-10-13,35000000.0,18000000.0,2020-07-30,35000000.0,13000000.0,historical_valuation,1,16.380459992348886,18000000.0,18000000.0,-5000000.0,-5000000.0,-0.2777777777777778,-0.2777777777777778,35000000.0,0.3714285714285714,58.0,0.6023102310231023,1.3,Everton,0.5263157894736843,1.5526315789473684,-0.0263157894736842,Everton,1.0,,,same_team_copy_old,Premier League,0.5263157894736843,1.5526315789473684,-0.0263157894736842,0,0.0,0.0,0.0,gylfi sigursson,everton,STABLE_BIG5_REVIEW,0.8870813397129187
Tom Cairney,sct SCO,Fulham,Premier League,2018-2019,2019-2020,"MF,FW",FW,27.0,False,24.0,2194.0,1.0,1.0,1.0,0.0,0.0,0.0410209662716499,0.0410209662716499,0.0820419325432999,0.0,0,2018,2019,18622,tom cairney,fulham,123275.0,exact_normalized_unique,A,2019-08-09,2019-08-08,duckdb_big5_first_game,no_summer_event,0,0,,Fulham,Premier League,England,0,0,0,,,,,,,,,,,,,,,0,fulham,0,1,0,0,0,0,,,,,0,0,,,15000000.0,2019-06-13,18000000.0,15000000.0,2018-12-19,18000000.0,15000000.0,2018-02-27,15000000.0,15000000.0,historical_valuation,1,16.52356082573315,15000000.0,15000000.0,0.0,0.0,0.0,0.0,18000000.0,0.8333333333333334,56.0,0.6462472406181016,1.5,Fulham,0.0526315789473684,0.6842105263157895,-1.236842105263158,Fulham,1.0,,,same_team_copy_old,Premier League,0.0526315789473684,0.6842105263157895,-1.236842105263158,0,0.0,0.0,0.0,tom cairney,fulham,STABLE_BIG5_REVIEW,0.8839712918660287
Borja García,es ESP,Girona,La Liga,2018-2019,2019-2020,"MF,FW",FW,27.0,False,30.0,2629.0,1.0,3.0,1.0,0.0,0.0,0.0342335488779003,0.102700646633701,0.1369341955116013,0.0,0,2018,2019,17852,borja garcia,girona,67808.0,exact_normalized_unique,A,2019-08-09,2019-08-08,duckdb_big5_first_game,no_summer_event,0,0,,Girona,La Liga,Spain,0,0,0,,,,,,,,,,,,,,,0,girona,0,1,0,0,0,0,,,,,0,0,,,7000000.0,2019-06-11,8000000.0,8000000.0,2018-12-21,8000000.0,3500000.0,2018-05-30,3500000.0,7000000.0,historical_valuation,1,15.76142084987672,8000000.0,3500000.0,-1000000.0,3500000.0,-0.125,1.0,8000000.0,0.875,58.0,0.4094922737306843,0.7,Girona,0.1052631578947368,0.9736842105263158,-0.4210526315789473,Girona,1.0,,,same_team_copy_old,La Liga,0.1052631578947368,0.9736842105263158,-0.4210526315789473,0,0.0,0.0,0.0,borja garcia,girona,STABLE_BIG5_REVIEW,0.8809808612440191
Ismaila Sarr,sn SEN,Watford,Premier League,2019-2020,2020-2021,"FW,MF",FW,21.0,False,22.0,2028.0,5.0,4.0,5.0,0.0,0.0,0.2218934911242603,0.1775147928994083,0.3994082840236686,0.0,0,2019,2020,19044,ismaila sarr,watford,410225.0,exact_normalized_unique,A,2020-08-21,2020-08-20,duckdb_big5_first_game,no_summer_event,0,0,,Watford,Premier League,England,0,0,0,,,,,,,,,,,,,,,0,watford,0,1,0,0,0,0,,,,,0,0,,,24500000.0,2020-04-08,30000000.0,27000000.0,2019-12-10,30000000.0,30000000.0,2019-06-03,30000000.0,24500000.0,historical_valuation,1,17.01418371633128,27000000.0,30000000.0,-2500000.0,-5500000.0,-0.0925925925925925,-0.1833333333333333,30000000.0,0.8166666666666667,134.0,0.8015046296296297,2.227272727272727,Watford,0.0526315789473684,0.8947368421052632,-0.7368421052631579,Watford,1.0,,,same_team_copy_old,Premier League,0.0526315789473684,0.8947368421052632,-0.7368421052631579,0,0.0,0.0,0.0,ismaila sarr,watford,STABLE_BIG5_REVIEW,0.8799043062200956
Tom Carroll,eng ENG,Swansea City,Premier League,2017-2018,2018-2019,MF,MF,25.0,False,28.0,2570.0,0.0,4.0,0.0,0.0,0.0,0.0,0.1400778210116731,0.1400778210116731,0.0,0,2017,2018,17666,tom carroll,swansea city,121279.0,exact_normalized_unique,A,2018-08-10,2018-08-09,duckdb_big5_first_game,no_summer_event,0,0,,Swansea City,Premier League,England,0,0,0,,,,,,,,,,,,,,,0,swansea city,0,1,0,0,0,0,,,,,0,0,,,7000000.0,2018-05-28,7000000.0,7000000.0,2018-01-02,7000000.0,6000000.0,2017-06-28,6000000.0,7000000.0,historical_valuation,1,15.76142084987672,7000000.0,6000000.0,0.0,1000000.0,0.0,0.1666666666666667,7000000.0,1.0,73.0,0.5060706401766004,1.1666666666666667,Swansea,0.1052631578947368,0.868421052631579,-0.7368421052631579,Swansea,1.0,,,same_team_copy_old,Premier League,0.1052631578947368,0.868421052631579,-0.7368421052631579,0,0.0,0.0,0.0,tom carroll,swansea city,STABLE_BIG5_REVIEW,0.875
Myrto Uzuni,ALB,Granada,La Liga,2023-2024,2024-2025,FW,FW,28.0,False,28.0,2448.0,11.0,1.0,7.0,4.0,5.0,0.4044117647058823,0.0367647058823529,0.4411764705882353,0.0,0,2023,2024,23079,myrto uzuni,granada,315289.0,exact_normalized_unique,A,2024-08-15,2024-08-14,duckdb_big5_first_game,no_summer_event,0,0,,Granada,La Liga,Spain,0,0,0,,,,,,,,,,,,,,,0,granada,0,1,0,0,0,0,,,,,0,0,,,8000000.0,2024-06-07,10000000.0,9000000.0,2023-12-22,9000000.0,9000000.0,2023-06-14,9000000.0,8000000.0,historical_valuation,1,15.894952224644102,9000000.0,9000000.0,-1000000.0,-1000000.0,-0.1111111111111111,-0.1111111111111111,10000000.0,0.8,68.0,0.4443155452436195,0.6666666666666666,Granada,0.0,0.5526315789473685,-1.0789473684210529,Granada,1.0,,,same_team_copy_old,La Liga,0.0,0.5526315789473685,-1.0789473684210529,0,0.0,0.0,0.0,myrto uzuni,granada,STABLE_BIG5_REVIEW,0.8723684210526316
Lucas Boyé,ARG,Granada,La Liga,2023-2024,2024-2025,FW,FW,27.0,False,30.0,2541.0,6.0,3.0,6.0,0.0,0.0,0.2125147579693034,0.1062573789846517,0.3187721369539551,0.0,0,2023,2024,22954,lucas boye,granada,334222.0,exact_normalized_unique,A,2024-08-15,2024-08-14,duckdb_big5_first_game,no_summer_event,0,0,,Granada,La Liga,Spain,0,0,0,,,,,,,,,,,,,,,0,granada,0,1,0,0,0,0,,,,,0,0,,,7000000.0,2024-06-07,15000000.0,7000000.0,2023-12-22,15000000.0,10000000.0,2023-06-13,15000000.0,7000000.0,historical_valuation,1,15.76142084987672,7000000.0,10000000.0,0.0,-3000000.0,0.0,-0.3,15000000.0,0.4666666666666667,68.0,0.3967517401392111,0.5833333333333334,Granada,0.0,0.5526315789473685,-1.0789473684210529,Granada,1.0,,,same_team_copy_old,La Liga,0.0,0.5526315789473685,-1.0789473684210529,0,0.0,0.0,0.0,lucas boye,granada,STABLE_BIG5_REVIEW,0.87188995215311
Denis Bouanga,ga GAB,Saint-Étienne,Ligue 1,2021-2022,2022-2023,"FW,MF",FW,26.0,False,28.0,2436.0,9.0,6.0,9.0,0.0,0.0,0.3325123152709359,0.2216748768472906,0.5541871921182266,0.0,0,2021,2022,20736,denis bouanga,saint etienne,236045.0,exact_normalized_unique,A,2022-08-05,2022-08-04,duckdb_big5_first_game,no_summer_event,0,0,,Saint-Étienne,Ligue 1,France,0,0,0,,,,,,,,,,,,,,,0,saint etienne,0,1,0,0,0,0,,,,,0,0,,,8000000.0,2022-05-30,12000000.0,7000000.0,2021-12-16,12000000.0,9000000.0,2021-06-04,12000000.0,8000000.0,historical_valuation,1,15.894952224644102,7000000.0,9000000.0,1000000.0,-1000000.0,0.1428571428571428,-0.1111111111111111,12000000.0,0.6666666666666666,66.0,0.4508670520231214,0.6956521739130435,St Etienne,0.1052631578947368,0.8421052631578947,-0.9210526315789472,St Etienne,1.0,,,same_team_copy_old,Ligue 1,0.1052631578947368,0.8421052631578947,-0.9210526315789472,0,0.0,0.0,0.0,denis bouanga,saint etienne,STABLE_BIG5_REVIEW,0.8706937799043062
Eric Martel,GER,Köln,Bundesliga,2023-2024,2024-2025,MF,MF,21.0,False,29.0,2457.0,1.0,1.0,1.0,0.0,0.0,0.0366300366300366,0.0366300366300366,0.0732600732600732,0.0,0,2023,2024,22679,eric martel,koln,597000.0,exact_normalized_unique,A,2024-08-15,2024-08-14,duckdb_big5_first_game,no_summer_event,0,0,,Köln,Bundesliga,Germany,0,0,0,,,,,,,,,,,,,,,0,koln,0,1,0,0,0,0,,,,,0,0,,,7500000.0,2024-05-29,9000000.0,9000000.0,2023-12-14,9000000.0,9000000.0,2023-06-22,9000000.0,7500000.0,historical_valuation,1,15.830413711839864,9000000.0,9000000.0,-1500000.0,-1500000.0,-0.1666666666666666,-0.1666666666666666,9000000.0,0.8333333333333334,77.0,0.4205336426914153,0.9375,FC Koln,0.0588235294117647,0.7941176470588235,-0.9411764705882352,FC Koln,1.0,,,same_team_copy_old,Bundesliga,0.0588235294117647,0.7941176470588235,-0.9411764705882352,0,0.0,0.0,0.0,eric martel,koln,STABLE_BIG5_REVIEW,0.8683014354066986
Kristian Thorstvedt,NOR,Sassuolo,Serie A,2023-2024,2024-2025,MF,MF,24.0,False,30.0,2397.0,6.0,1.0,6.0,0.0,0.0,0.2252816020025031,0.0375469336670838,0.2628285356695869,0.0,0,2023,2024,22915,kristian thorstvedt,sassuolo,564785.0,exact_normalized_unique,A,2024-08-15,2024-08-14,duckdb_big5_first_game,no_summer_event,0,0,,Sassuolo,Serie A,Italy,0,0,0,,,,,,,,,,,,,,,0,sassuolo,0,1,0,0,0,0,,,,,0,0,,,8000000.0,2024-06-05,8500000.0,7500000.0,2023-12-20,8500000.0,7500000.0,2023-06-15,8500000.0,8000000.0,historical_valuation,1,15.894952224644102,7500000.0,7500000.0,500000.0,500000.0,0.0666666666666666,0.0666666666666666,8500000.0,0.9411764705882352,70.0,0.4443155452436195,1.0,Sassuolo,0.0526315789473684,0.7894736842105263,-0.8421052631578947,Sassuolo,1.0,,,same_team_copy_old,Serie A,0.0526315789473684,0.7894736842105263,-0.8421052631578947,0,0.0,0.0,0.0,kristian thorstvedt,sassuolo,STABLE_BIG5_REVIEW,0.867822966507177
Harrison Reed,eng ENG,Fulham,Premier League,2020-2021,2021-2022,MF,MF,25.0,False,26.0,2247.0,0.0,2.0,0.0,0.0,0.0,0.0,0.0801068090787717,0.0801068090787717,0.0,0,2020,2021,19921,harrison reed,fulham,226973.0,exact_normalized_unique,A,2021-08-06,2021-08-05,duckdb_big5_first_game,no_summer_event,0,0,,Fulham,Premier League,England,0,0,0,,,,,,,,,,,,,,,0,fulham,0,1,0,0,0,0,,,,,0,0,,,10000000.0,2021-06-08,10000000.0,9000000.0,2020-10-13,9000000.0,2400000.0,2020-04-08,3000000.0,10000000.0,historical_valuation,1,16.118095750958314,9000000.0,2400000.0,1000000.0,7600000.0,0.1111111111111111,3.166666666666667,10000000.0,1.0,58.0,0.5385038503850385,1.25,Fulham,0.1052631578947368,0.7368421052631579,-0.6842105263157895,Fulham,1.0,,,same_team_copy_old,Premier League,0.1052631578947368,0.7368421052631579,-0.6842105263157895,0,0.0,0.0,0.0,harrison reed,fulham,STABLE_BIG5_REVIEW,0.8671052631578946
Bruno Soriano,es ESP,Villarreal,La Liga,2016-2017,2017-2018,MF,MF,32.0,False,33.0,2984.0,5.0,2.0,1.0,4.0,5.0,0.1508042895442359,0.0603217158176943,0.2111260053619302,0.0,0,2016,2017,15918,bruno soriano,villarreal,44412.0,exact_normalized_unique,A,2017-08-04,2017-08-03,duckdb_big5_first_game,no_summer_event,0,0,,Villarreal,La Liga,Spain,0,0,0,,,,,,,,,,,,,,,0,villarreal,0,1,0,0,0,0,,,,,0,0,,,5000000.0,2017-06-05,10000000.0,8000000.0,2017-01-24,10000000.0,8000000.0,2016-07-15,10000000.0,5000000.0,historical_valuation,1,15.424948670398354,8000000.0,8000000.0,-3000000.0,-3000000.0,-0.375,-0.375,10000000.0,0.5,59.0,0.5021141649048626,1.25,Villarreal,0.7894736842105263,1.763157894736842,0.6052631578947368,Villarreal,1.0,,,same_team_copy_old,La Liga,0.7894736842105263,1.763157894736842,0.6052631578947368,0,0.0,0.0,0.0,bruno soriano,villarreal,STABLE_BIG5_REVIEW,0.8662679425837321
Che Adams,sct SCO,Southampton,Premier League,2022-2023,2023-2024,FW,FW,26.0,False,23.0,1992.0,5.0,3.0,5.0,0.0,0.0,0.2259036144578313,0.1355421686746988,0.36144578313253,0.0,0,2022,2023,21639,che adams,southampton,346779.0,exact_normalized_unique,A,2023-08-11,2023-08-10,duckdb_big5_first_game,no_summer_event,0,0,,Southampton,Premier League,England,0,0,0,,,,,,,,,,,,,,,0,southampton,0,1,0,0,0,0,,,,,0,0,,,20000000.0,2023-06-20,22000000.0,22000000.0,2022-11-03,22000000.0,18000000.0,2022-06-15,20000000.0,20000000.0,historical_valuation,1,16.811242881518265,22000000.0,18000000.0,-2000000.0,2000000.0,-0.0909090909090909,0.1111111111111111,22000000.0,0.9090909090909092,51.0,0.7281001137656428,1.818181818181818,Southampton,0.0,0.6578947368421053,-0.9736842105263158,Southampton,1.0,,,same_team_copy_old,Premier League,0.0,0.6578947368421053,-0.9736842105263158,0,0.0,0.0,0.0,che adams,southampton,STABLE_BIG5_REVIEW,0.8645933014354068
Ivan Cavaleiro,pt POR,Fulham,Premier League,2020-2021,2021-2022,FW,FW,26.0,False,27.0,2472.0,3.0,0.0,2.0,1.0,2.0,0.1092233009708737,0.0,0.1092233009708737,0.0,0,2020,2021,19952,ivan cavaleiro,fulham,149716.0,exact_normalized_unique,A,2021-08-06,2021-08-05,duckdb_big5_first_game,no_summer_event,0,0,,Fulham,Premier League,England,0,0,0,,,,,,,,,,,,,,,0,fulham,0,1,0,0,0,0,,,,,0,0,,,7000000.0,2021-06-08,12000000.0,8000000.0,2020-10-13,12000000.0,8000000.0,2020-04-08,12000000.0,7000000.0,historical_valuation,1,15.76142084987672,8000000.0,8000000.0,-1000000.0,-1000000.0,-0.125,-0.125,12000000.0,0.5833333333333334,58.0,0.4284928492849285,0.7,Fulham,0.1052631578947368,0.7368421052631579,-0.6842105263157895,Fulham,1.0,,,same_team_copy_old,Premier League,0.1052631578947368,0.7368421052631579,-0.6842105263157895,0,0.0,0.0,0.0,ivan cavaleiro,fulham,STABLE_BIG5_REVIEW,0.8632775119617224
Javi Puado,es ESP,Espanyol,La Liga,2022-2023,2023-2024,"FW,MF",FW,24.0,False,25.0,2340.0,7.0,2.0,7.0,0.0,0.0,0.2692307692307693,0.0769230769230769,0.3461538461538461,0.0,0,2022,2023,21893,javi puado,espanyol,408471.0,exact_normalized_unique,A,2023-08-11,2023-08-10,duckdb_big5_first_game,no_summer_event,0,0,,Espanyol,La Liga,Spain,0,0,0,,,,,,,,,,,,,,,0,espanyol,0,1,0,0,0,0,,,,,0,0,,,8000000.0,2023-06-13,8000000.0,7000000.0,2022-11-07,8000000.0,8000000.0,2022-06-03,8000000.0,8000000.0,historical_valuation,1,15.894952224644102,7000000.0,8000000.0,1000000.0,0.0,0.1428571428571428,0.0,8000000.0,1.0,58.0,0.4550625711035267,0.7272727272727273,Espanol,0.0526315789473684,0.9736842105263158,-0.4473684210526316,Espanol,1.0,,,same_team_copy_old,La Liga,0.0526315789473684,0.9736842105263158,-0.4473684210526316,0,0.0,0.0,0.0,javi puado,espanyol,STABLE_BIG5_REVIEW,0.861842105263158
Karl Toko Ekambi,cm CMR,Lyon,Ligue 1,2022-2023,2023-2024,"FW,MF",FW,29.0,False,26.0,2325.0,7.0,4.0,7.0,0.0,0.0,0.2709677419354839,0.1548387096774193,0.4258064516129032,0.0,0,2022,2023,21964,karl toko ekambi,lyon,315110.0,exact_normalized_unique,A,2023-08-11,2023-08-10,duckdb_big5_first_game,no_confirmed_pre_cutoff_event,0,0,,Lyon,Ligue 1,France,0,0,0,,,,,,,,,,,,,,,0,lyon,0,1,0,0,0,0,,,,,0,0,,,8000000.0,2023-06-27,18000000.0,12000000.0,2022-11-02,18000000.0,15000000.0,2022-05-30,18000000.0,8000000.0,historical_valuation,1,15.894952224644102,12000000.0,15000000.0,-4000000.0,-7000000.0,-0.3333333333333333,-0.4666666666666667,18000000.0,0.4444444444444444,44.0,0.4550625711035267,0.7272727272727273,Lyon,0.6842105263157895,1.631578947368421,0.4736842105263157,Lyon,1.0,,,same_team_copy_old,Ligue 1,0.6842105263157895,1.631578947368421,0.4736842105263157,0,0.0,0.0,0.0,karl toko ekambi,lyon,STABLE_BIG5_REVIEW,0.8592105263157894
Ismaila Sarr,sn SEN,Watford,Premier League,2021-2022,2022-2023,"FW,MF",FW,23.0,False,21.0,1861.0,5.0,2.0,5.0,0.0,1.0,0.2418054809242342,0.0967221923696937,0.338527673293928,0.0,0,2021,2022,20912,ismaila sarr,watford,410225.0,exact_normalized_unique,A,2022-08-05,2022-08-04,duckdb_big5_first_game,no_summer_event,0,0,,Watford,Premier League,England,0,0,0,,,,,,,,,,,,,,,0,watford,0,1,0,0,0,0,,,,,0,0,,,27000000.0,2022-06-15,30000000.0,27000000.0,2021-12-23,30000000.0,22000000.0,2021-06-30,30000000.0,27000000.0,historical_valuation,1,17.11134746100564,27000000.0,22000000.0,0.0,5000000.0,0.0,0.2272727272727273,30000000.0,0.9,50.0,0.8393063583815029,2.347826086956522,Watford,0.0526315789473684,0.6052631578947368,-1.131578947368421,Watford,1.0,,,same_team_copy_old,Premier League,0.0526315789473684,0.6052631578947368,-1.131578947368421,0,0.0,0.0,0.0,ismaila sarr,watford,STABLE_BIG5_REVIEW,0.8574162679425837
Muhammed Cham,AUT,Clermont Foot,Ligue 1,2023-2024,2024-2025,"MF,FW",FW,22.0,False,29.0,2554.0,8.0,4.0,4.0,4.0,5.0,0.2819107282693813,0.1409553641346906,0.4228660924040721,0.0,0,2023,2024,23075,muhammed cham,clermont foot,422281.0,exact_normalized_unique,A,2024-08-15,2024-08-14,duckdb_big5_first_game,no_summer_event,0,0,,Clermont Foot,Ligue 1,France,0,0,0,,,,,,,,,,,,,,,0,clermont foot,0,1,0,0,0,0,,,,,0,0,,,6000000.0,2024-06-03,6000000.0,6000000.0,2023-12-18,6000000.0,6000000.0,2023-06-27,6000000.0,6000000.0,historical_valuation,1,15.607270193858982,6000000.0,6000000.0,0.0,0.0,0.0,0.0,6000000.0,1.0,72.0,0.3544083526682134,0.5,Clermont,0.0,0.7352941176470589,-1.0,Clermont,1.0,,,same_team_copy_old,Ligue 1,0.0,0.7352941176470589,-1.0,0,0.0,0.0,0.0,muhammed cham,clermont foot,STABLE_BIG5_REVIEW,0.8570574162679425
Lucas Robertone,ARG,Almería,La Liga,2023-2024,2024-2025,MF,MF,26.0,False,29.0,2381.0,0.0,5.0,0.0,0.0,0.0,0.0,0.1889962200755985,0.1889962200755985,0.0,0,2023,2024,22959,lucas robertone,almeria,457221.0,exact_normalized_unique,A,2024-08-15,2024-08-14,duckdb_big5_first_game,no_summer_event,0,0,,Almería,La Liga,Spain,0,0,0,,,,,,,,,,,,,,,0,almeria,0,1,0,0,0,0,,,,,0,0,,,7000000.0,2024-06-07,8000000.0,7000000.0,2023-12-22,8000000.0,7000000.0,2023-06-13,8000000.0,7000000.0,historical_valuation,1,15.76142084987672,7000000.0,7000000.0,0.0,0.0,0.0,0.0,8000000.0,0.875,68.0,0.3967517401392111,0.875,Almeria,0.0526315789473684,0.5526315789473685,-0.8421052631578947,Almeria,1.0,,,same_team_copy_old,La Liga,0.0526315789473684,0.5526315789473685,-0.8421052631578947,0,0.0,0.0,0.0,lucas robertone,almeria,STABLE_BIG5_REVIEW,0.8513157894736842
Ibrahim Sangaré,ci CIV,Toulouse,Ligue 1,2019-2020,2020-2021,MF,MF,21.0,False,25.0,2175.0,0.0,1.0,0.0,0.0,0.0,0.0,0.0413793103448275,0.0413793103448275,0.0,0,2019,2020,19022,ibrahim sangare,toulouse,375885.0,exact_normalized_unique,A,2020-08-21,2020-08-20,duckdb_big5_first_game,no_summer_event,0,0,,Toulouse,Ligue 1,France,0,0,0,,,,,,,,,,,,,,,0,toulouse,0,1,0,0,0,0,,,,,0,0,,,9500000.0,2020-04-08,15000000.0,14000000.0,2019-12-19,15000000.0,15000000.0,2019-06-03,15000000.0,9500000.0,historical_valuation,1,16.066802461833923,14000000.0,15000000.0,-4500000.0,-5500000.0,-0.3214285714285714,-0.3666666666666667,15000000.0,0.6333333333333333,134.0,0.5081018518518519,1.2666666666666666,Toulouse,0.0,0.4642857142857143,-1.2857142857142858,Toulouse,1.0,,,same_team_copy_old,Ligue 1,0.0,0.4642857142857143,-1.2857142857142858,0,0.0,0.0,0.0,ibrahim sangare,toulouse,STABLE_BIG5_REVIEW,0.8507177033492823
Tetê,br BRA,Lyon,Ligue 1,2022-2023,2023-2024,"FW,MF",FW,22.0,False,23.0,1841.0,7.0,2.0,7.0,0.0,0.0,0.3422053231939163,0.0977729494839761,0.4399782726778924,0.0,0,2022,2023,22353,tete,lyon,371256.0,exact_name_age_resolved,B,2023-08-11,2023-08-10,duckdb_big5_first_game,no_confirmed_pre_cutoff_event,0,0,,Lyon,Ligue 1,France,0,0,0,,,,,,,,,,,,,,,0,lyon,0,1,0,0,0,0,,,,,0,0,,,25000000.0,2023-06-20,28000000.0,25000000.0,2022-11-02,28000000.0,22000000.0,2022-05-30,22000000.0,25000000.0,historical_valuation,1,17.034386422832473,25000000.0,22000000.0,0.0,3000000.0,0.0,0.1363636363636364,28000000.0,0.8928571428571429,51.0,0.7906712172923777,2.272727272727273,Lyon,0.6842105263157895,1.631578947368421,0.4736842105263157,Lyon,1.0,,,same_team_copy_old,Ligue 1,0.6842105263157895,1.631578947368421,0.4736842105263157,0,0.0,0.0,0.0,tete,lyon,STABLE_BIG5_REVIEW,0.8502392344497607
Mohamed Elyounoussi,no NOR,Southampton,Premier League,2022-2023,2023-2024,"MF,FW",FW,27.0,False,27.0,2168.0,1.0,1.0,1.0,0.0,0.0,0.0415129151291512,0.0415129151291512,0.0830258302583025,0.0,0,2022,2023,22126,mohamed elyounoussi,southampton,186644.0,exact_normalized_unique,A,2023-08-11,2023-08-10,duckdb_big5_first_game,no_summer_event,0,0,,Southampton,Premier League,England,0,0,0,,,,,,,,,,,,,,,0,southampton,0,1,0,0,0,0,,,,,0,0,,,9000000.0,2023-06-20,15000000.0,12000000.0,2022-11-03,15000000.0,12000000.0,2022-06-15,15000000.0,9000000.0,historical_valuation,1,16.012735246411598,12000000.0,12000000.0,-3000000.0,-3000000.0,-0.25,-0.25,15000000.0,0.6,51.0,0.4835039817974971,0.8181818181818182,Southampton,0.0,0.6578947368421053,-0.9736842105263158,Southampton,1.0,,,same_team_copy_old,Premier League,0.0,0.6578947368421053,-0.9736842105263158,0,0.0,0.0,0.0,mohamed elyounoussi,southampton,STABLE_BIG5_REVIEW,0.8462918660287082
Joshua King,no NOR,Watford,Premier League,2021-2022,2022-2023,FW,FW,29.0,False,27.0,2248.0,5.0,3.0,4.0,1.0,1.0,0.2001779359430605,0.1201067615658363,0.3202846975088967,0.0,0,2021,2022,20997,joshua king,watford,91059.0,exact_normalized_unique,A,2022-08-05,2022-08-04,duckdb_big5_first_game,no_summer_event,0,0,,Watford,Premier League,England,0,0,0,,,,,,,,,,,,,,,0,watford,0,1,0,0,0,0,,,,,0,0,,,8000000.0,2022-06-15,20000000.0,8000000.0,2021-12-23,20000000.0,8000000.0,2021-06-08,20000000.0,8000000.0,historical_valuation,1,15.894952224644102,8000000.0,8000000.0,0.0,0.0,0.0,0.0,20000000.0,0.4,50.0,0.4508670520231214,0.6956521739130435,Watford,0.0526315789473684,0.6052631578947368,-1.131578947368421,Watford,1.0,,,same_team_copy_old,Premier League,0.0526315789473684,0.6052631578947368,-1.131578947368421,0,0.0,0.0,0.0,joshua king,watford,STABLE_BIG5_REVIEW,0.8462918660287082
David López,es ESP,Espanyol,La Liga,2019-2020,2020-2021,"DF,MF",MF,29.0,False,29.0,2455.0,4.0,2.0,4.0,0.0,0.0,0.1466395112016293,0.0733197556008146,0.219959266802444,0.0,0,2019,2020,18862,david lopez,espanyol,129444.0,exact_name_age_resolved,B,2020-08-21,2020-08-20,duckdb_big5_first_game,no_summer_event,0,0,,Espanyol,La Liga,Spain,0,0,0,,,,,,,,,,,,,,,0,espanyol,0,1,0,0,0,0,,,,,0,0,,,6000000.0,2020-04-08,15000000.0,7500000.0,2019-12-20,15000000.0,9000000.0,2019-06-11,15000000.0,6000000.0,historical_valuation,1,15.607270193858982,7500000.0,9000000.0,-1500000.0,-3000000.0,-0.1999999999999999,-0.3333333333333333,15000000.0,0.4,134.0,0.3616898148148148,0.8,Espanol,0.0,0.6578947368421053,-0.8157894736842105,Espanol,1.0,,,same_team_copy_old,La Liga,0.0,0.6578947368421053,-0.8157894736842105,0,0.0,0.0,0.0,david lopez,espanyol,STABLE_BIG5_REVIEW,0.8434210526315788
Teemu Pukki,fi FIN,Norwich City,Premier League,2021-2022,2022-2023,FW,FW,31.0,False,37.0,3253.0,11.0,3.0,8.0,3.0,3.0,0.3043344604980018,0.0830003074085459,0.3873347679065477,0.0,0,2021,2022,21407,teemu pukki,norwich city,46972.0,exact_normalized_unique,A,2022-08-05,2022-08-04,duckdb_big5_first_game,no_summer_event,0,0,,Norwich City,Premier League,England,0,0,0,,,,,,,,,,,,,,,0,norwich city,0,1,0,0,0,0,,,,,0,0,,,4000000.0,2022-06-15,10000000.0,5000000.0,2021-12-23,10000000.0,7000000.0,2021-05-26,10000000.0,4000000.0,historical_valuation,1,15.201805169084134,5000000.0,7000000.0,-1000000.0,-3000000.0,-0.1999999999999999,-0.4285714285714286,10000000.0,0.4,50.0,0.2774566473988439,0.3478260869565217,Norwich,0.0,0.5789473684210527,-1.605263157894737,Norwich,1.0,,,same_team_copy_old,Premier League,0.0,0.5789473684210527,-1.605263157894737,0,0.0,0.0,0.0,teemu pukki,norwich city,STABLE_BIG5_REVIEW,0.841507177033493
Josh Cullen,IRL,Burnley,Premier League,2023-2024,2024-2025,MF,MF,27.0,False,23.0,2057.0,2.0,3.0,2.0,0.0,0.0,0.0875060768108896,0.1312591152163344,0.2187651920272241,0.0,0,2023,2024,22865,josh cullen,burnley,242606.0,exact_normalized_unique,A,2024-08-15,2024-08-14,duckdb_big5_first_game,no_summer_event,0,0,,Burnley,Premier League,England,0,0,0,,,,,,,,,,,,,,,0,burnley,0,1,0,0,0,0,,,,,0,0,,,10000000.0,2024-05-27,13000000.0,13000000.0,2023-12-19,13000000.0,13000000.0,2023-06-01,13000000.0,10000000.0,historical_valuation,1,16.118095750958314,13000000.0,13000000.0,-3000000.0,-3000000.0,-0.2307692307692307,-0.2307692307692307,13000000.0,0.7692307692307693,79.0,0.5174013921113689,1.25,Burnley,0.0526315789473684,0.631578947368421,-0.9736842105263158,Burnley,1.0,,,same_team_copy_old,Premier League,0.0526315789473684,0.631578947368421,-0.9736842105263158,0,0.0,0.0,0.0,josh cullen,burnley,STABLE_BIG5_REVIEW,0.8412679425837319
Rayan Aït Nouri,fr FRA,Wolves,Premier League,2021-2022,2022-2023,"DF,MF",MF,20.0,False,20.0,1828.0,1.0,2.0,1.0,0.0,0.0,0.049234135667396,0.0984682713347921,0.1477024070021881,0.0,0,2021,2022,21293,rayan ait nouri,wolves,578391.0,exact_normalized_unique,A,2022-08-05,2022-08-04,duckdb_big5_first_game,no_summer_event,0,0,,Wolves,Premier League,England,0,0,0,,,,,,,,,,,,,,,0,wolves,0,1,0,0,0,0,,,,,0,0,,,20000000.0,2022-06-15,20000000.0,15000000.0,2021-12-23,20000000.0,18000000.0,2021-06-08,20000000.0,20000000.0,historical_valuation,1,16.811242881518265,15000000.0,18000000.0,5000000.0,2000000.0,0.3333333333333332,0.1111111111111111,20000000.0,1.0,50.0,0.7514450867052023,2.3529411764705883,Wolves,0.5263157894736843,1.3421052631578947,-0.131578947368421,Wolves,1.0,,,same_team_copy_old,Premier League,0.5263157894736843,1.3421052631578947,-0.131578947368421,0,0.0,0.0,0.0,rayan ait nouri,wolves,STABLE_BIG5_REVIEW,0.8404306220095694
John Fleck,sct SCO,Sheffield Utd,Premier League,2020-2021,2021-2022,MF,MF,28.0,False,29.0,2575.0,0.0,2.0,0.0,0.0,0.0,0.0,0.0699029126213592,0.0699029126213592,0.0,0,2020,2021,20010,john fleck,sheffield utd,54383.0,exact_normalized_unique,A,2021-08-06,2021-08-05,duckdb_big5_first_game,no_summer_event,0,0,,Sheffield Utd,Premier League,England,0,0,0,,,,,,,,,,,,,,,0,sheffield utd,0,1,0,0,0,0,,,,,0,0,,,5000000.0,2021-05-28,8000000.0,8000000.0,2020-10-13,8000000.0,8000000.0,2020-07-30,8000000.0,5000000.0,historical_valuation,1,15.424948670398354,8000000.0,8000000.0,-3000000.0,-3000000.0,-0.375,-0.375,8000000.0,0.625,69.0,0.3399339933993399,0.625,Sheffield United,0.0,0.6052631578947368,-1.131578947368421,Sheffield United,1.0,,,same_team_copy_old,Premier League,0.0,0.6052631578947368,-1.131578947368421,0,0.0,0.0,0.0,john fleck,sheffield utd,STABLE_BIG5_REVIEW,0.8394736842105264
Matt Phillips,sct SCO,West Brom,Premier League,2017-2018,2018-2019,"MF,DF",MF,26.0,False,23.0,2093.0,2.0,2.0,2.0,0.0,0.0,0.0860009555661729,0.0860009555661729,0.1720019111323459,0.0,0,2017,2018,17383,matt phillips,west brom,77274.0,exact_normalized_unique,A,2018-08-10,2018-08-09,duckdb_big5_first_game,no_summer_event,0,0,,West Brom,Premier League,England,0,0,0,,,,,,,,,,,,,,,0,west brom,0,1,0,0,0,0,,,,,0,0,,,9000000.0,2018-05-28,9000000.0,9000000.0,2018-01-02,9000000.0,9000000.0,2017-06-28,9000000.0,9000000.0,historical_valuation,1,16.012735246411598,9000000.0,9000000.0,0.0,0.0,0.0,0.0,9000000.0,1.0,73.0,0.5894039735099338,1.5,West Brom,0.0,0.8157894736842105,-0.6578947368421053,West Brom,1.0,,,same_team_copy_old,Premier League,0.0,0.8157894736842105,-0.6578947368421053,0,0.0,0.0,0.0,matt phillips,west brom,STABLE_BIG5_REVIEW,0.836244019138756
Alex Pritchard,eng ENG,Huddersfield,Premier League,2018-2019,2019-2020,"MF,FW",FW,25.0,False,26.0,2081.0,2.0,0.0,2.0,0.0,0.0,0.0864968765016818,0.0,0.0864968765016818,0.0,0,2018,2019,17764,alex pritchard,huddersfield,200777.0,exact_normalized_unique,A,2019-08-09,2019-08-08,duckdb_big5_first_game,no_summer_event,0,0,,Huddersfield,Premier League,England,0,0,0,,,,,,,,,,,,,,,0,huddersfield,0,1,0,0,0,0,,,,,0,0,,,9000000.0,2019-06-13,10000000.0,10000000.0,2018-12-19,10000000.0,10000000.0,2018-05-28,10000000.0,9000000.0,historical_valuation,1,16.012735246411598,10000000.0,10000000.0,-1000000.0,-1000000.0,-0.0999999999999999,-0.0999999999999999,10000000.0,0.9,56.0,0.4806843267108168,0.9,Huddersfield,0.0,0.4210526315789473,-1.4210526315789471,Huddersfield,1.0,,,same_team_copy_old,Premier League,0.0,0.4210526315789473,-1.4210526315789471,0,0.0,0.0,0.0,alex pritchard,huddersfield,STABLE_BIG5_REVIEW,0.8352870813397129
Masaya Okugawa,jp JPN,Arminia,Bundesliga,2021-2022,2022-2023,"MF,FW",FW,25.0,False,30.0,2531.0,8.0,1.0,8.0,0.0,0.0,0.2844725404978269,0.0355590675622283,0.3200316080600553,0.0,0,2021,2022,21128,masaya okugawa,arminia,307052.0,exact_normalized_unique,A,2022-08-05,2022-08-04,duckdb_big5_first_game,no_summer_event,0,0,,Arminia,Bundesliga,Germany,0,0,0,,,,,,,,,,,,,,,0,arminia,0,1,0,0,0,0,,,,,0,0,,,5000000.0,2022-06-09,5000000.0,3200000.0,2021-12-22,4000000.0,2500000.0,2021-06-09,4000000.0,5000000.0,historical_valuation,1,15.424948670398354,3200000.0,2500000.0,1800000.0,2500000.0,0.5625,1.0,5000000.0,1.0,56.0,0.3335260115606936,0.4347826086956521,Bielefeld,0.0588235294117647,0.8235294117647058,-0.7647058823529411,Bielefeld,1.0,,,same_team_copy_old,Bundesliga,0.0588235294117647,0.8235294117647058,-0.7647058823529411,0,0.0,0.0,0.0,masaya okugawa,arminia,STABLE_BIG5_REVIEW,0.8351674641148326
Matthias Zimmermann,de GER,Düsseldorf,Bundesliga,2019-2020,2020-2021,"DF,MF",MF,27.0,False,33.0,2923.0,1.0,2.0,1.0,0.0,0.0,0.0307902839548409,0.0615805679096818,0.0923708518645227,0.0,0,2019,2020,19269,matthias zimmermann,dusseldorf,86848.0,exact_normalized_unique,A,2020-08-21,2020-08-20,duckdb_big5_first_game,no_summer_event,0,0,,Düsseldorf,Bundesliga,Germany,0,0,0,,,,,,,,,,,,,,,0,dusseldorf,0,1,0,0,0,0,,,,,0,0,,,4000000.0,2020-04-08,5000000.0,5000000.0,2019-12-17,5000000.0,5000000.0,2019-06-05,5000000.0,4000000.0,historical_valuation,1,15.201805169084134,5000000.0,5000000.0,-1000000.0,-1000000.0,-0.1999999999999999,-0.1999999999999999,5000000.0,0.8,134.0,0.2690972222222222,0.5333333333333333,Fortuna Dusseldorf,0.0588235294117647,0.8823529411764706,-0.9117647058823528,Fortuna Dusseldorf,1.0,,,same_team_copy_old,Bundesliga,0.0588235294117647,0.8823529411764706,-0.9117647058823528,0,0.0,0.0,0.0,matthias zimmermann,dusseldorf,STABLE_BIG5_REVIEW,0.8343301435406699
Zeki Amdouni,SUI,Burnley,Premier League,2023-2024,2024-2025,FW,FW,22.0,False,27.0,1953.0,5.0,1.0,4.0,1.0,1.0,0.2304147465437788,0.0460829493087557,0.2764976958525346,0.0,0,2023,2024,23351,zeki amdouni,burnley,548729.0,exact_normalized_unique,A,2024-08-15,2024-08-14,duckdb_big5_first_game,no_summer_event,0,0,,Burnley,Premier League,England,0,0,0,,,,,,,,,,,,,,,0,burnley,0,1,0,0,0,0,,,,,0,0,,,12000000.0,2024-05-27,15000000.0,15000000.0,2023-12-19,15000000.0,10000000.0,2023-06-07,10000000.0,12000000.0,historical_valuation,1,16.300417291085605,15000000.0,10000000.0,-3000000.0,2000000.0,-0.1999999999999999,0.1999999999999999,15000000.0,0.8,79.0,0.5730858468677494,1.0,Burnley,0.0526315789473684,0.631578947368421,-0.9736842105263158,Burnley,1.0,,,same_team_copy_old,Premier League,0.0526315789473684,0.631578947368421,-0.9736842105263158,0,0.0,0.0,0.0,zeki amdouni,burnley,STABLE_BIG5_REVIEW,0.8343301435406698
Stuart Dallas,nir NIR,Leeds United,Premier League,2021-2022,2022-2023,"DF,MF",MF,30.0,False,34.0,2919.0,1.0,1.0,1.0,0.0,0.0,0.0308324768756423,0.0308324768756423,0.0616649537512846,0.0,0,2021,2022,21397,stuart dallas,leeds united,158764.0,exact_normalized_unique,A,2022-08-05,2022-08-04,duckdb_big5_first_game,no_summer_event,0,0,,Leeds United,Premier League,England,0,0,0,,,,,,,,,,,,,,,0,leeds united,0,1,0,0,0,0,,,,,0,0,,,4000000.0,2022-06-15,4000000.0,4000000.0,2021-12-23,4000000.0,4000000.0,2021-06-08,4000000.0,4000000.0,historical_valuation,1,15.201805169084134,4000000.0,4000000.0,0.0,0.0,0.0,0.0,4000000.0,1.0,50.0,0.2774566473988439,0.4705882352941176,Leeds,0.1578947368421053,1.0,-0.9736842105263158,Leeds,1.0,,,same_team_copy_old,Premier League,0.1578947368421053,1.0,-0.9736842105263158,0,0.0,0.0,0.0,stuart dallas,leeds united,STABLE_BIG5_REVIEW,0.8338516746411484
Daniel Podence,pt POR,Wolves,Premier League,2022-2023,2023-2024,"FW,MF",FW,26.0,False,20.0,1771.0,6.0,0.0,6.0,0.0,0.0,0.3049124788255223,0.0,0.3049124788255223,0.0,0,2022,2023,21673,daniel podence,wolves,256977.0,exact_normalized_unique,A,2023-08-11,2023-08-10,duckdb_big5_first_game,no_confirmed_pre_cutoff_event,0,0,,Wolves,Premier League,England,0,0,0,,,,,,,,,,,,,,,0,wolves,0,1,0,0,0,0,,,,,0,0,,,20000000.0,2023-06-20,25000000.0,20000000.0,2022-11-03,25000000.0,20000000.0,2022-06-15,25000000.0,20000000.0,historical_valuation,1,16.811242881518265,20000000.0,20000000.0,0.0,0.0,0.0,0.0,25000000.0,0.8,51.0,0.7281001137656428,1.818181818181818,Wolves,0.368421052631579,1.0789473684210529,-0.7105263157894737,Wolves,1.0,,,same_team_copy_old,Premier League,0.368421052631579,1.0789473684210529,-0.7105263157894737,0,0.0,0.0,0.0,daniel podence,wolves,STABLE_BIG5_REVIEW,0.8330143540669857
Joe Bryan,eng ENG,Fulham,Premier League,2018-2019,2019-2020,"DF,MF",MF,24.0,False,27.0,2345.0,0.0,1.0,0.0,0.0,0.0,0.0,0.0383795309168443,0.0383795309168443,0.0,0,2018,2019,18143,joe bryan,fulham,194460.0,exact_normalized_unique,A,2019-08-09,2019-08-08,duckdb_big5_first_game,no_summer_event,0,0,,Fulham,Premier League,England,0,0,0,,,,,,,,,,,,,,,0,fulham,0,1,0,0,0,0,,,,,0,0,,,6000000.0,2019-06-13,6000000.0,6000000.0,2018-12-19,6000000.0,5000000.0,2018-02-27,5000000.0,6000000.0,historical_valuation,1,15.607270193858982,6000000.0,5000000.0,0.0,1000000.0,0.0,0.1999999999999999,6000000.0,1.0,56.0,0.3763796909492273,0.75,Fulham,0.0526315789473684,0.6842105263157895,-1.236842105263158,Fulham,1.0,,,same_team_copy_old,Premier League,0.0526315789473684,0.6842105263157895,-1.236842105263158,0,0.0,0.0,0.0,joe bryan,fulham,STABLE_BIG5_REVIEW,0.8321770334928229
André Ayew,gh GHA,Swansea City,Premier League,2017-2018,2018-2019,"MF,FW",FW,27.0,False,19.0,1845.0,3.0,4.0,3.0,0.0,1.0,0.1463414634146341,0.1951219512195122,0.3414634146341463,0.0,0,2017,2018,16825,andre ayew,swansea city,45403.0,exact_normalized_unique,A,2018-08-10,2018-08-09,duckdb_big5_first_game,no_summer_event,0,0,,Swansea City,Premier League,England,0,0,0,,,,,,,,,,,,,,,0,swansea city,0,1,0,0,0,0,,,,,0,0,,,15000000.0,2018-05-28,18000000.0,18000000.0,2018-01-02,18000000.0,18000000.0,2017-06-28,18000000.0,15000000.0,historical_valuation,1,16.52356082573315,18000000.0,18000000.0,-3000000.0,-3000000.0,-0.1666666666666666,-0.1666666666666666,18000000.0,0.8333333333333334,73.0,0.7273730684326711,2.0,Swansea,0.1052631578947368,0.868421052631579,-0.7368421052631579,Swansea,1.0,,,same_team_copy_old,Premier League,0.1052631578947368,0.868421052631579,-0.7368421052631579,0,0.0,0.0,0.0,andre ayew,swansea city,STABLE_BIG5_REVIEW,0.8301435406698564
Lyle Foster,RSA,Burnley,Premier League,2023-2024,2024-2025,"FW,MF",FW,22.0,False,22.0,1899.0,5.0,3.0,5.0,0.0,0.0,0.2369668246445497,0.1421800947867298,0.3791469194312796,0.0,0,2023,2024,22970,lyle foster,burnley,467623.0,exact_normalized_unique,A,2024-08-15,2024-08-14,duckdb_big5_first_game,no_summer_event,0,0,,Burnley,Premier League,England,0,0,0,,,,,,,,,,,,,,,0,burnley,0,1,0,0,0,0,,,,,0,0,,,13000000.0,2024-05-27,13000000.0,13000000.0,2023-12-19,13000000.0,9000000.0,2023-06-01,9000000.0,13000000.0,historical_valuation,1,16.380459992348886,13000000.0,9000000.0,0.0,4000000.0,0.0,0.4444444444444444,13000000.0,1.0,79.0,0.6020881670533643,1.0833333333333333,Burnley,0.0526315789473684,0.631578947368421,-0.9736842105263158,Burnley,1.0,,,same_team_copy_old,Premier League,0.0526315789473684,0.631578947368421,-0.9736842105263158,0,0.0,0.0,0.0,lyle foster,burnley,STABLE_BIG5_REVIEW,0.8296650717703349
Danilo,br BRA,Juventus,Serie A,2021-2022,2022-2023,"DF,MF",MF,30.0,False,22.0,1893.0,1.0,2.0,1.0,0.0,0.0,0.0475435816164817,0.0950871632329635,0.1426307448494453,0.0,0,2021,2022,20718,danilo,juventus,145707.0,exact_name_age_resolved,B,2022-08-05,2022-08-04,duckdb_big5_first_game,no_summer_event,0,0,,Juventus,Serie A,Italy,0,0,0,,,,,,,,,,,,,,,0,juventus,0,1,0,0,0,0,,,,,0,0,,,13000000.0,2022-06-07,25000000.0,15000000.0,2021-12-28,25000000.0,20000000.0,2021-06-03,25000000.0,13000000.0,historical_valuation,1,16.380459992348886,15000000.0,20000000.0,-2000000.0,-7000000.0,-0.1333333333333333,-0.35,25000000.0,0.52,58.0,0.584393063583815,1.5294117647058822,Juventus,0.8421052631578947,1.8421052631578947,0.5263157894736842,Juventus,1.0,,,same_team_copy_old,Serie A,0.8421052631578947,1.8421052631578947,0.5263157894736842,0,0.0,0.0,0.0,danilo,juventus,STABLE_BIG5_REVIEW,0.8291866028708134
Milot Rashica,xk KVX,Norwich City,Premier League,2021-2022,2022-2023,"FW,MF",FW,25.0,False,25.0,2229.0,1.0,2.0,1.0,0.0,0.0,0.0403768506056527,0.0807537012113055,0.1211305518169582,0.0,0,2021,2022,21173,milot rashica,norwich city,291739.0,exact_normalized_unique,A,2022-08-05,2022-08-04,duckdb_big5_first_game,no_summer_event,0,0,,Norwich City,Premier League,England,0,0,0,,,,,,,,,,,,,,,0,norwich city,0,1,0,0,0,0,,,,,0,0,,,7000000.0,2022-06-15,35000000.0,8000000.0,2021-12-23,35000000.0,9000000.0,2021-06-09,35000000.0,7000000.0,historical_valuation,1,15.76142084987672,8000000.0,9000000.0,-1000000.0,-2000000.0,-0.125,-0.2222222222222222,35000000.0,0.2,50.0,0.4092485549132948,0.6086956521739131,Norwich,0.0,0.5789473684210527,-1.605263157894737,Norwich,1.0,,,same_team_copy_old,Premier League,0.0,0.5789473684210527,-1.605263157894737,0,0.0,0.0,0.0,milot rashica,norwich city,STABLE_BIG5_REVIEW,0.8273923444976077
Martin Braithwaite,dk DEN,Espanyol,La Liga,2022-2023,2023-2024,"FW,MF",FW,31.0,False,29.0,2456.0,10.0,2.0,10.0,0.0,0.0,0.3664495114006514,0.0732899022801303,0.4397394136807817,0.0,0,2022,2023,22074,martin braithwaite,espanyol,95732.0,exact_normalized_unique,A,2023-08-11,2023-08-10,duckdb_big5_first_game,no_summer_event,0,0,,Espanyol,La Liga,Spain,0,0,0,,,,,,,,,,,,,,,0,espanyol,0,1,0,0,0,0,,,,,0,0,,,5000000.0,2023-06-13,12000000.0,5000000.0,2022-11-07,12000000.0,6000000.0,2022-06-03,12000000.0,5000000.0,historical_valuation,1,15.424948670398354,5000000.0,6000000.0,0.0,-1000000.0,0.0,-0.1666666666666666,12000000.0,0.4166666666666667,58.0,0.3270762229806598,0.4545454545454545,Espanol,0.0526315789473684,0.9736842105263158,-0.4473684210526316,Espanol,1.0,,,same_team_copy_old,La Liga,0.0526315789473684,0.9736842105263158,-0.4473684210526316,0,0.0,0.0,0.0,martin braithwaite,espanyol,STABLE_BIG5_REVIEW,0.8236842105263158
Troy Deeney,eng ENG,Watford,Premier League,2019-2020,2020-2021,FW,FW,31.0,False,26.0,2225.0,10.0,2.0,5.0,5.0,6.0,0.4044943820224719,0.0808988764044943,0.4853932584269663,0.0,0,2019,2020,19540,troy deeney,watford,65477.0,exact_normalized_unique,A,2020-08-21,2020-08-20,duckdb_big5_first_game,no_summer_event,0,0,,Watford,Premier League,England,0,0,0,,,,,,,,,,,,,,,0,watford,0,1,0,0,0,0,,,,,0,0,,,6500000.0,2020-04-08,11000000.0,8000000.0,2019-12-10,11000000.0,10000000.0,2019-06-13,11000000.0,6500000.0,historical_valuation,1,15.687312888712007,8000000.0,10000000.0,-1500000.0,-3500000.0,-0.1875,-0.35,11000000.0,0.5909090909090909,134.0,0.3917824074074074,0.5909090909090909,Watford,0.0526315789473684,0.8947368421052632,-0.7368421052631579,Watford,1.0,,,same_team_copy_old,Premier League,0.0526315789473684,0.8947368421052632,-0.7368421052631579,0,0.0,0.0,0.0,troy deeney,watford,STABLE_BIG5_REVIEW,0.8193779904306221
Wilfred Ndidi,ng NGA,Leicester City,Premier League,2022-2023,2023-2024,MF,MF,25.0,False,19.0,1679.0,0.0,0.0,0.0,0.0,0.0,0.0,0.0,0.0,0.0,0,2022,2023,22402,wilfred ndidi,leicester city,274839.0,exact_normalized_unique,A,2023-08-11,2023-08-10,duckdb_big5_first_game,no_summer_event,0,0,,Leicester City,Premier League,England,0,0,0,,,,,,,,,,,,,,,0,leicester city,0,1,0,0,0,0,,,,,0,0,,,25000000.0,2023-06-20,60000000.0,40000000.0,2022-11-03,60000000.0,60000000.0,2022-06-15,60000000.0,25000000.0,historical_valuation,1,17.034386422832473,40000000.0,60000000.0,-15000000.0,-35000000.0,-0.375,-0.5833333333333333,60000000.0,0.4166666666666667,51.0,0.7906712172923777,3.125,Leicester,0.1052631578947368,0.8947368421052632,-0.4473684210526316,Leicester,1.0,,,same_team_copy_old,Premier League,0.1052631578947368,0.8947368421052632,-0.4473684210526316,0,0.0,0.0,0.0,wilfred ndidi,leicester city,STABLE_BIG5_REVIEW,0.819377990430622
Sam Clucas,eng ENG,Swansea City,Premier League,2017-2018,2018-2019,MF,MF,26.0,False,23.0,2044.0,3.0,1.0,3.0,0.0,0.0,0.1320939334637964,0.0440313111545988,0.1761252446183953,0.0,0,2017,2018,17580,sam clucas,swansea city,122223.0,exact_normalized_unique,A,2018-08-10,2018-08-09,duckdb_big5_first_game,no_summer_event,0,0,,Swansea City,Premier League,England,0,0,0,,,,,,,,,,,,,,,0,swansea city,0,1,0,0,0,0,,,,,0,0,,,8000000.0,2018-05-28,8000000.0,8000000.0,2018-01-02,8000000.0,2500000.0,2017-06-28,2500000.0,8000000.0,historical_valuation,1,15.894952224644102,8000000.0,2500000.0,0.0,5500000.0,0.0,2.2,8000000.0,1.0,73.0,0.5590507726269316,1.3333333333333333,Swansea,0.1052631578947368,0.868421052631579,-0.7368421052631579,Swansea,1.0,,,same_team_copy_old,Premier League,0.1052631578947368,0.868421052631579,-0.7368421052631579,0,0.0,0.0,0.0,sam clucas,swansea city,STABLE_BIG5_REVIEW,0.8175837320574162
Ilija Nestorovski,mk MKD,Palermo,Serie A,2016-2017,2017-2018,FW,FW,26.0,False,34.0,3105.0,11.0,3.0,10.0,1.0,1.0,0.3188405797101449,0.0869565217391304,0.4057971014492754,0.0,0,2016,2017,16161,ilija nestorovski,palermo,54581.0,exact_normalized_unique,A,2017-08-04,2017-08-03,duckdb_big5_first_game,no_summer_event,0,0,,Palermo,Serie A,Italy,0,0,0,,,,,,,,,,,,,,,0,palermo,0,1,0,0,0,0,,,,,0,0,,,3500000.0,2017-06-08,3500000.0,3500000.0,2017-01-02,3500000.0,1500000.0,2016-07-15,1500000.0,3500000.0,historical_valuation,1,15.068273812173889,3500000.0,1500000.0,0.0,2000000.0,0.0,1.3333333333333337,3500000.0,1.0,56.0,0.386892177589852,0.5,Palermo,0.0526315789473684,0.6842105263157895,-1.1578947368421053,Palermo,1.0,,,same_team_copy_old,Serie A,0.0526315789473684,0.6842105263157895,-1.1578947368421053,0,0.0,0.0,0.0,ilija nestorovski,palermo,STABLE_BIG5_REVIEW,0.8175837320574162
Jonas Hector,de GER,Köln,Bundesliga,2017-2018,2018-2019,"DF,MF",MF,27.0,False,20.0,1759.0,2.0,2.0,2.0,0.0,0.0,0.1023308698123934,0.1023308698123934,0.2046617396247868,0.0,0,2017,2018,17201,jonas hector,koln,108537.0,exact_normalized_unique,A,2018-08-10,2018-08-09,duckdb_big5_first_game,no_summer_event,0,0,,Köln,Bundesliga,Germany,0,0,0,,,,,,,,,,,,,,,0,koln,0,1,0,0,0,0,,,,,0,0,,,15000000.0,2018-06-05,20000000.0,18000000.0,2017-12-28,20000000.0,20000000.0,2017-06-19,20000000.0,15000000.0,historical_valuation,1,16.52356082573315,18000000.0,20000000.0,-3000000.0,-5000000.0,-0.1666666666666666,-0.25,20000000.0,0.75,65.0,0.7273730684326711,2.5,FC Koln,0.0,0.6470588235294118,-1.0294117647058822,FC Koln,1.0,,,same_team_copy_old,Bundesliga,0.0,0.6470588235294118,-1.0294117647058822,0,0.0,0.0,0.0,jonas hector,koln,STABLE_BIG5_REVIEW,0.8157894736842105
Dion Lopy,SEN,Almería,La Liga,2023-2024,2024-2025,MF,MF,21.0,False,23.0,1916.0,0.0,0.0,0.0,0.0,0.0,0.0,0.0,0.0,0.0,0,2023,2024,22637,dion lopy,almeria,649033.0,exact_normalized_unique,A,2024-08-15,2024-08-14,duckdb_big5_first_game,no_summer_event,0,0,,Almería,La Liga,Spain,0,0,0,,,,,,,,,,,,,,,0,almeria,0,1,0,0,0,0,,,,,0,0,,,10000000.0,2024-06-07,10000000.0,6000000.0,2023-12-22,6000000.0,4000000.0,2023-06-27,4000000.0,10000000.0,historical_valuation,1,16.118095750958314,6000000.0,4000000.0,4000000.0,6000000.0,0.6666666666666667,1.5,10000000.0,1.0,68.0,0.5174013921113689,1.25,Almeria,0.0526315789473684,0.5526315789473685,-0.8421052631578947,Almeria,1.0,,,same_team_copy_old,La Liga,0.0526315789473684,0.5526315789473685,-0.8421052631578947,0,0.0,0.0,0.0,dion lopy,almeria,STABLE_BIG5_REVIEW,0.8156698564593301
Álex Granell,es ESP,Girona,La Liga,2018-2019,2019-2020,"MF,DF",MF,29.0,False,26.0,2391.0,0.0,4.0,0.0,0.0,0.0,0.0,0.1505646173149309,0.1505646173149309,0.0,0,2018,2019,17762,alex granell,girona,255284.0,exact_normalized_unique,A,2019-08-09,2019-08-08,duckdb_big5_first_game,no_summer_event,0,0,,Girona,La Liga,Spain,0,0,0,,,,,,,,,,,,,,,0,girona,0,1,0,0,0,0,,,,,0,0,,,5000000.0,2019-06-11,7500000.0,7500000.0,2018-12-21,7500000.0,5000000.0,2018-05-30,5000000.0,5000000.0,historical_valuation,1,15.424948670398354,7500000.0,5000000.0,-2500000.0,0.0,-0.3333333333333333,0.0,7500000.0,0.6666666666666666,58.0,0.3344370860927152,0.625,Girona,0.1052631578947368,0.9736842105263158,-0.4210526315789473,Girona,1.0,,,same_team_copy_old,La Liga,0.1052631578947368,0.9736842105263158,-0.4210526315789473,0,0.0,0.0,0.0,alex granell,girona,STABLE_BIG5_REVIEW,0.8155502392344498
Kamil Grosicki,pl POL,Hull City,Premier League,2016-2017,2017-2018,MF,MF,28.0,False,21.0,2135.0,4.0,6.0,3.0,1.0,2.0,0.1686182669789227,0.2529274004683841,0.4215456674473068,0.0,0,2016,2017,16275,kamil grosicki,hull city,37920.0,exact_normalized_unique,A,2017-08-04,2017-08-03,duckdb_big5_first_game,no_summer_event,0,0,,Hull City,Premier League,England,0,0,0,,,,,,,,,,,,,,,0,hull city,0,1,0,0,0,0,,,,,0,0,,,7000000.0,2017-06-28,7000000.0,6000000.0,2017-01-16,6000000.0,4500000.0,2016-07-13,4500000.0,7000000.0,historical_valuation,1,15.76142084987672,6000000.0,4500000.0,1000000.0,2500000.0,0.1666666666666667,0.5555555555555556,7000000.0,1.0,36.0,0.5845665961945031,1.75,Hull,0.1052631578947368,0.8947368421052632,-1.131578947368421,Hull,1.0,,,same_team_copy_old,Premier League,0.1052631578947368,0.8947368421052632,-1.131578947368421,0,0.0,0.0,0.0,kamil grosicki,hull city,STABLE_BIG5_REVIEW,0.8154306220095694
Kenny McLean,sct SCO,Norwich City,Premier League,2019-2020,2020-2021,MF,MF,27.0,False,32.0,2968.0,1.0,1.0,1.0,0.0,0.0,0.0303234501347708,0.0303234501347708,0.0606469002695417,0.0,0,2019,2020,19143,kenny mclean,norwich city,126600.0,exact_normalized_unique,A,2020-08-21,2020-08-20,duckdb_big5_first_game,no_summer_event,0,0,,Norwich City,Premier League,England,0,0,0,,,,,,,,,,,,,,,0,norwich city,0,1,0,0,0,0,,,,,0,0,,,3500000.0,2020-04-08,4500000.0,4500000.0,2019-12-10,4500000.0,1500000.0,2019-06-28,1500000.0,3500000.0,historical_valuation,1,15.068273812173889,4500000.0,1500000.0,-1000000.0,2000000.0,-0.2222222222222222,1.3333333333333337,4500000.0,0.7777777777777778,134.0,0.2418981481481481,0.4666666666666667,Norwich,0.0,0.5526315789473685,-1.2894736842105263,Norwich,1.0,,,same_team_copy_old,Premier League,0.0,0.5526315789473685,-1.2894736842105263,0,0.0,0.0,0.0,kenny mclean,norwich city,STABLE_BIG5_REVIEW,0.814712918660287
Chris Ramos,ESP,Cádiz,La Liga,2023-2024,2024-2025,"FW,MF",FW,26.0,False,30.0,2612.0,5.0,1.0,5.0,0.0,0.0,0.172281776416539,0.0344563552833078,0.2067381316998468,0.0,0,2023,2024,22588,chris ramos,cadiz,538810.0,exact_normalized_unique,A,2024-08-15,2024-08-14,duckdb_big5_first_game,no_summer_event,0,0,,Cádiz,La Liga,Spain,0,0,0,,,,,,,,,,,,,,,0,cadiz,0,1,0,0,0,0,,,,,0,0,,,4000000.0,2024-06-07,4000000.0,3000000.0,2023-12-22,3000000.0,1500000.0,2023-06-13,1500000.0,4000000.0,historical_valuation,1,15.201805169084134,3000000.0,1500000.0,1000000.0,2500000.0,0.3333333333333332,1.6666666666666663,4000000.0,1.0,68.0,0.2511600928074246,0.3333333333333333,Cadiz,0.1052631578947368,0.868421052631579,-0.7631578947368421,Cadiz,1.0,,,same_team_copy_old,La Liga,0.1052631578947368,0.868421052631579,-0.7631578947368421,0,0.0,0.0,0.0,chris ramos,cadiz,STABLE_BIG5_REVIEW,0.8142344497607656
Gianluca Lapadula,pe PER,Benevento,Serie A,2020-2021,2021-2022,FW,FW,30.0,False,29.0,2563.0,8.0,2.0,8.0,0.0,1.0,0.2809207959422551,0.0702301989855637,0.3511509949278189,0.0,0,2020,2021,19896,gianluca lapadula,benevento,130394.0,exact_normalized_unique,A,2021-08-06,2021-08-05,duckdb_big5_first_game,no_summer_event,0,0,,Benevento,Serie A,Italy,0,0,0,,,,,,,,,,,,,,,0,benevento,0,1,0,0,0,0,,,,,0,0,,,4000000.0,2021-07-16,8000000.0,5000000.0,2020-12-29,8000000.0,4800000.0,2020-04-08,8000000.0,4000000.0,historical_valuation,1,15.201805169084134,5000000.0,4800000.0,-1000000.0,-800000.0,-0.1999999999999999,-0.1666666666666666,8000000.0,0.5,20.0,0.2788778877887788,0.4,Benevento,0.1052631578947368,0.868421052631579,-0.9210526315789472,Benevento,1.0,,,same_team_copy_old,Serie A,0.1052631578947368,0.868421052631579,-0.9210526315789472,0,0.0,0.0,0.0,gianluca lapadula,benevento,STABLE_BIG5_REVIEW,0.8084928229665073
Gianluca Busio,us USA,Venezia,Serie A,2021-2022,2022-2023,MF,MF,19.0,False,23.0,1950.0,1.0,1.0,1.0,0.0,0.0,0.0461538461538461,0.0461538461538461,0.0923076923076923,0.0,0,2021,2022,20849,gianluca busio,venezia,504209.0,exact_normalized_unique,A,2022-08-05,2022-08-04,duckdb_big5_first_game,no_summer_event,0,0,,Venezia,Serie A,Italy,0,0,0,,,,,,,,,,,,,,,0,venezia,0,1,0,0,0,0,,,,,0,0,,,8500000.0,2022-06-07,10000000.0,10000000.0,2021-12-28,10000000.0,6000000.0,2021-07-09,6000000.0,8500000.0,historical_valuation,1,15.955576839107596,10000000.0,6000000.0,-1500000.0,2500000.0,-0.15,0.4166666666666667,10000000.0,0.85,58.0,0.4693641618497109,1.0,Venezia,0.0,0.7105263157894737,-0.9210526315789472,Venezia,1.0,,,same_team_copy_old,Serie A,0.0,0.7105263157894737,-0.9210526315789472,0,0.0,0.0,0.0,gianluca busio,venezia,STABLE_BIG5_REVIEW,0.8078947368421052
Rubén Pérez,es ESP,Leganés,La Liga,2019-2020,2020-2021,MF,MF,30.0,False,25.0,2194.0,1.0,1.0,0.0,1.0,1.0,0.0410209662716499,0.0410209662716499,0.0820419325432999,0.0,0,2019,2020,19446,ruben perez,leganes,113045.0,exact_normalized_unique,A,2020-08-21,2020-08-20,duckdb_big5_first_game,no_summer_event,0,0,,Leganés,La Liga,Spain,0,0,0,,,,,,,,,,,,,,,0,leganes,0,1,0,0,0,0,,,,,0,0,,,6000000.0,2020-04-08,7500000.0,7500000.0,2019-12-20,7500000.0,7500000.0,2019-06-11,7500000.0,6000000.0,historical_valuation,1,15.607270193858982,7500000.0,7500000.0,-1500000.0,-1500000.0,-0.1999999999999999,-0.1999999999999999,7500000.0,0.8,134.0,0.3616898148148148,0.8,Leganes,0.1052631578947368,0.9473684210526316,-0.5526315789473685,Leganes,1.0,,,same_team_copy_old,La Liga,0.1052631578947368,0.9473684210526316,-0.5526315789473685,0,0.0,0.0,0.0,ruben perez,leganes,STABLE_BIG5_REVIEW,0.8075358851674641
Jonathan Viera,es ESP,Las Palmas,La Liga,2017-2018,2018-2019,MF,MF,27.0,False,23.0,1993.0,4.0,3.0,3.0,1.0,3.0,0.1806322127446061,0.1354741595584546,0.3161063723030607,0.0,0,2017,2018,17210,jonathan viera,las palmas,153238.0,exact_normalized_unique,A,2018-08-10,2018-08-09,duckdb_big5_first_game,no_summer_event,0,0,,Las Palmas,La Liga,Spain,0,0,0,,,,,,,,,,,,,,,0,las palmas,0,1,0,0,0,0,,,,,0,0,,,8000000.0,2018-06-05,10000000.0,8000000.0,2018-01-01,10000000.0,10000000.0,2017-06-05,10000000.0,8000000.0,historical_valuation,1,15.894952224644102,8000000.0,10000000.0,0.0,-2000000.0,0.0,-0.1999999999999999,10000000.0,0.8,65.0,0.5590507726269316,1.3333333333333333,Las Palmas,0.0526315789473684,0.5789473684210527,-1.3157894736842106,Las Palmas,1.0,,,same_team_copy_old,La Liga,0.0526315789473684,0.5789473684210527,-1.3157894736842106,0,0.0,0.0,0.0,jonathan viera,las palmas,STABLE_BIG5_REVIEW,0.8051435406698564
Jonas Hofmann,de GER,M'Gladbach,Bundesliga,2018-2019,2019-2020,MF,MF,26.0,False,21.0,1911.0,5.0,5.0,4.0,1.0,2.0,0.2354788069073783,0.2354788069073783,0.4709576138147566,0.0,0,2018,2019,18149,jonas hofmann,borussia monchengladbach,7161.0,exact_name_age_resolved,B,2019-08-09,2019-08-08,duckdb_big5_first_game,no_summer_event,0,0,,M'Gladbach,Bundesliga,Germany,0,0,0,,,,,,,,,,,,,,,0,borussia monchengladbach,0,1,0,0,0,0,,,,,0,0,,,9000000.0,2019-06-05,12000000.0,12000000.0,2018-12-18,12000000.0,3000000.0,2018-06-05,6000000.0,9000000.0,historical_valuation,1,16.012735246411598,12000000.0,3000000.0,-3000000.0,6000000.0,-0.25,2.0,12000000.0,0.75,64.0,0.4806843267108168,1.125,M'gladbach,0.7647058823529411,1.6176470588235294,0.3823529411764705,M'gladbach,1.0,,,same_team_copy_old,Bundesliga,0.7647058823529411,1.6176470588235294,0.3823529411764705,0,0.0,0.0,0.0,jonas hofmann,m gladbach,STABLE_BIG5_REVIEW,0.804665071770335
Ahmed Elmohamady,eg EGY,Hull City,Premier League,2016-2017,2017-2018,"DF,MF",MF,28.0,False,28.0,2524.0,0.0,2.0,0.0,0.0,0.0,0.0,0.0713153724247226,0.0713153724247226,0.0,0,2016,2017,15807,ahmed elmohamady,hull city,66333.0,exact_normalized_unique,A,2017-08-04,2017-08-03,duckdb_big5_first_game,no_summer_event,0,0,,Hull City,Premier League,England,0,0,0,,,,,,,,,,,,,,,0,hull city,0,1,0,0,0,0,,,,,0,0,,,4000000.0,2017-06-28,5500000.0,4000000.0,2016-08-01,5500000.0,4000000.0,2016-08-01,5500000.0,4000000.0,historical_valuation,1,15.201805169084134,4000000.0,4000000.0,0.0,0.0,0.0,0.0,5500000.0,0.7272727272727273,36.0,0.4307610993657505,1.0,Hull,0.1052631578947368,0.8947368421052632,-1.131578947368421,Hull,1.0,,,same_team_copy_old,Premier League,0.1052631578947368,0.8947368421052632,-1.131578947368421,0,0.0,0.0,0.0,ahmed elmohamady,hull city,STABLE_BIG5_REVIEW,0.8041866028708134
Gonzalo Plata,ec ECU,Valladolid,La Liga,2022-2023,2023-2024,FW,FW,21.0,False,26.0,2302.0,1.0,5.0,1.0,0.0,0.0,0.0390964378801042,0.1954821894005213,0.2345786272806255,0.0,0,2022,2023,21817,gonzalo plata,valladolid,592735.0,exact_normalized_unique,A,2023-08-11,2023-08-10,duckdb_big5_first_game,no_summer_event,0,0,,Valladolid,La Liga,Spain,0,0,0,,,,,,,,,,,,,,,0,valladolid,0,1,0,0,0,0,,,,,0,0,,,5000000.0,2023-06-13,6000000.0,5000000.0,2022-11-07,6000000.0,6000000.0,2022-06-29,6000000.0,5000000.0,historical_valuation,1,15.424948670398354,5000000.0,6000000.0,0.0,-1000000.0,0.0,-0.1666666666666666,6000000.0,0.8333333333333334,58.0,0.3270762229806598,0.4545454545454545,Valladolid,0.1052631578947368,1.0526315789473684,-0.7894736842105263,Valladolid,1.0,,,same_team_copy_old,La Liga,0.1052631578947368,1.0526315789473684,-0.7894736842105263,0,0.0,0.0,0.0,gonzalo plata,valladolid,STABLE_BIG5_REVIEW,0.804066985645933
John Lundstram,eng ENG,Sheffield Utd,Premier League,2020-2021,2021-2022,MF,MF,26.0,False,23.0,2032.0,0.0,2.0,0.0,0.0,1.0,0.0,0.0885826771653543,0.0885826771653543,0.0,0,2020,2021,20011,john lundstram,sheffield utd,156941.0,exact_normalized_unique,A,2021-08-06,2021-08-05,duckdb_big5_first_game,no_summer_event,0,0,,Sheffield Utd,Premier League,England,0,0,0,,,,,,,,,,,,,,,0,sheffield utd,0,1,0,0,0,0,,,,,0,0,,,7000000.0,2021-06-08,10000000.0,8000000.0,2020-10-13,10000000.0,8000000.0,2020-04-08,10000000.0,7000000.0,historical_valuation,1,15.76142084987672,8000000.0,8000000.0,-1000000.0,-1000000.0,-0.125,-0.125,10000000.0,0.7,58.0,0.4284928492849285,0.875,Sheffield United,0.0,0.6052631578947368,-1.131578947368421,Sheffield United,1.0,,,same_team_copy_old,Premier League,0.0,0.6052631578947368,-1.131578947368421,0,0.0,0.0,0.0,john lundstram,sheffield utd,STABLE_BIG5_REVIEW,0.8003588516746412
Josh Murphy,eng ENG,Cardiff City,Premier League,2018-2019,2019-2020,"MF,FW",FW,23.0,False,22.0,1817.0,3.0,2.0,3.0,0.0,0.0,0.1485965877820583,0.0990643918547055,0.2476609796367639,0.0,0,2018,2019,18172,josh murphy,cardiff city,199528.0,exact_normalized_unique,A,2019-08-09,2019-08-08,duckdb_big5_first_game,no_summer_event,0,0,,Cardiff City,Premier League,England,0,0,0,,,,,,,,,,,,,,,0,cardiff city,0,1,0,0,0,0,,,,,0,0,,,10000000.0,2019-06-13,10000000.0,8000000.0,2018-12-19,8000000.0,1500000.0,2018-02-27,1500000.0,10000000.0,historical_valuation,1,16.118095750958314,8000000.0,1500000.0,2000000.0,8500000.0,0.25,5.666666666666667,10000000.0,1.0,56.0,0.5215231788079471,1.0,Cardiff,0.1052631578947368,0.8947368421052632,-0.9210526315789472,Cardiff,1.0,,,same_team_copy_old,Premier League,0.1052631578947368,0.8947368421052632,-0.9210526315789472,0,0.0,0.0,0.0,josh murphy,cardiff city,STABLE_BIG5_REVIEW,0.7998803827751195
Lucas Gourna-Douath,fr FRA,Saint-Étienne,Ligue 1,2021-2022,2022-2023,MF,MF,17.0,False,20.0,1804.0,1.0,0.0,1.0,0.0,0.0,0.0498891352549889,0.0,0.0498891352549889,0.0,0,2021,2022,21065,lucas gourna douath,saint etienne,620313.0,exact_normalized_unique,A,2022-08-05,2022-08-04,duckdb_big5_first_game,no_summer_event,0,0,,Saint-Étienne,Ligue 1,France,0,0,0,,,,,,,,,,,,,,,0,saint etienne,0,1,0,0,0,0,,,,,0,0,,,10000000.0,2022-05-30,12000000.0,10000000.0,2021-12-16,12000000.0,12000000.0,2021-06-04,12000000.0,10000000.0,historical_valuation,1,16.118095750958314,10000000.0,12000000.0,0.0,-2000000.0,0.0,-0.1666666666666666,12000000.0,0.8333333333333334,66.0,0.5150289017341041,1.1764705882352942,St Etienne,0.1052631578947368,0.8421052631578947,-0.9210526315789472,St Etienne,1.0,,,same_team_copy_old,Ligue 1,0.1052631578947368,0.8421052631578947,-0.9210526315789472,0,0.0,0.0,0.0,lucas gourna douath,saint etienne,STABLE_BIG5_REVIEW,0.7989234449760765
Shon Weissman,il ISR,Valladolid,La Liga,2020-2021,2021-2022,FW,FW,24.0,False,24.0,2133.0,6.0,1.0,6.0,0.0,0.0,0.2531645569620253,0.0421940928270042,0.2953586497890295,0.0,0,2020,2021,20446,shon weissman,valladolid,247652.0,exact_normalized_unique,A,2021-08-06,2021-08-05,duckdb_big5_first_game,no_summer_event,0,0,,Valladolid,La Liga,Spain,0,0,0,,,,,,,,,,,,,,,0,valladolid,0,1,0,0,0,0,,,,,0,0,,,6000000.0,2021-06-10,6000000.0,6000000.0,2021-01-05,6000000.0,6000000.0,2020-07-22,6000000.0,6000000.0,historical_valuation,1,15.607270193858982,6000000.0,6000000.0,0.0,0.0,0.0,0.0,6000000.0,1.0,56.0,0.3872387238723872,0.6,Valladolid,0.0526315789473684,0.8157894736842105,-0.6052631578947368,Valladolid,1.0,,,same_team_copy_old,La Liga,0.0526315789473684,0.8157894736842105,-0.6052631578947368,0,0.0,0.0,0.0,shon weissman,valladolid,STABLE_BIG5_REVIEW,0.7986842105263158
Daniel Boloca,ROU,Sassuolo,Serie A,2023-2024,2024-2025,MF,MF,24.0,False,23.0,2022.0,1.0,0.0,1.0,0.0,0.0,0.0445103857566765,0.0,0.0445103857566765,0.0,0,2023,2024,22613,daniel boloca,sassuolo,441515.0,exact_normalized_unique,A,2024-08-15,2024-08-14,duckdb_big5_first_game,no_summer_event,0,0,,Sassuolo,Serie A,Italy,0,0,0,,,,,,,,,,,,,,,0,sassuolo,0,1,0,0,0,0,,,,,0,0,,,7000000.0,2024-06-05,10000000.0,10000000.0,2023-12-20,10000000.0,3500000.0,2023-06-12,3500000.0,7000000.0,historical_valuation,1,15.76142084987672,10000000.0,3500000.0,-3000000.0,3500000.0,-0.3,1.0,10000000.0,0.7,70.0,0.3967517401392111,0.875,Sassuolo,0.0526315789473684,0.7894736842105263,-0.8421052631578947,Sassuolo,1.0,,,same_team_copy_old,Serie A,0.0526315789473684,0.7894736842105263,-0.8421052631578947,0,0.0,0.0,0.0,daniel boloca,sassuolo,STABLE_BIG5_REVIEW,0.7982057416267943
Grzegorz Krychowiak,pl POL,West Brom,Premier League,2017-2018,2018-2019,MF,MF,27.0,False,20.0,1641.0,0.0,2.0,0.0,0.0,0.0,0.0,0.1096892138939671,0.1096892138939671,0.0,0,2017,2018,17110,grzegorz krychowiak,west brom,45184.0,exact_normalized_unique,A,2018-08-10,2018-08-09,duckdb_big5_first_game,no_confirmed_pre_cutoff_event,0,0,,West Brom,Premier League,England,0,0,0,,,,,,,,,,,,,,,0,west brom,0,1,0,0,0,0,,,,,0,0,,,18000000.0,2018-05-28,30000000.0,20000000.0,2018-01-02,30000000.0,25000000.0,2017-06-01,30000000.0,18000000.0,historical_valuation,1,16.705882371415992,20000000.0,25000000.0,-2000000.0,-7000000.0,-0.0999999999999999,-0.28,30000000.0,0.6,73.0,0.7632450331125827,3.0,West Brom,0.0,0.8157894736842105,-0.6578947368421053,West Brom,1.0,,,same_team_copy_old,Premier League,0.0,0.8157894736842105,-0.6578947368421053,0,0.0,0.0,0.0,grzegorz krychowiak,west brom,STABLE_BIG5_REVIEW,0.7976076555023923
Harry Wilson,wls WAL,Bournemouth,Premier League,2019-2020,2020-2021,"MF,FW",FW,22.0,False,20.0,1646.0,7.0,0.0,7.0,0.0,0.0,0.3827460510328068,0.0,0.3827460510328068,0.0,0,2019,2020,19009,harry wilson,bournemouth,279455.0,exact_normalized_unique,A,2020-08-21,2020-08-20,duckdb_big5_first_game,no_confirmed_pre_cutoff_event,0,0,,Bournemouth,Premier League,England,0,0,0,,,,,,,,,,,,,,,0,bournemouth,0,1,0,0,0,0,,,,,0,0,,,17500000.0,2020-04-08,25000000.0,25000000.0,2019-12-10,25000000.0,12000000.0,2019-06-13,12000000.0,17500000.0,historical_valuation,1,16.677711496036597,25000000.0,12000000.0,-7500000.0,5500000.0,-0.3,0.4583333333333332,25000000.0,0.7,134.0,0.6956018518518519,1.5909090909090908,Bournemouth,0.1052631578947368,0.8947368421052632,-0.6578947368421053,Bournemouth,1.0,,,same_team_copy_old,Premier League,0.1052631578947368,0.8947368421052632,-0.6578947368421053,0,0.0,0.0,0.0,harry wilson,bournemouth,STABLE_BIG5_REVIEW,0.7968899521531101
Steve Mounié,bj BEN,Huddersfield,Premier League,2018-2019,2019-2020,FW,FW,23.0,False,19.0,1778.0,2.0,3.0,2.0,0.0,0.0,0.1012373453318335,0.1518560179977502,0.2530933633295837,0.0,0,2018,2019,18597,steve mounie,huddersfield,238639.0,exact_normalized_unique,A,2019-08-09,2019-08-08,duckdb_big5_first_game,no_summer_event,0,0,,Huddersfield,Premier League,England,0,0,0,,,,,,,,,,,,,,,0,huddersfield,0,1,0,0,0,0,,,,,0,0,,,10000000.0,2019-06-13,10000000.0,10000000.0,2018-12-19,10000000.0,10000000.0,2018-05-28,10000000.0,10000000.0,historical_valuation,1,16.118095750958314,10000000.0,10000000.0,0.0,0.0,0.0,0.0,10000000.0,1.0,56.0,0.5215231788079471,1.0,Huddersfield,0.0,0.4210526315789473,-1.4210526315789471,Huddersfield,1.0,,,same_team_copy_old,Premier League,0.0,0.4210526315789473,-1.4210526315789471,0,0.0,0.0,0.0,steve mounie,huddersfield,STABLE_BIG5_REVIEW,0.795334928229665
Jorge de Frutos,es ESP,Levante,La Liga,2021-2022,2022-2023,"MF,FW",FW,24.0,False,20.0,1760.0,4.0,7.0,4.0,0.0,0.0,0.2045454545454545,0.3579545454545454,0.5625,0.0,0,2021,2022,20984,jorge de frutos,levante,455181.0,exact_normalized_unique,A,2022-08-05,2022-08-04,duckdb_big5_first_game,no_summer_event,0,0,,Levante,La Liga,Spain,0,0,0,,,,,,,,,,,,,,,0,levante,0,1,0,0,0,0,,,,,0,0,,,10000000.0,2022-06-03,15000000.0,12000000.0,2021-12-30,15000000.0,15000000.0,2021-06-10,15000000.0,10000000.0,historical_valuation,1,16.118095750958314,12000000.0,15000000.0,-2000000.0,-5000000.0,-0.1666666666666666,-0.3333333333333333,15000000.0,0.6666666666666666,62.0,0.5150289017341041,0.8695652173913043,Levante,0.0526315789473684,0.9210526315789472,-0.6578947368421053,Levante,1.0,,,same_team_copy_old,La Liga,0.0526315789473684,0.9210526315789472,-0.6578947368421053,0,0.0,0.0,0.0,jorge de frutos,levante,STABLE_BIG5_REVIEW,0.792224880382775
Sebastian Vasiliadis,gr GRE,Paderborn 07,Bundesliga,2019-2020,2020-2021,MF,MF,21.0,False,32.0,2808.0,1.0,1.0,1.0,0.0,0.0,0.032051282051282,0.032051282051282,0.0641025641025641,0.0,0,2019,2020,19473,sebastian vasiliadis,paderborn 07,333516.0,exact_normalized_unique,A,2020-08-21,2020-08-20,duckdb_big5_first_game,no_summer_event,0,0,,Paderborn 07,Bundesliga,Germany,0,0,0,,,,,,,,,,,,,,,0,paderborn 07,0,1,0,0,0,0,,,,,0,0,,,3200000.0,2020-04-08,4000000.0,4000000.0,2019-12-17,4000000.0,3500000.0,2019-06-12,3500000.0,3200000.0,historical_valuation,1,14.978661680269909,4000000.0,3500000.0,-800000.0,-300000.0,-0.1999999999999999,-0.0857142857142857,4000000.0,0.8,134.0,0.214699074074074,0.4266666666666667,Paderborn,0.0,0.5882352941176471,-1.088235294117647,Paderborn,1.0,,,same_team_copy_old,Bundesliga,0.0,0.5882352941176471,-1.088235294117647,0,0.0,0.0,0.0,sebastian vasiliadis,paderborn 07,STABLE_BIG5_REVIEW,0.7921052631578946
Jakub Moder,pl POL,Brighton,Premier League,2021-2022,2022-2023,MF,MF,22.0,False,19.0,1701.0,0.0,3.0,0.0,0.0,0.0,0.0,0.1587301587301587,0.1587301587301587,0.0,0,2021,2022,20925,jakub moder,brighton,384461.0,exact_normalized_unique,A,2022-08-05,2022-08-04,duckdb_big5_first_game,no_summer_event,0,0,,Brighton,Premier League,England,0,0,0,,,,,,,,,,,,,,,0,brighton,0,1,0,0,0,0,,,,,0,0,,,12000000.0,2022-06-15,12000000.0,10000000.0,2021-12-23,10000000.0,10000000.0,2021-05-31,10000000.0,12000000.0,historical_valuation,1,16.300417291085605,10000000.0,10000000.0,2000000.0,2000000.0,0.1999999999999999,0.1999999999999999,12000000.0,1.0,50.0,0.5572254335260116,1.411764705882353,Brighton,0.5789473684210527,1.3421052631578947,-0.0526315789473684,Brighton,1.0,,,same_team_copy_old,Premier League,0.5789473684210527,1.3421052631578947,-0.0526315789473684,0,0.0,0.0,0.0,jakub moder,brighton,STABLE_BIG5_REVIEW,0.7915071770334927
Harry Arter,ie IRL,Cardiff City,Premier League,2018-2019,2019-2020,MF,MF,28.0,False,24.0,1997.0,0.0,1.0,0.0,0.0,0.0,0.0,0.0450676014021031,0.0450676014021031,0.0,0,2018,2019,18060,harry arter,cardiff city,55742.0,exact_normalized_unique,A,2019-08-09,2019-08-08,duckdb_big5_first_game,no_confirmed_pre_cutoff_event,0,0,,Cardiff City,Premier League,England,0,0,1,,,,,,,,,,,,,,,0,cardiff city,0,1,0,0,0,0,,,,,0,0,,,7000000.0,2019-06-13,7000000.0,7000000.0,2018-12-19,7000000.0,7000000.0,2018-05-28,7000000.0,7000000.0,historical_valuation,1,15.76142084987672,7000000.0,7000000.0,0.0,0.0,0.0,0.0,7000000.0,1.0,56.0,0.4094922737306843,0.875,Cardiff,0.1052631578947368,0.8947368421052632,-0.9210526315789472,Cardiff,1.0,,,same_team_copy_old,Premier League,0.1052631578947368,0.8947368421052632,-0.9210526315789472,0,0.0,0.0,0.0,harry arter,cardiff city,STABLE_BIG5_REVIEW,0.7905502392344497
Oliver Norwood,nir NIR,Sheffield Utd,Premier League,2020-2021,2021-2022,MF,MF,29.0,False,26.0,2220.0,0.0,0.0,0.0,0.0,0.0,0.0,0.0,0.0,0.0,0,2020,2021,20286,oliver norwood,sheffield utd,73547.0,exact_normalized_unique,A,2021-08-06,2021-08-05,duckdb_big5_first_game,no_summer_event,0,0,,Sheffield Utd,Premier League,England,0,0,0,,,,,,,,,,,,,,,0,sheffield utd,0,1,0,0,0,0,,,,,0,0,,,5000000.0,2021-06-08,9000000.0,7000000.0,2020-12-17,9000000.0,9000000.0,2020-07-30,9000000.0,5000000.0,historical_valuation,1,15.424948670398354,7000000.0,9000000.0,-2000000.0,-4000000.0,-0.2857142857142857,-0.4444444444444444,9000000.0,0.5555555555555556,58.0,0.3399339933993399,0.625,Sheffield United,0.0,0.6052631578947368,-1.131578947368421,Sheffield United,1.0,,,same_team_copy_old,Premier League,0.0,0.6052631578947368,-1.131578947368421,0,0.0,0.0,0.0,oliver norwood,sheffield utd,STABLE_BIG5_REVIEW,0.7901913875598086
Charles Pickel,cd COD,Cremonese,Serie A,2022-2023,2023-2024,MF,MF,25.0,False,30.0,2483.0,1.0,0.0,1.0,0.0,0.0,0.0362464760370519,0.0,0.0362464760370519,0.0,0,2022,2023,21638,charles pickel,cremonese,243879.0,exact_normalized_unique,A,2023-08-11,2023-08-10,duckdb_big5_first_game,no_summer_event,0,0,,Cremonese,Serie A,Italy,0,0,0,,,,,,,,,,,,,,,0,cremonese,0,1,0,0,0,0,,,,,0,0,,,3800000.0,2023-06-15,3800000.0,3800000.0,2022-11-11,3800000.0,2500000.0,2022-05-31,2500000.0,3800000.0,historical_valuation,1,15.150511887854474,3800000.0,2500000.0,0.0,1300000.0,0.0,0.52,3800000.0,1.0,56.0,0.245164960182025,0.475,Cremonese,0.0526315789473684,0.7105263157894737,-0.868421052631579,Cremonese,1.0,,,same_team_copy_old,Serie A,0.0526315789473684,0.7105263157894737,-0.868421052631579,0,0.0,0.0,0.0,charles pickel,cremonese,STABLE_BIG5_REVIEW,0.7870813397129187
Luis Rioja,es ESP,Alavés,La Liga,2021-2022,2022-2023,"MF,FW",FW,27.0,False,36.0,3111.0,1.0,3.0,1.0,0.0,0.0,0.0289296046287367,0.0867888138862102,0.1157184185149469,0.0,0,2021,2022,21083,luis rioja,alaves,278837.0,exact_normalized_unique,A,2022-08-05,2022-08-04,duckdb_big5_first_game,no_summer_event,0,0,,Alavés,La Liga,Spain,0,0,0,,,,,,,,,,,,,,,0,alaves,0,1,0,0,0,0,,,,,0,0,,,3000000.0,2022-06-03,3000000.0,3000000.0,2021-12-30,3000000.0,3000000.0,2021-06-10,3000000.0,3000000.0,historical_valuation,1,14.914123179965662,3000000.0,3000000.0,0.0,0.0,0.0,0.0,3000000.0,1.0,62.0,0.2086705202312138,0.2608695652173913,Alaves,0.0,0.8157894736842105,-0.8947368421052632,Alaves,1.0,,,same_team_copy_old,La Liga,0.0,0.8157894736842105,-0.8947368421052632,0,0.0,0.0,0.0,luis rioja,alaves,STABLE_BIG5_REVIEW,0.7850478468899522
Tammy Abraham,eng ENG,Swansea City,Premier League,2017-2018,2018-2019,FW,FW,19.0,False,15.0,1726.0,5.0,1.0,5.0,0.0,0.0,0.2607184241019699,0.0521436848203939,0.3128621089223638,0.0,0,2017,2018,17645,tammy abraham,swansea city,331726.0,exact_normalized_unique,A,2018-08-10,2018-08-09,duckdb_big5_first_game,no_confirmed_pre_cutoff_event,0,0,,Swansea City,Premier League,England,0,0,0,,,,,,,,,,,,,,,0,swansea city,0,1,0,0,0,0,,,,,0,0,,,10000000.0,2018-05-28,10000000.0,10000000.0,2018-01-02,10000000.0,8000000.0,2017-06-28,8000000.0,10000000.0,historical_valuation,1,16.118095750958314,10000000.0,8000000.0,0.0,2000000.0,0.0,0.25,10000000.0,1.0,73.0,0.6280353200883002,1.3333333333333333,Swansea,0.1052631578947368,0.868421052631579,-0.7368421052631579,Swansea,1.0,,,same_team_copy_old,Premier League,0.1052631578947368,0.868421052631579,-0.7368421052631579,0,0.0,0.0,0.0,tammy abraham,swansea city,STABLE_BIG5_REVIEW,0.7850478468899521
Nicolò Zaniolo,it ITA,Roma,Serie A,2019-2020,2020-2021,"FW,MF",FW,20.0,False,16.0,1503.0,6.0,2.0,6.0,0.0,0.0,0.3592814371257484,0.1197604790419161,0.4790419161676646,0.0,0,2019,2020,19333,nicolo zaniolo,roma,392085.0,exact_normalized_unique,A,2020-08-21,2020-08-20,duckdb_big5_first_game,no_summer_event,0,0,,Roma,Serie A,Italy,0,0,0,,,,,,,,,,,,,,,0,roma,0,1,0,0,0,0,,,,,0,0,,,45000000.0,2020-04-08,50000000.0,50000000.0,2019-12-12,50000000.0,40000000.0,2019-06-06,40000000.0,45000000.0,historical_valuation,1,17.622173069956816,50000000.0,40000000.0,-5000000.0,5000000.0,-0.0999999999999999,0.125,50000000.0,0.9,134.0,0.9189814814814816,4.090909090909091,Roma,0.7894736842105263,1.8421052631578947,0.6842105263157895,Roma,1.0,,,same_team_copy_old,Serie A,0.7894736842105263,1.8421052631578947,0.6842105263157895,0,0.0,0.0,0.0,nicolo zaniolo,roma,STABLE_BIG5_REVIEW,0.7844497607655502
Antonio Puertas,es ESP,Granada,La Liga,2021-2022,2022-2023,"MF,FW",FW,29.0,False,25.0,2261.0,6.0,1.0,6.0,0.0,0.0,0.2388323750552853,0.0398053958425475,0.2786377708978328,0.0,0,2021,2022,20632,antonio puertas,granada,262365.0,exact_normalized_unique,A,2022-08-05,2022-08-04,duckdb_big5_first_game,no_summer_event,0,0,,Granada,La Liga,Spain,0,0,0,,,,,,,,,,,,,,,0,granada,0,1,0,0,0,0,,,,,0,0,,,4500000.0,2022-06-03,7500000.0,4500000.0,2021-12-30,7500000.0,5000000.0,2021-06-10,7500000.0,4500000.0,historical_valuation,1,15.319588176962746,4500000.0,5000000.0,0.0,-500000.0,0.0,-0.0999999999999999,7500000.0,0.6,62.0,0.3052023121387283,0.391304347826087,Granada,0.1052631578947368,1.0,-0.4473684210526316,Granada,1.0,,,same_team_copy_old,La Liga,0.1052631578947368,1.0,-0.4473684210526316,0,0.0,0.0,0.0,antonio puertas,granada,STABLE_BIG5_REVIEW,0.783732057416268
Rony Lopes,pt POR,Troyes,Ligue 1,2022-2023,2023-2024,"MF,FW",FW,26.0,False,29.0,2346.0,7.0,5.0,7.0,0.0,0.0,0.268542199488491,0.1918158567774936,0.4603580562659847,0.0,0,2022,2023,22275,rony lopes,troyes,174694.0,exact_normalized_unique,A,2023-08-11,2023-08-10,duckdb_big5_first_game,no_confirmed_pre_cutoff_event,0,0,,Troyes,Ligue 1,France,0,0,1,,,,,,,,,,,,,,,0,troyes,0,1,0,0,0,0,,,,,0,0,,,4000000.0,2023-06-27,28000000.0,4000000.0,2022-11-02,28000000.0,4000000.0,2022-06-09,28000000.0,4000000.0,historical_valuation,1,15.201805169084134,4000000.0,4000000.0,0.0,0.0,0.0,0.0,28000000.0,0.1428571428571428,44.0,0.2707622298065984,0.3636363636363636,Troyes,0.0526315789473684,0.631578947368421,-0.9473684210526316,Troyes,1.0,,,same_team_copy_old,Ligue 1,0.0526315789473684,0.631578947368421,-0.9473684210526316,0,0.0,0.0,0.0,rony lopes,troyes,STABLE_BIG5_REVIEW,0.7831339712918661
Harry Winks,eng ENG,Sampdoria,Serie A,2022-2023,2023-2024,MF,MF,26.0,False,19.0,1716.0,0.0,0.0,0.0,0.0,0.0,0.0,0.0,0.0,0.0,0,2022,2023,21835,harry winks,sampdoria,249126.0,exact_normalized_unique,A,2023-08-11,2023-08-10,duckdb_big5_first_game,no_confirmed_pre_cutoff_event,0,0,,Sampdoria,Serie A,Italy,0,0,1,,,,,,,,,,,,,,,0,sampdoria,0,1,0,0,0,0,,,,,0,0,,,10000000.0,2023-06-15,40000000.0,12000000.0,2022-11-11,40000000.0,15000000.0,2022-06-15,40000000.0,10000000.0,historical_valuation,1,16.118095750958314,12000000.0,15000000.0,-2000000.0,-5000000.0,-0.1666666666666666,-0.3333333333333333,40000000.0,0.25,56.0,0.5233219567690558,1.25,Sampdoria,0.0,0.5,-1.236842105263158,Sampdoria,1.0,,,same_team_copy_old,Serie A,0.0,0.5,-1.236842105263158,0,0.0,0.0,0.0,harry winks,sampdoria,STABLE_BIG5_REVIEW,0.7828947368421052
Dominic Solanke,eng ENG,Bournemouth,Premier League,2019-2020,2020-2021,FW,FW,21.0,False,17.0,1651.0,3.0,1.0,3.0,0.0,0.0,0.1635372501514234,0.0545124167171411,0.2180496668685645,0.0,0,2019,2020,18894,dominic solanke,bournemouth,258889.0,exact_normalized_unique,A,2020-08-21,2020-08-20,duckdb_big5_first_game,no_summer_event,0,0,,Bournemouth,Premier League,England,0,0,0,,,,,,,,,,,,,,,0,bournemouth,0,1,0,0,0,0,,,,,0,0,,,12000000.0,2020-04-08,18000000.0,15000000.0,2019-12-10,18000000.0,18000000.0,2019-06-13,18000000.0,12000000.0,historical_valuation,1,16.300417291085605,15000000.0,18000000.0,-3000000.0,-6000000.0,-0.1999999999999999,-0.3333333333333333,18000000.0,0.6666666666666666,134.0,0.5752314814814815,1.0909090909090908,Bournemouth,0.1052631578947368,0.8947368421052632,-0.6578947368421053,Bournemouth,1.0,,,same_team_copy_old,Premier League,0.1052631578947368,0.8947368421052632,-0.6578947368421053,0,0.0,0.0,0.0,dominic solanke,bournemouth,STABLE_BIG5_REVIEW,0.7788277511961722
Mamadou Loum,sn SEN,Alavés,La Liga,2021-2022,2022-2023,MF,MF,24.0,False,26.0,2312.0,2.0,0.0,2.0,0.0,0.0,0.0778546712802768,0.0,0.0778546712802768,0.0,0,2021,2022,21093,mamadou loum,alaves,364237.0,exact_normalized_unique,A,2022-08-05,2022-08-04,duckdb_big5_first_game,no_summer_event,0,0,,Alavés,La Liga,Spain,0,0,0,,,,,,,,,,,,,,,0,alaves,0,1,0,0,0,0,,,,,0,0,,,4000000.0,2022-06-03,5000000.0,4000000.0,2021-12-30,5000000.0,2500000.0,2021-05-21,5000000.0,4000000.0,historical_valuation,1,15.201805169084134,4000000.0,2500000.0,0.0,1500000.0,0.0,0.6000000000000001,5000000.0,0.8,62.0,0.2774566473988439,0.4705882352941176,Alaves,0.0,0.8157894736842105,-0.8947368421052632,Alaves,1.0,,,same_team_copy_old,La Liga,0.0,0.8157894736842105,-0.8947368421052632,0,0.0,0.0,0.0,mamadou loum,alaves,STABLE_BIG5_REVIEW,0.7769138755980862
Benjamin Moukandjo,cm CMR,Lorient,Ligue 1,2016-2017,2017-2018,"FW,MF",FW,27.0,False,24.0,1999.0,13.0,1.0,10.0,3.0,3.0,0.5852926463231616,0.0450225112556278,0.6303151575787894,0.0,0,2016,2017,15902,benjamin moukandjo,lorient,59957.0,exact_normalized_unique,A,2017-08-04,2017-08-03,duckdb_big5_first_game,no_summer_event,0,0,,Lorient,Ligue 1,France,0,0,0,,,,,,,,,,,,,,,0,lorient,0,1,0,0,0,0,,,,,0,0,,,6000000.0,2017-06-01,6000000.0,5750000.0,2017-01-16,5750000.0,4500000.0,2016-07-13,4500000.0,6000000.0,historical_valuation,1,15.607270193858982,5750000.0,4500000.0,250000.0,1500000.0,0.0434782608695651,0.3333333333333332,6000000.0,1.0,63.0,0.5523255813953488,0.8571428571428571,Lorient,0.1052631578947368,0.9473684210526316,-0.6842105263157895,Lorient,1.0,,,same_team_copy_old,Ligue 1,0.1052631578947368,0.9473684210526316,-0.6842105263157895,0,0.0,0.0,0.0,benjamin moukandjo,lorient,STABLE_BIG5_REVIEW,0.7761961722488038
André Schürrle,de GER,Fulham,Premier League,2018-2019,2019-2020,"FW,MF",FW,27.0,False,21.0,1641.0,6.0,0.0,6.0,0.0,0.0,0.3290676416819013,0.0,0.3290676416819013,0.0,0,2018,2019,17788,andre schurrle,fulham,58205.0,exact_normalized_unique,A,2019-08-09,2019-08-08,duckdb_big5_first_game,no_confirmed_pre_cutoff_event,0,0,,Fulham,Premier League,England,0,0,0,,,,,,,,,,,,,,,0,fulham,0,1,0,0,0,0,,,,,0,0,,,12000000.0,2019-06-13,30000000.0,15000000.0,2018-12-19,30000000.0,15000000.0,2018-06-05,30000000.0,12000000.0,historical_valuation,1,16.300417291085605,15000000.0,15000000.0,-3000000.0,-3000000.0,-0.1999999999999999,-0.1999999999999999,30000000.0,0.4,56.0,0.5750551876379691,1.2,Fulham,0.0526315789473684,0.6842105263157895,-1.236842105263158,Fulham,1.0,,,same_team_copy_old,Premier League,0.0526315789473684,0.6842105263157895,-1.236842105263158,0,0.0,0.0,0.0,andre schurrle,fulham,STABLE_BIG5_REVIEW,0.7757177033492823
Laurent Abergel,FRA,Lorient,Ligue 1,2023-2024,2024-2025,MF,MF,30.0,False,32.0,2860.0,2.0,1.0,2.0,0.0,0.0,0.0629370629370629,0.0314685314685314,0.0944055944055944,0.0,0,2023,2024,22923,laurent abergel,lorient,238626.0,exact_normalized_unique,A,2024-08-15,2024-08-14,duckdb_big5_first_game,no_summer_event,0,0,,Lorient,Ligue 1,France,0,0,0,,,,,,,,,,,,,,,0,lorient,0,1,0,0,0,0,,,,,0,0,,,3000000.0,2024-06-03,3000000.0,3000000.0,2023-12-18,3000000.0,3000000.0,2023-06-27,3000000.0,3000000.0,historical_valuation,1,14.914123179965662,3000000.0,3000000.0,0.0,0.0,0.0,0.0,3000000.0,1.0,72.0,0.1751740139211137,0.375,Lorient,0.1176470588235294,0.8529411764705882,-0.6764705882352942,Lorient,1.0,,,same_team_copy_old,Ligue 1,0.1176470588235294,0.8529411764705882,-0.6764705882352942,0,0.0,0.0,0.0,laurent abergel,lorient,STABLE_BIG5_REVIEW,0.775
Celso Borges,cr CRC,La Coruña,La Liga,2017-2018,2018-2019,MF,MF,29.0,False,26.0,2300.0,3.0,3.0,3.0,0.0,0.0,0.1173913043478261,0.1173913043478261,0.2347826086956522,0.0,0,2017,2018,16913,celso borges,la coruna,81532.0,exact_normalized_unique,A,2018-08-10,2018-08-09,duckdb_big5_first_game,no_summer_event,0,0,,La Coruña,La Liga,Spain,0,0,0,,,,,,,,,,,,,,,0,la coruna,0,1,0,0,0,0,,,,,0,0,,,4000000.0,2018-05-30,5000000.0,5000000.0,2018-01-01,5000000.0,5000000.0,2017-06-05,5000000.0,4000000.0,historical_valuation,1,15.201805169084134,5000000.0,5000000.0,-1000000.0,-1000000.0,-0.1999999999999999,-0.1999999999999999,5000000.0,0.8,71.0,0.3449227373068432,0.6666666666666666,La Coruna,0.1052631578947368,0.7631578947368421,-1.0,La Coruna,1.0,,,same_team_copy_old,La Liga,0.1052631578947368,0.7631578947368421,-1.0,0,0.0,0.0,0.0,celso borges,la coruna,STABLE_BIG5_REVIEW,0.7745215311004785
Batista Mendy,fr FRA,Angers,Ligue 1,2022-2023,2023-2024,"MF,DF",MF,22.0,False,35.0,2859.0,0.0,0.0,0.0,0.0,0.0,0.0,0.0,0.0,0.0,0,2022,2023,21595,batista mendy,angers,395234.0,exact_normalized_unique,A,2023-08-11,2023-08-10,duckdb_big5_first_game,no_summer_event,0,0,,Angers,Ligue 1,France,0,0,0,,,,,,,,,,,,,,,0,angers,0,1,0,0,0,0,,,,,0,0,,,3000000.0,2023-06-27,3000000.0,3000000.0,2022-11-02,3000000.0,3000000.0,2022-05-30,3000000.0,3000000.0,historical_valuation,1,14.914123179965662,3000000.0,3000000.0,0.0,0.0,0.0,0.0,3000000.0,1.0,44.0,0.2042093287827076,0.375,Angers,0.0,0.4736842105263157,-1.263157894736842,Angers,1.0,,,same_team_copy_old,Ligue 1,0.0,0.4736842105263157,-1.263157894736842,0,0.0,0.0,0.0,batista mendy,angers,STABLE_BIG5_REVIEW,0.7745215311004785
Tahith Chong,CUW,Luton Town,Premier League,2023-2024,2024-2025,"MF,FW",FW,23.0,False,20.0,1982.0,4.0,0.0,4.0,0.0,0.0,0.1816347124117053,0.0,0.1816347124117053,0.0,0,2023,2024,23263,tahith chong,luton town,344830.0,exact_normalized_unique,A,2024-08-15,2024-08-14,duckdb_big5_first_game,no_summer_event,0,0,,Luton Town,Premier League,England,0,0,0,,,,,,,,,,,,,,,0,luton town,0,1,0,0,0,0,,,,,0,0,,,6000000.0,2024-05-27,7000000.0,4500000.0,2023-12-19,7000000.0,3200000.0,2023-06-01,7000000.0,6000000.0,historical_valuation,1,15.607270193858982,4500000.0,3200000.0,1500000.0,2800000.0,0.3333333333333332,0.875,7000000.0,0.8571428571428571,79.0,0.3544083526682134,0.5,Luton,0.1052631578947368,0.6842105263157895,-0.868421052631579,Luton,1.0,,,same_team_copy_old,Premier League,0.1052631578947368,0.6842105263157895,-0.868421052631579,0,0.0,0.0,0.0,tahith chong,luton town,STABLE_BIG5_REVIEW,0.772846889952153
Edu Expósito,es ESP,Eibar,La Liga,2020-2021,2021-2022,MF,MF,23.0,False,27.0,2455.0,0.0,3.0,0.0,0.0,2.0,0.0,0.109979633401222,0.109979633401222,0.0,0,2020,2021,19821,edu exposito,eibar,506248.0,exact_normalized_unique,A,2021-08-06,2021-08-05,duckdb_big5_first_game,no_summer_event,0,0,,Eibar,La Liga,Spain,0,0,0,,,,,,,,,,,,,,,0,eibar,0,1,0,0,0,0,,,,,0,0,,,3500000.0,2021-06-10,4000000.0,4000000.0,2021-01-05,4000000.0,3200000.0,2020-04-08,4000000.0,3500000.0,historical_valuation,1,15.068273812173889,4000000.0,3200000.0,-500000.0,300000.0,-0.125,0.09375,4000000.0,0.875,56.0,0.2409240924092409,0.4375,Eibar,0.0,0.7894736842105263,-0.6052631578947368,Eibar,1.0,,,same_team_copy_old,La Liga,0.0,0.7894736842105263,-0.6052631578947368,0,0.0,0.0,0.0,edu exposito,eibar,STABLE_BIG5_REVIEW,0.7723684210526316
Adam Clayton,eng ENG,Middlesbrough,Premier League,2016-2017,2017-2018,MF,MF,27.0,False,32.0,2804.0,0.0,2.0,0.0,0.0,0.0,0.0,0.0641940085592011,0.0641940085592011,0.0,0,2016,2017,15788,adam clayton,middlesbrough,73067.0,exact_normalized_unique,A,2017-08-04,2017-08-03,duckdb_big5_first_game,no_summer_event,0,0,,Middlesbrough,Premier League,England,0,0,0,,,,,,,,,,,,,,,0,middlesbrough,0,1,0,0,0,0,,,,,0,0,,,3000000.0,2017-06-28,3000000.0,2500000.0,2016-08-01,2500000.0,2500000.0,2016-08-01,2500000.0,3000000.0,historical_valuation,1,14.914123179965662,2500000.0,2500000.0,500000.0,500000.0,0.1999999999999999,0.1999999999999999,3000000.0,1.0,36.0,0.3340380549682875,0.75,Middlesbrough,0.0526315789473684,0.7368421052631579,-0.6842105263157895,Middlesbrough,1.0,,,same_team_copy_old,Premier League,0.0526315789473684,0.7368421052631579,-0.6842105263157895,0,0.0,0.0,0.0,adam clayton,middlesbrough,STABLE_BIG5_REVIEW,0.7711722488038277
Thiago Mendes,br BRA,Lyon,Ligue 1,2022-2023,2023-2024,"MF,DF",MF,30.0,False,22.0,2063.0,1.0,1.0,1.0,0.0,0.0,0.0436257876878332,0.0436257876878332,0.0872515753756665,0.0,0,2022,2023,22360,thiago mendes,lyon,135617.0,exact_normalized_unique,A,2023-08-11,2023-08-10,duckdb_big5_first_game,no_confirmed_pre_cutoff_event,0,0,,Lyon,Ligue 1,France,0,0,1,,,,,,,,,,,,,,,0,lyon,0,1,0,0,0,0,,,,,0,0,,,5000000.0,2023-06-27,25000000.0,8000000.0,2022-11-02,25000000.0,9000000.0,2022-05-30,25000000.0,5000000.0,historical_valuation,1,15.424948670398354,8000000.0,9000000.0,-3000000.0,-4000000.0,-0.375,-0.4444444444444444,25000000.0,0.2,44.0,0.3270762229806598,0.625,Lyon,0.6842105263157895,1.631578947368421,0.4736842105263157,Lyon,1.0,,,same_team_copy_old,Ligue 1,0.6842105263157895,1.631578947368421,0.4736842105263157,0,0.0,0.0,0.0,thiago mendes,lyon,STABLE_BIG5_REVIEW,0.7696172248803828
Enzo Crivelli,fr FRA,Caen,Ligue 1,2018-2019,2019-2020,FW,FW,23.0,False,28.0,2260.0,6.0,1.0,6.0,0.0,0.0,0.2389380530973451,0.0398230088495575,0.2787610619469026,0.0,0,2018,2019,17972,enzo crivelli,caen,291110.0,exact_normalized_unique,A,2019-08-09,2019-08-08,duckdb_big5_first_game,no_summer_event,0,0,,Caen,Ligue 1,France,0,0,0,,,,,,,,,,,,,,,0,caen,0,1,0,0,0,0,,,,,0,0,,,4000000.0,2019-06-03,4000000.0,4000000.0,2018-12-17,4000000.0,4000000.0,2018-06-04,4000000.0,4000000.0,historical_valuation,1,15.201805169084134,4000000.0,4000000.0,0.0,0.0,0.0,0.0,4000000.0,1.0,66.0,0.2693156732891832,0.4,Caen,0.0526315789473684,0.868421052631579,-0.6578947368421053,Caen,1.0,,,same_team_copy_old,Ligue 1,0.0526315789473684,0.868421052631579,-0.6578947368421053,0,0.0,0.0,0.0,enzo crivelli,caen,STABLE_BIG5_REVIEW,0.7690191387559809
Florent Hadergjonaj,xk KVX,Huddersfield,Premier League,2018-2019,2019-2020,"DF,MF",MF,24.0,False,19.0,1842.0,0.0,0.0,0.0,0.0,0.0,0.0,0.0,0.0,0.0,0,2018,2019,18006,florent hadergjonaj,huddersfield,238809.0,exact_normalized_unique,A,2019-08-09,2019-08-08,duckdb_big5_first_game,no_summer_event,0,0,,Huddersfield,Premier League,England,0,0,0,,,,,,,,,,,,,,,0,huddersfield,0,1,0,0,0,0,,,,,0,0,,,7000000.0,2019-06-13,7000000.0,7000000.0,2018-12-19,7000000.0,5000000.0,2018-05-28,5000000.0,7000000.0,historical_valuation,1,15.76142084987672,7000000.0,5000000.0,0.0,2000000.0,0.0,0.3999999999999999,7000000.0,1.0,56.0,0.4094922737306843,0.875,Huddersfield,0.0,0.4210526315789473,-1.4210526315789471,Huddersfield,1.0,,,same_team_copy_old,Premier League,0.0,0.4210526315789473,-1.4210526315789471,0,0.0,0.0,0.0,florent hadergjonaj,huddersfield,STABLE_BIG5_REVIEW,0.7680622009569378
Adam Forshaw,eng ENG,Middlesbrough,Premier League,2016-2017,2017-2018,MF,MF,24.0,False,30.0,2695.0,0.0,1.0,0.0,0.0,0.0,0.0,0.0333951762523191,0.0333951762523191,0.0,0,2016,2017,15789,adam forshaw,middlesbrough,121257.0,exact_normalized_unique,A,2017-08-04,2017-08-03,duckdb_big5_first_game,no_summer_event,0,0,,Middlesbrough,Premier League,England,0,0,0,,,,,,,,,,,,,,,0,middlesbrough,0,1,0,0,0,0,,,,,0,0,,,3000000.0,2017-06-28,3000000.0,2250000.0,2016-08-01,2500000.0,2250000.0,2016-08-01,2500000.0,3000000.0,historical_valuation,1,14.914123179965662,2250000.0,2250000.0,750000.0,750000.0,0.3333333333333332,0.3333333333333332,3000000.0,1.0,36.0,0.3340380549682875,0.75,Middlesbrough,0.0526315789473684,0.7368421052631579,-0.6842105263157895,Middlesbrough,1.0,,,same_team_copy_old,Premier League,0.0526315789473684,0.7368421052631579,-0.6842105263157895,0,0.0,0.0,0.0,adam forshaw,middlesbrough,STABLE_BIG5_REVIEW,0.7668660287081339
Dejan Ljubicic,AUT,Köln,Bundesliga,2023-2024,2024-2025,"MF,FW",FW,25.0,False,24.0,2048.0,0.0,2.0,0.0,0.0,0.0,0.0,0.087890625,0.087890625,0.0,0,2023,2024,22628,dejan ljubicic,koln,287188.0,exact_normalized_unique,A,2024-08-15,2024-08-14,duckdb_big5_first_game,no_summer_event,0,0,,Köln,Bundesliga,Germany,0,0,0,,,,,,,,,,,,,,,0,koln,0,1,0,0,0,0,,,,,0,0,,,5000000.0,2024-05-29,10000000.0,10000000.0,2023-12-14,10000000.0,10000000.0,2023-06-22,10000000.0,5000000.0,historical_valuation,1,15.424948670398354,10000000.0,10000000.0,-5000000.0,-5000000.0,-0.5,-0.5,10000000.0,0.5,77.0,0.3074245939675174,0.4166666666666667,FC Koln,0.0588235294117647,0.7941176470588235,-0.9411764705882352,FC Koln,1.0,,,same_team_copy_old,Bundesliga,0.0588235294117647,0.7941176470588235,-0.9411764705882352,0,0.0,0.0,0.0,dejan ljubicic,koln,STABLE_BIG5_REVIEW,0.7667464114832536
Rodrigo,es ESP,Leeds United,Premier League,2022-2023,2023-2024,"FW,MF",FW,31.0,False,23.0,1935.0,13.0,1.0,12.0,1.0,1.0,0.6046511627906976,0.0465116279069767,0.6511627906976744,0.0,0,2022,2023,22259,rodrigo,leeds united,131505.0,exact_normalized_unique,A,2023-08-11,2023-08-10,duckdb_big5_first_game,no_summer_event,0,0,,Leeds United,Premier League,England,0,0,0,,,,,,,,,,,,,,,0,leeds united,0,1,0,0,0,0,,,,,0,0,,,6000000.0,2023-06-20,50000000.0,9000000.0,2022-11-03,50000000.0,12000000.0,2022-06-15,50000000.0,6000000.0,historical_valuation,1,15.607270193858982,9000000.0,12000000.0,-3000000.0,-6000000.0,-0.3333333333333333,-0.5,50000000.0,0.12,51.0,0.3737201365187713,0.5454545454545454,Leeds,0.0526315789473684,0.8157894736842105,-0.7894736842105263,Leeds,1.0,,,same_team_copy_old,Premier League,0.0526315789473684,0.8157894736842105,-0.7894736842105263,0,0.0,0.0,0.0,rodrigo,leeds united,STABLE_BIG5_REVIEW,0.7666267942583731
Junior Hoilett,ca CAN,Cardiff City,Premier League,2018-2019,2019-2020,"MF,FW",FW,28.0,False,23.0,2141.0,3.0,1.0,3.0,0.0,0.0,0.1261092947220924,0.0420364315740308,0.1681457262961233,0.0,0,2018,2019,18191,junior hoilett,cardiff city,58993.0,exact_normalized_unique,A,2019-08-09,2019-08-08,duckdb_big5_first_game,no_summer_event,0,0,,Cardiff City,Premier League,England,0,0,0,,,,,,,,,,,,,,,0,cardiff city,0,1,0,0,0,0,,,,,0,0,,,4500000.0,2019-06-13,9000000.0,4500000.0,2018-12-19,9000000.0,3500000.0,2018-02-27,9000000.0,4500000.0,historical_valuation,1,15.319588176962746,4500000.0,3500000.0,0.0,1000000.0,0.0,0.2857142857142858,9000000.0,0.5,56.0,0.304083885209713,0.45,Cardiff,0.1052631578947368,0.8947368421052632,-0.9210526315789472,Cardiff,1.0,,,same_team_copy_old,Premier League,0.1052631578947368,0.8947368421052632,-0.9210526315789472,0,0.0,0.0,0.0,junior hoilett,cardiff city,STABLE_BIG5_REVIEW,0.7655502392344498
Mathias Normann,no NOR,Norwich City,Premier League,2021-2022,2022-2023,MF,MF,25.0,False,20.0,1645.0,1.0,2.0,1.0,0.0,0.0,0.0547112462006079,0.1094224924012158,0.1641337386018237,0.0,0,2021,2022,21136,mathias normann,norwich city,257805.0,exact_normalized_unique,A,2022-08-05,2022-08-04,duckdb_big5_first_game,no_summer_event,0,0,,Norwich City,Premier League,England,0,0,0,,,,,,,,,,,,,,,0,norwich city,0,1,0,0,0,0,,,,,0,0,,,10000000.0,2022-06-15,13000000.0,13000000.0,2021-12-23,13000000.0,13000000.0,2021-06-02,13000000.0,10000000.0,historical_valuation,1,16.118095750958314,13000000.0,13000000.0,-3000000.0,-3000000.0,-0.2307692307692307,-0.2307692307692307,13000000.0,0.7692307692307693,50.0,0.5150289017341041,1.1764705882352942,Norwich,0.0,0.5789473684210527,-1.605263157894737,Norwich,1.0,,,same_team_copy_old,Premier League,0.0,0.5789473684210527,-1.605263157894737,0,0.0,0.0,0.0,mathias normann,norwich city,STABLE_BIG5_REVIEW,0.7654306220095692
Haris Belkebla,dz ALG,Brest,Ligue 1,2022-2023,2023-2024,MF,MF,28.0,False,30.0,2656.0,2.0,0.0,1.0,1.0,1.0,0.0677710843373494,0.0,0.0677710843373494,0.0,0,2022,2023,21831,haris belkebla,brest,138055.0,exact_normalized_unique,A,2023-08-11,2023-08-10,duckdb_big5_first_game,no_confirmed_pre_cutoff_event,0,0,,Brest,Ligue 1,France,0,0,0,,,,,,,,,,,,,,,0,brest,0,1,0,0,0,0,,,,,0,0,,,3000000.0,2023-06-27,4000000.0,4000000.0,2022-11-02,4000000.0,4000000.0,2022-05-30,4000000.0,3000000.0,historical_valuation,1,14.914123179965662,4000000.0,4000000.0,-1000000.0,-1000000.0,-0.25,-0.25,4000000.0,0.75,44.0,0.2042093287827076,0.375,Brest,0.3157894736842105,1.1578947368421053,-0.2631578947368421,Brest,1.0,,,same_team_copy_old,Ligue 1,0.3157894736842105,1.1578947368421053,-0.2631578947368421,0,0.0,0.0,0.0,haris belkebla,brest,STABLE_BIG5_REVIEW,0.7635167464114834
Monchu,es ESP,Valladolid,La Liga,2022-2023,2023-2024,MF,MF,22.0,False,23.0,2031.0,3.0,2.0,3.0,0.0,0.0,0.1329394387001477,0.0886262924667651,0.2215657311669128,0.0,0,2022,2023,22131,monchu,valladolid,282727.0,exact_normalized_unique,A,2023-08-11,2023-08-10,duckdb_big5_first_game,no_summer_event,0,0,,Valladolid,La Liga,Spain,0,0,0,,,,,,,,,,,,,,,0,valladolid,0,1,0,0,0,0,,,,,0,0,,,5000000.0,2023-06-13,5000000.0,5000000.0,2022-11-07,5000000.0,3000000.0,2022-06-29,5000000.0,5000000.0,historical_valuation,1,15.424948670398354,5000000.0,3000000.0,0.0,2000000.0,0.0,0.6666666666666667,5000000.0,1.0,58.0,0.3270762229806598,0.625,Valladolid,0.1052631578947368,1.0526315789473684,-0.7894736842105263,Valladolid,1.0,,,same_team_copy_old,La Liga,0.1052631578947368,1.0526315789473684,-0.7894736842105263,0,0.0,0.0,0.0,monchu,valladolid,STABLE_BIG5_REVIEW,0.7633971291866029
Jonathan Hogg,eng ENG,Huddersfield,Premier League,2018-2019,2019-2020,MF,MF,29.0,False,29.0,2367.0,0.0,1.0,0.0,0.0,0.0,0.0,0.0380228136882129,0.0380228136882129,0.0,0,2018,2019,18155,jonathan hogg,huddersfield,61573.0,exact_normalized_unique,A,2019-08-09,2019-08-08,duckdb_big5_first_game,no_summer_event,0,0,,Huddersfield,Premier League,England,0,0,0,,,,,,,,,,,,,,,0,huddersfield,0,1,0,0,0,0,,,,,0,0,,,3500000.0,2019-06-13,3500000.0,3500000.0,2018-12-19,3500000.0,3500000.0,2018-05-28,3500000.0,3500000.0,historical_valuation,1,15.068273812173889,3500000.0,3500000.0,0.0,0.0,0.0,0.0,3500000.0,1.0,56.0,0.2290286975717439,0.4375,Huddersfield,0.0,0.4210526315789473,-1.4210526315789471,Huddersfield,1.0,,,same_team_copy_old,Premier League,0.0,0.4210526315789473,-1.4210526315789471,0,0.0,0.0,0.0,jonathan hogg,huddersfield,STABLE_BIG5_REVIEW,0.7630382775119617
Hanno Behrens,de GER,Nürnberg,Bundesliga,2018-2019,2019-2020,MF,MF,28.0,False,30.0,2639.0,4.0,1.0,2.0,2.0,4.0,0.1364153088291019,0.0341038272072754,0.1705191360363774,0.0,0,2018,2019,18059,hanno behrens,nurnberg,57091.0,exact_normalized_unique,A,2019-08-09,2019-08-08,duckdb_big5_first_game,no_summer_event,0,0,,Nürnberg,Bundesliga,Germany,0,0,0,,,,,,,,,,,,,,,0,nurnberg,0,1,0,0,0,0,,,,,0,0,,,3000000.0,2019-06-05,3500000.0,3500000.0,2018-12-18,3500000.0,3000000.0,2018-06-19,3000000.0,3000000.0,historical_valuation,1,14.914123179965662,3500000.0,3000000.0,-500000.0,0.0,-0.1428571428571429,0.0,3500000.0,0.8571428571428571,64.0,0.1937086092715231,0.375,Nurnberg,0.0,0.5588235294117647,-1.2352941176470589,Nurnberg,1.0,,,same_team_copy_old,Bundesliga,0.0,0.5588235294117647,-1.2352941176470589,0,0.0,0.0,0.0,hanno behrens,nurnberg,STABLE_BIG5_REVIEW,0.7625598086124402
Soualiho Meïté,fr FRA,Cremonese,Serie A,2022-2023,2023-2024,MF,MF,28.0,False,28.0,2366.0,0.0,2.0,0.0,0.0,0.0,0.0,0.0760777683854607,0.0760777683854607,0.0,0,2022,2023,22334,soualiho meite,cremonese,164913.0,exact_normalized_unique,A,2023-08-11,2023-08-10,duckdb_big5_first_game,no_summer_event,0,0,,Cremonese,Serie A,Italy,0,0,0,,,,,,,,,,,,,,,0,cremonese,0,1,0,0,0,0,,,,,0,0,,,3500000.0,2023-06-15,13000000.0,4800000.0,2022-11-11,13000000.0,5000000.0,2022-05-31,13000000.0,3500000.0,historical_valuation,1,15.068273812173889,4800000.0,5000000.0,-1300000.0,-1500000.0,-0.2708333333333333,-0.3,13000000.0,0.2692307692307692,56.0,0.2349260523321956,0.4375,Cremonese,0.0526315789473684,0.7105263157894737,-0.868421052631579,Cremonese,1.0,,,same_team_copy_old,Serie A,0.0526315789473684,0.7105263157894737,-0.868421052631579,0,0.0,0.0,0.0,soualiho meite,cremonese,STABLE_BIG5_REVIEW,0.7625598086124401
Tom Huddlestone,eng ENG,Hull City,Premier League,2016-2017,2017-2018,MF,MF,29.0,False,23.0,2026.0,1.0,0.0,0.0,1.0,1.0,0.0444225074037512,0.0,0.0444225074037512,0.0,0,2016,2017,16699,tom huddlestone,hull city,13465.0,exact_normalized_unique,A,2017-08-04,2017-08-03,duckdb_big5_first_game,no_summer_event,0,0,,Hull City,Premier League,England,0,0,0,,,,,,,,,,,,,,,0,hull city,0,1,0,0,0,0,,,,,0,0,,,5000000.0,2017-06-28,12000000.0,5000000.0,2016-08-01,12000000.0,5000000.0,2016-08-01,12000000.0,5000000.0,historical_valuation,1,15.424948670398354,5000000.0,5000000.0,0.0,0.0,0.0,0.0,12000000.0,0.4166666666666667,36.0,0.5021141649048626,1.25,Hull,0.1052631578947368,0.8947368421052632,-1.131578947368421,Hull,1.0,,,same_team_copy_old,Premier League,0.1052631578947368,0.8947368421052632,-1.131578947368421,0,0.0,0.0,0.0,tom huddlestone,hull city,STABLE_BIG5_REVIEW,0.7624401913875598
David Datro Fofana,CIV,Burnley,Premier League,2023-2024,2024-2025,FW,FW,20.0,False,18.0,1561.0,5.0,1.0,5.0,0.0,0.0,0.2882767456758488,0.0576553491351697,0.3459320948110186,0.0,0,2023,2024,22623,david datro fofana,burnley,787232.0,exact_normalized_unique,A,2024-08-15,2024-08-14,duckdb_big5_first_game,no_confirmed_pre_cutoff_event,0,0,,Burnley,Premier League,England,0,0,0,,,,,,,,,,,,,,,0,burnley,0,1,0,0,0,0,,,,,0,0,,,12000000.0,2024-05-27,12000000.0,8000000.0,2023-12-14,10000000.0,10000000.0,2023-06-20,10000000.0,12000000.0,historical_valuation,1,16.300417291085605,8000000.0,10000000.0,4000000.0,2000000.0,0.5,0.1999999999999999,12000000.0,1.0,79.0,0.5730858468677494,1.0,Burnley,0.0526315789473684,0.631578947368421,-0.9736842105263158,Burnley,1.0,,,same_team_copy_old,Premier League,0.0526315789473684,0.631578947368421,-0.9736842105263158,0,0.0,0.0,0.0,david datro fofana,burnley,STABLE_BIG5_REVIEW,0.7589712918660286
Enis Bardhi,mk MKD,Levante,La Liga,2021-2022,2022-2023,"MF,FW",FW,26.0,False,17.0,1701.0,3.0,3.0,1.0,2.0,2.0,0.1587301587301587,0.1587301587301587,0.3174603174603174,0.0,0,2021,2022,20777,enis bardhi,levante,245014.0,exact_normalized_unique,A,2022-08-05,2022-08-04,duckdb_big5_first_game,no_summer_event,0,0,,Levante,La Liga,Spain,0,0,0,,,,,,,,,,,,,,,0,levante,0,1,0,0,0,0,,,,,0,0,,,8000000.0,2022-06-03,20000000.0,9000000.0,2021-12-30,20000000.0,15000000.0,2021-05-27,20000000.0,8000000.0,historical_valuation,1,15.894952224644102,9000000.0,15000000.0,-1000000.0,-7000000.0,-0.1111111111111111,-0.4666666666666667,20000000.0,0.4,62.0,0.4508670520231214,0.6956521739130435,Levante,0.0526315789473684,0.9210526315789472,-0.6578947368421053,Levante,1.0,,,same_team_copy_old,La Liga,0.0526315789473684,0.9210526315789472,-0.6578947368421053,0,0.0,0.0,0.0,enis bardhi,levante,STABLE_BIG5_REVIEW,0.7584928229665071
Javairô Dilrosun,nl NED,Bordeaux,Ligue 1,2021-2022,2022-2023,"MF,FW",FW,23.0,False,20.0,1870.0,2.0,6.0,2.0,0.0,0.0,0.0962566844919786,0.2887700534759358,0.3850267379679144,0.0,0,2021,2022,20936,javairo dilrosun,bordeaux,315125.0,exact_normalized_unique,A,2022-08-05,2022-08-04,duckdb_big5_first_game,no_confirmed_pre_cutoff_event,0,0,,Bordeaux,Ligue 1,France,0,0,1,,,,,,,,,,,,,,,0,bordeaux,0,1,0,0,0,0,,,,,0,0,,,6000000.0,2022-05-30,18000000.0,7000000.0,2021-12-16,18000000.0,9000000.0,2021-06-09,18000000.0,6000000.0,historical_valuation,1,15.607270193858982,7000000.0,9000000.0,-1000000.0,-3000000.0,-0.1428571428571429,-0.3333333333333333,18000000.0,0.3333333333333333,66.0,0.3710982658959537,0.5217391304347826,Bordeaux,0.0,0.8157894736842105,-1.0263157894736843,Bordeaux,1.0,,,same_team_copy_old,Ligue 1,0.0,0.8157894736842105,-1.0263157894736843,0,0.0,0.0,0.0,javairo dilrosun,bordeaux,STABLE_BIG5_REVIEW,0.7577751196172249
Gideon Jung,de GER,Hamburger SV,Bundesliga,2017-2018,2018-2019,"MF,DF",MF,22.0,False,29.0,2570.0,1.0,1.0,1.0,0.0,0.0,0.0350194552529182,0.0350194552529182,0.0700389105058365,0.0,0,2017,2018,17094,gideon jung,hamburger sv,247661.0,exact_normalized_unique,A,2018-08-10,2018-08-09,duckdb_big5_first_game,no_summer_event,0,0,,Hamburger SV,Bundesliga,Germany,0,0,0,,,,,,,,,,,,,,,0,hamburger sv,0,1,0,0,0,0,,,,,0,0,,,3000000.0,2018-06-05,4000000.0,4000000.0,2017-12-28,4000000.0,2500000.0,2017-06-19,2500000.0,3000000.0,historical_valuation,1,14.914123179965662,4000000.0,2500000.0,-1000000.0,500000.0,-0.25,0.1999999999999999,4000000.0,0.75,65.0,0.2621412803532009,0.5,Hamburg,0.0588235294117647,0.9117647058823528,-0.7058823529411765,Hamburg,1.0,,,same_team_copy_old,Bundesliga,0.0588235294117647,0.9117647058823528,-0.7058823529411765,0,0.0,0.0,0.0,gideon jung,hamburger sv,STABLE_BIG5_REVIEW,0.7551435406698566
Nahitan Nández,uy URU,Cagliari,Serie A,2021-2022,2022-2023,"MF,DF",MF,25.0,False,16.0,1523.0,0.0,2.0,0.0,0.0,0.0,0.0,0.1181877872619829,0.1181877872619829,0.0,0,2021,2022,21195,nahitan nandez,cagliari,315063.0,exact_normalized_unique,A,2022-08-05,2022-08-04,duckdb_big5_first_game,no_summer_event,0,0,,Cagliari,Serie A,Italy,0,0,0,,,,,,,,,,,,,,,0,cagliari,0,1,0,0,0,0,,,,,0,0,,,13000000.0,2022-06-07,26000000.0,18000000.0,2021-12-28,26000000.0,22000000.0,2021-06-03,26000000.0,13000000.0,historical_valuation,1,16.380459992348886,18000000.0,22000000.0,-5000000.0,-9000000.0,-0.2777777777777778,-0.409090909090909,26000000.0,0.5,58.0,0.584393063583815,1.5294117647058822,Cagliari,0.1052631578947368,0.7894736842105263,-0.8947368421052632,Cagliari,1.0,,,same_team_copy_old,Serie A,0.1052631578947368,0.7894736842105263,-0.8947368421052632,0,0.0,0.0,0.0,nahitan nandez,cagliari,STABLE_BIG5_REVIEW,0.755023923444976
Callum Paterson,sct SCO,Cardiff City,Premier League,2018-2019,2019-2020,"FW,MF",FW,23.0,False,21.0,1998.0,4.0,1.0,4.0,0.0,0.0,0.1801801801801801,0.045045045045045,0.2252252252252252,0.0,0,2018,2019,17861,callum paterson,cardiff city,169555.0,exact_normalized_unique,A,2019-08-09,2019-08-08,duckdb_big5_first_game,no_summer_event,0,0,,Cardiff City,Premier League,England,0,0,0,,,,,,,,,,,,,,,0,cardiff city,0,1,0,0,0,0,,,,,0,0,,,5000000.0,2019-06-13,5000000.0,5000000.0,2018-12-19,5000000.0,1000000.0,2018-02-27,1000000.0,5000000.0,historical_valuation,1,15.424948670398354,5000000.0,1000000.0,0.0,4000000.0,0.0,4.0,5000000.0,1.0,56.0,0.3344370860927152,0.5,Cardiff,0.1052631578947368,0.8947368421052632,-0.9210526315789472,Cardiff,1.0,,,same_team_copy_old,Premier League,0.1052631578947368,0.8947368421052632,-0.9210526315789472,0,0.0,0.0,0.0,callum paterson,cardiff city,STABLE_BIG5_REVIEW,0.755023923444976
Thierno Balde,fr FRA,Troyes,Ligue 1,2022-2023,2023-2024,"DF,MF",MF,20.0,False,25.0,2153.0,0.0,1.0,0.0,0.0,0.0,0.0,0.041802136553646,0.041802136553646,0.0,0,2022,2023,22361,thierno balde,troyes,709482.0,exact_normalized_unique,A,2023-08-11,2023-08-10,duckdb_big5_first_game,no_summer_event,0,0,,Troyes,Ligue 1,France,0,0,0,,,,,,,,,,,,,,,0,troyes,0,1,0,0,0,0,,,,,0,0,,,4000000.0,2023-06-27,4000000.0,4000000.0,2022-11-02,4000000.0,2000000.0,2022-06-02,2000000.0,4000000.0,historical_valuation,1,15.201805169084134,4000000.0,2000000.0,0.0,2000000.0,0.0,1.0,4000000.0,1.0,44.0,0.2707622298065984,0.5,Troyes,0.0526315789473684,0.631578947368421,-0.9473684210526316,Troyes,1.0,,,same_team_copy_old,Ligue 1,0.0526315789473684,0.631578947368421,-0.9473684210526316,0,0.0,0.0,0.0,thierno balde,troyes,STABLE_BIG5_REVIEW,0.752511961722488
Joe Ralls,eng ENG,Cardiff City,Premier League,2018-2019,2019-2020,MF,MF,24.0,False,22.0,1959.0,0.0,0.0,0.0,0.0,1.0,0.0,0.0,0.0,0.0,0,2018,2019,18144,joe ralls,cardiff city,195680.0,exact_normalized_unique,A,2019-08-09,2019-08-08,duckdb_big5_first_game,no_summer_event,0,0,,Cardiff City,Premier League,England,0,0,0,,,,,,,,,,,,,,,0,cardiff city,0,1,0,0,0,0,,,,,0,0,,,5000000.0,2019-06-13,5000000.0,5000000.0,2018-12-19,5000000.0,1500000.0,2017-09-18,1500000.0,5000000.0,historical_valuation,1,15.424948670398354,5000000.0,1500000.0,0.0,3500000.0,0.0,2.333333333333333,5000000.0,1.0,56.0,0.3344370860927152,0.625,Cardiff,0.1052631578947368,0.8947368421052632,-0.9210526315789472,Cardiff,1.0,,,same_team_copy_old,Premier League,0.1052631578947368,0.8947368421052632,-0.9210526315789472,0,0.0,0.0,0.0,joe ralls,cardiff city,STABLE_BIG5_REVIEW,0.750956937799043
Édgar González,ESP,Almería,La Liga,2023-2024,2024-2025,"DF,MF",MF,26.0,False,30.0,2522.0,2.0,0.0,2.0,0.0,0.0,0.0713719270420301,0.0,0.0713719270420301,0.0,0,2023,2024,22655,edgar gonzalez,almeria,401624.0,exact_normalized_unique,A,2024-08-15,2024-08-14,duckdb_big5_first_game,no_summer_event,0,0,,Almería,La Liga,Spain,0,0,0,,,,,,,,,,,,,,,0,almeria,0,1,0,0,0,0,,,,,0,0,,,3000000.0,2024-06-07,10000000.0,3000000.0,2023-12-22,10000000.0,9000000.0,2023-06-13,10000000.0,3000000.0,historical_valuation,1,14.914123179965662,3000000.0,9000000.0,0.0,-6000000.0,0.0,-0.6666666666666667,10000000.0,0.3,68.0,0.1751740139211137,0.375,Almeria,0.0526315789473684,0.5526315789473685,-0.8421052631578947,Almeria,1.0,,,same_team_copy_old,La Liga,0.0526315789473684,0.5526315789473685,-0.8421052631578947,0,0.0,0.0,0.0,edgar gonzalez,almeria,STABLE_BIG5_REVIEW,0.7491626794258374
Dario Lezcano,py PAR,Ingolstadt 04,Bundesliga,2016-2017,2017-2018,FW,FW,26.0,False,27.0,2507.0,6.0,3.0,6.0,0.0,1.0,0.2153968887116074,0.1076984443558037,0.3230953330674112,0.0,0,2016,2017,15986,dario lezcano,ingolstadt 04,80031.0,exact_normalized_unique,A,2017-08-04,2017-08-03,duckdb_big5_first_game,no_summer_event,0,0,,Ingolstadt 04,Bundesliga,Germany,0,0,0,,,,,,,,,,,,,,,0,ingolstadt 04,0,1,0,0,0,0,,,,,0,0,,,3000000.0,2017-06-19,3500000.0,3500000.0,2016-07-22,3500000.0,3500000.0,2016-07-22,3500000.0,3000000.0,historical_valuation,1,14.914123179965662,3500000.0,3500000.0,-500000.0,-500000.0,-0.1428571428571429,-0.1428571428571429,3500000.0,0.8571428571428571,45.0,0.3340380549682875,0.4285714285714285,Ingolstadt,0.0588235294117647,0.9411764705882352,-0.6176470588235294,Ingolstadt,1.0,,,same_team_copy_old,Bundesliga,0.0588235294117647,0.9411764705882352,-0.6176470588235294,0,0.0,0.0,0.0,dario lezcano,ingolstadt 04,STABLE_BIG5_REVIEW,0.7477272727272728
Mattia Aramu,it ITA,Venezia,Serie A,2021-2022,2022-2023,"MF,FW",FW,26.0,False,25.0,2100.0,7.0,5.0,4.0,3.0,4.0,0.3,0.2142857142857143,0.5142857142857142,0.0,0,2021,2022,21141,mattia aramu,venezia,200188.0,exact_normalized_unique,A,2022-08-05,2022-08-04,duckdb_big5_first_game,no_summer_event,0,0,,Venezia,Serie A,Italy,0,0,0,,,,,,,,,,,,,,,0,venezia,0,1,0,0,0,0,,,,,0,0,,,4000000.0,2022-06-07,5000000.0,5000000.0,2021-12-28,5000000.0,3000000.0,2021-06-24,3000000.0,4000000.0,historical_valuation,1,15.201805169084134,5000000.0,3000000.0,-1000000.0,1000000.0,-0.1999999999999999,0.3333333333333332,5000000.0,0.8,58.0,0.2774566473988439,0.3478260869565217,Venezia,0.0,0.7105263157894737,-0.9210526315789472,Venezia,1.0,,,same_team_copy_old,Serie A,0.0,0.7105263157894737,-0.9210526315789472,0,0.0,0.0,0.0,mattia aramu,venezia,STABLE_BIG5_REVIEW,0.7448564593301437
Francis Guerrero,es ESP,Betis,La Liga,2018-2019,2019-2020,"DF,FW",FW,22.0,False,22.0,1778.0,0.0,1.0,0.0,0.0,0.0,0.0,0.0506186726659167,0.0506186726659167,0.0,0,2018,2019,18018,francis guerrero,betis,370691.0,exact_normalized_unique,A,2019-08-09,2019-08-08,duckdb_big5_first_game,no_summer_event,0,0,,Betis,La Liga,Spain,0,0,0,,,,,,,,,,,,,,,0,betis,0,1,0,0,0,0,,,,,0,0,,,6000000.0,2019-06-11,7500000.0,7500000.0,2018-12-21,7500000.0,2500000.0,2018-05-30,2500000.0,6000000.0,historical_valuation,1,15.607270193858982,7500000.0,2500000.0,-1500000.0,3500000.0,-0.1999999999999999,1.4,7500000.0,0.8,58.0,0.3763796909492273,0.6,Betis,0.5263157894736843,1.3157894736842106,-0.2105263157894736,Betis,1.0,,,same_team_copy_old,La Liga,0.5263157894736843,1.3157894736842106,-0.2105263157894736,0,0.0,0.0,0.0,francis guerrero,betis,STABLE_BIG5_REVIEW,0.7429425837320573
Julien Ponceau,FRA,Lorient,Ligue 1,2023-2024,2024-2025,MF,MF,22.0,False,27.0,2244.0,3.0,2.0,3.0,0.0,0.0,0.1203208556149732,0.0802139037433155,0.2005347593582887,0.0,0,2023,2024,22875,julien ponceau,lorient,569390.0,exact_normalized_unique,A,2024-08-15,2024-08-14,duckdb_big5_first_game,no_summer_event,0,0,,Lorient,Ligue 1,France,0,0,0,,,,,,,,,,,,,,,0,lorient,0,1,0,0,0,0,,,,,0,0,,,3500000.0,2024-06-03,3500000.0,3000000.0,2023-12-18,3000000.0,2500000.0,2023-06-27,2500000.0,3500000.0,historical_valuation,1,15.068273812173889,3000000.0,2500000.0,500000.0,1000000.0,0.1666666666666667,0.3999999999999999,3500000.0,1.0,72.0,0.212877030162413,0.4375,Lorient,0.1176470588235294,0.8529411764705882,-0.6764705882352942,Lorient,1.0,,,same_team_copy_old,Ligue 1,0.1176470588235294,0.8529411764705882,-0.6764705882352942,0,0.0,0.0,0.0,julien ponceau,lorient,STABLE_BIG5_REVIEW,0.7427033492822966
Andrés Cubas,py PAR,Nîmes,Ligue 1,2020-2021,2021-2022,MF,MF,24.0,False,27.0,2242.0,1.0,0.0,1.0,0.0,0.0,0.0401427297056199,0.0,0.0401427297056199,0.0,0,2020,2021,19662,andres cubas,nimes,323872.0,exact_normalized_unique,A,2021-08-06,2021-08-05,duckdb_big5_first_game,no_summer_event,0,0,,Nîmes,Ligue 1,France,0,0,0,,,,,,,,,,,,,,,0,nimes,0,1,0,0,0,0,,,,,0,0,,,3500000.0,2021-06-04,4000000.0,4000000.0,2020-10-15,4000000.0,3200000.0,2020-04-08,4000000.0,3500000.0,historical_valuation,1,15.068273812173889,4000000.0,3200000.0,-500000.0,300000.0,-0.125,0.09375,4000000.0,0.875,62.0,0.2409240924092409,0.4375,Nimes,0.0526315789473684,0.9210526315789472,-0.8157894736842105,Nimes,1.0,,,same_team_copy_old,Ligue 1,0.0526315789473684,0.9210526315789472,-0.8157894736842105,0,0.0,0.0,0.0,andres cubas,nimes,STABLE_BIG5_REVIEW,0.7419856459330143
Crysencio Summerville,nl NED,Leeds United,Premier League,2022-2023,2023-2024,FW,FW,20.0,False,12.0,1426.0,4.0,2.0,4.0,0.0,0.0,0.2524544179523141,0.126227208976157,0.3786816269284712,0.0,0,2022,2023,21659,crysencio summerville,leeds united,474701.0,exact_normalized_unique,A,2023-08-11,2023-08-10,duckdb_big5_first_game,no_summer_event,0,0,,Leeds United,Premier League,England,0,0,0,,,,,,,,,,,,,,,0,leeds united,0,1,0,0,0,0,,,,,0,0,,,15000000.0,2023-06-20,15000000.0,4000000.0,2022-11-03,4000000.0,2000000.0,2022-06-15,2000000.0,15000000.0,historical_valuation,1,16.52356082573315,4000000.0,2000000.0,11000000.0,13000000.0,2.75,6.5,15000000.0,1.0,51.0,0.6342434584755404,1.3636363636363635,Leeds,0.0526315789473684,0.8157894736842105,-0.7894736842105263,Leeds,1.0,,,same_team_copy_old,Premier League,0.0526315789473684,0.8157894736842105,-0.7894736842105263,0,0.0,0.0,0.0,crysencio summerville,leeds united,STABLE_BIG5_REVIEW,0.7411483253588517
João Moutinho,pt POR,Wolves,Premier League,2021-2022,2022-2023,MF,MF,34.0,False,34.0,2970.0,2.0,1.0,2.0,0.0,0.0,0.0606060606060606,0.0303030303030303,0.0909090909090909,0.0,0,2021,2022,20960,joao moutinho,wolves,29364.0,exact_name_age_resolved,B,2022-08-05,2022-08-04,duckdb_big5_first_game,no_summer_event,0,0,,Wolves,Premier League,England,0,0,0,,,,,,,,,,,,,,,0,wolves,0,1,0,0,0,0,,,,,0,0,,,2500000.0,2022-06-15,30000000.0,2500000.0,2021-12-23,30000000.0,4000000.0,2021-06-01,30000000.0,2500000.0,historical_valuation,1,14.731801689838347,2500000.0,4000000.0,0.0,-1500000.0,0.0,-0.375,30000000.0,0.0833333333333333,50.0,0.1630057803468208,0.2941176470588235,Wolves,0.5263157894736843,1.3421052631578947,-0.131578947368421,Wolves,1.0,,,same_team_copy_old,Premier League,0.5263157894736843,1.3421052631578947,-0.131578947368421,0,0.0,0.0,0.0,joao moutinho,wolves,STABLE_BIG5_REVIEW,0.7394736842105263
Max Finkgräfe,GER,Köln,Bundesliga,2023-2024,2024-2025,"DF,FW",FW,19.0,False,18.0,1756.0,1.0,0.0,1.0,0.0,0.0,0.05125284738041,0.0,0.05125284738041,0.0,0,2023,2024,23031,max finkgrafe,koln,810649.0,exact_normalized_unique,A,2024-08-15,2024-08-14,duckdb_big5_first_game,no_summer_event,0,0,,Köln,Bundesliga,Germany,0,0,0,,,,,,,,,,,,,,,0,koln,0,1,0,0,0,0,,,,,0,0,,,6000000.0,2024-05-29,6000000.0,750000.0,2023-12-14,750000.0,,,,6000000.0,historical_valuation,1,15.607270193858982,750000.0,,5250000.0,,7.0,,6000000.0,1.0,77.0,0.3544083526682134,0.5,FC Koln,0.0588235294117647,0.7941176470588235,-0.9411764705882352,FC Koln,1.0,,,same_team_copy_old,Bundesliga,0.0588235294117647,0.7941176470588235,-0.9411764705882352,0,0.0,0.0,0.0,max finkgrafe,koln,STABLE_BIG5_REVIEW,0.7388755980861244
Stewart Downing,eng ENG,Middlesbrough,Premier League,2016-2017,2017-2018,"MF,FW",FW,32.0,False,24.0,2214.0,1.0,3.0,1.0,0.0,0.0,0.040650406504065,0.1219512195121951,0.1626016260162601,0.0,0,2016,2017,16673,stewart downing,middlesbrough,4063.0,exact_normalized_unique,A,2017-08-04,2017-08-03,duckdb_big5_first_game,no_summer_event,0,0,,Middlesbrough,Premier League,England,0,0,0,,,,,,,,,,,,,,,0,middlesbrough,0,1,0,0,0,0,,,,,0,0,,,3500000.0,2017-06-28,16000000.0,6000000.0,2016-08-01,16000000.0,6000000.0,2016-08-01,16000000.0,3500000.0,historical_valuation,1,15.068273812173889,6000000.0,6000000.0,-2500000.0,-2500000.0,-0.4166666666666666,-0.4166666666666666,16000000.0,0.21875,36.0,0.386892177589852,0.5,Middlesbrough,0.0526315789473684,0.7368421052631579,-0.6842105263157895,Middlesbrough,1.0,,,same_team_copy_old,Premier League,0.0526315789473684,0.7368421052631579,-0.6842105263157895,0,0.0,0.0,0.0,stewart downing,middlesbrough,STABLE_BIG5_REVIEW,0.7386363636363636
Camillo Ciano,it ITA,Frosinone,Serie A,2018-2019,2019-2020,"FW,MF",FW,28.0,False,28.0,2454.0,7.0,4.0,5.0,2.0,3.0,0.2567237163814181,0.1466992665036674,0.4034229828850855,0.0,0,2018,2019,17864,camillo ciano,frosinone,61511.0,exact_normalized_unique,A,2019-08-09,2019-08-08,duckdb_big5_first_game,no_summer_event,0,0,,Frosinone,Serie A,Italy,0,0,0,,,,,,,,,,,,,,,0,frosinone,0,1,0,0,0,0,,,,,0,0,,,3000000.0,2019-06-06,3000000.0,2800000.0,2018-12-20,2800000.0,2800000.0,2018-06-18,2800000.0,3000000.0,historical_valuation,1,14.914123179965662,2800000.0,2800000.0,200000.0,200000.0,0.0714285714285714,0.0714285714285714,3000000.0,1.0,63.0,0.1937086092715231,0.3,Frosinone,0.0526315789473684,0.6578947368421053,-1.0526315789473684,Frosinone,1.0,,,same_team_copy_old,Serie A,0.0526315789473684,0.6578947368421053,-1.0526315789473684,0,0.0,0.0,0.0,camillo ciano,frosinone,STABLE_BIG5_REVIEW,0.7386363636363636
Santi Comesaña,es ESP,Rayo Vallecano,La Liga,2018-2019,2019-2020,MF,MF,21.0,False,23.0,2032.0,1.0,1.0,1.0,0.0,0.0,0.0442913385826771,0.0442913385826771,0.0885826771653543,0.0,0,2018,2019,18556,santi comesana,rayo vallecano,380598.0,exact_normalized_unique,A,2019-08-09,2019-08-08,duckdb_big5_first_game,no_summer_event,0,0,,Rayo Vallecano,La Liga,Spain,0,0,0,,,,,,,,,,,,,,,0,rayo vallecano,0,1,0,0,0,0,,,,,0,0,,,4000000.0,2019-06-11,4000000.0,3000000.0,2018-12-21,3000000.0,800000.0,2018-05-30,800000.0,4000000.0,historical_valuation,1,15.201805169084134,3000000.0,800000.0,1000000.0,3200000.0,0.3333333333333332,4.0,4000000.0,1.0,58.0,0.2693156732891832,0.5,Vallecano,0.0,0.8421052631578947,-0.7631578947368421,Vallecano,1.0,,,same_team_copy_old,La Liga,0.0,0.8421052631578947,-0.7631578947368421,0,0.0,0.0,0.0,santi comesana,rayo vallecano,STABLE_BIG5_REVIEW,0.7350478468899522
Ole Selnæs,no NOR,Saint-Étienne,Ligue 1,2018-2019,2019-2020,MF,MF,24.0,False,19.0,1669.0,0.0,5.0,0.0,0.0,0.0,0.0,0.2696225284601558,0.2696225284601558,0.0,0,2018,2019,18420,ole seln s,saint etienne,175961.0,exact_normalized_unique,A,2019-08-09,2019-08-08,duckdb_big5_first_game,no_summer_event,0,0,,Saint-Étienne,Ligue 1,France,0,0,0,,,,,,,,,,,,,,,0,saint etienne,0,1,0,0,0,0,,,,,0,0,,,7000000.0,2019-03-21,8000000.0,8000000.0,2018-12-17,8000000.0,3000000.0,2018-06-04,3000000.0,7000000.0,historical_valuation,1,15.76142084987672,8000000.0,3000000.0,-1000000.0,4000000.0,-0.125,1.3333333333333337,8000000.0,0.875,140.0,0.4094922737306843,0.875,St Etienne,0.8421052631578947,1.736842105263158,0.4736842105263157,St Etienne,1.0,,,same_team_copy_old,Ligue 1,0.8421052631578947,1.736842105263158,0.4736842105263157,0,0.0,0.0,0.0,ole selns,saint etienne,STABLE_BIG5_REVIEW,0.7345693779904306
Aleksandar Mitrović,rs SRB,Fulham,Premier League,2020-2021,2021-2022,FW,FW,25.0,False,13.0,1402.0,3.0,3.0,2.0,1.0,2.0,0.1925820256776034,0.1925820256776034,0.3851640513552068,0.0,0,2020,2021,19623,aleksandar mitrovic,fulham,51152.0,exact_normalized_unique,A,2021-08-06,2021-08-05,duckdb_big5_first_game,no_summer_event,0,0,,Fulham,Premier League,England,0,0,0,,,,,,,,,,,,,,,0,fulham,0,1,0,0,0,0,,,,,0,0,,,16000000.0,2021-06-08,25000000.0,22000000.0,2020-10-13,25000000.0,20000000.0,2020-04-08,25000000.0,16000000.0,historical_valuation,1,16.588099342704055,22000000.0,20000000.0,-6000000.0,-4000000.0,-0.2727272727272727,-0.1999999999999999,25000000.0,0.64,58.0,0.6743674367436744,1.6,Fulham,0.1052631578947368,0.7368421052631579,-0.6842105263157895,Fulham,1.0,,,same_team_copy_old,Premier League,0.1052631578947368,0.7368421052631579,-0.6842105263157895,0,0.0,0.0,0.0,aleksandar mitrovic,fulham,STABLE_BIG5_REVIEW,0.7342105263157895
Lamine Fomba,fr FRA,Nîmes,Ligue 1,2020-2021,2021-2022,MF,MF,22.0,False,24.0,2175.0,1.0,1.0,1.0,0.0,0.0,0.0413793103448275,0.0413793103448275,0.0827586206896551,0.0,0,2020,2021,20087,lamine fomba,nimes,391376.0,exact_normalized_unique,A,2021-08-06,2021-08-05,duckdb_big5_first_game,no_summer_event,0,0,,Nîmes,Ligue 1,France,0,0,0,,,,,,,,,,,,,,,0,nimes,0,1,0,0,0,0,,,,,0,0,,,3500000.0,2021-06-04,4000000.0,4000000.0,2021-01-07,4000000.0,3600000.0,2020-04-08,4000000.0,3500000.0,historical_valuation,1,15.068273812173889,4000000.0,3600000.0,-500000.0,-100000.0,-0.125,-0.0277777777777777,4000000.0,0.875,62.0,0.2409240924092409,0.4375,Nimes,0.0526315789473684,0.9210526315789472,-0.8157894736842105,Nimes,1.0,,,same_team_copy_old,Ligue 1,0.0526315789473684,0.9210526315789472,-0.8157894736842105,0,0.0,0.0,0.0,lamine fomba,nimes,STABLE_BIG5_REVIEW,0.7340909090909091
Javi Martínez,es ESP,Bayern Munich,Bundesliga,2018-2019,2019-2020,MF,MF,29.0,False,16.0,1309.0,3.0,0.0,3.0,0.0,0.0,0.2062643239113827,0.0,0.2062643239113827,0.0,0,2018,2019,18115,javi martinez,bayern munich,44017.0,exact_name_age_resolved,B,2019-08-09,2019-08-08,duckdb_big5_first_game,no_summer_event,0,0,,Bayern Munich,Bundesliga,Germany,0,0,0,,,,,,,,,,,,,,,0,bayern munich,0,1,0,0,0,0,,,,,0,0,,,27000000.0,2019-06-05,40000000.0,30000000.0,2018-12-18,40000000.0,40000000.0,2018-06-05,40000000.0,27000000.0,historical_valuation,1,17.11134746100564,30000000.0,40000000.0,-3000000.0,-13000000.0,-0.0999999999999999,-0.3249999999999999,40000000.0,0.675,64.0,0.8068432671081678,3.375,Bayern Munich,1.0,2.294117647058824,1.6470588235294117,Bayern Munich,1.0,,,same_team_copy_old,Bundesliga,1.0,2.294117647058824,1.6470588235294117,0,0.0,0.0,0.0,javi martinez,bayern munich,STABLE_BIG5_REVIEW,0.7308612440191388
Mesut Özil,de GER,Arsenal,Premier League,2019-2020,2020-2021,MF,MF,30.0,False,18.0,1438.0,1.0,2.0,1.0,0.0,0.0,0.062586926286509,0.125173852573018,0.1877607788595271,0.0,0,2019,2020,19287,mesut ozil,arsenal,35664.0,exact_normalized_unique,A,2020-08-21,2020-08-20,duckdb_big5_first_game,no_summer_event,0,0,,Arsenal,Premier League,England,0,0,0,,,,,,,,,,,,,,,0,arsenal,0,1,0,0,0,0,,,,,0,0,,,12000000.0,2020-07-30,50000000.0,22000000.0,2019-12-10,50000000.0,25000000.0,2019-06-13,50000000.0,12000000.0,historical_valuation,1,16.300417291085605,22000000.0,25000000.0,-10000000.0,-13000000.0,-0.4545454545454546,-0.52,50000000.0,0.24,21.0,0.5752314814814815,1.6,Arsenal,0.631578947368421,1.4736842105263157,0.2105263157894736,Arsenal,1.0,,,same_team_copy_old,Premier League,0.631578947368421,1.4736842105263157,0.2105263157894736,0,0.0,0.0,0.0,mesut ozil,arsenal,STABLE_BIG5_REVIEW,0.7305023923444975
Óscar Plano,es ESP,Valladolid,La Liga,2020-2021,2021-2022,"MF,FW",FW,29.0,False,30.0,2517.0,5.0,5.0,5.0,0.0,0.0,0.1787842669845053,0.1787842669845053,0.3575685339690107,0.0,0,2020,2021,20295,oscar plano,valladolid,221309.0,exact_normalized_unique,A,2021-08-06,2021-08-05,duckdb_big5_first_game,no_summer_event,0,0,,Valladolid,La Liga,Spain,0,0,0,,,,,,,,,,,,,,,0,valladolid,0,1,0,0,0,0,,,,,0,0,,,2800000.0,2021-06-10,4000000.0,3000000.0,2021-01-05,4000000.0,3200000.0,2020-04-08,4000000.0,2800000.0,historical_valuation,1,14.845130332288226,3000000.0,3200000.0,-200000.0,-400000.0,-0.0666666666666666,-0.125,4000000.0,0.7,56.0,0.1738173817381738,0.28,Valladolid,0.0526315789473684,0.8157894736842105,-0.6052631578947368,Valladolid,1.0,,,same_team_copy_old,La Liga,0.0526315789473684,0.8157894736842105,-0.6052631578947368,0,0.0,0.0,0.0,oscar plano,valladolid,STABLE_BIG5_REVIEW,0.7282296650717703
Francisco Trincão,pt POR,Wolves,Premier League,2021-2022,2022-2023,"FW,MF",FW,21.0,False,16.0,1336.0,2.0,1.0,2.0,0.0,0.0,0.1347305389221557,0.0673652694610778,0.2020958083832335,0.0,0,2021,2022,20821,francisco trincao,wolves,412669.0,exact_normalized_unique,A,2022-08-05,2022-08-04,duckdb_big5_first_game,no_confirmed_pre_cutoff_event,0,0,,Wolves,Premier League,England,0,0,2,,,,,,,,,,,,,,,0,wolves,0,1,0,0,0,0,,,,,0,0,,,20000000.0,2022-06-15,30000000.0,22000000.0,2021-12-23,30000000.0,22000000.0,2021-06-10,30000000.0,20000000.0,historical_valuation,1,16.811242881518265,22000000.0,22000000.0,-2000000.0,-2000000.0,-0.0909090909090909,-0.0909090909090909,30000000.0,0.6666666666666666,50.0,0.7514450867052023,1.7391304347826086,Wolves,0.5263157894736843,1.3421052631578947,-0.131578947368421,Wolves,1.0,,,same_team_copy_old,Premier League,0.5263157894736843,1.3421052631578947,-0.131578947368421,0,0.0,0.0,0.0,francisco trincao,wolves,STABLE_BIG5_REVIEW,0.7272727272727273
Adrián González,es ESP,Málaga,La Liga,2017-2018,2018-2019,"MF,FW",FW,29.0,False,27.0,2340.0,3.0,0.0,2.0,1.0,1.0,0.1153846153846153,0.0,0.1153846153846153,0.0,0,2017,2018,16786,adrian gonzalez,malaga,44073.0,exact_name_age_resolved,B,2018-08-10,2018-08-09,duckdb_big5_first_game,no_summer_event,0,0,,Málaga,La Liga,Spain,0,0,0,,,,,,,,,,,,,,,0,malaga,0,1,0,0,0,0,,,,,0,0,,,3000000.0,2018-05-30,3000000.0,3000000.0,2018-01-01,3000000.0,3000000.0,2017-06-05,3000000.0,3000000.0,historical_valuation,1,14.914123179965662,3000000.0,3000000.0,0.0,0.0,0.0,0.0,3000000.0,1.0,71.0,0.2621412803532009,0.4,Malaga,0.0,0.5263157894736842,-0.9736842105263158,Malaga,1.0,,,same_team_copy_old,La Liga,0.0,0.5263157894736842,-0.9736842105263158,0,0.0,0.0,0.0,adrian gonzalez,malaga,STABLE_BIG5_REVIEW,0.7269138755980862
Patrick Bamford,eng ENG,Leeds United,Premier League,2022-2023,2023-2024,FW,FW,28.0,False,18.0,1515.0,4.0,2.0,4.0,0.0,2.0,0.2376237623762376,0.1188118811881188,0.3564356435643564,0.0,0,2022,2023,22199,patrick bamford,leeds united,183334.0,exact_normalized_unique,A,2023-08-11,2023-08-10,duckdb_big5_first_game,no_summer_event,0,0,,Leeds United,Premier League,England,0,0,0,,,,,,,,,,,,,,,0,leeds united,0,1,0,0,0,0,,,,,0,0,,,9000000.0,2023-06-20,22000000.0,12000000.0,2022-11-03,22000000.0,16000000.0,2022-06-15,22000000.0,9000000.0,historical_valuation,1,16.012735246411598,12000000.0,16000000.0,-3000000.0,-7000000.0,-0.25,-0.4375,22000000.0,0.4090909090909091,51.0,0.4835039817974971,0.8181818181818182,Leeds,0.0526315789473684,0.8157894736842105,-0.7894736842105263,Leeds,1.0,,,same_team_copy_old,Premier League,0.0526315789473684,0.8157894736842105,-0.7894736842105263,0,0.0,0.0,0.0,patrick bamford,leeds united,STABLE_BIG5_REVIEW,0.7259569377990431
Emiliano Sala,ar ARG,Nantes,Ligue 1,2018-2019,2019-2020,FW,FW,27.0,False,16.0,1369.0,12.0,2.0,10.0,2.0,2.0,0.7888970051132214,0.1314828341855368,0.9203798392987584,0.0,0,2018,2019,17967,emiliano sala,nantes,190780.0,exact_normalized_unique,A,2019-08-09,2019-08-08,duckdb_big5_first_game,no_summer_event,0,0,,Nantes,Ligue 1,France,0,0,0,,,,,,,,,,,,,,,0,nantes,0,1,0,0,0,0,,,,,0,0,,,16000000.0,2018-12-17,16000000.0,16000000.0,2018-12-17,16000000.0,12000000.0,2018-06-04,12000000.0,16000000.0,historical_valuation,1,16.588099342704055,16000000.0,12000000.0,0.0,4000000.0,0.0,0.3333333333333332,16000000.0,1.0,234.0,0.6799116997792495,1.6,Nantes,0.4210526315789473,1.263157894736842,0.0,Nantes,1.0,,,same_team_copy_old,Ligue 1,0.4210526315789473,1.263157894736842,0.0,0,0.0,0.0,0.0,emiliano sala,nantes,STABLE_BIG5_REVIEW,0.7258373205741627
Elijah Adebayo,ENG,Luton Town,Premier League,2023-2024,2024-2025,FW,FW,25.0,False,16.0,1419.0,10.0,0.0,10.0,0.0,0.0,0.6342494714587739,0.0,0.6342494714587739,0.0,0,2023,2024,22663,elijah adebayo,luton town,319900.0,exact_normalized_unique,A,2024-08-15,2024-08-14,duckdb_big5_first_game,no_summer_event,0,0,,Luton Town,Premier League,England,0,0,0,,,,,,,,,,,,,,,0,luton town,0,1,0,0,0,0,,,,,0,0,,,12000000.0,2024-05-27,12000000.0,7000000.0,2023-12-19,7000000.0,6000000.0,2023-06-01,6000000.0,12000000.0,historical_valuation,1,16.300417291085605,7000000.0,6000000.0,5000000.0,6000000.0,0.7142857142857142,1.0,12000000.0,1.0,79.0,0.5730858468677494,1.0,Luton,0.1052631578947368,0.6842105263157895,-0.868421052631579,Luton,1.0,,,same_team_copy_old,Premier League,0.1052631578947368,0.6842105263157895,-0.868421052631579,0,0.0,0.0,0.0,elijah adebayo,luton town,STABLE_BIG5_REVIEW,0.7252392344497607
Kenny McLean,sct SCO,Norwich City,Premier League,2021-2022,2022-2023,MF,MF,29.0,False,29.0,2706.0,1.0,0.0,1.0,0.0,0.0,0.0332594235033259,0.0,0.0332594235033259,0.0,0,2021,2022,21021,kenny mclean,norwich city,126600.0,exact_normalized_unique,A,2022-08-05,2022-08-04,duckdb_big5_first_game,no_summer_event,0,0,,Norwich City,Premier League,England,0,0,0,,,,,,,,,,,,,,,0,norwich city,0,1,0,0,0,0,,,,,0,0,,,2500000.0,2022-06-15,4500000.0,3000000.0,2021-12-23,4500000.0,3000000.0,2021-06-30,4500000.0,2500000.0,historical_valuation,1,14.731801689838347,3000000.0,3000000.0,-500000.0,-500000.0,-0.1666666666666666,-0.1666666666666666,4500000.0,0.5555555555555556,50.0,0.1630057803468208,0.2941176470588235,Norwich,0.0,0.5789473684210527,-1.605263157894737,Norwich,1.0,,,same_team_copy_old,Premier League,0.0,0.5789473684210527,-1.605263157894737,0,0.0,0.0,0.0,kenny mclean,norwich city,STABLE_BIG5_REVIEW,0.7251196172248804
Lago Junior,ci CIV,Mallorca,La Liga,2019-2020,2020-2021,"MF,FW",FW,28.0,False,24.0,2188.0,4.0,0.0,1.0,3.0,3.0,0.1645338208409506,0.0,0.1645338208409506,0.0,0,2019,2020,19163,lago junior,mallorca,100722.0,exact_normalized_unique,A,2020-08-21,2020-08-20,duckdb_big5_first_game,no_summer_event,0,0,,Mallorca,La Liga,Spain,0,0,0,,,,,,,,,,,,,,,0,mallorca,0,1,0,0,0,0,,,,,0,0,,,3200000.0,2020-04-08,4000000.0,4000000.0,2019-12-20,4000000.0,2000000.0,2019-06-29,2000000.0,3200000.0,historical_valuation,1,14.978661680269909,4000000.0,2000000.0,-800000.0,1200000.0,-0.1999999999999999,0.6000000000000001,4000000.0,0.8,134.0,0.214699074074074,0.2909090909090909,Mallorca,0.0526315789473684,0.868421052631579,-0.6578947368421053,Mallorca,1.0,,,same_team_copy_old,La Liga,0.0526315789473684,0.868421052631579,-0.6578947368421053,0,0.0,0.0,0.0,lago junior,mallorca,STABLE_BIG5_REVIEW,0.7232057416267943
Mason Greenwood,eng ENG,Manchester Utd,Premier League,2021-2022,2022-2023,"FW,MF",FW,19.0,False,16.0,1271.0,5.0,1.0,5.0,0.0,0.0,0.3540519276160503,0.07081038552321,0.4248623131392604,0.0,0,2021,2022,21129,mason greenwood,manchester united,532826.0,exact_normalized_unique,A,2022-08-05,2022-08-04,duckdb_big5_first_game,no_summer_event,0,0,,Manchester Utd,Premier League,England,0,0,0,,,,,,,,,,,,,,,0,manchester united,0,1,0,0,0,0,,,,,0,0,,,50000000.0,2021-12-23,50000000.0,50000000.0,2021-12-23,50000000.0,50000000.0,2021-05-28,50000000.0,50000000.0,historical_valuation,1,17.72753358339242,50000000.0,50000000.0,0.0,0.0,0.0,0.0,50000000.0,1.0,224.0,0.9369942196531792,4.3478260869565215,Man United,0.736842105263158,1.5263157894736843,0.0,Man United,1.0,,,same_team_copy_old,Premier League,0.736842105263158,1.5263157894736843,0.0,0,0.0,0.0,0.0,mason greenwood,manchester utd,STABLE_BIG5_REVIEW,0.7223684210526315
Roberto Torres,es ESP,Osasuna,La Liga,2016-2017,2017-2018,MF,MF,27.0,False,26.0,2307.0,7.0,3.0,4.0,3.0,5.0,0.2730819245773732,0.1170351105331599,0.3901170351105331,0.0,0,2016,2017,16589,roberto torres,osasuna,63056.0,exact_normalized_unique,A,2017-08-04,2017-08-03,duckdb_big5_first_game,no_summer_event,0,0,,Osasuna,La Liga,Spain,0,0,0,,,,,,,,,,,,,,,0,osasuna,0,1,0,0,0,0,,,,,0,0,,,3000000.0,2017-06-05,3000000.0,3000000.0,2017-01-24,3000000.0,2000000.0,2016-07-15,2000000.0,3000000.0,historical_valuation,1,14.914123179965662,3000000.0,2000000.0,0.0,1000000.0,0.0,0.5,3000000.0,1.0,59.0,0.3340380549682875,0.75,Osasuna,0.0526315789473684,0.5789473684210527,-1.4210526315789471,Osasuna,1.0,,,same_team_copy_old,La Liga,0.0526315789473684,0.5789473684210527,-1.4210526315789471,0,0.0,0.0,0.0,roberto torres,osasuna,STABLE_BIG5_REVIEW,0.7214114832535885
Flavien Tait,fr FRA,Rennes,Ligue 1,2022-2023,2023-2024,MF,MF,29.0,False,19.0,1680.0,2.0,2.0,2.0,0.0,0.0,0.1071428571428571,0.1071428571428571,0.2142857142857143,0.0,0,2022,2023,21775,flavien tait,rennes,202278.0,exact_normalized_unique,A,2023-08-11,2023-08-10,duckdb_big5_first_game,no_confirmed_pre_cutoff_event,0,0,,Rennes,Ligue 1,France,0,0,0,,,,,,,,,,,,,,,0,rennes,0,1,0,0,0,0,,,,,0,0,,,6000000.0,2023-06-27,9000000.0,9000000.0,2022-11-02,9000000.0,8000000.0,2022-05-30,8000000.0,6000000.0,historical_valuation,1,15.607270193858982,9000000.0,8000000.0,-3000000.0,-2000000.0,-0.3333333333333333,-0.25,9000000.0,0.6666666666666666,44.0,0.3737201365187713,0.75,Rennes,0.8421052631578947,1.7894736842105263,0.7894736842105263,Rennes,1.0,,,same_team_copy_old,Ligue 1,0.8421052631578947,1.7894736842105263,0.7894736842105263,0,0.0,0.0,0.0,flavien tait,rennes,STABLE_BIG5_REVIEW,0.7211722488038277
Adama Traoré,es ESP,Middlesbrough,Premier League,2016-2017,2017-2018,"MF,FW",FW,20.0,False,16.0,1541.0,0.0,1.0,0.0,0.0,0.0,0.0,0.0584036340038935,0.0584036340038935,0.0,0,2016,2017,15795,adama traore,middlesbrough,204103.0,exact_name_age_resolved,B,2017-08-04,2017-08-03,duckdb_big5_first_game,no_summer_event,0,0,,Middlesbrough,Premier League,England,0,0,0,,,,,,,,,,,,,,,0,middlesbrough,0,1,0,0,0,0,,,,,0,0,,,8000000.0,2017-06-28,8000000.0,7000000.0,2016-09-01,8000000.0,8000000.0,2016-02-09,8000000.0,8000000.0,historical_valuation,1,15.894952224644102,7000000.0,8000000.0,1000000.0,0.0,0.1428571428571428,0.0,8000000.0,1.0,36.0,0.638477801268499,1.1428571428571428,Middlesbrough,0.0526315789473684,0.7368421052631579,-0.6842105263157895,Middlesbrough,1.0,,,same_team_copy_old,Premier League,0.0526315789473684,0.7368421052631579,-0.6842105263157895,0,0.0,0.0,0.0,adama traore,middlesbrough,STABLE_BIG5_REVIEW,0.7206937799043063
Bersant Celina,xk KVX,Dijon,Ligue 1,2020-2021,2021-2022,"MF,FW",FW,23.0,False,25.0,2298.0,0.0,5.0,0.0,0.0,0.0,0.0,0.1958224543080939,0.1958224543080939,0.0,0,2020,2021,19710,bersant celina,dijon,229695.0,exact_normalized_unique,A,2021-08-06,2021-08-05,duckdb_big5_first_game,no_summer_event,0,0,,Dijon,Ligue 1,France,0,0,0,,,,,,,,,,,,,,,0,dijon,0,1,0,0,0,0,,,,,0,0,,,3000000.0,2021-06-04,5000000.0,4000000.0,2020-10-15,5000000.0,4000000.0,2020-04-08,5000000.0,3000000.0,historical_valuation,1,14.914123179965662,4000000.0,4000000.0,-1000000.0,-1000000.0,-0.25,-0.25,5000000.0,0.6,62.0,0.1996699669966996,0.3,Dijon,0.0,0.5526315789473685,-1.263157894736842,Dijon,1.0,,,same_team_copy_old,Ligue 1,0.0,0.5526315789473685,-1.263157894736842,0,0.0,0.0,0.0,bersant celina,dijon,STABLE_BIG5_REVIEW,0.7194976076555024
Domenico Berardi,ITA,Sassuolo,Serie A,2023-2024,2024-2025,FW,FW,28.0,False,17.0,1431.0,9.0,3.0,4.0,5.0,5.0,0.5660377358490566,0.1886792452830188,0.7547169811320755,0.0,0,2023,2024,22641,domenico berardi,sassuolo,177843.0,exact_normalized_unique,A,2024-08-15,2024-08-14,duckdb_big5_first_game,no_summer_event,0,0,,Sassuolo,Serie A,Italy,0,0,0,,,,,,,,,,,,,,,0,sassuolo,0,1,0,0,0,0,,,,,0,0,,,10000000.0,2024-06-05,35000000.0,20000000.0,2023-12-20,35000000.0,18000000.0,2023-06-15,35000000.0,10000000.0,historical_valuation,1,16.118095750958314,20000000.0,18000000.0,-10000000.0,-8000000.0,-0.5,-0.4444444444444444,35000000.0,0.2857142857142857,70.0,0.5174013921113689,0.8333333333333334,Sassuolo,0.0526315789473684,0.7894736842105263,-0.8421052631578947,Sassuolo,1.0,,,same_team_copy_old,Serie A,0.0526315789473684,0.7894736842105263,-0.8421052631578947,0,0.0,0.0,0.0,domenico berardi,sassuolo,STABLE_BIG5_REVIEW,0.7180622009569377
Kamaldeen Sulemana,gh GHA,Southampton,Premier League,2022-2023,2023-2024,"FW,MF",FW,20.0,False,12.0,1292.0,3.0,1.0,3.0,0.0,0.0,0.2089783281733746,0.0696594427244582,0.2786377708978328,0.0,0,2022,2023,21958,kamaldeen sulemana,southampton,746695.0,exact_normalized_unique,A,2023-08-11,2023-08-10,duckdb_big5_first_game,no_summer_event,0,0,,Southampton,Premier League,England,0,0,0,,,,,,,,,,,,,,,0,southampton,0,1,0,0,0,0,,,,,0,0,,,22000000.0,2023-06-20,22000000.0,18000000.0,2022-11-02,20000000.0,18000000.0,2022-05-30,20000000.0,22000000.0,historical_valuation,1,16.906553056777135,18000000.0,18000000.0,4000000.0,4000000.0,0.2222222222222223,0.2222222222222223,22000000.0,1.0,51.0,0.7582480091012515,2.0,Southampton,0.0,0.6578947368421053,-0.9736842105263158,Southampton,1.0,,,same_team_copy_old,Premier League,0.0,0.6578947368421053,-0.9736842105263158,0,0.0,0.0,0.0,kamaldeen sulemana,southampton,STABLE_BIG5_REVIEW,0.717822966507177
Mikael Ishak,se SWE,Nürnberg,Bundesliga,2018-2019,2019-2020,FW,FW,25.0,False,22.0,1917.0,4.0,3.0,4.0,0.0,1.0,0.1877934272300469,0.1408450704225352,0.3286384976525821,0.0,0,2018,2019,18371,mikael ishak,nurnberg,153637.0,exact_normalized_unique,A,2019-08-09,2019-08-08,duckdb_big5_first_game,no_summer_event,0,0,,Nürnberg,Bundesliga,Germany,0,0,0,,,,,,,,,,,,,,,0,nurnberg,0,1,0,0,0,0,,,,,0,0,,,4000000.0,2019-06-05,4000000.0,4000000.0,2018-12-18,4000000.0,2250000.0,2018-06-19,2250000.0,4000000.0,historical_valuation,1,15.201805169084134,4000000.0,2250000.0,0.0,1750000.0,0.0,0.7777777777777777,4000000.0,1.0,64.0,0.2693156732891832,0.4,Nurnberg,0.0,0.5588235294117647,-1.2352941176470589,Nurnberg,1.0,,,same_team_copy_old,Bundesliga,0.0,0.5588235294117647,-1.2352941176470589,0,0.0,0.0,0.0,mikael ishak,nurnberg,STABLE_BIG5_REVIEW,0.7142344497607656
Josh Sargent,us USA,Norwich City,Premier League,2021-2022,2022-2023,"FW,MF",FW,21.0,False,18.0,1572.0,2.0,1.0,2.0,0.0,0.0,0.1145038167938931,0.0572519083969465,0.1717557251908396,0.0,0,2021,2022,20995,josh sargent,norwich city,393325.0,exact_normalized_unique,A,2022-08-05,2022-08-04,duckdb_big5_first_game,no_summer_event,0,0,,Norwich City,Premier League,England,0,0,0,,,,,,,,,,,,,,,0,norwich city,0,1,0,0,0,0,,,,,0,0,,,7000000.0,2022-06-15,9000000.0,8000000.0,2021-12-23,9000000.0,8000000.0,2021-06-09,9000000.0,7000000.0,historical_valuation,1,15.76142084987672,8000000.0,8000000.0,-1000000.0,-1000000.0,-0.125,-0.125,9000000.0,0.7777777777777778,50.0,0.4092485549132948,0.6086956521739131,Norwich,0.0,0.5789473684210527,-1.605263157894737,Norwich,1.0,,,same_team_copy_old,Premier League,0.0,0.5789473684210527,-1.605263157894737,0,0.0,0.0,0.0,josh sargent,norwich city,STABLE_BIG5_REVIEW,0.7135167464114832
Hélder Costa,ao ANG,Wolves,Premier League,2018-2019,2019-2020,"FW,MF",FW,24.0,False,16.0,1341.0,1.0,2.0,1.0,0.0,0.0,0.0671140939597315,0.1342281879194631,0.2013422818791946,0.0,0,2018,2019,18066,helder costa,wolves,173900.0,exact_normalized_unique,A,2019-08-09,2019-08-08,duckdb_big5_first_game,no_confirmed_pre_cutoff_event,0,0,,Wolves,Premier League,England,0,0,1,,,,,,,,,,,,,,,0,wolves,0,1,0,0,0,0,,,,,0,0,,,15000000.0,2019-06-13,15000000.0,15000000.0,2018-12-19,15000000.0,10000000.0,2017-09-18,10000000.0,15000000.0,historical_valuation,1,16.52356082573315,15000000.0,10000000.0,0.0,5000000.0,0.0,0.5,15000000.0,1.0,56.0,0.6462472406181016,1.5,Wolves,0.6842105263157895,1.5,0.0263157894736842,Wolves,1.0,,,same_team_copy_old,Premier League,0.6842105263157895,1.5,0.0263157894736842,0,0.0,0.0,0.0,helder costa,wolves,STABLE_BIG5_REVIEW,0.7133971291866028
Jason Denayer,be BEL,Sunderland,Premier League,2016-2017,2017-2018,"MF,DF",MF,21.0,False,22.0,1877.0,0.0,0.0,0.0,0.0,0.0,0.0,0.0,0.0,0.0,0,2016,2017,16196,jason denayer,sunderland,277114.0,exact_normalized_unique,A,2017-08-04,2017-08-03,duckdb_big5_first_game,no_confirmed_pre_cutoff_event,0,0,,Sunderland,Premier League,England,0,0,0,,,,,,,,,,,,,,,0,sunderland,0,1,0,0,0,0,,,,,0,0,,,4000000.0,2017-06-28,4000000.0,4000000.0,2016-08-01,4000000.0,4000000.0,2016-08-01,4000000.0,4000000.0,historical_valuation,1,15.201805169084134,4000000.0,4000000.0,0.0,0.0,0.0,0.0,4000000.0,1.0,36.0,0.4307610993657505,1.0,Sunderland,0.0,0.631578947368421,-1.0526315789473684,Sunderland,1.0,,,same_team_copy_old,Premier League,0.0,0.631578947368421,-1.0526315789473684,0,0.0,0.0,0.0,jason denayer,sunderland,STABLE_BIG5_REVIEW,0.7094497607655503
Cédric Bakambu,cd COD,Villarreal,La Liga,2017-2018,2018-2019,FW,FW,26.0,False,15.0,1263.0,9.0,0.0,8.0,1.0,1.0,0.6413301662707839,0.0,0.6413301662707839,0.0,0,2017,2018,16912,cedric bakambu,villarreal,127048.0,exact_normalized_unique,A,2018-08-10,2018-08-09,duckdb_big5_first_game,no_summer_event,0,0,,Villarreal,La Liga,Spain,0,0,0,,,,,,,,,,,,,,,0,villarreal,0,1,0,0,0,0,,,,,0,0,,,22000000.0,2018-06-05,25000000.0,25000000.0,2018-01-01,25000000.0,16000000.0,2017-06-05,20000000.0,22000000.0,historical_valuation,1,16.906553056777135,25000000.0,16000000.0,-3000000.0,6000000.0,-0.12,0.375,25000000.0,0.88,65.0,0.8145695364238411,2.933333333333333,Villarreal,0.7894736842105263,1.605263157894737,0.1842105263157894,Villarreal,1.0,,,same_team_copy_old,La Liga,0.7894736842105263,1.605263157894737,0.1842105263157894,0,0.0,0.0,0.0,cedric bakambu,villarreal,STABLE_BIG5_REVIEW,0.7077751196172248
Daniel Wass,dk DEN,Valencia,La Liga,2021-2022,2022-2023,MF,MF,32.0,False,19.0,1627.0,1.0,1.0,1.0,0.0,0.0,0.0553165334972341,0.0553165334972341,0.1106330669944683,0.0,0,2021,2022,20716,daniel wass,valencia,63463.0,exact_normalized_unique,A,2022-08-05,2022-08-04,duckdb_big5_first_game,no_confirmed_pre_cutoff_event,0,0,,Valencia,La Liga,Spain,0,0,0,,,,,,,,,,,,,,,0,valencia,0,1,0,0,0,0,,,,,0,0,,,6000000.0,2022-06-03,15000000.0,6000000.0,2021-12-30,15000000.0,7000000.0,2021-05-26,15000000.0,6000000.0,historical_valuation,1,15.607270193858982,6000000.0,7000000.0,0.0,-1000000.0,0.0,-0.1428571428571429,15000000.0,0.4,62.0,0.3710982658959537,0.7058823529411765,Valencia,0.5789473684210527,1.263157894736842,-0.131578947368421,Valencia,1.0,,,same_team_copy_old,La Liga,0.5789473684210527,1.263157894736842,-0.131578947368421,0,0.0,0.0,0.0,daniel wass,valencia,STABLE_BIG5_REVIEW,0.707535885167464
Facundo Pellistri,URU,Granada,La Liga,2023-2024,2024-2025,"MF,FW",FW,21.0,False,15.0,1404.0,2.0,2.0,2.0,0.0,0.0,0.1282051282051282,0.1282051282051282,0.2564102564102564,0.0,0,2023,2024,22693,facundo pellistri,granada,676318.0,exact_normalized_unique,A,2024-08-15,2024-08-14,duckdb_big5_first_game,no_confirmed_pre_cutoff_event,0,0,,Granada,La Liga,Spain,0,0,0,,,,,,,,,,,,,,,0,granada,0,1,0,0,0,0,,,,,0,0,,,10000000.0,2024-07-19,10000000.0,10000000.0,2023-12-19,10000000.0,6000000.0,2023-06-20,7000000.0,10000000.0,historical_valuation,1,16.118095750958314,10000000.0,6000000.0,0.0,4000000.0,0.0,0.6666666666666667,10000000.0,1.0,26.0,0.5174013921113689,0.8333333333333334,Granada,0.0,0.5526315789473685,-1.0789473684210529,Granada,1.0,,,same_team_copy_old,La Liga,0.0,0.5526315789473685,-1.0789473684210529,0,0.0,0.0,0.0,facundo pellistri,granada,STABLE_BIG5_REVIEW,0.7061004784688995
Georginio Rutter,fr FRA,Hoffenheim,Bundesliga,2022-2023,2023-2024,FW,FW,20.0,False,12.0,1282.0,2.0,3.0,2.0,0.0,0.0,0.1404056162246489,0.2106084243369735,0.3510140405616225,0.0,0,2022,2023,21804,georginio rutter,hoffenheim,538977.0,exact_normalized_unique,A,2023-08-11,2023-08-10,duckdb_big5_first_game,no_summer_event,0,0,,Hoffenheim,Bundesliga,Germany,0,0,0,,,,,,,,,,,,,,,0,hoffenheim,0,1,0,0,0,0,,,,,0,0,,,18000000.0,2023-06-20,22000000.0,16000000.0,2022-11-09,16000000.0,16000000.0,2022-06-09,16000000.0,18000000.0,historical_valuation,1,16.705882371415992,16000000.0,16000000.0,2000000.0,2000000.0,0.125,0.125,22000000.0,0.8181818181818182,51.0,0.6899886234357224,1.6363636363636365,Hoffenheim,0.3529411764705882,1.0588235294117647,-0.2647058823529412,Hoffenheim,1.0,,,same_team_copy_old,Bundesliga,0.3529411764705882,1.0588235294117647,-0.2647058823529412,0,0.0,0.0,0.0,georginio rutter,hoffenheim,STABLE_BIG5_REVIEW,0.7045454545454546
Alexis Blin,fr FRA,Amiens,Ligue 1,2019-2020,2020-2021,MF,MF,22.0,False,21.0,1841.0,0.0,1.0,0.0,0.0,0.0,0.0,0.048886474741988,0.048886474741988,0.0,0,2019,2020,18722,alexis blin,amiens,236041.0,exact_normalized_unique,A,2020-08-21,2020-08-20,duckdb_big5_first_game,no_summer_event,0,0,,Amiens,Ligue 1,France,0,0,0,,,,,,,,,,,,,,,0,amiens,0,1,0,0,0,0,,,,,0,0,,,4000000.0,2020-04-08,8000000.0,5000000.0,2019-12-19,8000000.0,5000000.0,2019-06-03,8000000.0,4000000.0,historical_valuation,1,15.201805169084134,5000000.0,5000000.0,-1000000.0,-1000000.0,-0.1999999999999999,-0.1999999999999999,8000000.0,0.5,134.0,0.2690972222222222,0.5333333333333333,Amiens,0.0526315789473684,0.8214285714285714,-0.6785714285714286,Amiens,1.0,,,same_team_copy_old,Ligue 1,0.0526315789473684,0.8214285714285714,-0.6785714285714286,0,0.0,0.0,0.0,alexis blin,amiens,STABLE_BIG5_REVIEW,0.7020334928229666
Lewis Cook,eng ENG,Bournemouth,Premier League,2019-2020,2020-2021,"MF,FW",FW,22.0,False,14.0,1352.0,0.0,0.0,0.0,0.0,0.0,0.0,0.0,0.0,0.0,0,2019,2020,19177,lewis cook,bournemouth,249089.0,exact_normalized_unique,A,2020-08-21,2020-08-20,duckdb_big5_first_game,no_summer_event,0,0,,Bournemouth,Premier League,England,0,0,0,,,,,,,,,,,,,,,0,bournemouth,0,1,0,0,0,0,,,,,0,0,,,12000000.0,2020-07-30,20000000.0,20000000.0,2019-12-10,20000000.0,20000000.0,2019-06-13,20000000.0,12000000.0,historical_valuation,1,16.300417291085605,20000000.0,20000000.0,-8000000.0,-8000000.0,-0.4,-0.4,20000000.0,0.6,21.0,0.5752314814814815,1.0909090909090908,Bournemouth,0.1052631578947368,0.8947368421052632,-0.6578947368421053,Bournemouth,1.0,,,same_team_copy_old,Premier League,0.1052631578947368,0.8947368421052632,-0.6578947368421053,0,0.0,0.0,0.0,lewis cook,bournemouth,STABLE_BIG5_REVIEW,0.7017942583732057
Imran Louza,ma MAR,Watford,Premier League,2021-2022,2022-2023,MF,MF,22.0,False,17.0,1416.0,0.0,0.0,0.0,0.0,0.0,0.0,0.0,0.0,0.0,0,2021,2022,20901,imran louza,watford,635336.0,exact_normalized_unique,A,2022-08-05,2022-08-04,duckdb_big5_first_game,no_summer_event,0,0,,Watford,Premier League,England,0,0,0,,,,,,,,,,,,,,,0,watford,0,1,0,0,0,0,,,,,0,0,,,9000000.0,2022-06-15,12000000.0,10000000.0,2021-12-23,12000000.0,12000000.0,2021-06-04,12000000.0,9000000.0,historical_valuation,1,16.012735246411598,10000000.0,12000000.0,-1000000.0,-3000000.0,-0.0999999999999999,-0.25,12000000.0,0.75,50.0,0.4826589595375722,1.0588235294117647,Watford,0.0526315789473684,0.6052631578947368,-1.131578947368421,Watford,1.0,,,same_team_copy_old,Premier League,0.0526315789473684,0.6052631578947368,-1.131578947368421,0,0.0,0.0,0.0,imran louza,watford,STABLE_BIG5_REVIEW,0.7017942583732057
Sofiane Diop,fr FRA,Nice,Ligue 1,2022-2023,2023-2024,"MF,FW",FW,22.0,False,15.0,1293.0,2.0,4.0,2.0,0.0,0.0,0.1392111368909512,0.2784222737819025,0.4176334106728538,0.0,0,2022,2023,22330,sofiane diop,nice,569389.0,exact_normalized_unique,A,2023-08-11,2023-08-10,duckdb_big5_first_game,no_summer_event,0,0,,Nice,Ligue 1,France,0,0,0,,,,,,,,,,,,,,,0,nice,0,1,0,0,0,0,,,,,0,0,,,15000000.0,2023-06-27,20000000.0,18000000.0,2022-11-02,20000000.0,20000000.0,2022-05-30,20000000.0,15000000.0,historical_valuation,1,16.52356082573315,18000000.0,20000000.0,-3000000.0,-5000000.0,-0.1666666666666666,-0.25,20000000.0,0.75,44.0,0.6342434584755404,1.3636363636363635,Nice,0.5789473684210527,1.5263157894736843,0.2894736842105263,Nice,1.0,,,same_team_copy_old,Ligue 1,0.5789473684210527,1.5263157894736843,0.2894736842105263,0,0.0,0.0,0.0,sofiane diop,nice,STABLE_BIG5_REVIEW,0.7002392344497608
Matt Phillips,sct SCO,West Brom,Premier League,2020-2021,2021-2022,MF,MF,29.0,False,20.0,1828.0,2.0,1.0,2.0,0.0,0.0,0.0984682713347921,0.049234135667396,0.1477024070021881,0.0,0,2020,2021,20189,matt phillips,west brom,77274.0,exact_normalized_unique,A,2021-08-06,2021-08-05,duckdb_big5_first_game,no_summer_event,0,0,,West Brom,Premier League,England,0,0,0,,,,,,,,,,,,,,,0,west brom,0,1,0,0,0,0,,,,,0,0,,,4000000.0,2021-06-08,9000000.0,5500000.0,2020-10-13,9000000.0,5500000.0,2020-04-08,9000000.0,4000000.0,historical_valuation,1,15.201805169084134,5500000.0,5500000.0,-1500000.0,-1500000.0,-0.2727272727272727,-0.2727272727272727,9000000.0,0.4444444444444444,58.0,0.2788778877887788,0.5,West Brom,0.0526315789473684,0.6842105263157895,-1.0789473684210529,West Brom,1.0,,,same_team_copy_old,Premier League,0.0526315789473684,0.6842105263157895,-1.0789473684210529,0,0.0,0.0,0.0,matt phillips,west brom,STABLE_BIG5_REVIEW,0.7001196172248805
Adama Niane,ml MLI,Troyes,Ligue 1,2017-2018,2018-2019,FW,FW,24.0,False,25.0,2164.0,8.0,2.0,6.0,2.0,2.0,0.33271719038817,0.0831792975970425,0.4158964879852126,0.0,0,2017,2018,16781,adama niane,troyes,253842.0,exact_normalized_unique,A,2018-08-10,2018-08-09,duckdb_big5_first_game,no_summer_event,0,0,,Troyes,Ligue 1,France,0,0,0,,,,,,,,,,,,,,,0,troyes,0,1,0,0,0,0,,,,,0,0,,,3000000.0,2018-06-04,3000000.0,2500000.0,2018-01-24,2500000.0,2500000.0,2017-06-15,2500000.0,3000000.0,historical_valuation,1,14.914123179965662,2500000.0,2500000.0,500000.0,500000.0,0.1999999999999999,0.1999999999999999,3000000.0,1.0,66.0,0.2621412803532009,0.4,Troyes,0.0526315789473684,0.868421052631579,-0.7105263157894737,Troyes,1.0,,,same_team_copy_old,Ligue 1,0.0526315789473684,0.868421052631579,-0.7105263157894737,0,0.0,0.0,0.0,adama niane,troyes,STABLE_BIG5_REVIEW,0.6994019138755981
Mehdi Léris,dz ALG,Sampdoria,Serie A,2022-2023,2023-2024,"MF,DF",MF,24.0,False,29.0,2460.0,1.0,1.0,1.0,0.0,0.0,0.0365853658536585,0.0365853658536585,0.073170731707317,0.0,0,2022,2023,22106,mehdi leris,sampdoria,348601.0,exact_normalized_unique,A,2023-08-11,2023-08-10,duckdb_big5_first_game,no_summer_event,0,0,,Sampdoria,Serie A,Italy,0,0,0,,,,,,,,,,,,,,,0,sampdoria,0,1,0,0,0,0,,,,,0,0,,,2500000.0,2023-06-15,2500000.0,2200000.0,2022-11-11,2500000.0,2400000.0,2022-06-06,2500000.0,2500000.0,historical_valuation,1,14.731801689838347,2200000.0,2400000.0,300000.0,100000.0,0.1363636363636364,0.0416666666666667,2500000.0,1.0,56.0,0.1575654152445961,0.3125,Sampdoria,0.0,0.5,-1.236842105263158,Sampdoria,1.0,,,same_team_copy_old,Serie A,0.0,0.5,-1.236842105263158,0,0.0,0.0,0.0,mehdi leris,sampdoria,STABLE_BIG5_REVIEW,0.6988038277511962
Cyrus Christie,ie IRL,Fulham,Premier League,2018-2019,2019-2020,"DF,MF",MF,25.0,False,19.0,1948.0,0.0,1.0,0.0,0.0,0.0,0.0,0.0462012320328542,0.0462012320328542,0.0,0,2018,2019,17900,cyrus christie,fulham,158623.0,exact_normalized_unique,A,2019-08-09,2019-08-08,duckdb_big5_first_game,no_summer_event,0,0,,Fulham,Premier League,England,0,0,0,,,,,,,,,,,,,,,0,fulham,0,1,0,0,0,0,,,,,0,0,,,3500000.0,2019-06-13,3500000.0,3500000.0,2018-12-19,3500000.0,3000000.0,2018-02-27,3000000.0,3500000.0,historical_valuation,1,15.068273812173889,3500000.0,3000000.0,0.0,500000.0,0.0,0.1666666666666667,3500000.0,1.0,56.0,0.2290286975717439,0.4375,Fulham,0.0526315789473684,0.6842105263157895,-1.236842105263158,Fulham,1.0,,,same_team_copy_old,Premier League,0.0526315789473684,0.6842105263157895,-1.236842105263158,0,0.0,0.0,0.0,cyrus christie,fulham,STABLE_BIG5_REVIEW,0.6979665071770336
Filippo Falco,it ITA,Lecce,Serie A,2019-2020,2020-2021,"FW,MF",FW,27.0,False,24.0,2014.0,4.0,6.0,4.0,0.0,0.0,0.1787487586891757,0.2681231380337636,0.4468718967229394,0.0,0,2019,2020,18946,filippo falco,lecce,70689.0,exact_normalized_unique,A,2020-08-21,2020-08-20,duckdb_big5_first_game,no_summer_event,0,0,,Lecce,Serie A,Italy,0,0,0,,,,,,,,,,,,,,,0,lecce,0,1,0,0,0,0,,,,,0,0,,,3200000.0,2020-04-08,4000000.0,4000000.0,2019-12-12,4000000.0,2500000.0,2019-06-05,2500000.0,3200000.0,historical_valuation,1,14.978661680269909,4000000.0,2500000.0,-800000.0,700000.0,-0.1999999999999999,0.28,4000000.0,0.8,134.0,0.214699074074074,0.2909090909090909,Lecce,0.1052631578947368,0.9210526315789472,-0.868421052631579,Lecce,1.0,,,same_team_copy_old,Serie A,0.1052631578947368,0.9210526315789472,-0.868421052631579,0,0.0,0.0,0.0,filippo falco,lecce,STABLE_BIG5_REVIEW,0.6973684210526315
Vincent Marchetti,fr FRA,Ajaccio,Ligue 1,2022-2023,2023-2024,MF,MF,25.0,False,29.0,2452.0,0.0,2.0,0.0,0.0,0.0,0.0,0.0734094616639478,0.0734094616639478,0.0,0,2022,2023,22391,vincent marchetti,ajaccio,374040.0,exact_normalized_unique,A,2023-08-11,2023-08-10,duckdb_big5_first_game,no_summer_event,0,0,,Ajaccio,Ligue 1,France,0,0,0,,,,,,,,,,,,,,,0,ajaccio,0,1,0,0,0,0,,,,,0,0,,,2500000.0,2023-06-27,3000000.0,3000000.0,2022-11-02,3000000.0,1200000.0,2022-06-02,1200000.0,2500000.0,historical_valuation,1,14.731801689838347,3000000.0,1200000.0,-500000.0,1300000.0,-0.1666666666666666,1.0833333333333337,3000000.0,0.8333333333333334,44.0,0.1575654152445961,0.3125,Ajaccio,0.1052631578947368,0.6842105263157895,-1.3421052631578947,Ajaccio,1.0,,,same_team_copy_old,Ligue 1,0.1052631578947368,0.6842105263157895,-1.3421052631578947,0,0.0,0.0,0.0,vincent marchetti,ajaccio,STABLE_BIG5_REVIEW,0.6954545454545455
Abel Hernández,uy URU,Hull City,Premier League,2016-2017,2017-2018,FW,FW,25.0,False,16.0,1425.0,4.0,3.0,4.0,0.0,0.0,0.2526315789473684,0.1894736842105263,0.4421052631578948,0.0,0,2016,2017,15787,abel hernandez,hull city,76608.0,exact_normalized_unique,A,2017-08-04,2017-08-03,duckdb_big5_first_game,no_summer_event,0,0,,Hull City,Premier League,England,0,0,0,,,,,,,,,,,,,,,0,hull city,0,1,0,0,0,0,,,,,0,0,,,8000000.0,2017-06-28,8000000.0,8000000.0,2016-08-01,8000000.0,8000000.0,2016-08-01,8000000.0,8000000.0,historical_valuation,1,15.894952224644102,8000000.0,8000000.0,0.0,0.0,0.0,0.0,8000000.0,1.0,36.0,0.638477801268499,1.1428571428571428,Hull,0.1052631578947368,0.8947368421052632,-1.131578947368421,Hull,1.0,,,same_team_copy_old,Premier League,0.1052631578947368,0.8947368421052632,-1.131578947368421,0,0.0,0.0,0.0,abel hernandez,hull city,STABLE_BIG5_REVIEW,0.6948564593301435
Callum Robinson,ie IRL,West Brom,Premier League,2020-2021,2021-2022,"FW,MF",FW,25.0,False,20.0,1560.0,5.0,0.0,5.0,0.0,0.0,0.2884615384615384,0.0,0.2884615384615384,0.0,0,2020,2021,19731,callum robinson,west brom,183299.0,exact_normalized_unique,A,2021-08-06,2021-08-05,duckdb_big5_first_game,no_summer_event,0,0,,West Brom,Premier League,England,0,0,0,,,,,,,,,,,,,,,0,west brom,0,1,0,0,0,0,,,,,0,0,,,6000000.0,2021-06-08,8000000.0,8000000.0,2020-10-13,8000000.0,5500000.0,2020-04-08,7000000.0,6000000.0,historical_valuation,1,15.607270193858982,8000000.0,5500000.0,-2000000.0,500000.0,-0.25,0.0909090909090908,8000000.0,0.75,58.0,0.3872387238723872,0.6,West Brom,0.0526315789473684,0.6842105263157895,-1.0789473684210529,West Brom,1.0,,,same_team_copy_old,Premier League,0.0526315789473684,0.6842105263157895,-1.0789473684210529,0,0.0,0.0,0.0,callum robinson,west brom,STABLE_BIG5_REVIEW,0.694377990430622
Kevin Agudelo,co COL,Spezia,Serie A,2022-2023,2023-2024,"MF,FW",FW,23.0,False,23.0,2131.0,0.0,1.0,0.0,0.0,0.0,0.0,0.0422336931018301,0.0422336931018301,0.0,0,2022,2023,21969,kevin agudelo,spezia,587458.0,exact_normalized_unique,A,2023-08-11,2023-08-10,duckdb_big5_first_game,no_summer_event,0,0,,Spezia,Serie A,Italy,0,0,0,,,,,,,,,,,,,,,0,spezia,0,1,0,0,0,0,,,,,0,0,,,3000000.0,2023-06-15,3500000.0,3500000.0,2022-11-11,3500000.0,3500000.0,2022-06-07,3500000.0,3000000.0,historical_valuation,1,14.914123179965662,3500000.0,3500000.0,-500000.0,-500000.0,-0.1428571428571429,-0.1428571428571429,3500000.0,0.8571428571428571,56.0,0.2042093287827076,0.2727272727272727,Spezia,0.1052631578947368,0.8157894736842105,-0.8157894736842105,Spezia,1.0,,,same_team_copy_old,Serie A,0.1052631578947368,0.8157894736842105,-0.8157894736842105,0,0.0,0.0,0.0,kevin agudelo,spezia,STABLE_BIG5_REVIEW,0.6936602870813398
Andrea Barberis,it ITA,Crotone,Serie A,2017-2018,2018-2019,MF,MF,23.0,False,34.0,3029.0,2.0,1.0,2.0,0.0,0.0,0.0594255529877847,0.0297127764938923,0.0891383294816771,0.0,0,2017,2018,16832,andrea barberis,crotone,146680.0,exact_normalized_unique,A,2018-08-10,2018-08-09,duckdb_big5_first_game,no_summer_event,0,0,,Crotone,Serie A,Italy,0,0,0,,,,,,,,,,,,,,,0,crotone,0,1,0,0,0,0,,,,,0,0,,,2000000.0,2018-06-07,2000000.0,2000000.0,2017-12-29,2000000.0,2000000.0,2017-06-08,2000000.0,2000000.0,historical_valuation,1,14.508658238524095,2000000.0,2000000.0,0.0,0.0,0.0,0.0,2000000.0,1.0,63.0,0.1600441501103753,0.3333333333333333,Crotone,0.1052631578947368,0.9210526315789472,-0.6842105263157895,Crotone,1.0,,,same_team_copy_old,Serie A,0.1052631578947368,0.9210526315789472,-0.6842105263157895,0,0.0,0.0,0.0,andrea barberis,crotone,STABLE_BIG5_REVIEW,0.6913875598086124
Alessandro Schöpf,at AUT,Arminia,Bundesliga,2021-2022,2022-2023,MF,MF,27.0,False,27.0,2397.0,1.0,0.0,1.0,0.0,0.0,0.0375469336670838,0.0,0.0375469336670838,0.0,0,2021,2022,20582,alessandro schopf,arminia,118397.0,exact_normalized_unique,A,2022-08-05,2022-08-04,duckdb_big5_first_game,no_summer_event,0,0,,Arminia,Bundesliga,Germany,0,0,0,,,,,,,,,,,,,,,0,arminia,0,1,0,0,0,0,,,,,0,0,,,2500000.0,2022-06-09,7500000.0,1800000.0,2021-12-22,7500000.0,1500000.0,2021-05-27,7500000.0,2500000.0,historical_valuation,1,14.731801689838347,1800000.0,1500000.0,700000.0,1000000.0,0.3888888888888888,0.6666666666666667,7500000.0,0.3333333333333333,56.0,0.1630057803468208,0.2941176470588235,Bielefeld,0.0588235294117647,0.8235294117647058,-0.7647058823529411,Bielefeld,1.0,,,same_team_copy_old,Bundesliga,0.0588235294117647,0.8235294117647058,-0.7647058823529411,0,0.0,0.0,0.0,alessandro schopf,arminia,STABLE_BIG5_REVIEW,0.6901913875598087
Alfredo Donnarumma,it ITA,Brescia,Serie A,2019-2020,2020-2021,FW,FW,28.0,False,20.0,1684.0,7.0,2.0,5.0,2.0,2.0,0.3741092636579572,0.1068883610451306,0.4809976247030878,0.0,0,2019,2020,18727,alfredo donnarumma,brescia,130485.0,exact_normalized_unique,A,2020-08-21,2020-08-20,duckdb_big5_first_game,no_summer_event,0,0,,Brescia,Serie A,Italy,0,0,0,,,,,,,,,,,,,,,0,brescia,0,1,0,0,0,0,,,,,0,0,,,4800000.0,2020-04-08,6000000.0,6000000.0,2019-12-12,6000000.0,4000000.0,2019-06-05,4000000.0,4800000.0,historical_valuation,1,15.38412668421143,6000000.0,4000000.0,-1200000.0,800000.0,-0.1999999999999999,0.1999999999999999,6000000.0,0.8,134.0,0.3020833333333333,0.4363636363636363,Brescia,0.0526315789473684,0.6578947368421053,-1.1578947368421053,Brescia,1.0,,,same_team_copy_old,Serie A,0.0526315789473684,0.6578947368421053,-1.1578947368421053,0,0.0,0.0,0.0,alfredo donnarumma,brescia,STABLE_BIG5_REVIEW,0.6900717703349282
Moussa Koné,sn SEN,Nîmes,Ligue 1,2020-2021,2021-2022,FW,FW,23.0,False,21.0,1755.0,9.0,0.0,9.0,0.0,0.0,0.4615384615384615,0.0,0.4615384615384615,0.0,0,2020,2021,20245,moussa kone,nimes,364239.0,exact_name_age_resolved,B,2021-08-06,2021-08-05,duckdb_big5_first_game,no_summer_event,0,0,,Nîmes,Ligue 1,France,0,0,0,,,,,,,,,,,,,,,0,nimes,0,1,0,0,0,0,,,,,0,0,,,4000000.0,2021-06-04,4000000.0,3000000.0,2021-01-07,4000000.0,2800000.0,2020-04-08,4000000.0,4000000.0,historical_valuation,1,15.201805169084134,3000000.0,2800000.0,1000000.0,1200000.0,0.3333333333333332,0.4285714285714286,4000000.0,1.0,62.0,0.2788778877887788,0.4,Nimes,0.0526315789473684,0.9210526315789472,-0.8157894736842105,Nimes,1.0,,,same_team_copy_old,Ligue 1,0.0526315789473684,0.9210526315789472,-0.8157894736842105,0,0.0,0.0,0.0,moussa kone,nimes,STABLE_BIG5_REVIEW,0.6888755980861244
Adam Armstrong,eng ENG,Southampton,Premier League,2022-2023,2023-2024,"FW,MF",FW,25.0,False,14.0,1335.0,2.0,1.0,2.0,0.0,0.0,0.1348314606741573,0.0674157303370786,0.2022471910112359,0.0,0,2022,2023,21498,adam armstrong,southampton,250426.0,exact_normalized_unique,A,2023-08-11,2023-08-10,duckdb_big5_first_game,no_summer_event,0,0,,Southampton,Premier League,England,0,0,0,,,,,,,,,,,,,,,0,southampton,0,1,0,0,0,0,,,,,0,0,,,10000000.0,2023-06-20,18000000.0,15000000.0,2022-11-03,18000000.0,15000000.0,2022-06-15,18000000.0,10000000.0,historical_valuation,1,16.118095750958314,15000000.0,15000000.0,-5000000.0,-5000000.0,-0.3333333333333333,-0.3333333333333333,18000000.0,0.5555555555555556,51.0,0.5233219567690558,0.9090909090909092,Southampton,0.0,0.6578947368421053,-0.9736842105263158,Southampton,1.0,,,same_team_copy_old,Premier League,0.0,0.6578947368421053,-0.9736842105263158,0,0.0,0.0,0.0,adam armstrong,southampton,STABLE_BIG5_REVIEW,0.6883971291866028
Jaime Seoane,es ESP,Huesca,La Liga,2020-2021,2021-2022,MF,MF,23.0,False,23.0,2064.0,1.0,1.0,1.0,0.0,0.0,0.0436046511627907,0.0436046511627907,0.0872093023255814,0.0,0,2020,2021,19965,jaime seoane,huesca,340867.0,exact_normalized_unique,A,2021-08-06,2021-08-05,duckdb_big5_first_game,no_summer_event,0,0,,Huesca,La Liga,Spain,0,0,0,,,,,,,,,,,,,,,0,huesca,0,1,0,0,0,0,,,,,0,0,,,3000000.0,2021-06-10,3000000.0,800000.0,2021-01-05,800000.0,500000.0,2020-07-23,500000.0,3000000.0,historical_valuation,1,14.914123179965662,800000.0,500000.0,2200000.0,2500000.0,2.75,5.0,3000000.0,1.0,56.0,0.1996699669966996,0.375,Huesca,0.1052631578947368,0.8947368421052632,-0.5,Huesca,1.0,,,same_team_copy_old,La Liga,0.1052631578947368,0.8947368421052632,-0.5,0,0.0,0.0,0.0,jaime seoane,huesca,STABLE_BIG5_REVIEW,0.6864832535885168
Iddrisu Baba,gh GHA,Mallorca,La Liga,2019-2020,2020-2021,MF,MF,23.0,False,35.0,2903.0,0.0,0.0,0.0,0.0,0.0,0.0,0.0,0.0,0.0,0,2019,2020,19026,iddrisu baba,mallorca,442805.0,exact_normalized_unique,A,2020-08-21,2020-08-20,duckdb_big5_first_game,no_summer_event,0,0,,Mallorca,La Liga,Spain,0,0,0,,,,,,,,,,,,,,,0,mallorca,0,1,0,0,0,0,,,,,0,0,,,2000000.0,2020-04-08,2500000.0,2500000.0,2019-12-20,2500000.0,500000.0,2019-06-29,500000.0,2000000.0,historical_valuation,1,14.508658238524095,2500000.0,500000.0,-500000.0,1500000.0,-0.1999999999999999,3.0,2500000.0,0.8,134.0,0.1140046296296296,0.2666666666666666,Mallorca,0.0526315789473684,0.868421052631579,-0.6578947368421053,Mallorca,1.0,,,same_team_copy_old,La Liga,0.0526315789473684,0.868421052631579,-0.6578947368421053,0,0.0,0.0,0.0,iddrisu baba,mallorca,STABLE_BIG5_REVIEW,0.6851674641148325
Prince Oniangué,cg CGO,Caen,Ligue 1,2018-2019,2019-2020,MF,MF,29.0,False,26.0,2343.0,2.0,0.0,2.0,0.0,0.0,0.0768245838668374,0.0,0.0768245838668374,0.0,0,2018,2019,18472,prince oniangue,caen,60578.0,exact_normalized_unique,A,2019-08-09,2019-08-08,duckdb_big5_first_game,no_summer_event,0,0,,Caen,Ligue 1,France,0,0,0,,,,,,,,,,,,,,,0,caen,0,1,0,0,0,0,,,,,0,0,,,2500000.0,2019-06-03,3500000.0,3000000.0,2018-12-17,3500000.0,1500000.0,2018-06-04,3500000.0,2500000.0,historical_valuation,1,14.731801689838347,3000000.0,1500000.0,-500000.0,1000000.0,-0.1666666666666666,0.6666666666666667,3500000.0,0.7142857142857143,66.0,0.1490066225165563,0.3125,Caen,0.0526315789473684,0.868421052631579,-0.6578947368421053,Caen,1.0,,,same_team_copy_old,Ligue 1,0.0526315789473684,0.868421052631579,-0.6578947368421053,0,0.0,0.0,0.0,prince oniangue,caen,STABLE_BIG5_REVIEW,0.6849282296650718
Leroy Fer,nl NED,Swansea City,Premier League,2017-2018,2018-2019,MF,MF,27.0,False,15.0,1397.0,1.0,1.0,1.0,0.0,0.0,0.0644237652111667,0.0644237652111667,0.1288475304223335,0.0,0,2017,2018,17285,leroy fer,swansea city,63342.0,exact_normalized_unique,A,2018-08-10,2018-08-09,duckdb_big5_first_game,no_summer_event,0,0,,Swansea City,Premier League,England,0,0,0,,,,,,,,,,,,,,,0,swansea city,0,1,0,0,0,0,,,,,0,0,,,8000000.0,2018-05-28,8500000.0,8000000.0,2018-01-02,8500000.0,8000000.0,2017-06-28,8500000.0,8000000.0,historical_valuation,1,15.894952224644102,8000000.0,8000000.0,0.0,0.0,0.0,0.0,8500000.0,0.9411764705882352,73.0,0.5590507726269316,1.3333333333333333,Swansea,0.1052631578947368,0.868421052631579,-0.7368421052631579,Swansea,1.0,,,same_team_copy_old,Premier League,0.1052631578947368,0.868421052631579,-0.7368421052631579,0,0.0,0.0,0.0,leroy fer,swansea city,STABLE_BIG5_REVIEW,0.682177033492823
Óscar Plano,es ESP,Valladolid,La Liga,2022-2023,2023-2024,"FW,MF",FW,31.0,False,22.0,2038.0,1.0,1.0,1.0,0.0,0.0,0.0441609421000981,0.0441609421000981,0.0883218842001962,0.0,0,2022,2023,22186,oscar plano,valladolid,221309.0,exact_normalized_unique,A,2023-08-11,2023-08-10,duckdb_big5_first_game,no_summer_event,0,0,,Valladolid,La Liga,Spain,0,0,0,,,,,,,,,,,,,,,0,valladolid,0,1,0,0,0,0,,,,,0,0,,,3000000.0,2023-06-13,4000000.0,3000000.0,2022-11-07,4000000.0,2500000.0,2022-06-29,4000000.0,3000000.0,historical_valuation,1,14.914123179965662,3000000.0,2500000.0,0.0,500000.0,0.0,0.1999999999999999,4000000.0,0.75,58.0,0.2042093287827076,0.2727272727272727,Valladolid,0.1052631578947368,1.0526315789473684,-0.7894736842105263,Valladolid,1.0,,,same_team_copy_old,La Liga,0.1052631578947368,1.0526315789473684,-0.7894736842105263,0,0.0,0.0,0.0,oscar plano,valladolid,STABLE_BIG5_REVIEW,0.6816985645933015
Cyriel Dessers,ng NGA,Cremonese,Serie A,2022-2023,2023-2024,FW,FW,27.0,False,19.0,1587.0,6.0,1.0,6.0,0.0,1.0,0.3402646502835539,0.0567107750472589,0.3969754253308128,0.0,0,2022,2023,21662,cyriel dessers,cremonese,317806.0,exact_normalized_unique,A,2023-08-11,2023-08-10,duckdb_big5_first_game,no_summer_event,0,0,,Cremonese,Serie A,Italy,0,0,0,,,,,,,,,,,,,,,0,cremonese,0,1,0,0,0,0,,,,,0,0,,,5000000.0,2023-06-15,6000000.0,6000000.0,2022-11-11,6000000.0,6000000.0,2022-06-08,6000000.0,5000000.0,historical_valuation,1,15.424948670398354,6000000.0,6000000.0,-1000000.0,-1000000.0,-0.1666666666666666,-0.1666666666666666,6000000.0,0.8333333333333334,56.0,0.3270762229806598,0.4545454545454545,Cremonese,0.0526315789473684,0.7105263157894737,-0.868421052631579,Cremonese,1.0,,,same_team_copy_old,Serie A,0.0526315789473684,0.7105263157894737,-0.868421052631579,0,0.0,0.0,0.0,cyriel dessers,cremonese,STABLE_BIG5_REVIEW,0.6787081339712918
Jan Thielmann,GER,Köln,Bundesliga,2023-2024,2024-2025,"FW,DF",FW,21.0,False,20.0,1579.0,1.0,0.0,1.0,0.0,0.0,0.0569981000633312,0.0,0.0569981000633312,0.0,0,2023,2024,22814,jan thielmann,koln,472249.0,exact_normalized_unique,A,2024-08-15,2024-08-14,duckdb_big5_first_game,no_summer_event,0,0,,Köln,Bundesliga,Germany,0,0,0,,,,,,,,,,,,,,,0,koln,0,1,0,0,0,0,,,,,0,0,,,5000000.0,2024-05-29,9000000.0,6500000.0,2023-12-14,9000000.0,6500000.0,2023-06-22,9000000.0,5000000.0,historical_valuation,1,15.424948670398354,6500000.0,6500000.0,-1500000.0,-1500000.0,-0.2307692307692307,-0.2307692307692307,9000000.0,0.5555555555555556,77.0,0.3074245939675174,0.4166666666666667,FC Koln,0.0588235294117647,0.7941176470588235,-0.9411764705882352,FC Koln,1.0,,,same_team_copy_old,Bundesliga,0.0588235294117647,0.7941176470588235,-0.9411764705882352,0,0.0,0.0,0.0,jan thielmann,koln,STABLE_BIG5_REVIEW,0.6779904306220096
Branimir Hrgota,se SWE,Greuther Fürth,Bundesliga,2021-2022,2022-2023,FW,FW,28.0,False,33.0,2777.0,9.0,5.0,4.0,5.0,5.0,0.291681670867843,0.1620453727043572,0.4537270435722002,0.0,0,2021,2022,20670,branimir hrgota,greuther furth,171209.0,exact_normalized_unique,A,2022-08-05,2022-08-04,duckdb_big5_first_game,no_summer_event,0,0,,Greuther Fürth,Bundesliga,Germany,0,0,0,,,,,,,,,,,,,,,0,greuther furth,0,1,0,0,0,0,,,,,0,0,,,2000000.0,2022-06-09,3500000.0,2000000.0,2021-12-22,3500000.0,2000000.0,2021-06-16,3500000.0,2000000.0,historical_valuation,1,14.508658238524095,2000000.0,2000000.0,0.0,0.0,0.0,0.0,3500000.0,0.5714285714285714,56.0,0.1115606936416185,0.1739130434782608,Greuther Furth,0.0,0.5294117647058824,-1.588235294117647,Greuther Furth,1.0,,,same_team_copy_old,Bundesliga,0.0,0.5294117647058824,-1.588235294117647,0,0.0,0.0,0.0,branimir hrgota,greuther furth,STABLE_BIG5_REVIEW,0.6779904306220096
Dimitri Bisoli,it ITA,Brescia,Serie A,2019-2020,2020-2021,MF,MF,25.0,False,24.0,2152.0,1.0,1.0,1.0,0.0,0.0,0.0418215613382899,0.0418215613382899,0.0836431226765799,0.0,0,2019,2020,18884,dimitri bisoli,brescia,163216.0,exact_normalized_unique,A,2020-08-21,2020-08-20,duckdb_big5_first_game,no_summer_event,0,0,,Brescia,Serie A,Italy,0,0,0,,,,,,,,,,,,,,,0,brescia,0,1,0,0,0,0,,,,,0,0,,,2800000.0,2020-04-08,3500000.0,3500000.0,2019-12-12,3500000.0,3500000.0,2019-06-05,3500000.0,2800000.0,historical_valuation,1,14.845130332288226,3500000.0,3500000.0,-700000.0,-700000.0,-0.1999999999999999,-0.1999999999999999,3500000.0,0.8,134.0,0.1759259259259259,0.3733333333333333,Brescia,0.0526315789473684,0.6578947368421053,-1.1578947368421053,Brescia,1.0,,,same_team_copy_old,Serie A,0.0526315789473684,0.6578947368421053,-1.1578947368421053,0,0.0,0.0,0.0,dimitri bisoli,brescia,STABLE_BIG5_REVIEW,0.6770334928229665
Patson Daka,zm ZAM,Leicester City,Premier League,2022-2023,2023-2024,FW,FW,23.0,False,13.0,1187.0,4.0,4.0,4.0,0.0,0.0,0.3032855939342881,0.3032855939342881,0.6065711878685762,0.0,0,2022,2023,22204,patson daka,leicester city,365172.0,exact_normalized_unique,A,2023-08-11,2023-08-10,duckdb_big5_first_game,no_summer_event,0,0,,Leicester City,Premier League,England,0,0,0,,,,,,,,,,,,,,,0,leicester city,0,1,0,0,0,0,,,,,0,0,,,18000000.0,2023-06-20,22000000.0,20000000.0,2022-11-03,22000000.0,20000000.0,2022-06-15,22000000.0,18000000.0,historical_valuation,1,16.705882371415992,20000000.0,20000000.0,-2000000.0,-2000000.0,-0.0999999999999999,-0.0999999999999999,22000000.0,0.8181818181818182,51.0,0.6899886234357224,1.6363636363636365,Leicester,0.1052631578947368,0.8947368421052632,-0.4473684210526316,Leicester,1.0,,,same_team_copy_old,Premier League,0.1052631578947368,0.8947368421052632,-0.4473684210526316,0,0.0,0.0,0.0,patson daka,leicester city,STABLE_BIG5_REVIEW,0.6767942583732057
Jasmin Kurtić,si SVN,Parma,Serie A,2020-2021,2021-2022,MF,MF,31.0,False,31.0,2739.0,4.0,0.0,4.0,0.0,0.0,0.1314348302300109,0.0,0.1314348302300109,0.0,0,2020,2021,19978,jasmin kurtic,parma,85825.0,exact_normalized_unique,A,2021-08-06,2021-08-05,duckdb_big5_first_game,no_summer_event,0,0,,Parma,Serie A,Italy,0,0,0,,,,,,,,,,,,,,,0,parma,0,1,0,0,0,0,,,,,0,0,,,2000000.0,2021-06-03,7000000.0,3000000.0,2020-12-29,7000000.0,3500000.0,2020-04-08,7000000.0,2000000.0,historical_valuation,1,14.508658238524095,3000000.0,3500000.0,-1000000.0,-1500000.0,-0.3333333333333333,-0.4285714285714286,7000000.0,0.2857142857142857,63.0,0.1221122112211221,0.25,Parma,0.0,0.5263157894736842,-1.1578947368421053,Parma,1.0,,,same_team_copy_old,Serie A,0.0,0.5263157894736842,-1.1578947368421053,0,0.0,0.0,0.0,jasmin kurtic,parma,STABLE_BIG5_REVIEW,0.676555023923445
Linton Maina,de GER,Hannover 96,Bundesliga,2018-2019,2019-2020,"FW,MF",FW,19.0,False,17.0,1414.0,1.0,3.0,1.0,0.0,0.0,0.0636492220650636,0.1909476661951909,0.2545968882602546,0.0,0,2018,2019,18249,linton maina,hannover 96,335103.0,exact_normalized_unique,A,2019-08-09,2019-08-08,duckdb_big5_first_game,no_summer_event,0,0,,Hannover 96,Bundesliga,Germany,0,0,0,,,,,,,,,,,,,,,0,hannover 96,0,1,0,0,0,0,,,,,0,0,,,7000000.0,2019-06-05,7000000.0,4500000.0,2018-12-18,4500000.0,500000.0,2018-06-05,500000.0,7000000.0,historical_valuation,1,15.76142084987672,4500000.0,500000.0,2500000.0,6500000.0,0.5555555555555556,13.0,7000000.0,1.0,64.0,0.4094922737306843,0.7,Hannover,0.0588235294117647,0.6176470588235294,-1.1764705882352942,Hannover,1.0,,,same_team_copy_old,Bundesliga,0.0588235294117647,0.6176470588235294,-1.1764705882352942,0,0.0,0.0,0.0,linton maina,hannover 96,STABLE_BIG5_REVIEW,0.6747607655502392
Andrea Rispoli,it ITA,Palermo,Serie A,2016-2017,2017-2018,"MF,DF",MF,27.0,False,30.0,2684.0,6.0,3.0,6.0,0.0,0.0,0.2011922503725782,0.1005961251862891,0.3017883755588674,0.0,0,2016,2017,15859,andrea rispoli,palermo,74448.0,exact_normalized_unique,A,2017-08-04,2017-08-03,duckdb_big5_first_game,no_summer_event,0,0,,Palermo,Serie A,Italy,0,0,0,,,,,,,,,,,,,,,0,palermo,0,1,0,0,0,0,,,,,0,0,,,2000000.0,2017-06-08,2000000.0,1000000.0,2017-01-02,1500000.0,800000.0,2016-07-15,1500000.0,2000000.0,historical_valuation,1,14.508658238524095,1000000.0,800000.0,1000000.0,1200000.0,1.0,1.5,2000000.0,1.0,56.0,0.1966173361522198,0.5,Palermo,0.0526315789473684,0.6842105263157895,-1.1578947368421053,Palermo,1.0,,,same_team_copy_old,Serie A,0.0526315789473684,0.6842105263157895,-1.1578947368421053,0,0.0,0.0,0.0,andrea rispoli,palermo,STABLE_BIG5_REVIEW,0.6741626794258373
Giulio Maggiore,ITA,Salernitana,Serie A,2023-2024,2024-2025,MF,MF,25.0,False,20.0,1800.0,4.0,2.0,4.0,0.0,0.0,0.2,0.1,0.3,0.0,0,2023,2024,22740,giulio maggiore,salernitana,353796.0,exact_normalized_unique,A,2024-08-15,2024-08-14,duckdb_big5_first_game,no_summer_event,0,0,,Salernitana,Serie A,Italy,0,0,0,,,,,,,,,,,,,,,0,salernitana,0,1,0,0,0,0,,,,,0,0,,,3500000.0,2024-06-05,8500000.0,4500000.0,2023-12-20,8500000.0,5500000.0,2023-06-15,8500000.0,3500000.0,historical_valuation,1,15.068273812173889,4500000.0,5500000.0,-1000000.0,-2000000.0,-0.2222222222222222,-0.3636363636363636,8500000.0,0.4117647058823529,70.0,0.212877030162413,0.4375,Salernitana,0.0,0.4473684210526316,-1.2894736842105263,Salernitana,1.0,,,same_team_copy_old,Serie A,0.0,0.4473684210526316,-1.2894736842105263,0,0.0,0.0,0.0,giulio maggiore,salernitana,STABLE_BIG5_REVIEW,0.674043062200957
Danley Jean-Jacques,HAI,Metz,Ligue 1,2023-2024,2024-2025,MF,MF,23.0,False,30.0,2682.0,0.0,0.0,0.0,0.0,0.0,0.0,0.0,0.0,0.0,0,2023,2024,22617,danley jean jacques,metz,628834.0,exact_normalized_unique,A,2024-08-15,2024-08-14,duckdb_big5_first_game,no_summer_event,0,0,,Metz,Ligue 1,France,0,0,0,,,,,,,,,,,,,,,0,metz,0,1,0,0,0,0,,,,,0,0,,,2000000.0,2024-06-03,2000000.0,2000000.0,2023-12-18,2000000.0,1500000.0,2023-06-16,1500000.0,2000000.0,historical_valuation,1,14.508658238524095,2000000.0,1500000.0,0.0,500000.0,0.0,0.3333333333333332,2000000.0,1.0,72.0,0.1015081206496519,0.25,Metz,0.0588235294117647,0.8529411764705882,-0.6764705882352942,Metz,1.0,,,same_team_copy_old,Ligue 1,0.0588235294117647,0.8529411764705882,-0.6764705882352942,0,0.0,0.0,0.0,danley jean jacques,metz,STABLE_BIG5_REVIEW,0.6736842105263158
Aron Gunnarsson,is ISL,Cardiff City,Premier League,2018-2019,2019-2020,MF,MF,29.0,False,27.0,2266.0,1.0,1.0,1.0,0.0,0.0,0.0397175639894086,0.0397175639894086,0.0794351279788173,0.0,0,2018,2019,17822,aron gunnarsson,cardiff city,63821.0,exact_normalized_unique,A,2019-08-09,2019-08-08,duckdb_big5_first_game,no_summer_event,0,0,,Cardiff City,Premier League,England,0,0,0,,,,,,,,,,,,,,,0,cardiff city,0,1,0,0,0,0,,,,,0,0,,,2500000.0,2018-12-19,3000000.0,2500000.0,2018-12-19,3000000.0,2500000.0,2018-06-06,3000000.0,2500000.0,historical_valuation,1,14.731801689838347,2500000.0,2500000.0,0.0,0.0,0.0,0.0,3000000.0,0.8333333333333334,232.0,0.1490066225165563,0.3125,Cardiff,0.1052631578947368,0.8947368421052632,-0.9210526315789472,Cardiff,1.0,,,same_team_copy_old,Premier League,0.1052631578947368,0.8947368421052632,-0.9210526315789472,0,0.0,0.0,0.0,aron gunnarsson,cardiff city,STABLE_BIG5_REVIEW,0.6729665071770334
Largie Ramazani,BEL,Almería,La Liga,2023-2024,2024-2025,"FW,MF",FW,22.0,False,16.0,1555.0,3.0,5.0,3.0,0.0,0.0,0.1736334405144694,0.2893890675241157,0.4630225080385852,0.0,0,2023,2024,22921,largie ramazani,almeria,518644.0,exact_normalized_unique,A,2024-08-15,2024-08-14,duckdb_big5_first_game,no_summer_event,0,0,,Almería,La Liga,Spain,0,0,0,,,,,,,,,,,,,,,0,almeria,0,1,0,0,0,0,,,,,0,0,,,5000000.0,2024-06-07,10000000.0,6000000.0,2023-12-22,10000000.0,6000000.0,2023-06-13,10000000.0,5000000.0,historical_valuation,1,15.424948670398354,6000000.0,6000000.0,-1000000.0,-1000000.0,-0.1666666666666666,-0.1666666666666666,10000000.0,0.5,68.0,0.3074245939675174,0.4166666666666667,Almeria,0.0526315789473684,0.5526315789473685,-0.8421052631578947,Almeria,1.0,,,same_team_copy_old,La Liga,0.0526315789473684,0.5526315789473685,-0.8421052631578947,0,0.0,0.0,0.0,largie ramazani,almeria,STABLE_BIG5_REVIEW,0.672488038277512
Pierre Bengtsson,se SWE,Bastia,Ligue 1,2016-2017,2017-2018,"DF,MF",MF,28.0,False,29.0,2626.0,1.0,1.0,1.0,0.0,0.0,0.0342726580350342,0.0342726580350342,0.0685453160700685,0.0,0,2016,2017,16550,pierre bengtsson,bastia,50577.0,exact_normalized_unique,A,2017-08-04,2017-08-03,duckdb_big5_first_game,no_confirmed_pre_cutoff_event,0,0,,Bastia,Ligue 1,France,0,0,0,,,,,,,,,,,,,,,0,bastia,0,1,0,0,0,0,,,,,0,0,,,2000000.0,2017-06-01,2000000.0,2000000.0,2017-01-16,2000000.0,2000000.0,2016-07-22,2000000.0,2000000.0,historical_valuation,1,14.508658238524095,2000000.0,2000000.0,0.0,0.0,0.0,0.0,2000000.0,1.0,63.0,0.1966173361522198,0.5,Bastia,0.0,0.8947368421052632,-0.7368421052631579,Bastia,1.0,,,same_team_copy_old,Ligue 1,0.0,0.8947368421052632,-0.7368421052631579,0,0.0,0.0,0.0,pierre bengtsson,bastia,STABLE_BIG5_REVIEW,0.6684210526315789
Adrien Hunou,fr FRA,Angers,Ligue 1,2022-2023,2023-2024,"MF,FW",FW,28.0,False,28.0,2234.0,4.0,1.0,4.0,0.0,0.0,0.1611459265890779,0.0402864816472694,0.2014324082363473,0.0,0,2022,2023,21505,adrien hunou,angers,203507.0,exact_normalized_unique,A,2023-08-11,2023-08-10,duckdb_big5_first_game,no_summer_event,0,0,,Angers,Ligue 1,France,0,0,0,,,,,,,,,,,,,,,0,angers,0,1,0,0,0,0,,,,,0,0,,,2500000.0,2023-06-27,6000000.0,3500000.0,2022-11-02,6000000.0,3500000.0,2021-11-09,6000000.0,2500000.0,historical_valuation,1,14.731801689838347,3500000.0,3500000.0,-1000000.0,-1000000.0,-0.2857142857142857,-0.2857142857142857,6000000.0,0.4166666666666667,44.0,0.1575654152445961,0.2272727272727272,Angers,0.0,0.4736842105263157,-1.263157894736842,Angers,1.0,,,same_team_copy_old,Ligue 1,0.0,0.4736842105263157,-1.263157894736842,0,0.0,0.0,0.0,adrien hunou,angers,STABLE_BIG5_REVIEW,0.6653110047846891
Chris Basham,eng ENG,Sheffield Utd,Premier League,2020-2021,2021-2022,"DF,MF",MF,32.0,False,31.0,2576.0,0.0,1.0,0.0,0.0,0.0,0.0,0.0349378881987577,0.0349378881987577,0.0,0,2020,2021,19741,chris basham,sheffield utd,52495.0,exact_normalized_unique,A,2021-08-06,2021-08-05,duckdb_big5_first_game,no_summer_event,0,0,,Sheffield Utd,Premier League,England,0,0,0,,,,,,,,,,,,,,,0,sheffield utd,0,1,0,0,0,0,,,,,0,0,,,2000000.0,2021-06-08,3000000.0,3000000.0,2020-10-13,3000000.0,3000000.0,2020-07-30,3000000.0,2000000.0,historical_valuation,1,14.508658238524095,3000000.0,3000000.0,-1000000.0,-1000000.0,-0.3333333333333333,-0.3333333333333333,3000000.0,0.6666666666666666,58.0,0.1221122112211221,0.25,Sheffield United,0.0,0.6052631578947368,-1.131578947368421,Sheffield United,1.0,,,same_team_copy_old,Premier League,0.0,0.6052631578947368,-1.131578947368421,0,0.0,0.0,0.0,chris basham,sheffield utd,STABLE_BIG5_REVIEW,0.6641148325358852
José Campaña,es ESP,Levante,La Liga,2021-2022,2022-2023,MF,MF,28.0,False,16.0,1422.0,2.0,2.0,2.0,0.0,1.0,0.1265822784810126,0.1265822784810126,0.2531645569620253,0.0,0,2021,2022,20990,jose campana,levante,120095.0,exact_normalized_unique,A,2022-08-05,2022-08-04,duckdb_big5_first_game,no_summer_event,0,0,,Levante,La Liga,Spain,0,0,0,,,,,,,,,,,,,,,0,levante,0,1,0,0,0,0,,,,,0,0,,,6000000.0,2022-06-03,25000000.0,9000000.0,2021-12-30,25000000.0,15000000.0,2021-06-10,25000000.0,6000000.0,historical_valuation,1,15.607270193858982,9000000.0,15000000.0,-3000000.0,-9000000.0,-0.3333333333333333,-0.6,25000000.0,0.24,62.0,0.3710982658959537,0.7058823529411765,Levante,0.0526315789473684,0.9210526315789472,-0.6578947368421053,Levante,1.0,,,same_team_copy_old,La Liga,0.0526315789473684,0.9210526315789472,-0.6578947368421053,0,0.0,0.0,0.0,jose campana,levante,STABLE_BIG5_REVIEW,0.6625598086124401
Florian Kainz,AUT,Köln,Bundesliga,2023-2024,2024-2025,"MF,FW",FW,30.0,False,29.0,2197.0,5.0,4.0,0.0,5.0,5.0,0.2048247610377787,0.163859808830223,0.3686845698680018,0.0,0,2023,2024,22706,florian kainz,koln,106270.0,exact_normalized_unique,A,2024-08-15,2024-08-14,duckdb_big5_first_game,no_summer_event,0,0,,Köln,Bundesliga,Germany,0,0,0,,,,,,,,,,,,,,,0,koln,0,1,0,0,0,0,,,,,0,0,,,2500000.0,2024-05-29,5000000.0,5000000.0,2023-12-14,5000000.0,5000000.0,2023-06-22,5000000.0,2500000.0,historical_valuation,1,14.731801689838347,5000000.0,5000000.0,-2500000.0,-2500000.0,-0.5,-0.5,5000000.0,0.5,77.0,0.132830626450116,0.2083333333333333,FC Koln,0.0588235294117647,0.7941176470588235,-0.9411764705882352,FC Koln,1.0,,,same_team_copy_old,Bundesliga,0.0588235294117647,0.7941176470588235,-0.9411764705882352,0,0.0,0.0,0.0,florian kainz,koln,STABLE_BIG5_REVIEW,0.6614832535885168
Joe Aribo,ng NGA,Southampton,Premier League,2022-2023,2023-2024,"MF,FW",FW,26.0,False,13.0,1224.0,2.0,0.0,2.0,0.0,0.0,0.1470588235294117,0.0,0.1470588235294117,0.0,0,2022,2023,21917,joe aribo,southampton,468198.0,exact_normalized_unique,A,2023-08-11,2023-08-10,duckdb_big5_first_game,no_summer_event,0,0,,Southampton,Premier League,England,0,0,0,,,,,,,,,,,,,,,0,southampton,0,1,0,0,0,0,,,,,0,0,,,11000000.0,2023-06-20,15000000.0,15000000.0,2022-11-03,15000000.0,10000000.0,2022-06-27,10000000.0,11000000.0,historical_valuation,1,16.213405921671733,15000000.0,10000000.0,-4000000.0,1000000.0,-0.2666666666666667,0.1,15000000.0,0.7333333333333333,51.0,0.552901023890785,1.0,Southampton,0.0,0.6578947368421053,-0.9736842105263158,Southampton,1.0,,,same_team_copy_old,Premier League,0.0,0.6578947368421053,-0.9736842105263158,0,0.0,0.0,0.0,joe aribo,southampton,STABLE_BIG5_REVIEW,0.6613636363636364
Chris Brunt,nir NIR,West Brom,Premier League,2017-2018,2018-2019,"MF,DF",MF,32.0,False,22.0,1920.0,0.0,7.0,0.0,0.0,0.0,0.0,0.328125,0.328125,0.0,0,2017,2018,16925,chris brunt,west brom,36814.0,exact_normalized_unique,A,2018-08-10,2018-08-09,duckdb_big5_first_game,no_summer_event,0,0,,West Brom,Premier League,England,0,0,0,,,,,,,,,,,,,,,0,west brom,0,1,0,0,0,0,,,,,0,0,,,3000000.0,2018-05-28,7500000.0,3500000.0,2018-01-02,7500000.0,4000000.0,2017-06-28,7500000.0,3000000.0,historical_valuation,1,14.914123179965662,3500000.0,4000000.0,-500000.0,-1000000.0,-0.1428571428571429,-0.25,7500000.0,0.4,73.0,0.2621412803532009,0.5,West Brom,0.0,0.8157894736842105,-0.6578947368421053,West Brom,1.0,,,same_team_copy_old,Premier League,0.0,0.8157894736842105,-0.6578947368421053,0,0.0,0.0,0.0,chris brunt,west brom,STABLE_BIG5_REVIEW,0.6604066985645933
Max Gradel,ci CIV,Toulouse,Ligue 1,2019-2020,2020-2021,"MF,FW",FW,31.0,False,19.0,1635.0,3.0,2.0,1.0,2.0,3.0,0.1651376146788991,0.110091743119266,0.2752293577981651,0.0,0,2019,2020,19275,max gradel,toulouse,28140.0,exact_normalized_unique,A,2020-08-21,2020-08-20,duckdb_big5_first_game,no_summer_event,0,0,,Toulouse,Ligue 1,France,0,0,0,,,,,,,,,,,,,,,0,toulouse,0,1,0,0,0,0,,,,,0,0,,,4000000.0,2020-04-08,9000000.0,6000000.0,2019-12-19,9000000.0,8000000.0,2019-06-03,9000000.0,4000000.0,historical_valuation,1,15.201805169084134,6000000.0,8000000.0,-2000000.0,-4000000.0,-0.3333333333333333,-0.5,9000000.0,0.4444444444444444,134.0,0.2690972222222222,0.3636363636363636,Toulouse,0.0,0.4642857142857143,-1.2857142857142858,Toulouse,1.0,,,same_team_copy_old,Ligue 1,0.0,0.4642857142857143,-1.2857142857142858,0,0.0,0.0,0.0,max gradel,toulouse,STABLE_BIG5_REVIEW,0.6599282296650718
Kenny Tete,nl NED,Fulham,Premier League,2020-2021,2021-2022,"DF,MF",MF,24.0,False,18.0,1501.0,0.0,1.0,0.0,0.0,0.0,0.0,0.0599600266489007,0.0599600266489007,0.0,0,2020,2021,20069,kenny tete,fulham,206746.0,exact_normalized_unique,A,2021-08-06,2021-08-05,duckdb_big5_first_game,no_summer_event,0,0,,Fulham,Premier League,England,0,0,0,,,,,,,,,,,,,,,0,fulham,0,1,0,0,0,0,,,,,0,0,,,5000000.0,2021-06-08,10000000.0,5500000.0,2020-10-13,10000000.0,5500000.0,2020-04-08,10000000.0,5000000.0,historical_valuation,1,15.424948670398354,5500000.0,5500000.0,-500000.0,-500000.0,-0.0909090909090909,-0.0909090909090909,10000000.0,0.5,58.0,0.3399339933993399,0.625,Fulham,0.1052631578947368,0.7368421052631579,-0.6842105263157895,Fulham,1.0,,,same_team_copy_old,Premier League,0.1052631578947368,0.7368421052631579,-0.6842105263157895,0,0.0,0.0,0.0,kenny tete,fulham,STABLE_BIG5_REVIEW,0.6590909090909091
Kévin Van Den Kerkhof,ALG,Metz,Ligue 1,2023-2024,2024-2025,"FW,MF",FW,27.0,False,21.0,1913.0,1.0,2.0,1.0,0.0,0.0,0.0470465237846314,0.0940930475692629,0.1411395713538944,0.0,0,2023,2024,22901,kevin van den kerkhof,metz,400680.0,exact_normalized_unique,A,2024-08-15,2024-08-14,duckdb_big5_first_game,no_summer_event,0,0,,Metz,Ligue 1,France,0,0,0,,,,,,,,,,,,,,,0,metz,0,1,0,0,0,0,,,,,0,0,,,3000000.0,2024-06-03,3000000.0,3000000.0,2023-12-18,3000000.0,2000000.0,2023-06-16,2000000.0,3000000.0,historical_valuation,1,14.914123179965662,3000000.0,2000000.0,0.0,1000000.0,0.0,0.5,3000000.0,1.0,72.0,0.1751740139211137,0.25,Metz,0.0588235294117647,0.8529411764705882,-0.6764705882352942,Metz,1.0,,,same_team_copy_old,Ligue 1,0.0588235294117647,0.8529411764705882,-0.6764705882352942,0,0.0,0.0,0.0,kevin van den kerkhof,metz,STABLE_BIG5_REVIEW,0.6587320574162681
Birama Touré,ml MLI,Auxerre,Ligue 1,2022-2023,2023-2024,MF,MF,30.0,False,38.0,3400.0,2.0,0.0,2.0,0.0,1.0,0.0529411764705882,0.0,0.0529411764705882,0.0,0,2022,2023,21602,birama toure,auxerre,229853.0,exact_normalized_unique,A,2023-08-11,2023-08-10,duckdb_big5_first_game,no_summer_event,0,0,,Auxerre,Ligue 1,France,0,0,0,,,,,,,,,,,,,,,0,auxerre,0,1,0,0,0,0,,,,,0,0,,,1800000.0,2023-06-27,2000000.0,1500000.0,2022-11-02,2000000.0,1500000.0,2022-06-02,2000000.0,1800000.0,historical_valuation,1,14.403297778421797,1500000.0,1500000.0,300000.0,300000.0,0.1999999999999999,0.1999999999999999,2000000.0,0.9,44.0,0.08646188850967,0.225,Auxerre,0.1578947368421053,0.9210526315789472,-0.7368421052631579,Auxerre,1.0,,,same_team_copy_old,Ligue 1,0.1578947368421053,0.9210526315789472,-0.7368421052631579,0,0.0,0.0,0.0,birama toure,auxerre,STABLE_BIG5_REVIEW,0.6586124401913875
Grady Diangana,eng ENG,West Brom,Premier League,2020-2021,2021-2022,"MF,FW",FW,22.0,False,15.0,1235.0,1.0,0.0,1.0,0.0,0.0,0.0728744939271255,0.0,0.0728744939271255,0.0,0,2020,2021,19907,grady diangana,west brom,342048.0,exact_normalized_unique,A,2021-08-06,2021-08-05,duckdb_big5_first_game,no_summer_event,0,0,,West Brom,Premier League,England,0,0,0,,,,,,,,,,,,,,,0,west brom,0,1,0,0,0,0,,,,,0,0,,,10000000.0,2021-06-08,12000000.0,12000000.0,2020-10-13,12000000.0,4500000.0,2020-04-08,5000000.0,10000000.0,historical_valuation,1,16.118095750958314,12000000.0,4500000.0,-2000000.0,5500000.0,-0.1666666666666666,1.2222222222222223,12000000.0,0.8333333333333334,58.0,0.5385038503850385,1.0,West Brom,0.0526315789473684,0.6842105263157895,-1.0789473684210529,West Brom,1.0,,,same_team_copy_old,Premier League,0.0526315789473684,0.6842105263157895,-1.0789473684210529,0,0.0,0.0,0.0,grady diangana,west brom,STABLE_BIG5_REVIEW,0.6582535885167463
Denis Huseinbasic,BIH,Köln,Bundesliga,2023-2024,2024-2025,MF,MF,22.0,False,18.0,1627.0,0.0,3.0,0.0,0.0,0.0,0.0,0.1659496004917025,0.1659496004917025,0.0,0,2023,2024,22629,denis huseinbasic,koln,678479.0,exact_normalized_unique,A,2024-08-15,2024-08-14,duckdb_big5_first_game,no_summer_event,0,0,,Köln,Bundesliga,Germany,0,0,0,,,,,,,,,,,,,,,0,koln,0,1,0,0,0,0,,,,,0,0,,,4000000.0,2024-05-29,5000000.0,4500000.0,2023-12-14,5000000.0,5000000.0,2023-06-22,5000000.0,4000000.0,historical_valuation,1,15.201805169084134,4500000.0,5000000.0,-500000.0,-1000000.0,-0.1111111111111111,-0.1999999999999999,5000000.0,0.8,77.0,0.2511600928074246,0.5,FC Koln,0.0588235294117647,0.7941176470588235,-0.9411764705882352,FC Koln,1.0,,,same_team_copy_old,Bundesliga,0.0588235294117647,0.7941176470588235,-0.9411764705882352,0,0.0,0.0,0.0,denis huseinbasic,koln,STABLE_BIG5_REVIEW,0.6580143540669857
Jack Rodwell,eng ENG,Sunderland,Premier League,2016-2017,2017-2018,MF,MF,25.0,False,17.0,1492.0,0.0,1.0,0.0,0.0,0.0,0.0,0.0603217158176943,0.0603217158176943,0.0,0,2016,2017,16179,jack rodwell,sunderland,57079.0,exact_normalized_unique,A,2017-08-04,2017-08-03,duckdb_big5_first_game,no_summer_event,0,0,,Sunderland,Premier League,England,0,0,0,,,,,,,,,,,,,,,0,sunderland,0,1,0,0,0,0,,,,,0,0,,,5000000.0,2017-06-28,16000000.0,7000000.0,2016-08-01,16000000.0,7000000.0,2016-08-01,16000000.0,5000000.0,historical_valuation,1,15.424948670398354,7000000.0,7000000.0,-2000000.0,-2000000.0,-0.2857142857142857,-0.2857142857142857,16000000.0,0.3125,36.0,0.5021141649048626,1.25,Sunderland,0.0,0.631578947368421,-1.0526315789473684,Sunderland,1.0,,,same_team_copy_old,Premier League,0.0,0.631578947368421,-1.0526315789473684,0,0.0,0.0,0.0,jack rodwell,sunderland,STABLE_BIG5_REVIEW,0.6578947368421053
Linton Maina,GER,Köln,Bundesliga,2023-2024,2024-2025,"FW,MF",FW,24.0,False,21.0,1901.0,1.0,3.0,1.0,0.0,0.0,0.047343503419253,0.142030510257759,0.1893740136770121,0.0,0,2023,2024,22940,linton maina,koln,335103.0,exact_normalized_unique,A,2024-08-15,2024-08-14,duckdb_big5_first_game,no_summer_event,0,0,,Köln,Bundesliga,Germany,0,0,0,,,,,,,,,,,,,,,0,koln,0,1,0,0,0,0,,,,,0,0,,,3000000.0,2024-05-29,9000000.0,6000000.0,2023-12-14,9000000.0,6000000.0,2023-06-22,9000000.0,3000000.0,historical_valuation,1,14.914123179965662,6000000.0,6000000.0,-3000000.0,-3000000.0,-0.5,-0.5,9000000.0,0.3333333333333333,77.0,0.1751740139211137,0.25,FC Koln,0.0588235294117647,0.7941176470588235,-0.9411764705882352,FC Koln,1.0,,,same_team_copy_old,Bundesliga,0.0588235294117647,0.7941176470588235,-0.9411764705882352,0,0.0,0.0,0.0,linton maina,koln,STABLE_BIG5_REVIEW,0.6570574162679426
Adrián Ramos,co COL,Granada,La Liga,2016-2017,2017-2018,FW,FW,30.0,False,17.0,1485.0,6.0,1.0,6.0,0.0,0.0,0.3636363636363636,0.0606060606060606,0.4242424242424242,0.0,0,2016,2017,15800,adrian ramos,granada,73782.0,exact_normalized_unique,A,2017-08-04,2017-08-03,duckdb_big5_first_game,no_confirmed_pre_cutoff_event,0,0,,Granada,La Liga,Spain,0,0,1,,,,,,,,,,,,,,,0,granada,0,1,0,0,0,0,,,,,0,0,,,5000000.0,2017-06-05,13000000.0,5000000.0,2017-01-24,13000000.0,6000000.0,2016-07-22,13000000.0,5000000.0,historical_valuation,1,15.424948670398354,5000000.0,6000000.0,0.0,-1000000.0,0.0,-0.1666666666666666,13000000.0,0.3846153846153846,59.0,0.5021141649048626,0.7142857142857143,Granada,0.0,0.5263157894736842,-1.368421052631579,Granada,1.0,,,same_team_copy_old,La Liga,0.0,0.5263157894736842,-1.368421052631579,0,0.0,0.0,0.0,adrian ramos,granada,STABLE_BIG5_REVIEW,0.6566985645933014
Shamar Nicholson,JAM,Clermont Foot,Ligue 1,2023-2024,2024-2025,FW,FW,26.0,False,17.0,1484.0,4.0,3.0,3.0,1.0,2.0,0.2425876010781671,0.1819407008086253,0.4245283018867924,0.0,0,2023,2024,23250,shamar nicholson,clermont foot,354666.0,exact_normalized_unique,A,2024-08-15,2024-08-14,duckdb_big5_first_game,no_summer_event,0,0,,Clermont Foot,Ligue 1,France,0,0,0,,,,,,,,,,,,,,,0,clermont foot,0,1,0,0,0,0,,,,,0,0,,,5000000.0,2024-06-03,7500000.0,4000000.0,2023-12-18,7500000.0,4500000.0,2023-06-14,7500000.0,5000000.0,historical_valuation,1,15.424948670398354,4000000.0,4500000.0,1000000.0,500000.0,0.25,0.1111111111111111,7500000.0,0.6666666666666666,72.0,0.3074245939675174,0.4166666666666667,Clermont,0.0,0.7352941176470589,-1.0,Clermont,1.0,,,same_team_copy_old,Ligue 1,0.0,0.7352941176470589,-1.0,0,0.0,0.0,0.0,shamar nicholson,clermont foot,STABLE_BIG5_REVIEW,0.6562200956937799
Oier Sanjurjo,es ESP,Osasuna,La Liga,2016-2017,2017-2018,"DF,MF",MF,30.0,False,36.0,3148.0,0.0,2.0,0.0,0.0,0.0,0.0,0.0571791613722998,0.0571791613722998,0.0,0,2016,2017,16499,oier sanjurjo,osasuna,63040.0,exact_normalized_unique,A,2017-08-04,2017-08-03,duckdb_big5_first_game,no_summer_event,0,0,,Osasuna,La Liga,Spain,0,0,0,,,,,,,,,,,,,,,0,osasuna,0,1,0,0,0,0,,,,,0,0,,,1800000.0,2017-06-05,2000000.0,2000000.0,2017-01-24,2000000.0,1500000.0,2016-07-15,2000000.0,1800000.0,historical_valuation,1,14.403297778421797,2000000.0,1500000.0,-200000.0,300000.0,-0.0999999999999999,0.1999999999999999,2000000.0,0.9,59.0,0.1633192389006342,0.45,Osasuna,0.0526315789473684,0.5789473684210527,-1.4210526315789471,Osasuna,1.0,,,same_team_copy_old,La Liga,0.0526315789473684,0.5789473684210527,-1.4210526315789471,0,0.0,0.0,0.0,oier sanjurjo,osasuna,STABLE_BIG5_REVIEW,0.6562200956937799
Kelechi Iheanacho,ng NGA,Leicester City,Premier League,2022-2023,2023-2024,"FW,MF",FW,25.0,False,11.0,1127.0,5.0,5.0,4.0,1.0,1.0,0.3992901508429459,0.3992901508429459,0.7985803016858918,0.0,0,2022,2023,21966,kelechi iheanacho,leicester city,295330.0,exact_normalized_unique,A,2023-08-11,2023-08-10,duckdb_big5_first_game,no_summer_event,0,0,,Leicester City,Premier League,England,0,0,0,,,,,,,,,,,,,,,0,leicester city,0,1,0,0,0,0,,,,,0,0,,,18000000.0,2023-06-20,20000000.0,17000000.0,2022-11-03,20000000.0,20000000.0,2022-06-15,20000000.0,18000000.0,historical_valuation,1,16.705882371415992,17000000.0,20000000.0,1000000.0,-2000000.0,0.0588235294117647,-0.0999999999999999,20000000.0,0.9,51.0,0.6899886234357224,1.6363636363636365,Leicester,0.1052631578947368,0.8947368421052632,-0.4473684210526316,Leicester,1.0,,,same_team_copy_old,Premier League,0.1052631578947368,0.8947368421052632,-0.4473684210526316,0,0.0,0.0,0.0,kelechi iheanacho,leicester city,STABLE_BIG5_REVIEW,0.6555023923444976
Álvaro Aguado,es ESP,Valladolid,La Liga,2022-2023,2023-2024,MF,MF,26.0,False,18.0,1888.0,1.0,2.0,1.0,0.0,0.0,0.0476694915254237,0.0953389830508474,0.1430084745762712,0.0,0,2022,2023,21535,alvaro aguado,valladolid,449496.0,exact_normalized_unique,A,2023-08-11,2023-08-10,duckdb_big5_first_game,no_summer_event,0,0,,Valladolid,La Liga,Spain,0,0,0,,,,,,,,,,,,,,,0,valladolid,0,1,0,0,0,0,,,,,0,0,,,3000000.0,2023-06-13,3000000.0,3000000.0,2022-11-07,3000000.0,1800000.0,2022-06-29,1800000.0,3000000.0,historical_valuation,1,14.914123179965662,3000000.0,1800000.0,0.0,1200000.0,0.0,0.6666666666666667,3000000.0,1.0,58.0,0.2042093287827076,0.375,Valladolid,0.1052631578947368,1.0526315789473684,-0.7894736842105263,Valladolid,1.0,,,same_team_copy_old,La Liga,0.1052631578947368,1.0526315789473684,-0.7894736842105263,0,0.0,0.0,0.0,alvaro aguado,valladolid,STABLE_BIG5_REVIEW,0.6553827751196173
Younousse Sankharé,sn SEN,Bordeaux,Ligue 1,2018-2019,2019-2020,MF,MF,28.0,False,17.0,1476.0,1.0,3.0,1.0,0.0,0.0,0.0609756097560975,0.1829268292682927,0.2439024390243902,0.0,0,2018,2019,18674,younousse sankhare,bordeaux,55409.0,exact_normalized_unique,A,2019-08-09,2019-08-08,duckdb_big5_first_game,no_summer_event,0,0,,Bordeaux,Ligue 1,France,0,0,0,,,,,,,,,,,,,,,0,bordeaux,0,1,0,0,0,0,,,,,0,0,,,5000000.0,2019-06-03,5000000.0,5000000.0,2018-12-17,5000000.0,5000000.0,2018-06-04,5000000.0,5000000.0,historical_valuation,1,15.424948670398354,5000000.0,5000000.0,0.0,0.0,0.0,0.0,5000000.0,1.0,66.0,0.3344370860927152,0.625,Bordeaux,0.3157894736842105,1.0789473684210529,-0.2105263157894736,Bordeaux,1.0,,,same_team_copy_old,Ligue 1,0.3157894736842105,1.0789473684210529,-0.2105263157894736,0,0.0,0.0,0.0,younousse sankhare,bordeaux,STABLE_BIG5_REVIEW,0.6552631578947369
Mounaim El Idrissy,fr FRA,Ajaccio,Ligue 1,2022-2023,2023-2024,FW,FW,23.0,False,30.0,2497.0,6.0,0.0,6.0,0.0,0.0,0.2162595114136964,0.0,0.2162595114136964,0.0,0,2022,2023,22138,mounaim el idrissy,ajaccio,627163.0,exact_normalized_unique,A,2023-08-11,2023-08-10,duckdb_big5_first_game,no_summer_event,0,0,,Ajaccio,Ligue 1,France,0,0,0,,,,,,,,,,,,,,,0,ajaccio,0,1,0,0,0,0,,,,,0,0,,,2000000.0,2023-06-27,2000000.0,1800000.0,2022-11-02,1800000.0,800000.0,2022-06-02,800000.0,2000000.0,historical_valuation,1,14.508658238524095,1800000.0,800000.0,200000.0,1200000.0,0.1111111111111111,1.5,2000000.0,1.0,44.0,0.1126279863481228,0.1818181818181818,Ajaccio,0.1052631578947368,0.6842105263157895,-1.3421052631578947,Ajaccio,1.0,,,same_team_copy_old,Ligue 1,0.1052631578947368,0.6842105263157895,-1.3421052631578947,0,0.0,0.0,0.0,mounaim el idrissy,ajaccio,STABLE_BIG5_REVIEW,0.654066985645933
Himad Abdelli,dz ALG,Angers,Ligue 1,2022-2023,2023-2024,"MF,FW",FW,22.0,False,24.0,2137.0,2.0,2.0,2.0,0.0,0.0,0.0842302292934019,0.0842302292934019,0.1684604585868039,0.0,0,2022,2023,21840,himad abdelli,angers,592979.0,exact_normalized_unique,A,2023-08-11,2023-08-10,duckdb_big5_first_game,no_summer_event,0,0,,Angers,Ligue 1,France,0,0,0,,,,,,,,,,,,,,,0,angers,0,1,0,0,0,0,,,,,0,0,,,2500000.0,2023-06-27,2500000.0,1200000.0,2022-11-02,1800000.0,1500000.0,2022-06-02,1800000.0,2500000.0,historical_valuation,1,14.731801689838347,1200000.0,1500000.0,1300000.0,1000000.0,1.0833333333333337,0.6666666666666667,2500000.0,1.0,44.0,0.1575654152445961,0.2272727272727272,Angers,0.0,0.4736842105263157,-1.263157894736842,Angers,1.0,,,same_team_copy_old,Ligue 1,0.0,0.4736842105263157,-1.263157894736842,0,0.0,0.0,0.0,himad abdelli,angers,STABLE_BIG5_REVIEW,0.6533492822966507
Sergio Ruiz,ESP,Granada,La Liga,2023-2024,2024-2025,MF,MF,28.0,False,30.0,2494.0,0.0,4.0,0.0,0.0,0.0,0.0,0.144346431435445,0.144346431435445,0.0,0,2023,2024,23248,sergio ruiz,granada,394694.0,exact_name_age_resolved,B,2024-08-15,2024-08-14,duckdb_big5_first_game,no_summer_event,0,0,,Granada,La Liga,Spain,0,0,0,,,,,,,,,,,,,,,0,granada,0,1,0,0,0,0,,,,,0,0,,,2000000.0,2024-06-07,2000000.0,1000000.0,2023-12-22,1000000.0,1000000.0,2023-06-14,1000000.0,2000000.0,historical_valuation,1,14.508658238524095,1000000.0,1000000.0,1000000.0,1000000.0,1.0,1.0,2000000.0,1.0,68.0,0.1015081206496519,0.25,Granada,0.0,0.5526315789473685,-1.0789473684210529,Granada,1.0,,,same_team_copy_old,La Liga,0.0,0.5526315789473685,-1.0789473684210529,0,0.0,0.0,0.0,sergio ruiz,granada,STABLE_BIG5_REVIEW,0.6533492822966507
Pedro Obiang,gq EQG,Sassuolo,Serie A,2020-2021,2021-2022,MF,MF,28.0,False,16.0,1469.0,0.0,1.0,0.0,0.0,0.0,0.0,0.0612661674608577,0.0612661674608577,0.0,0,2020,2021,20324,pedro obiang,sassuolo,101213.0,exact_normalized_unique,A,2021-08-06,2021-08-05,duckdb_big5_first_game,no_summer_event,0,0,,Sassuolo,Serie A,Italy,0,0,0,,,,,,,,,,,,,,,0,sassuolo,0,1,0,0,0,0,,,,,0,0,,,5000000.0,2021-06-03,10000000.0,5000000.0,2020-12-29,10000000.0,5500000.0,2020-04-08,10000000.0,5000000.0,historical_valuation,1,15.424948670398354,5000000.0,5500000.0,0.0,-500000.0,0.0,-0.0909090909090909,10000000.0,0.5,63.0,0.3399339933993399,0.625,Sassuolo,0.631578947368421,1.631578947368421,0.2105263157894736,Sassuolo,1.0,,,same_team_copy_old,Serie A,0.631578947368421,1.631578947368421,0.2105263157894736,0,0.0,0.0,0.0,pedro obiang,sassuolo,STABLE_BIG5_REVIEW,0.6526315789473685
Moi Gómez,es ESP,Sporting Gijón,La Liga,2016-2017,2017-2018,MF,MF,22.0,False,24.0,1864.0,2.0,5.0,1.0,1.0,1.0,0.0965665236051502,0.2414163090128755,0.3379828326180257,0.0,0,2016,2017,16460,moi gomez,sporting gijon,175449.0,exact_normalized_unique,A,2017-08-04,2017-08-03,duckdb_big5_first_game,no_summer_event,0,0,,Sporting Gijón,La Liga,Spain,0,0,0,,,,,,,,,,,,,,,0,sporting gijon,0,1,0,0,0,0,,,,,0,0,,,3000000.0,2017-06-05,5000000.0,3000000.0,2017-01-24,5000000.0,2500000.0,2016-07-15,5000000.0,3000000.0,historical_valuation,1,14.914123179965662,3000000.0,2500000.0,0.0,500000.0,0.0,0.1999999999999999,5000000.0,0.6,59.0,0.3340380549682875,0.75,Sp Gijon,0.1052631578947368,0.8157894736842105,-0.7894736842105263,Sp Gijon,1.0,,,same_team_copy_old,La Liga,0.1052631578947368,0.8157894736842105,-0.7894736842105263,0,0.0,0.0,0.0,moi gomez,sporting gijon,STABLE_BIG5_REVIEW,0.6525119617224882
Sander Berge,no NOR,Sheffield Utd,Premier League,2020-2021,2021-2022,MF,MF,22.0,False,13.0,1120.0,1.0,1.0,0.0,1.0,1.0,0.0803571428571428,0.0803571428571428,0.1607142857142857,0.0,0,2020,2021,20417,sander berge,sheffield utd,333014.0,exact_normalized_unique,A,2021-08-06,2021-08-05,duckdb_big5_first_game,no_summer_event,0,0,,Sheffield Utd,Premier League,England,0,0,0,,,,,,,,,,,,,,,0,sheffield utd,0,1,0,0,0,0,,,,,0,0,,,18000000.0,2021-06-08,22000000.0,18000000.0,2020-10-13,22000000.0,20000000.0,2020-04-08,22000000.0,18000000.0,historical_valuation,1,16.705882371415992,18000000.0,20000000.0,0.0,-2000000.0,0.0,-0.0999999999999999,22000000.0,0.8181818181818182,58.0,0.7013201320132013,2.25,Sheffield United,0.0,0.6052631578947368,-1.131578947368421,Sheffield United,1.0,,,same_team_copy_old,Premier League,0.0,0.6052631578947368,-1.131578947368421,0,0.0,0.0,0.0,sander berge,sheffield utd,STABLE_BIG5_REVIEW,0.6523923444976076
Badou Ndiaye,sn SEN,Stoke City,Premier League,2017-2018,2018-2019,MF,MF,26.0,False,13.0,1138.0,2.0,1.0,2.0,0.0,0.0,0.1581722319859402,0.0790861159929701,0.2372583479789103,0.0,0,2017,2018,16874,badou ndiaye,stoke city,211325.0,exact_normalized_unique,A,2018-08-10,2018-08-09,duckdb_big5_first_game,no_summer_event,0,0,,Stoke City,Premier League,England,0,0,0,,,,,,,,,,,,,,,0,stoke city,0,1,0,0,0,0,,,,,0,0,,,15000000.0,2018-05-28,15000000.0,15000000.0,2018-02-05,15000000.0,5000000.0,2017-06-09,6000000.0,15000000.0,historical_valuation,1,16.52356082573315,15000000.0,5000000.0,0.0,10000000.0,0.0,2.0,15000000.0,1.0,73.0,0.7273730684326711,2.5,Stoke,0.0526315789473684,0.868421052631579,-0.868421052631579,Stoke,1.0,,,same_team_copy_old,Premier League,0.0526315789473684,0.868421052631579,-0.868421052631579,0,0.0,0.0,0.0,badou ndiaye,stoke city,STABLE_BIG5_REVIEW,0.6523923444976076
Khouma Babacar,sn SEN,Lecce,Serie A,2019-2020,2020-2021,FW,FW,26.0,False,17.0,1422.0,3.0,0.0,3.0,0.0,2.0,0.1898734177215189,0.0,0.1898734177215189,0.0,0,2019,2020,19154,khouma babacar,lecce,124902.0,exact_normalized_unique,A,2020-08-21,2020-08-20,duckdb_big5_first_game,no_confirmed_pre_cutoff_event,0,0,,Lecce,Serie A,Italy,0,0,0,,,,,,,,,,,,,,,0,lecce,0,1,0,0,0,0,,,,,0,0,,,5200000.0,2020-04-08,9000000.0,6500000.0,2019-12-12,9000000.0,8000000.0,2019-06-06,9000000.0,5200000.0,historical_valuation,1,15.46416937585933,6500000.0,8000000.0,-1300000.0,-2800000.0,-0.1999999999999999,-0.35,9000000.0,0.5777777777777777,134.0,0.3246527777777778,0.4727272727272727,Lecce,0.1052631578947368,0.9210526315789472,-0.868421052631579,Lecce,1.0,,,same_team_copy_old,Serie A,0.1052631578947368,0.9210526315789472,-0.868421052631579,0,0.0,0.0,0.0,khouma babacar,lecce,STABLE_BIG5_REVIEW,0.6521531100478468
Genki Haraguchi,jp JPN,Hannover 96,Bundesliga,2018-2019,2019-2020,"MF,DF",MF,27.0,False,22.0,2133.0,0.0,3.0,0.0,0.0,0.0,0.0,0.1265822784810126,0.1265822784810126,0.0,0,2018,2019,18032,genki haraguchi,hannover 96,79377.0,exact_normalized_unique,A,2019-08-09,2019-08-08,duckdb_big5_first_game,no_summer_event,0,0,,Hannover 96,Bundesliga,Germany,0,0,0,,,,,,,,,,,,,,,0,hannover 96,0,1,0,0,0,0,,,,,0,0,,,2500000.0,2019-06-05,4500000.0,4000000.0,2018-12-18,4500000.0,4500000.0,2018-07-16,4500000.0,2500000.0,historical_valuation,1,14.731801689838347,4000000.0,4500000.0,-1500000.0,-2000000.0,-0.375,-0.4444444444444444,4500000.0,0.5555555555555556,64.0,0.1490066225165563,0.3125,Hannover,0.0588235294117647,0.6176470588235294,-1.1764705882352942,Hannover,1.0,,,same_team_copy_old,Bundesliga,0.0588235294117647,0.6176470588235294,-1.1764705882352942,0,0.0,0.0,0.0,genki haraguchi,hannover 96,STABLE_BIG5_REVIEW,0.6519138755980862
Vincent Koziello,fr FRA,Nice,Ligue 1,2017-2018,2018-2019,MF,MF,21.0,False,18.0,1596.0,1.0,0.0,1.0,0.0,0.0,0.056390977443609,0.0,0.056390977443609,0.0,0,2017,2018,17687,vincent koziello,nice,290551.0,exact_normalized_unique,A,2018-08-10,2018-08-09,duckdb_big5_first_game,no_summer_event,0,0,,Nice,Ligue 1,France,0,0,0,,,,,,,,,,,,,,,0,nice,0,1,0,0,0,0,,,,,0,0,,,4000000.0,2018-06-05,11000000.0,11000000.0,2017-06-01,11000000.0,11000000.0,2017-06-01,11000000.0,4000000.0,historical_valuation,1,15.201805169084134,11000000.0,11000000.0,-7000000.0,-7000000.0,-0.6363636363636364,-0.6363636363636364,11000000.0,0.3636363636363636,65.0,0.3449227373068432,0.6666666666666666,Nice,0.631578947368421,1.4210526315789471,0.0263157894736842,Nice,1.0,,,same_team_copy_old,Ligue 1,0.631578947368421,1.4210526315789471,0.0263157894736842,0,0.0,0.0,0.0,vincent koziello,nice,STABLE_BIG5_REVIEW,0.6501196172248804
Andros Townsend,eng ENG,Everton,Premier League,2021-2022,2022-2023,"MF,FW",FW,30.0,False,17.0,1455.0,3.0,2.0,2.0,1.0,1.0,0.1855670103092783,0.1237113402061855,0.3092783505154639,0.0,0,2021,2022,20613,andros townsend,everton,61842.0,exact_normalized_unique,A,2022-08-05,2022-08-04,duckdb_big5_first_game,no_summer_event,0,0,,Everton,Premier League,England,0,0,0,,,,,,,,,,,,,,,0,everton,0,1,0,0,0,0,,,,,0,0,,,5000000.0,2022-06-15,15000000.0,7000000.0,2021-12-23,15000000.0,7000000.0,2021-06-08,15000000.0,5000000.0,historical_valuation,1,15.424948670398354,7000000.0,7000000.0,-2000000.0,-2000000.0,-0.2857142857142857,-0.2857142857142857,15000000.0,0.3333333333333333,50.0,0.3335260115606936,0.4347826086956521,Everton,0.2105263157894736,1.0263157894736843,-0.6052631578947368,Everton,1.0,,,same_team_copy_old,Premier League,0.2105263157894736,1.0263157894736843,-0.6052631578947368,0,0.0,0.0,0.0,andros townsend,everton,STABLE_BIG5_REVIEW,0.6495215311004785
Simon Terodde,de GER,Köln,Bundesliga,2017-2018,2018-2019,FW,FW,29.0,False,24.0,2115.0,7.0,1.0,6.0,1.0,2.0,0.2978723404255319,0.0425531914893617,0.3404255319148936,0.0,0,2017,2018,17614,simon terodde,koln,36284.0,exact_normalized_unique,A,2018-08-10,2018-08-09,duckdb_big5_first_game,no_summer_event,0,0,,Köln,Bundesliga,Germany,0,0,0,,,,,,,,,,,,,,,0,koln,0,1,0,0,0,0,,,,,0,0,,,2500000.0,2018-06-05,4000000.0,3000000.0,2017-12-28,4000000.0,4000000.0,2017-06-27,4000000.0,2500000.0,historical_valuation,1,14.731801689838347,3000000.0,4000000.0,-500000.0,-1500000.0,-0.1666666666666666,-0.375,4000000.0,0.625,65.0,0.2146799116997792,0.3333333333333333,FC Koln,0.0,0.6470588235294118,-1.0294117647058822,FC Koln,1.0,,,same_team_copy_old,Bundesliga,0.0,0.6470588235294118,-1.0294117647058822,0,0.0,0.0,0.0,simon terodde,koln,STABLE_BIG5_REVIEW,0.6495215311004785
Gerard Deulofeu,es ESP,Udinese,Serie A,2022-2023,2023-2024,FW,FW,28.0,False,15.0,1211.0,2.0,6.0,2.0,0.0,0.0,0.1486374896779521,0.4459124690338563,0.5945499587118084,0.0,0,2022,2023,21805,gerard deulofeu,udinese,129476.0,exact_normalized_unique,A,2023-08-11,2023-08-10,duckdb_big5_first_game,no_summer_event,0,0,,Udinese,Serie A,Italy,0,0,0,,,,,,,,,,,,,,,0,udinese,0,1,0,0,0,0,,,,,0,0,,,10000000.0,2023-06-15,25000000.0,16000000.0,2022-11-11,25000000.0,15000000.0,2022-06-07,25000000.0,10000000.0,historical_valuation,1,16.118095750958314,16000000.0,15000000.0,-6000000.0,-5000000.0,-0.375,-0.3333333333333333,25000000.0,0.4,56.0,0.5233219567690558,0.9090909090909092,Udinese,0.4210526315789473,1.2105263157894737,-0.0263157894736842,Udinese,1.0,,,same_team_copy_old,Serie A,0.4210526315789473,1.2105263157894737,-0.0263157894736842,0,0.0,0.0,0.0,gerard deulofeu,udinese,STABLE_BIG5_REVIEW,0.6491626794258373
Pere Milla,es ESP,Elche,La Liga,2022-2023,2023-2024,"FW,MF",FW,29.0,False,21.0,1843.0,6.0,1.0,3.0,3.0,3.0,0.2930005425935973,0.0488334237655995,0.341833966359197,0.0,0,2022,2023,22212,pere milla,elche,225593.0,exact_normalized_unique,A,2023-08-11,2023-08-10,duckdb_big5_first_game,no_summer_event,0,0,,Elche,La Liga,Spain,0,0,0,,,,,,,,,,,,,,,0,elche,0,1,0,0,0,0,,,,,0,0,,,3000000.0,2023-06-13,3000000.0,3000000.0,2022-11-07,3000000.0,3000000.0,2022-06-03,3000000.0,3000000.0,historical_valuation,1,14.914123179965662,3000000.0,3000000.0,0.0,0.0,0.0,0.0,3000000.0,1.0,58.0,0.2042093287827076,0.2727272727272727,Elche,0.0,0.6578947368421053,-0.9736842105263158,Elche,1.0,,,same_team_copy_old,La Liga,0.0,0.6578947368421053,-0.9736842105263158,0,0.0,0.0,0.0,pere milla,elche,STABLE_BIG5_REVIEW,0.6489234449760766
Rouwen Hennings,de GER,Düsseldorf,Bundesliga,2019-2020,2020-2021,FW,FW,31.0,False,27.0,2459.0,15.0,0.0,11.0,4.0,4.0,0.5490036600244002,0.0,0.5490036600244002,0.0,0,2019,2020,19443,rouwen hennings,dusseldorf,16311.0,exact_normalized_unique,A,2020-08-21,2020-08-20,duckdb_big5_first_game,no_summer_event,0,0,,Düsseldorf,Bundesliga,Germany,0,0,0,,,,,,,,,,,,,,,0,dusseldorf,0,1,0,0,0,0,,,,,0,0,,,2000000.0,2020-04-08,2500000.0,2500000.0,2019-12-17,2500000.0,1500000.0,2019-06-05,2000000.0,2000000.0,historical_valuation,1,14.508658238524095,2500000.0,1500000.0,-500000.0,500000.0,-0.1999999999999999,0.3333333333333332,2500000.0,0.8,134.0,0.1140046296296296,0.1818181818181818,Fortuna Dusseldorf,0.0588235294117647,0.8823529411764706,-0.9117647058823528,Fortuna Dusseldorf,1.0,,,same_team_copy_old,Bundesliga,0.0588235294117647,0.8823529411764706,-0.9117647058823528,0,0.0,0.0,0.0,rouwen hennings,dusseldorf,STABLE_BIG5_REVIEW,0.6488038277511962
Salih Özcan,tr TUR,Köln,Bundesliga,2017-2018,2018-2019,MF,MF,19.0,False,19.0,1670.0,0.0,1.0,0.0,0.0,0.0,0.0,0.0538922155688622,0.0538922155688622,0.0,0,2017,2018,17577,salih ozcan,koln,244940.0,exact_normalized_unique,A,2018-08-10,2018-08-09,duckdb_big5_first_game,no_summer_event,0,0,,Köln,Bundesliga,Germany,0,0,0,,,,,,,,,,,,,,,0,koln,0,1,0,0,0,0,,,,,0,0,,,3500000.0,2018-06-05,3500000.0,2500000.0,2017-12-28,2500000.0,750000.0,2017-06-19,750000.0,3500000.0,historical_valuation,1,15.068273812173889,2500000.0,750000.0,1000000.0,2750000.0,0.3999999999999999,3.666666666666667,3500000.0,1.0,65.0,0.303532008830022,0.5833333333333334,FC Koln,0.0,0.6470588235294118,-1.0294117647058822,FC Koln,1.0,,,same_team_copy_old,Bundesliga,0.0,0.6470588235294118,-1.0294117647058822,0,0.0,0.0,0.0,salih ozcan,koln,STABLE_BIG5_REVIEW,0.6484449760765549
Leonardo Bittencourt,de GER,Werder Bremen,Bundesliga,2020-2021,2021-2022,"MF,FW",FW,26.0,False,19.0,1514.0,4.0,1.0,3.0,1.0,1.0,0.23778071334214,0.059445178335535,0.297225891677675,0.0,0,2020,2021,20100,leonardo bittencourt,werder bremen,93844.0,exact_normalized_unique,A,2021-08-06,2021-08-05,duckdb_big5_first_game,no_summer_event,0,0,,Werder Bremen,Bundesliga,Germany,0,0,0,,,,,,,,,,,,,,,0,werder bremen,0,1,0,0,0,0,,,,,0,0,,,4500000.0,2021-06-09,7000000.0,6000000.0,2020-11-26,7000000.0,4800000.0,2020-04-08,7000000.0,4500000.0,historical_valuation,1,15.319588176962746,6000000.0,4800000.0,-1500000.0,-300000.0,-0.25,-0.0625,7000000.0,0.6428571428571429,57.0,0.3063806380638064,0.45,Werder Bremen,0.0588235294117647,0.9117647058823528,-0.6176470588235294,Werder Bremen,1.0,,,same_team_copy_old,Bundesliga,0.0588235294117647,0.9117647058823528,-0.6176470588235294,0,0.0,0.0,0.0,leonardo bittencourt,werder bremen,STABLE_BIG5_REVIEW,0.6473684210526316
Mario Balotelli,it ITA,Brescia,Serie A,2019-2020,2020-2021,FW,FW,28.0,False,16.0,1404.0,5.0,0.0,5.0,0.0,0.0,0.3205128205128205,0.0,0.3205128205128205,0.0,0,2019,2020,19236,mario balotelli,brescia,45146.0,exact_normalized_unique,A,2020-08-21,2020-08-20,duckdb_big5_first_game,no_summer_event,0,0,,Brescia,Serie A,Italy,0,0,0,,,,,,,,,,,,,,,0,brescia,0,1,0,0,0,0,,,,,0,0,,,5500000.0,2020-04-08,32000000.0,10000000.0,2019-12-12,32000000.0,20000000.0,2019-06-03,32000000.0,5500000.0,historical_valuation,1,15.520258832020865,10000000.0,20000000.0,-4500000.0,-14500000.0,-0.4499999999999999,-0.725,32000000.0,0.171875,134.0,0.3373842592592592,0.5,Brescia,0.0526315789473684,0.6578947368421053,-1.1578947368421053,Brescia,1.0,,,same_team_copy_old,Serie A,0.0526315789473684,0.6578947368421053,-1.1578947368421053,0,0.0,0.0,0.0,mario balotelli,brescia,STABLE_BIG5_REVIEW,0.644736842105263
Marco Mancosu,it ITA,Lecce,Serie A,2019-2020,2020-2021,"MF,FW",FW,30.0,False,28.0,2440.0,14.0,2.0,5.0,9.0,11.0,0.5163934426229508,0.0737704918032786,0.5901639344262295,0.0,0,2019,2020,19226,marco mancosu,lecce,51736.0,exact_normalized_unique,A,2020-08-21,2020-08-20,duckdb_big5_first_game,no_summer_event,0,0,,Lecce,Serie A,Italy,0,0,0,,,,,,,,,,,,,,,0,lecce,0,1,0,0,0,0,,,,,0,0,,,2000000.0,2020-04-08,2500000.0,2500000.0,2019-12-12,2500000.0,1400000.0,2019-06-05,1400000.0,2000000.0,historical_valuation,1,14.508658238524095,2500000.0,1400000.0,-500000.0,600000.0,-0.1999999999999999,0.4285714285714286,2500000.0,0.8,134.0,0.1140046296296296,0.1818181818181818,Lecce,0.1052631578947368,0.9210526315789472,-0.868421052631579,Lecce,1.0,,,same_team_copy_old,Serie A,0.1052631578947368,0.9210526315789472,-0.868421052631579,0,0.0,0.0,0.0,marco mancosu,lecce,STABLE_BIG5_REVIEW,0.6444976076555025
Tete Morente,es ESP,Elche,La Liga,2022-2023,2023-2024,"MF,DF",MF,25.0,False,23.0,2068.0,4.0,0.0,4.0,0.0,0.0,0.1740812379110251,0.0,0.1740812379110251,0.0,0,2022,2023,22354,tete morente,elche,339816.0,exact_normalized_unique,A,2023-08-11,2023-08-10,duckdb_big5_first_game,no_summer_event,0,0,,Elche,La Liga,Spain,0,0,0,,,,,,,,,,,,,,,0,elche,0,1,0,0,0,0,,,,,0,0,,,2500000.0,2023-06-13,3000000.0,2500000.0,2022-11-07,3000000.0,3000000.0,2022-06-03,3000000.0,2500000.0,historical_valuation,1,14.731801689838347,2500000.0,3000000.0,0.0,-500000.0,0.0,-0.1666666666666666,3000000.0,0.8333333333333334,58.0,0.1575654152445961,0.3125,Elche,0.0,0.6578947368421053,-0.9736842105263158,Elche,1.0,,,same_team_copy_old,La Liga,0.0,0.6578947368421053,-0.9736842105263158,0,0.0,0.0,0.0,tete morente,elche,STABLE_BIG5_REVIEW,0.6442583732057416
Zaydou Youssouf,fr FRA,Saint-Étienne,Ligue 1,2021-2022,2022-2023,MF,MF,22.0,False,18.0,1553.0,1.0,0.0,1.0,0.0,0.0,0.0579523502897617,0.0,0.0579523502897617,0.0,0,2021,2022,21490,zaydou youssouf,saint etienne,471582.0,exact_normalized_unique,A,2022-08-05,2022-08-04,duckdb_big5_first_game,no_summer_event,0,0,,Saint-Étienne,Ligue 1,France,0,0,0,,,,,,,,,,,,,,,0,saint etienne,0,1,0,0,0,0,,,,,0,0,,,4000000.0,2022-05-30,8000000.0,4000000.0,2021-12-16,8000000.0,5000000.0,2021-06-04,8000000.0,4000000.0,historical_valuation,1,15.201805169084134,4000000.0,5000000.0,0.0,-1000000.0,0.0,-0.1999999999999999,8000000.0,0.5,66.0,0.2774566473988439,0.4705882352941176,St Etienne,0.1052631578947368,0.8421052631578947,-0.9210526315789472,St Etienne,1.0,,,same_team_copy_old,Ligue 1,0.1052631578947368,0.8421052631578947,-0.9210526315789472,0,0.0,0.0,0.0,zaydou youssouf,saint etienne,STABLE_BIG5_REVIEW,0.6429425837320575
Artur Ioniță,md MDA,Benevento,Serie A,2020-2021,2021-2022,MF,MF,29.0,False,34.0,2835.0,2.0,0.0,2.0,0.0,0.0,0.0634920634920635,0.0,0.0634920634920635,0.0,0,2020,2021,19691,artur ionita,benevento,98888.0,exact_normalized_unique,A,2021-08-06,2021-08-05,duckdb_big5_first_game,no_summer_event,0,0,,Benevento,Serie A,Italy,0,0,0,,,,,,,,,,,,,,,0,benevento,0,1,0,0,0,0,,,,,0,0,,,1800000.0,2021-06-03,4500000.0,2000000.0,2020-12-29,4500000.0,3500000.0,2020-04-08,4500000.0,1800000.0,historical_valuation,1,14.403297778421797,2000000.0,3500000.0,-200000.0,-1700000.0,-0.0999999999999999,-0.4857142857142857,4500000.0,0.4,63.0,0.1001100110011001,0.225,Benevento,0.1052631578947368,0.868421052631579,-0.9210526315789472,Benevento,1.0,,,same_team_copy_old,Serie A,0.1052631578947368,0.868421052631579,-0.9210526315789472,0,0.0,0.0,0.0,artur ionita,benevento,STABLE_BIG5_REVIEW,0.6423444976076556
Gonzalo Villar,ESP,Granada,La Liga,2023-2024,2024-2025,MF,MF,25.0,False,21.0,1803.0,1.0,3.0,1.0,0.0,0.0,0.0499168053244592,0.1497504159733777,0.1996672212978369,0.0,0,2023,2024,22745,gonzalo villar,granada,398163.0,exact_normalized_unique,A,2024-08-15,2024-08-14,duckdb_big5_first_game,no_summer_event,0,0,,Granada,La Liga,Spain,0,0,0,,,,,,,,,,,,,,,0,granada,0,1,0,0,0,0,,,,,0,0,,,3000000.0,2024-06-07,15000000.0,2800000.0,2023-12-22,15000000.0,2800000.0,2023-06-13,15000000.0,3000000.0,historical_valuation,1,14.914123179965662,2800000.0,2800000.0,200000.0,200000.0,0.0714285714285714,0.0714285714285714,15000000.0,0.2,68.0,0.1751740139211137,0.375,Granada,0.0,0.5526315789473685,-1.0789473684210529,Granada,1.0,,,same_team_copy_old,La Liga,0.0,0.5526315789473685,-1.0789473684210529,0,0.0,0.0,0.0,gonzalo villar,granada,STABLE_BIG5_REVIEW,0.6419856459330144
Niclas Eliasson,se SWE,Nîmes,Ligue 1,2020-2021,2021-2022,"MF,FW",FW,24.0,False,19.0,1799.0,4.0,3.0,4.0,0.0,0.0,0.2001111728738187,0.150083379655364,0.3501945525291828,0.0,0,2020,2021,20266,niclas eliasson,nimes,251813.0,exact_normalized_unique,A,2021-08-06,2021-08-05,duckdb_big5_first_game,no_summer_event,0,0,,Nîmes,Ligue 1,France,0,0,0,,,,,,,,,,,,,,,0,nimes,0,1,0,0,0,0,,,,,0,0,,,3000000.0,2021-06-04,5000000.0,3000000.0,2021-01-07,5000000.0,4000000.0,2020-04-08,5000000.0,3000000.0,historical_valuation,1,14.914123179965662,3000000.0,4000000.0,0.0,-1000000.0,0.0,-0.25,5000000.0,0.6,62.0,0.1996699669966996,0.3,Nimes,0.0526315789473684,0.9210526315789472,-0.8157894736842105,Nimes,1.0,,,same_team_copy_old,Ligue 1,0.0526315789473684,0.9210526315789472,-0.8157894736842105,0,0.0,0.0,0.0,niclas eliasson,nimes,STABLE_BIG5_REVIEW,0.6405502392344498
Odion Ighalo,ng NGA,Watford,Premier League,2016-2017,2017-2018,FW,FW,27.0,False,14.0,1291.0,1.0,0.0,1.0,0.0,0.0,0.069713400464756,0.0,0.069713400464756,0.0,0,2016,2017,16498,odion ighalo,watford,62121.0,exact_normalized_unique,A,2017-08-04,2017-08-03,duckdb_big5_first_game,no_summer_event,0,0,,Watford,Premier League,England,0,0,0,,,,,,,,,,,,,,,0,watford,0,1,0,0,0,0,,,,,0,0,,,7000000.0,2017-06-19,12000000.0,12000000.0,2016-08-01,12000000.0,12000000.0,2016-08-01,12000000.0,7000000.0,historical_valuation,1,15.76142084987672,12000000.0,12000000.0,-5000000.0,-5000000.0,-0.4166666666666666,-0.4166666666666666,12000000.0,0.5833333333333334,45.0,0.5845665961945031,1.0,Watford,0.1578947368421053,1.0526315789473684,-0.7368421052631579,Watford,1.0,,,same_team_copy_old,Premier League,0.1578947368421053,1.0526315789473684,-0.7368421052631579,0,0.0,0.0,0.0,odion ighalo,watford,STABLE_BIG5_REVIEW,0.6379186602870813
Stefano Sturaro,it ITA,Genoa,Serie A,2021-2022,2022-2023,MF,MF,28.0,False,24.0,1766.0,0.0,0.0,0.0,0.0,0.0,0.0,0.0,0.0,0.0,0,2021,2022,21390,stefano sturaro,genoa,167859.0,exact_normalized_unique,A,2022-08-05,2022-08-04,duckdb_big5_first_game,no_summer_event,0,0,,Genoa,Serie A,Italy,0,0,0,,,,,,,,,,,,,,,0,genoa,0,1,0,0,0,0,,,,,0,0,,,3000000.0,2022-06-07,12000000.0,4000000.0,2021-12-28,12000000.0,4500000.0,2021-06-03,12000000.0,3000000.0,historical_valuation,1,14.914123179965662,4000000.0,4500000.0,-1000000.0,-1500000.0,-0.25,-0.3333333333333333,12000000.0,0.25,58.0,0.2086705202312138,0.3529411764705882,Genoa,0.0526315789473684,0.7368421052631579,-0.868421052631579,Genoa,1.0,,,same_team_copy_old,Serie A,0.0526315789473684,0.7368421052631579,-0.868421052631579,0,0.0,0.0,0.0,stefano sturaro,genoa,STABLE_BIG5_REVIEW,0.637200956937799
Manolo Gabbiadini,it ITA,Sampdoria,Serie A,2022-2023,2023-2024,"FW,MF",FW,30.0,False,27.0,2354.0,7.0,2.0,7.0,0.0,0.0,0.2676295666949873,0.076465590484282,0.3440951571792693,0.0,0,2022,2023,22052,manolo gabbiadini,sampdoria,112343.0,exact_normalized_unique,A,2023-08-11,2023-08-10,duckdb_big5_first_game,no_summer_event,0,0,,Sampdoria,Serie A,Italy,0,0,0,,,,,,,,,,,,,,,0,sampdoria,0,1,0,0,0,0,,,,,0,0,,,2000000.0,2023-06-15,18000000.0,3000000.0,2022-11-11,18000000.0,4000000.0,2022-06-07,18000000.0,2000000.0,historical_valuation,1,14.508658238524095,3000000.0,4000000.0,-1000000.0,-2000000.0,-0.3333333333333333,-0.5,18000000.0,0.1111111111111111,56.0,0.1126279863481228,0.1818181818181818,Sampdoria,0.0,0.5,-1.236842105263158,Sampdoria,1.0,,,same_team_copy_old,Serie A,0.0,0.5,-1.236842105263158,0,0.0,0.0,0.0,manolo gabbiadini,sampdoria,STABLE_BIG5_REVIEW,0.6368421052631579
Rhian Brewster,eng ENG,Sheffield Utd,Premier League,2020-2021,2021-2022,"FW,MF",FW,20.0,False,12.0,1128.0,0.0,0.0,0.0,0.0,0.0,0.0,0.0,0.0,0.0,0,2020,2021,20356,rhian brewster,sheffield utd,406560.0,exact_normalized_unique,A,2021-08-06,2021-08-05,duckdb_big5_first_game,no_summer_event,0,0,,Sheffield Utd,Premier League,England,0,0,0,,,,,,,,,,,,,,,0,sheffield utd,0,1,0,0,0,0,,,,,0,0,,,12000000.0,2021-06-08,15000000.0,15000000.0,2020-10-13,15000000.0,5400000.0,2020-04-08,6000000.0,12000000.0,historical_valuation,1,16.300417291085605,15000000.0,5400000.0,-3000000.0,6600000.0,-0.1999999999999999,1.2222222222222223,15000000.0,0.8,58.0,0.5808580858085809,1.2,Sheffield United,0.0,0.6052631578947368,-1.131578947368421,Sheffield United,1.0,,,same_team_copy_old,Premier League,0.0,0.6052631578947368,-1.131578947368421,0,0.0,0.0,0.0,rhian brewster,sheffield utd,STABLE_BIG5_REVIEW,0.6348086124401914
Raúl de Tomás,es ESP,Espanyol,La Liga,2019-2020,2020-2021,FW,FW,24.0,False,11.0,1075.0,4.0,0.0,3.0,1.0,1.0,0.3348837209302325,0.0,0.3348837209302325,0.0,0,2019,2020,19401,raul de tomas,espanyol,162038.0,exact_normalized_unique,A,2020-08-21,2020-08-20,duckdb_big5_first_game,no_summer_event,0,0,,Espanyol,La Liga,Spain,0,0,0,,,,,,,,,,,,,,,0,espanyol,0,1,0,0,0,0,,,,,0,0,,,16000000.0,2020-04-08,20000000.0,20000000.0,2020-02-11,20000000.0,20000000.0,2019-06-11,20000000.0,16000000.0,historical_valuation,1,16.588099342704055,20000000.0,20000000.0,-4000000.0,-4000000.0,-0.1999999999999999,-0.1999999999999999,20000000.0,0.8,134.0,0.6660879629629629,1.4545454545454546,Espanol,0.0,0.6578947368421053,-0.8157894736842105,Espanol,1.0,,,same_team_copy_old,La Liga,0.0,0.6578947368421053,-0.8157894736842105,0,0.0,0.0,0.0,raul de tomas,espanyol,STABLE_BIG5_REVIEW,0.6322966507177034
Haitam Aleesami,no NOR,Palermo,Serie A,2016-2017,2017-2018,"MF,DF",MF,25.0,False,29.0,2630.0,1.0,3.0,1.0,0.0,0.0,0.0342205323193916,0.1026615969581749,0.1368821292775665,0.0,0,2016,2017,16140,haitam aleesami,palermo,230166.0,exact_normalized_unique,A,2017-08-04,2017-08-03,duckdb_big5_first_game,no_summer_event,0,0,,Palermo,Serie A,Italy,0,0,0,,,,,,,,,,,,,,,0,palermo,0,1,0,0,0,0,,,,,0,0,,,1800000.0,2017-06-08,1800000.0,1800000.0,2017-01-02,1800000.0,900000.0,2015-11-29,900000.0,1800000.0,historical_valuation,1,14.403297778421797,1800000.0,900000.0,0.0,900000.0,0.0,1.0,1800000.0,1.0,56.0,0.1633192389006342,0.45,Palermo,0.0526315789473684,0.6842105263157895,-1.1578947368421053,Palermo,1.0,,,same_team_copy_old,Serie A,0.0526315789473684,0.6842105263157895,-1.1578947368421053,0,0.0,0.0,0.0,haitam aleesami,palermo,STABLE_BIG5_REVIEW,0.6313397129186603
Eliesse Ben Seghir,fr FRA,Monaco,Ligue 1,2022-2023,2023-2024,"FW,MF",FW,17.0,False,13.0,1052.0,4.0,1.0,4.0,0.0,0.0,0.3422053231939163,0.085551330798479,0.4277566539923954,0.0,0,2022,2023,21729,eliesse ben seghir,monaco,810895.0,exact_normalized_unique,A,2023-08-11,2023-08-10,duckdb_big5_first_game,no_summer_event,0,0,,Monaco,Ligue 1,France,0,0,0,,,,,,,,,,,,,,,0,monaco,0,1,0,0,0,0,,,,,0,0,,,18000000.0,2023-06-27,18000000.0,200000.0,2022-11-02,200000.0,,,,18000000.0,historical_valuation,1,16.705882371415992,200000.0,,17800000.0,,89.0,,18000000.0,1.0,44.0,0.6899886234357224,1.6363636363636365,Monaco,0.736842105263158,1.7105263157894737,0.3157894736842105,Monaco,1.0,,,same_team_copy_old,Ligue 1,0.736842105263158,1.7105263157894737,0.3157894736842105,0,0.0,0.0,0.0,eliesse ben seghir,monaco,STABLE_BIG5_REVIEW,0.6303827751196172
Ashley Westwood,eng ENG,Burnley,Premier League,2021-2022,2022-2023,MF,MF,31.0,False,26.0,2287.0,0.0,3.0,0.0,0.0,0.0,0.0,0.1180585920419764,0.1180585920419764,0.0,0,2021,2022,20644,ashley westwood,burnley,91317.0,exact_name_age_resolved,B,2022-08-05,2022-08-04,duckdb_big5_first_game,no_summer_event,0,0,,Burnley,Premier League,England,0,0,0,,,,,,,,,,,,,,,0,burnley,0,1,0,0,0,0,,,,,0,0,,,2000000.0,2022-06-15,7000000.0,4000000.0,2021-12-23,7000000.0,5000000.0,2021-06-08,7000000.0,2000000.0,historical_valuation,1,14.508658238524095,4000000.0,5000000.0,-2000000.0,-3000000.0,-0.5,-0.6,7000000.0,0.2857142857142857,50.0,0.1115606936416185,0.2352941176470588,Burnley,0.1052631578947368,0.9210526315789472,-0.5,Burnley,1.0,,,same_team_copy_old,Premier League,0.1052631578947368,0.9210526315789472,-0.5,0,0.0,0.0,0.0,ashley westwood,burnley,STABLE_BIG5_REVIEW,0.6263157894736842
Julian Weigl,de GER,Dortmund,Bundesliga,2019-2020,2020-2021,"MF,DF",MF,23.0,False,12.0,1019.0,1.0,0.0,1.0,0.0,0.0,0.0883218842001962,0.0,0.0883218842001962,0.0,0,2019,2020,19126,julian weigl,borussia dortmund,196792.0,exact_normalized_unique,A,2020-08-21,2020-08-20,duckdb_big5_first_game,no_summer_event,0,0,,Dortmund,Bundesliga,Germany,0,0,0,,,,,,,,,,,,,,,0,borussia dortmund,0,1,0,0,0,0,,,,,0,0,,,20000000.0,2020-08-17,30000000.0,23000000.0,2019-12-17,30000000.0,25000000.0,2019-06-05,30000000.0,20000000.0,historical_valuation,1,16.811242881518265,23000000.0,25000000.0,-3000000.0,-5000000.0,-0.1304347826086956,-0.1999999999999999,30000000.0,0.6666666666666666,3.0,0.7395833333333334,2.6666666666666665,Dortmund,0.9411764705882352,2.0294117647058822,1.2647058823529411,Dortmund,1.0,,,same_team_copy_old,Bundesliga,0.9411764705882352,2.0294117647058822,1.2647058823529411,0,0.0,0.0,0.0,julian weigl,dortmund,STABLE_BIG5_REVIEW,0.6260765550239235
Ivaylo Chochev,bg BUL,Palermo,Serie A,2016-2017,2017-2018,MF,MF,23.0,False,25.0,2286.0,3.0,3.0,3.0,0.0,0.0,0.1181102362204724,0.1181102362204724,0.2362204724409448,0.0,0,2016,2017,16177,ivaylo chochev,palermo,252767.0,exact_normalized_unique,A,2017-08-04,2017-08-03,duckdb_big5_first_game,no_summer_event,0,0,,Palermo,Serie A,Italy,0,0,0,,,,,,,,,,,,,,,0,palermo,0,1,0,0,0,0,,,,,0,0,,,2000000.0,2017-06-08,2500000.0,1800000.0,2017-01-02,2500000.0,2000000.0,2016-07-15,2500000.0,2000000.0,historical_valuation,1,14.508658238524095,1800000.0,2000000.0,200000.0,0.0,0.1111111111111111,0.0,2500000.0,0.8,56.0,0.1966173361522198,0.5,Palermo,0.0526315789473684,0.6842105263157895,-1.1578947368421053,Palermo,1.0,,,same_team_copy_old,Serie A,0.0526315789473684,0.6842105263157895,-1.1578947368421053,0,0.0,0.0,0.0,ivaylo chochev,palermo,STABLE_BIG5_REVIEW,0.6258373205741627
Nicolas de Préville,fr FRA,Metz,Ligue 1,2021-2022,2022-2023,"FW,MF",FW,30.0,False,24.0,1969.0,5.0,2.0,5.0,0.0,0.0,0.228542407313357,0.0914169629253428,0.3199593702386998,0.0,0,2021,2022,21209,nicolas de preville,metz,122116.0,exact_normalized_unique,A,2022-08-05,2022-08-04,duckdb_big5_first_game,no_summer_event,0,0,,Metz,Ligue 1,France,0,0,0,,,,,,,,,,,,,,,0,metz,0,1,0,0,0,0,,,,,0,0,,,2500000.0,2022-05-30,7000000.0,3000000.0,2021-12-16,7000000.0,3000000.0,2021-06-04,7000000.0,2500000.0,historical_valuation,1,14.731801689838347,3000000.0,3000000.0,-500000.0,-500000.0,-0.1666666666666666,-0.1666666666666666,7000000.0,0.3571428571428571,66.0,0.1630057803468208,0.217391304347826,Metz,0.0526315789473684,0.8157894736842105,-0.8947368421052632,Metz,1.0,,,same_team_copy_old,Ligue 1,0.0526315789473684,0.8157894736842105,-0.8947368421052632,0,0.0,0.0,0.0,nicolas de preville,metz,STABLE_BIG5_REVIEW,0.6255980861244019
Yann Karamoh,fr FRA,Parma,Serie A,2020-2021,2021-2022,"FW,MF",FW,22.0,False,16.0,1294.0,2.0,1.0,2.0,0.0,0.0,0.1391035548686244,0.0695517774343122,0.2086553323029366,0.0,0,2020,2021,20539,yann karamoh,parma,324804.0,exact_normalized_unique,A,2021-08-06,2021-08-05,duckdb_big5_first_game,no_summer_event,0,0,,Parma,Serie A,Italy,0,0,0,,,,,,,,,,,,,,,0,parma,0,1,0,0,0,0,,,,,0,0,,,6000000.0,2021-06-03,10000000.0,7500000.0,2020-12-29,10000000.0,9000000.0,2020-04-08,10000000.0,6000000.0,historical_valuation,1,15.607270193858982,7500000.0,9000000.0,-1500000.0,-3000000.0,-0.1999999999999999,-0.3333333333333333,10000000.0,0.6,63.0,0.3872387238723872,0.6,Parma,0.0,0.5263157894736842,-1.1578947368421053,Parma,1.0,,,same_team_copy_old,Serie A,0.0,0.5263157894736842,-1.1578947368421053,0,0.0,0.0,0.0,yann karamoh,parma,STABLE_BIG5_REVIEW,0.6245215311004784
Stuart Armstrong,sct SCO,Southampton,Premier League,2022-2023,2023-2024,"MF,FW",FW,30.0,False,14.0,1408.0,2.0,1.0,2.0,0.0,0.0,0.1278409090909091,0.0639204545454545,0.1917613636363636,0.0,0,2022,2023,22344,stuart armstrong,southampton,130765.0,exact_normalized_unique,A,2023-08-11,2023-08-10,duckdb_big5_first_game,no_summer_event,0,0,,Southampton,Premier League,England,0,0,0,,,,,,,,,,,,,,,0,southampton,0,1,0,0,0,0,,,,,0,0,,,4500000.0,2023-06-20,8000000.0,6000000.0,2022-11-03,8000000.0,6000000.0,2022-06-15,8000000.0,4500000.0,historical_valuation,1,15.319588176962746,6000000.0,6000000.0,-1500000.0,-1500000.0,-0.25,-0.25,8000000.0,0.5625,51.0,0.3020477815699658,0.4090909090909091,Southampton,0.0,0.6578947368421053,-0.9736842105263158,Southampton,1.0,,,same_team_copy_old,Premier League,0.0,0.6578947368421053,-0.9736842105263158,0,0.0,0.0,0.0,stuart armstrong,southampton,STABLE_BIG5_REVIEW,0.6215311004784689
Ryad Boudebouz,dz ALG,Saint-Étienne,Ligue 1,2021-2022,2022-2023,"MF,FW",FW,31.0,False,27.0,2252.0,3.0,4.0,2.0,1.0,1.0,0.1198934280639431,0.1598579040852575,0.2797513321492007,0.0,0,2021,2022,21335,ryad boudebouz,saint etienne,77826.0,exact_normalized_unique,A,2022-08-05,2022-08-04,duckdb_big5_first_game,no_summer_event,0,0,,Saint-Étienne,Ligue 1,France,0,0,0,,,,,,,,,,,,,,,0,saint etienne,0,1,0,0,0,0,,,,,0,0,,,2000000.0,2022-05-30,10000000.0,2200000.0,2021-12-16,10000000.0,2200000.0,2021-06-04,10000000.0,2000000.0,historical_valuation,1,14.508658238524095,2200000.0,2200000.0,-200000.0,-200000.0,-0.0909090909090909,-0.0909090909090909,10000000.0,0.2,66.0,0.1115606936416185,0.1739130434782608,St Etienne,0.1052631578947368,0.8421052631578947,-0.9210526315789472,St Etienne,1.0,,,same_team_copy_old,Ligue 1,0.1052631578947368,0.8421052631578947,-0.9210526315789472,0,0.0,0.0,0.0,ryad boudebouz,saint etienne,STABLE_BIG5_REVIEW,0.6205741626794259
Mounir Chouiar,fr FRA,Dijon,Ligue 1,2020-2021,2021-2022,"FW,MF",FW,21.0,False,14.0,1288.0,0.0,2.0,0.0,0.0,1.0,0.0,0.139751552795031,0.139751552795031,0.0,0,2020,2021,20241,mounir chouiar,dijon,355641.0,exact_normalized_unique,A,2021-08-06,2021-08-05,duckdb_big5_first_game,no_summer_event,0,0,,Dijon,Ligue 1,France,0,0,0,,,,,,,,,,,,,,,0,dijon,0,1,0,0,0,0,,,,,0,0,,,6000000.0,2021-06-04,9000000.0,9000000.0,2020-10-15,9000000.0,7200000.0,2020-04-08,8000000.0,6000000.0,historical_valuation,1,15.607270193858982,9000000.0,7200000.0,-3000000.0,-1200000.0,-0.3333333333333333,-0.1666666666666666,9000000.0,0.6666666666666666,62.0,0.3872387238723872,0.6,Dijon,0.0,0.5526315789473685,-1.263157894736842,Dijon,1.0,,,same_team_copy_old,Ligue 1,0.0,0.5526315789473685,-1.263157894736842,0,0.0,0.0,0.0,mounir chouiar,dijon,STABLE_BIG5_REVIEW,0.6202153110047847
Virgil Misidjan,nl NED,Nürnberg,Bundesliga,2018-2019,2019-2020,"MF,FW",FW,25.0,False,17.0,1543.0,1.0,1.0,1.0,0.0,0.0,0.0583279325988334,0.0583279325988334,0.1166558651976668,0.0,0,2018,2019,18644,virgil misidjan,nurnberg,214346.0,exact_normalized_unique,A,2019-08-09,2019-08-08,duckdb_big5_first_game,no_summer_event,0,0,,Nürnberg,Bundesliga,Germany,0,0,0,,,,,,,,,,,,,,,0,nurnberg,0,1,0,0,0,0,,,,,0,0,,,3500000.0,2019-06-05,6000000.0,6000000.0,2018-12-18,6000000.0,5000000.0,2018-02-09,5000000.0,3500000.0,historical_valuation,1,15.068273812173889,6000000.0,5000000.0,-2500000.0,-1500000.0,-0.4166666666666666,-0.3,6000000.0,0.5833333333333334,64.0,0.2290286975717439,0.35,Nurnberg,0.0,0.5588235294117647,-1.2352941176470589,Nurnberg,1.0,,,same_team_copy_old,Bundesliga,0.0,0.5588235294117647,-1.2352941176470589,0,0.0,0.0,0.0,virgil misidjan,nurnberg,STABLE_BIG5_REVIEW,0.6194976076555023
Farid Boulaya,dz ALG,Metz,Ligue 1,2021-2022,2022-2023,"MF,FW",FW,28.0,False,18.0,1526.0,4.0,2.0,4.0,0.0,0.0,0.2359108781127129,0.1179554390563564,0.3538663171690694,0.0,0,2021,2022,20793,farid boulaya,metz,202318.0,exact_normalized_unique,A,2022-08-05,2022-08-04,duckdb_big5_first_game,no_summer_event,0,0,,Metz,Ligue 1,France,0,0,0,,,,,,,,,,,,,,,0,metz,0,1,0,0,0,0,,,,,0,0,,,3500000.0,2022-05-30,5500000.0,5000000.0,2021-12-16,5500000.0,5500000.0,2021-06-04,5500000.0,3500000.0,historical_valuation,1,15.068273812173889,5000000.0,5500000.0,-1500000.0,-2000000.0,-0.3,-0.3636363636363636,5500000.0,0.6363636363636364,66.0,0.2473988439306358,0.3043478260869565,Metz,0.0526315789473684,0.8157894736842105,-0.8947368421052632,Metz,1.0,,,same_team_copy_old,Ligue 1,0.0526315789473684,0.8157894736842105,-0.8947368421052632,0,0.0,0.0,0.0,farid boulaya,metz,STABLE_BIG5_REVIEW,0.6161483253588517
Oliver Burke,sct SCO,Sheffield Utd,Premier League,2020-2021,2021-2022,FW,FW,23.0,False,14.0,1269.0,1.0,1.0,1.0,0.0,0.0,0.0709219858156028,0.0709219858156028,0.1418439716312056,0.0,0,2020,2021,20284,oliver burke,sheffield utd,341317.0,exact_normalized_unique,A,2021-08-06,2021-08-05,duckdb_big5_first_game,no_summer_event,0,0,,Sheffield Utd,Premier League,England,0,0,0,,,,,,,,,,,,,,,0,sheffield utd,0,1,0,0,0,0,,,,,0,0,,,6000000.0,2021-06-08,12000000.0,5500000.0,2020-10-13,12000000.0,4800000.0,2020-04-08,12000000.0,6000000.0,historical_valuation,1,15.607270193858982,5500000.0,4800000.0,500000.0,1200000.0,0.0909090909090908,0.25,12000000.0,0.5,58.0,0.3872387238723872,0.6,Sheffield United,0.0,0.6052631578947368,-1.131578947368421,Sheffield United,1.0,,,same_team_copy_old,Premier League,0.0,0.6052631578947368,-1.131578947368421,0,0.0,0.0,0.0,oliver burke,sheffield utd,STABLE_BIG5_REVIEW,0.6156698564593301
Nicolas Benezet,fr FRA,Guingamp,Ligue 1,2018-2019,2019-2020,"MF,FW",FW,27.0,False,18.0,1666.0,3.0,1.0,3.0,0.0,0.0,0.1620648259303721,0.0540216086434573,0.2160864345738295,0.0,0,2018,2019,18408,nicolas benezet,guingamp,164230.0,exact_normalized_unique,A,2019-08-09,2019-08-08,duckdb_big5_first_game,no_summer_event,0,0,,Guingamp,Ligue 1,France,0,0,0,,,,,,,,,,,,,,,0,guingamp,0,1,0,0,0,0,,,,,0,0,,,3000000.0,2019-06-03,4000000.0,4000000.0,2018-12-17,4000000.0,2000000.0,2018-06-04,2000000.0,3000000.0,historical_valuation,1,14.914123179965662,4000000.0,2000000.0,-1000000.0,1000000.0,-0.25,0.5,4000000.0,0.75,66.0,0.1937086092715231,0.3,Guingamp,0.0,0.7105263157894737,-1.0526315789473684,Guingamp,1.0,,,same_team_copy_old,Ligue 1,0.0,0.7105263157894737,-1.0526315789473684,0,0.0,0.0,0.0,nicolas benezet,guingamp,STABLE_BIG5_REVIEW,0.6142344497607656
Darren Fletcher,sct SCO,Stoke City,Premier League,2017-2018,2018-2019,MF,MF,33.0,False,25.0,2219.0,1.0,1.0,1.0,0.0,0.0,0.0405588102748986,0.0405588102748986,0.0811176205497972,0.0,0,2017,2018,16970,darren fletcher,stoke city,3547.0,exact_normalized_unique,A,2018-08-10,2018-08-09,duckdb_big5_first_game,no_summer_event,0,0,,Stoke City,Premier League,England,0,0,0,,,,,,,,,,,,,,,0,stoke city,0,1,0,0,0,0,,,,,0,0,,,2000000.0,2018-05-28,22000000.0,2000000.0,2018-01-02,22000000.0,2000000.0,2017-06-28,22000000.0,2000000.0,historical_valuation,1,14.508658238524095,2000000.0,2000000.0,0.0,0.0,0.0,0.0,22000000.0,0.0909090909090909,73.0,0.1600441501103753,0.3333333333333333,Stoke,0.0526315789473684,0.868421052631579,-0.868421052631579,Stoke,1.0,,,same_team_copy_old,Premier League,0.0526315789473684,0.868421052631579,-0.868421052631579,0,0.0,0.0,0.0,darren fletcher,stoke city,STABLE_BIG5_REVIEW,0.6138755980861244
Aleix García,es ESP,Girona,La Liga,2018-2019,2019-2020,MF,MF,21.0,False,20.0,1663.0,2.0,1.0,2.0,0.0,0.0,0.1082381238725195,0.0541190619362597,0.1623571858087793,0.0,0,2018,2019,17753,aleix garcia,girona,261504.0,exact_normalized_unique,A,2019-08-09,2019-08-08,duckdb_big5_first_game,no_confirmed_pre_cutoff_event,0,0,,Girona,La Liga,Spain,0,0,0,,,,,,,,,,,,,,,0,girona,0,1,0,0,0,0,,,,,0,0,,,3000000.0,2019-06-11,3000000.0,2000000.0,2018-12-21,2000000.0,1000000.0,2018-05-30,1000000.0,3000000.0,historical_valuation,1,14.914123179965662,2000000.0,1000000.0,1000000.0,2000000.0,0.5,2.0,3000000.0,1.0,58.0,0.1937086092715231,0.375,Girona,0.1052631578947368,0.9736842105263158,-0.4210526315789473,Girona,1.0,,,same_team_copy_old,La Liga,0.1052631578947368,0.9736842105263158,-0.4210526315789473,0,0.0,0.0,0.0,aleix garcia,girona,STABLE_BIG5_REVIEW,0.6132775119617225
Mario Gómez,de GER,Stuttgart,Bundesliga,2018-2019,2019-2020,FW,FW,33.0,False,25.0,2211.0,7.0,2.0,7.0,0.0,0.0,0.2849389416553595,0.0814111261872456,0.3663500678426051,0.0,0,2018,2019,18313,mario gomez,stuttgart,6288.0,exact_name_age_resolved,B,2019-08-09,2019-08-08,duckdb_big5_first_game,no_summer_event,0,0,,Stuttgart,Bundesliga,Germany,0,0,0,,,,,,,,,,,,,,,0,stuttgart,0,1,0,0,0,0,,,,,0,0,,,2000000.0,2019-06-05,42000000.0,4000000.0,2018-12-18,42000000.0,6000000.0,2018-06-05,42000000.0,2000000.0,historical_valuation,1,14.508658238524095,4000000.0,6000000.0,-2000000.0,-4000000.0,-0.5,-0.6666666666666667,42000000.0,0.0476190476190476,64.0,0.1092715231788079,0.2,Stuttgart,0.1176470588235294,0.8235294117647058,-1.1176470588235294,Stuttgart,1.0,,,same_team_copy_old,Bundesliga,0.1176470588235294,0.8235294117647058,-1.1176470588235294,0,0.0,0.0,0.0,mario gomez,stuttgart,STABLE_BIG5_REVIEW,0.6124401913875598
Alessandro Murgia,it ITA,SPAL,Serie A,2019-2020,2020-2021,MF,MF,22.0,False,19.0,1750.0,0.0,1.0,0.0,0.0,0.0,0.0,0.0514285714285714,0.0514285714285714,0.0,0,2019,2020,18713,alessandro murgia,spal,289061.0,exact_normalized_unique,A,2020-08-21,2020-08-20,duckdb_big5_first_game,no_summer_event,0,0,,SPAL,Serie A,Italy,0,0,0,,,,,,,,,,,,,,,0,spal,0,1,0,0,0,0,,,,,0,0,,,2800000.0,2020-04-08,6000000.0,4500000.0,2019-12-12,6000000.0,5000000.0,2019-06-06,6000000.0,2800000.0,historical_valuation,1,14.845130332288226,4500000.0,5000000.0,-1700000.0,-2200000.0,-0.3777777777777777,-0.4399999999999999,6000000.0,0.4666666666666667,134.0,0.1759259259259259,0.3733333333333333,Spal,0.0,0.5263157894736842,-1.3157894736842106,Spal,1.0,,,same_team_copy_old,Serie A,0.0,0.5263157894736842,-1.3157894736842106,0,0.0,0.0,0.0,alessandro murgia,spal,STABLE_BIG5_REVIEW,0.6119617224880383
Rubén Alcaraz,ESP,Cádiz,La Liga,2023-2024,2024-2025,MF,MF,32.0,False,36.0,3134.0,3.0,1.0,1.0,2.0,2.0,0.0861518825781748,0.0287172941927249,0.1148691767708998,0.0,0,2023,2024,23215,ruben alcaraz,cadiz,247250.0,exact_normalized_unique,A,2024-08-15,2024-08-14,duckdb_big5_first_game,no_summer_event,0,0,,Cádiz,La Liga,Spain,0,0,0,,,,,,,,,,,,,,,0,cadiz,0,1,0,0,0,0,,,,,0,0,,,1500000.0,2024-06-07,10000000.0,2000000.0,2023-12-22,10000000.0,2000000.0,2023-06-13,10000000.0,1500000.0,historical_valuation,1,14.220976332738882,2000000.0,2000000.0,-500000.0,-500000.0,-0.25,-0.25,10000000.0,0.15,68.0,0.0597447795823665,0.1875,Cadiz,0.1052631578947368,0.868421052631579,-0.7631578947368421,Cadiz,1.0,,,same_team_copy_old,La Liga,0.1052631578947368,0.868421052631579,-0.7631578947368421,0,0.0,0.0,0.0,ruben alcaraz,cadiz,STABLE_BIG5_REVIEW,0.6100478468899522
Sébastien Haller,ci CIV,West Ham,Premier League,2020-2021,2021-2022,FW,FW,26.0,False,10.0,937.0,3.0,0.0,3.0,0.0,0.0,0.288153681963714,0.0,0.288153681963714,0.0,0,2020,2021,20431,sebastien haller,west ham,181375.0,exact_normalized_unique,A,2021-08-06,2021-08-05,duckdb_big5_first_game,no_summer_event,0,0,,West Ham,Premier League,England,0,0,0,,,,,,,,,,,,,,,0,west ham,0,1,0,0,0,0,,,,,0,0,,,27000000.0,2021-05-19,45000000.0,30000000.0,2020-10-13,45000000.0,36000000.0,2020-04-08,45000000.0,27000000.0,historical_valuation,1,17.11134746100564,30000000.0,36000000.0,-3000000.0,-9000000.0,-0.0999999999999999,-0.25,45000000.0,0.6,78.0,0.8074807480748075,2.7,West Ham,0.736842105263158,1.7105263157894737,0.3947368421052631,West Ham,1.0,,,same_team_copy_old,Premier League,0.736842105263158,1.7105263157894737,0.3947368421052631,0,0.0,0.0,0.0,sebastien haller,west ham,STABLE_BIG5_REVIEW,0.6093301435406698
Alfredo Morales,us USA,Düsseldorf,Bundesliga,2019-2020,2020-2021,MF,MF,29.0,False,18.0,1730.0,1.0,2.0,1.0,0.0,0.0,0.0520231213872832,0.1040462427745664,0.1560693641618497,0.0,0,2019,2020,18728,alfredo morales,dusseldorf,58500.0,exact_normalized_unique,A,2020-08-21,2020-08-20,duckdb_big5_first_game,no_summer_event,0,0,,Düsseldorf,Bundesliga,Germany,0,0,0,,,,,,,,,,,,,,,0,dusseldorf,0,1,0,0,0,0,,,,,0,0,,,2800000.0,2020-04-08,3500000.0,3500000.0,2019-12-17,3500000.0,2500000.0,2019-06-05,2500000.0,2800000.0,historical_valuation,1,14.845130332288226,3500000.0,2500000.0,-700000.0,300000.0,-0.1999999999999999,0.1200000000000001,3500000.0,0.8,134.0,0.1759259259259259,0.3733333333333333,Fortuna Dusseldorf,0.0588235294117647,0.8823529411764706,-0.9117647058823528,Fortuna Dusseldorf,1.0,,,same_team_copy_old,Bundesliga,0.0588235294117647,0.8823529411764706,-0.9117647058823528,0,0.0,0.0,0.0,alfredo morales,dusseldorf,STABLE_BIG5_REVIEW,0.6086124401913876
Jamie Vardy,eng ENG,Leicester City,Premier League,2022-2023,2023-2024,FW,FW,35.0,False,19.0,1857.0,3.0,4.0,3.0,0.0,1.0,0.1453957996768982,0.1938610662358643,0.3392568659127625,0.0,0,2022,2023,21890,jamie vardy,leicester city,197838.0,exact_normalized_unique,A,2023-08-11,2023-08-10,duckdb_big5_first_game,no_summer_event,0,0,,Leicester City,Premier League,England,0,0,0,,,,,,,,,,,,,,,0,leicester city,0,1,0,0,0,0,,,,,0,0,,,2500000.0,2023-06-20,20000000.0,4000000.0,2022-11-03,20000000.0,5000000.0,2022-06-15,20000000.0,2500000.0,historical_valuation,1,14.731801689838347,4000000.0,5000000.0,-1500000.0,-2500000.0,-0.375,-0.5,20000000.0,0.125,51.0,0.1575654152445961,0.2272727272727272,Leicester,0.1052631578947368,0.8947368421052632,-0.4473684210526316,Leicester,1.0,,,same_team_copy_old,Premier League,0.1052631578947368,0.8947368421052632,-0.4473684210526316,0,0.0,0.0,0.0,jamie vardy,leicester city,STABLE_BIG5_REVIEW,0.6083732057416268
Moritz Bauer,at AUT,Stoke City,Premier League,2017-2018,2018-2019,"DF,MF",MF,25.0,False,15.0,1306.0,0.0,0.0,0.0,0.0,0.0,0.0,0.0,0.0,0.0,0,2017,2018,17434,moritz bauer,stoke city,159692.0,exact_normalized_unique,A,2018-08-10,2018-08-09,duckdb_big5_first_game,no_summer_event,0,0,,Stoke City,Premier League,England,0,0,0,,,,,,,,,,,,,,,0,stoke city,0,1,0,0,0,0,,,,,0,0,,,5000000.0,2018-05-28,5000000.0,3000000.0,2017-12-23,3000000.0,2300000.0,2017-06-01,2500000.0,5000000.0,historical_valuation,1,15.424948670398354,3000000.0,2300000.0,2000000.0,2700000.0,0.6666666666666667,1.1739130434782608,5000000.0,1.0,73.0,0.41280353200883,0.8333333333333334,Stoke,0.0526315789473684,0.868421052631579,-0.868421052631579,Stoke,1.0,,,same_team_copy_old,Premier League,0.0526315789473684,0.868421052631579,-0.868421052631579,0,0.0,0.0,0.0,moritz bauer,stoke city,STABLE_BIG5_REVIEW,0.6078947368421053
Manu García,es ESP,Alavés,La Liga,2017-2018,2018-2019,MF,MF,31.0,False,27.0,2439.0,3.0,0.0,3.0,0.0,2.0,0.1107011070110701,0.0,0.1107011070110701,0.0,0,2017,2018,17332,manu garcia,alaves,76273.0,exact_name_age_resolved,B,2018-08-10,2018-08-09,duckdb_big5_first_game,no_summer_event,0,0,,Alavés,La Liga,Spain,0,0,0,,,,,,,,,,,,,,,0,alaves,0,1,0,0,0,0,,,,,0,0,,,1800000.0,2018-05-30,1800000.0,1800000.0,2018-01-01,1800000.0,1500000.0,2017-06-05,1500000.0,1800000.0,historical_valuation,1,14.403297778421797,1800000.0,1500000.0,0.0,300000.0,0.0,0.1999999999999999,1800000.0,1.0,71.0,0.129690949227373,0.3,Alaves,0.3157894736842105,1.236842105263158,-0.2631578947368421,Alaves,1.0,,,same_team_copy_old,La Liga,0.3157894736842105,1.236842105263158,-0.2631578947368421,0,0.0,0.0,0.0,manu garcia,alaves,STABLE_BIG5_REVIEW,0.6059808612440192
Rayan Raveloson,mg MAD,Auxerre,Ligue 1,2022-2023,2023-2024,"DF,MF",MF,25.0,False,27.0,2431.0,2.0,1.0,2.0,0.0,0.0,0.0740436034553681,0.037021801727684,0.1110654051830522,0.0,0,2022,2023,22238,rayan raveloson,auxerre,344576.0,exact_normalized_unique,A,2023-08-11,2023-08-10,duckdb_big5_first_game,no_summer_event,0,0,,Auxerre,Ligue 1,France,0,0,0,,,,,,,,,,,,,,,0,auxerre,0,1,0,0,0,0,,,,,0,0,,,1800000.0,2023-06-27,2000000.0,1500000.0,2022-11-02,2000000.0,2000000.0,2021-11-09,2000000.0,1800000.0,historical_valuation,1,14.403297778421797,1500000.0,2000000.0,300000.0,-200000.0,0.1999999999999999,-0.0999999999999999,2000000.0,0.9,44.0,0.08646188850967,0.225,Auxerre,0.1578947368421053,0.9210526315789472,-0.7368421052631579,Auxerre,1.0,,,same_team_copy_old,Ligue 1,0.1578947368421053,0.9210526315789472,-0.7368421052631579,0,0.0,0.0,0.0,rayan raveloson,auxerre,STABLE_BIG5_REVIEW,0.6047846889952153
Almog Cohen,il ISR,Ingolstadt 04,Bundesliga,2016-2017,2017-2018,MF,MF,27.0,False,29.0,2494.0,7.0,1.0,6.0,1.0,1.0,0.2526062550120289,0.0360866078588612,0.2886928628708901,0.0,0,2016,2017,15839,almog cohen,ingolstadt 04,56711.0,exact_normalized_unique,A,2017-08-04,2017-08-03,duckdb_big5_first_game,no_summer_event,0,0,,Ingolstadt 04,Bundesliga,Germany,0,0,0,,,,,,,,,,,,,,,0,ingolstadt 04,0,1,0,0,0,0,,,,,0,0,,,1750000.0,2017-06-19,3000000.0,750000.0,2016-07-22,3000000.0,750000.0,2016-07-22,3000000.0,1750000.0,historical_valuation,1,14.375126917328105,750000.0,750000.0,1000000.0,1000000.0,1.3333333333333337,1.3333333333333337,3000000.0,0.5833333333333334,45.0,0.1564482029598308,0.4375,Ingolstadt,0.0588235294117647,0.9411764705882352,-0.6176470588235294,Ingolstadt,1.0,,,same_team_copy_old,Bundesliga,0.0588235294117647,0.9411764705882352,-0.6176470588235294,0,0.0,0.0,0.0,almog cohen,ingolstadt 04,STABLE_BIG5_REVIEW,0.6031100478468899
Alessandro Deiola,it ITA,Cagliari,Serie A,2021-2022,2022-2023,MF,MF,25.0,False,28.0,2129.0,4.0,1.0,4.0,0.0,0.0,0.1690934711131987,0.0422733677782996,0.2113668388914983,0.0,0,2021,2022,20580,alessandro deiola,cagliari,235931.0,exact_normalized_unique,A,2022-08-05,2022-08-04,duckdb_big5_first_game,no_summer_event,0,0,,Cagliari,Serie A,Italy,0,0,0,,,,,,,,,,,,,,,0,cagliari,0,1,0,0,0,0,,,,,0,0,,,2000000.0,2022-06-07,2000000.0,2000000.0,2021-12-28,2000000.0,1000000.0,2021-06-03,1600000.0,2000000.0,historical_valuation,1,14.508658238524095,2000000.0,1000000.0,0.0,1000000.0,0.0,1.0,2000000.0,1.0,58.0,0.1115606936416185,0.2352941176470588,Cagliari,0.1052631578947368,0.7894736842105263,-0.8947368421052632,Cagliari,1.0,,,same_team_copy_old,Serie A,0.1052631578947368,0.7894736842105263,-0.8947368421052632,0,0.0,0.0,0.0,alessandro deiola,cagliari,STABLE_BIG5_REVIEW,0.6009569377990431
José Pozo,es ESP,Rayo Vallecano,La Liga,2018-2019,2019-2020,MF,MF,22.0,False,16.0,1617.0,3.0,0.0,3.0,0.0,0.0,0.1669758812615955,0.0,0.1669758812615955,0.0,0,2018,2019,18171,jose pozo,rayo vallecano,195605.0,exact_normalized_unique,A,2019-08-09,2019-08-08,duckdb_big5_first_game,no_summer_event,0,0,,Rayo Vallecano,La Liga,Spain,0,0,0,,,,,,,,,,,,,,,0,rayo vallecano,0,1,0,0,0,0,,,,,0,0,,,3000000.0,2019-06-11,3000000.0,3000000.0,2018-12-21,3000000.0,3000000.0,2018-05-30,3000000.0,3000000.0,historical_valuation,1,14.914123179965662,3000000.0,3000000.0,0.0,0.0,0.0,0.0,3000000.0,1.0,58.0,0.1937086092715231,0.375,Vallecano,0.0,0.8421052631578947,-0.7631578947368421,Vallecano,1.0,,,same_team_copy_old,La Liga,0.0,0.8421052631578947,-0.7631578947368421,0,0.0,0.0,0.0,jose pozo,rayo vallecano,STABLE_BIG5_REVIEW,0.600598086124402
Karlan Grant,eng ENG,West Brom,Premier League,2020-2021,2021-2022,"FW,MF",FW,22.0,False,14.0,1127.0,1.0,0.0,1.0,0.0,0.0,0.0798580301685891,0.0,0.0798580301685891,0.0,0,2020,2021,20063,karlan grant,west brom,314183.0,exact_normalized_unique,A,2021-08-06,2021-08-05,duckdb_big5_first_game,no_summer_event,0,0,,West Brom,Premier League,England,0,0,0,,,,,,,,,,,,,,,0,west brom,0,1,0,0,0,0,,,,,0,0,,,8000000.0,2021-06-08,10000000.0,10000000.0,2020-12-17,10000000.0,6500000.0,2020-04-08,8000000.0,8000000.0,historical_valuation,1,15.894952224644102,10000000.0,6500000.0,-2000000.0,1500000.0,-0.1999999999999999,0.2307692307692308,10000000.0,0.8,58.0,0.4719471947194719,0.8,West Brom,0.0526315789473684,0.6842105263157895,-1.0789473684210529,West Brom,1.0,,,same_team_copy_old,Premier League,0.0526315789473684,0.6842105263157895,-1.0789473684210529,0,0.0,0.0,0.0,karlan grant,west brom,STABLE_BIG5_REVIEW,0.6005980861244019
Gabriel Strefezza,br BRA,SPAL,Serie A,2019-2020,2020-2021,"DF,MF",MF,22.0,False,24.0,2110.0,1.0,2.0,1.0,0.0,0.0,0.0426540284360189,0.0853080568720379,0.1279620853080568,0.0,0,2019,2020,18967,gabriel strefezza,spal,457673.0,exact_normalized_unique,A,2020-08-21,2020-08-20,duckdb_big5_first_game,no_summer_event,0,0,,SPAL,Serie A,Italy,0,0,0,,,,,,,,,,,,,,,0,spal,0,1,0,0,0,0,,,,,0,0,,,2000000.0,2020-04-08,2500000.0,1500000.0,2019-12-12,1500000.0,300000.0,2019-06-05,300000.0,2000000.0,historical_valuation,1,14.508658238524095,1500000.0,300000.0,500000.0,1700000.0,0.3333333333333332,5.666666666666667,2500000.0,0.8,134.0,0.1140046296296296,0.2666666666666666,Spal,0.0,0.5263157894736842,-1.3157894736842106,Spal,1.0,,,same_team_copy_old,Serie A,0.0,0.5263157894736842,-1.3157894736842106,0,0.0,0.0,0.0,gabriel strefezza,spal,STABLE_BIG5_REVIEW,0.5995215311004785
Aleix Febas,es ESP,Mallorca,La Liga,2019-2020,2020-2021,"MF,FW",FW,23.0,False,22.0,1690.0,0.0,3.0,0.0,0.0,0.0,0.0,0.1597633136094674,0.1597633136094674,0.0,0,2019,2020,18709,aleix febas,mallorca,217144.0,exact_normalized_unique,A,2020-08-21,2020-08-20,duckdb_big5_first_game,no_summer_event,0,0,,Mallorca,La Liga,Spain,0,0,0,,,,,,,,,,,,,,,0,mallorca,0,1,0,0,0,0,,,,,0,0,,,2800000.0,2020-04-08,4000000.0,3500000.0,2019-12-20,4000000.0,4000000.0,2019-06-29,4000000.0,2800000.0,historical_valuation,1,14.845130332288226,3500000.0,4000000.0,-700000.0,-1200000.0,-0.1999999999999999,-0.3,4000000.0,0.7,134.0,0.1759259259259259,0.2545454545454545,Mallorca,0.0526315789473684,0.868421052631579,-0.6578947368421053,Mallorca,1.0,,,same_team_copy_old,La Liga,0.0526315789473684,0.868421052631579,-0.6578947368421053,0,0.0,0.0,0.0,aleix febas,mallorca,STABLE_BIG5_REVIEW,0.599043062200957
Souleyman Doumbia,ci CIV,Angers,Ligue 1,2022-2023,2023-2024,"DF,FW",FW,25.0,False,21.0,1790.0,0.0,0.0,0.0,0.0,0.0,0.0,0.0,0.0,0.0,0,2022,2023,22335,souleyman doumbia,angers,296356.0,exact_normalized_unique,A,2023-08-11,2023-08-10,duckdb_big5_first_game,no_summer_event,0,0,,Angers,Ligue 1,France,0,0,0,,,,,,,,,,,,,,,0,angers,0,1,0,0,0,0,,,,,0,0,,,2500000.0,2023-06-27,3000000.0,3000000.0,2022-11-02,3000000.0,3000000.0,2022-05-30,3000000.0,2500000.0,historical_valuation,1,14.731801689838347,3000000.0,3000000.0,-500000.0,-500000.0,-0.1666666666666666,-0.1666666666666666,3000000.0,0.8333333333333334,44.0,0.1575654152445961,0.2272727272727272,Angers,0.0,0.4736842105263157,-1.263157894736842,Angers,1.0,,,same_team_copy_old,Ligue 1,0.0,0.4736842105263157,-1.263157894736842,0,0.0,0.0,0.0,souleyman doumbia,angers,STABLE_BIG5_REVIEW,0.59688995215311
Matheus Pereira,pt POR,Nürnberg,Bundesliga,2018-2019,2019-2020,"MF,FW",FW,22.0,False,16.0,1232.0,3.0,2.0,3.0,0.0,0.0,0.2191558441558441,0.1461038961038961,0.3652597402597402,0.0,0,2018,2019,18331,matheus pereira,nurnberg,225984.0,exact_name_age_resolved,B,2019-08-09,2019-08-08,duckdb_big5_first_game,no_summer_event,0,0,,Nürnberg,Bundesliga,Germany,0,0,0,,,,,,,,,,,,,,,0,nurnberg,0,1,0,0,0,0,,,,,0,0,,,5500000.0,2019-06-05,5500000.0,2500000.0,2018-12-18,3000000.0,3000000.0,2018-06-13,3000000.0,5500000.0,historical_valuation,1,15.520258832020865,2500000.0,3000000.0,3000000.0,2500000.0,1.2000000000000002,0.8333333333333333,5500000.0,1.0,64.0,0.3603752759381898,0.55,Nurnberg,0.0,0.5588235294117647,-1.2352941176470589,Nurnberg,1.0,,,same_team_copy_old,Bundesliga,0.0,0.5588235294117647,-1.2352941176470589,0,0.0,0.0,0.0,matheus pereira,nurnberg,STABLE_BIG5_REVIEW,0.5954545454545455
Marek Hamšík,sk SVK,Napoli,Serie A,2018-2019,2019-2020,MF,MF,31.0,False,12.0,916.0,0.0,0.0,0.0,0.0,0.0,0.0,0.0,0.0,0.0,0,2018,2019,18311,marek hamsik,napoli,38593.0,exact_normalized_unique,A,2019-08-09,2019-08-08,duckdb_big5_first_game,no_summer_event,0,0,,Napoli,Serie A,Italy,0,0,0,,,,,,,,,,,,,,,0,napoli,0,1,0,0,0,0,,,,,0,0,,,22000000.0,2019-03-21,40000000.0,30000000.0,2018-12-20,40000000.0,35000000.0,2018-06-07,40000000.0,22000000.0,historical_valuation,1,16.906553056777135,30000000.0,35000000.0,-8000000.0,-13000000.0,-0.2666666666666667,-0.3714285714285714,40000000.0,0.55,140.0,0.7566225165562914,2.75,Napoli,0.9473684210526316,2.0789473684210527,1.0,Napoli,1.0,,,same_team_copy_old,Serie A,0.9473684210526316,2.0789473684210527,1.0,0,0.0,0.0,0.0,marek hamsik,napoli,STABLE_BIG5_REVIEW,0.594377990430622
Nedim Bajrami,ALB,Sassuolo,Serie A,2023-2024,2024-2025,"MF,FW",FW,24.0,False,15.0,1310.0,2.0,2.0,2.0,0.0,0.0,0.1374045801526717,0.1374045801526717,0.2748091603053435,0.0,0,2023,2024,23088,nedim bajrami,sassuolo,390177.0,exact_normalized_unique,A,2024-08-15,2024-08-14,duckdb_big5_first_game,no_summer_event,0,0,,Sassuolo,Serie A,Italy,0,0,0,,,,,,,,,,,,,,,0,sassuolo,0,1,0,0,0,0,,,,,0,0,,,4500000.0,2024-06-05,10000000.0,6000000.0,2023-12-20,10000000.0,7500000.0,2023-06-15,10000000.0,4500000.0,historical_valuation,1,15.319588176962746,6000000.0,7500000.0,-1500000.0,-3000000.0,-0.25,-0.4,10000000.0,0.45,70.0,0.2784222737819025,0.375,Sassuolo,0.0526315789473684,0.7894736842105263,-0.8421052631578947,Sassuolo,1.0,,,same_team_copy_old,Serie A,0.0526315789473684,0.7894736842105263,-0.8421052631578947,0,0.0,0.0,0.0,nedim bajrami,sassuolo,STABLE_BIG5_REVIEW,0.5942583732057416
Christopher Antwi-Adjei,gh GHA,Paderborn 07,Bundesliga,2019-2020,2020-2021,"MF,FW",FW,25.0,False,28.0,2470.0,1.0,2.0,1.0,0.0,0.0,0.0364372469635627,0.0728744939271255,0.1093117408906882,0.0,0,2019,2020,18829,christopher antwi adjei,paderborn 07,289182.0,exact_normalized_unique,A,2020-08-21,2020-08-20,duckdb_big5_first_game,no_summer_event,0,0,,Paderborn 07,Bundesliga,Germany,0,0,0,,,,,,,,,,,,,,,0,paderborn 07,0,1,0,0,0,0,,,,,0,0,,,1600000.0,2020-04-08,2000000.0,2000000.0,2019-12-17,2000000.0,1500000.0,2019-06-12,1500000.0,1600000.0,historical_valuation,1,14.285514812209817,2000000.0,1500000.0,-400000.0,100000.0,-0.1999999999999999,0.0666666666666666,2000000.0,0.8,134.0,0.0815972222222222,0.1454545454545454,Paderborn,0.0,0.5882352941176471,-1.088235294117647,Paderborn,1.0,,,same_team_copy_old,Bundesliga,0.0,0.5882352941176471,-1.088235294117647,0,0.0,0.0,0.0,christopher antwi adjei,paderborn 07,STABLE_BIG5_REVIEW,0.5937799043062202
Roque Mesa,es ESP,Valladolid,La Liga,2020-2021,2021-2022,MF,MF,31.0,False,21.0,1761.0,1.0,0.0,0.0,1.0,1.0,0.0511073253833049,0.0,0.0511073253833049,0.0,0,2020,2021,20394,roque mesa,valladolid,202984.0,exact_normalized_unique,A,2021-08-06,2021-08-05,duckdb_big5_first_game,no_summer_event,0,0,,Valladolid,La Liga,Spain,0,0,0,,,,,,,,,,,,,,,0,valladolid,0,1,0,0,0,0,,,,,0,0,,,2500000.0,2021-06-10,12000000.0,3000000.0,2021-01-05,12000000.0,5500000.0,2020-04-08,12000000.0,2500000.0,historical_valuation,1,14.731801689838347,3000000.0,5500000.0,-500000.0,-3000000.0,-0.1666666666666666,-0.5454545454545454,12000000.0,0.2083333333333333,56.0,0.1562156215621562,0.3125,Valladolid,0.0526315789473684,0.8157894736842105,-0.6052631578947368,Valladolid,1.0,,,same_team_copy_old,La Liga,0.0526315789473684,0.8157894736842105,-0.6052631578947368,0,0.0,0.0,0.0,roque mesa,valladolid,STABLE_BIG5_REVIEW,0.5935406698564594
Ivan Rakitić,CRO,Sevilla,La Liga,2023-2024,2024-2025,MF,MF,35.0,False,16.0,1425.0,2.0,1.0,2.0,0.0,0.0,0.1263157894736842,0.0631578947368421,0.1894736842105263,0.0,0,2023,2024,22794,ivan rakitic,sevilla,32467.0,exact_normalized_unique,A,2024-08-15,2024-08-14,duckdb_big5_first_game,no_summer_event,0,0,,Sevilla,La Liga,Spain,0,0,0,,,,,,,,,,,,,,,0,sevilla,0,1,0,0,0,0,,,,,0,0,,,3500000.0,2024-06-04,70000000.0,4000000.0,2023-12-22,70000000.0,4000000.0,2023-06-13,70000000.0,3500000.0,historical_valuation,1,15.068273812173889,4000000.0,4000000.0,-500000.0,-500000.0,-0.125,-0.125,70000000.0,0.05,71.0,0.212877030162413,0.4375,Sevilla,0.368421052631579,1.0789473684210529,-0.1578947368421052,Sevilla,1.0,,,same_team_copy_old,La Liga,0.368421052631579,1.0789473684210529,-0.1578947368421052,0,0.0,0.0,0.0,ivan rakitic,sevilla,STABLE_BIG5_REVIEW,0.5929425837320574
Chris Löwe,de GER,Huddersfield,Premier League,2018-2019,2019-2020,"DF,MF",MF,29.0,False,23.0,2057.0,0.0,2.0,0.0,0.0,0.0,0.0,0.0875060768108896,0.0875060768108896,0.0,0,2018,2019,17879,chris lowe,huddersfield,55125.0,exact_normalized_unique,A,2019-08-09,2019-08-08,duckdb_big5_first_game,no_summer_event,0,0,,Huddersfield,Premier League,England,0,0,0,,,,,,,,,,,,,,,0,huddersfield,0,1,0,0,0,0,,,,,0,0,,,2000000.0,2019-06-13,2000000.0,2000000.0,2018-12-19,2000000.0,1500000.0,2018-05-28,1500000.0,2000000.0,historical_valuation,1,14.508658238524095,2000000.0,1500000.0,0.0,500000.0,0.0,0.3333333333333332,2000000.0,1.0,56.0,0.1092715231788079,0.25,Huddersfield,0.0,0.4210526315789473,-1.4210526315789471,Huddersfield,1.0,,,same_team_copy_old,Premier League,0.0,0.4210526315789473,-1.4210526315789471,0,0.0,0.0,0.0,chris lowe,huddersfield,STABLE_BIG5_REVIEW,0.5925837320574163
Mathieu Valbuena,fr FRA,Lyon,Ligue 1,2016-2017,2017-2018,"MF,FW",FW,31.0,False,15.0,1558.0,8.0,5.0,8.0,0.0,0.0,0.4621309370988446,0.2888318356867779,0.7509627727856226,0.0,0,2016,2017,16416,mathieu valbuena,lyon,40687.0,exact_normalized_unique,A,2017-08-04,2017-08-03,duckdb_big5_first_game,no_confirmed_pre_cutoff_event,0,0,,Lyon,Ligue 1,France,0,0,1,,,,,,,,,,,,,,,0,lyon,0,1,0,0,0,0,,,,,0,0,,,3000000.0,2017-06-01,15000000.0,3000000.0,2017-01-16,15000000.0,4500000.0,2016-07-13,15000000.0,3000000.0,historical_valuation,1,14.914123179965662,3000000.0,4500000.0,0.0,-1500000.0,0.0,-0.3333333333333333,15000000.0,0.2,63.0,0.3340380549682875,0.4285714285714285,Lyon,0.8421052631578947,1.763157894736842,0.8421052631578947,Lyon,1.0,,,same_team_copy_old,Ligue 1,0.8421052631578947,1.763157894736842,0.8421052631578947,0,0.0,0.0,0.0,mathieu valbuena,lyon,STABLE_BIG5_REVIEW,0.5898325358851675
Ryan Babel,nl NED,Fulham,Premier League,2018-2019,2019-2020,"FW,MF",FW,31.0,False,15.0,1251.0,5.0,3.0,5.0,0.0,0.0,0.3597122302158273,0.2158273381294964,0.5755395683453237,0.0,0,2018,2019,18538,ryan babel,fulham,16135.0,exact_normalized_unique,A,2019-08-09,2019-08-08,duckdb_big5_first_game,no_summer_event,0,0,,Fulham,Premier League,England,0,0,0,,,,,,,,,,,,,,,0,fulham,0,1,0,0,0,0,,,,,0,0,,,5000000.0,2019-06-13,17250000.0,5000000.0,2019-01-04,17250000.0,6000000.0,2018-05-29,17250000.0,5000000.0,historical_valuation,1,15.424948670398354,5000000.0,6000000.0,0.0,-1000000.0,0.0,-0.1666666666666666,17250000.0,0.2898550724637681,56.0,0.3344370860927152,0.5,Fulham,0.0526315789473684,0.6842105263157895,-1.236842105263158,Fulham,1.0,,,same_team_copy_old,Premier League,0.0526315789473684,0.6842105263157895,-1.236842105263158,0,0.0,0.0,0.0,ryan babel,fulham,STABLE_BIG5_REVIEW,0.5894736842105264
Yannick Carrasco,be BEL,Atlético Madrid,La Liga,2017-2018,2018-2019,"MF,FW",FW,23.0,False,8.0,901.0,3.0,4.0,3.0,0.0,0.0,0.2996670366259711,0.3995560488346282,0.6992230854605994,0.0,0,2017,2018,17710,yannick carrasco,atletico madrid,140776.0,exact_normalized_unique,A,2018-08-10,2018-08-09,duckdb_big5_first_game,no_summer_event,0,0,,Atlético Madrid,La Liga,Spain,0,0,0,,,,,,,,,,,,,,,0,atletico madrid,0,1,0,0,0,0,,,,,0,0,,,22000000.0,2018-07-16,40000000.0,40000000.0,2018-01-01,40000000.0,40000000.0,2017-06-05,40000000.0,22000000.0,historical_valuation,1,16.906553056777135,40000000.0,40000000.0,-18000000.0,-18000000.0,-0.4499999999999999,-0.4499999999999999,40000000.0,0.55,24.0,0.8145695364238411,2.933333333333333,Ath Madrid,0.9473684210526316,2.0789473684210527,0.9473684210526316,Ath Madrid,1.0,,,same_team_copy_old,La Liga,0.9473684210526316,2.0789473684210527,0.9473684210526316,0,0.0,0.0,0.0,yannick carrasco,atletico madrid,STABLE_BIG5_REVIEW,0.5891148325358851
Carlos Clerc,es ESP,Elche,La Liga,2022-2023,2023-2024,"DF,MF",MF,30.0,False,31.0,2639.0,0.0,1.0,0.0,0.0,0.0,0.0,0.0341038272072754,0.0341038272072754,0.0,0,2022,2023,21629,carlos clerc,elche,193784.0,exact_normalized_unique,A,2023-08-11,2023-08-10,duckdb_big5_first_game,no_summer_event,0,0,,Elche,La Liga,Spain,0,0,0,,,,,,,,,,,,,,,0,elche,0,1,0,0,0,0,,,,,0,0,,,1500000.0,2023-06-13,3000000.0,2000000.0,2022-11-07,3000000.0,2000000.0,2022-06-03,3000000.0,1500000.0,historical_valuation,1,14.220976332738882,2000000.0,2000000.0,-500000.0,-500000.0,-0.25,-0.25,3000000.0,0.5,58.0,0.0699658703071672,0.1875,Elche,0.0,0.6578947368421053,-0.9736842105263158,Elche,1.0,,,same_team_copy_old,La Liga,0.0,0.6578947368421053,-0.9736842105263158,0,0.0,0.0,0.0,carlos clerc,elche,STABLE_BIG5_REVIEW,0.5870813397129186
Isma López,es ESP,Sporting Gijón,La Liga,2016-2017,2017-2018,"DF,MF",MF,26.0,False,19.0,1732.0,0.0,3.0,0.0,0.0,1.0,0.0,0.1558891454965358,0.1558891454965358,0.0,0,2016,2017,16169,isma lopez,sporting gijon,54231.0,exact_normalized_unique,A,2017-08-04,2017-08-03,duckdb_big5_first_game,no_summer_event,0,0,,Sporting Gijón,La Liga,Spain,0,0,0,,,,,,,,,,,,,,,0,sporting gijon,0,1,0,0,0,0,,,,,0,0,,,2500000.0,2017-06-05,2500000.0,2500000.0,2017-01-24,2500000.0,2500000.0,2016-07-15,2500000.0,2500000.0,historical_valuation,1,14.731801689838347,2500000.0,2500000.0,0.0,0.0,0.0,0.0,2500000.0,1.0,59.0,0.2637420718816067,0.625,Sp Gijon,0.1052631578947368,0.8157894736842105,-0.7894736842105263,Sp Gijon,1.0,,,same_team_copy_old,La Liga,0.1052631578947368,0.8157894736842105,-0.7894736842105263,0,0.0,0.0,0.0,isma lopez,sporting gijon,STABLE_BIG5_REVIEW,0.5868421052631578
Juninho Bacuna,cw CUW,Huddersfield,Premier League,2018-2019,2019-2020,"MF,DF",MF,20.0,False,16.0,1412.0,1.0,0.0,1.0,0.0,0.0,0.0637393767705382,0.0,0.0637393767705382,0.0,0,2018,2019,18189,juninho bacuna,huddersfield,348863.0,exact_normalized_unique,A,2019-08-09,2019-08-08,duckdb_big5_first_game,no_summer_event,0,0,,Huddersfield,Premier League,England,0,0,0,,,,,,,,,,,,,,,0,huddersfield,0,1,0,0,0,0,,,,,0,0,,,3500000.0,2019-06-13,3500000.0,2500000.0,2018-12-19,2500000.0,1500000.0,2018-06-12,1500000.0,3500000.0,historical_valuation,1,15.068273812173889,2500000.0,1500000.0,1000000.0,2000000.0,0.3999999999999999,1.3333333333333337,3500000.0,1.0,56.0,0.2290286975717439,0.4375,Huddersfield,0.0,0.4210526315789473,-1.4210526315789471,Huddersfield,1.0,,,same_team_copy_old,Premier League,0.0,0.4210526315789473,-1.4210526315789471,0,0.0,0.0,0.0,juninho bacuna,huddersfield,STABLE_BIG5_REVIEW,0.5867224880382775
Joan Gonzàlez,ESP,Lecce,Serie A,2023-2024,2024-2025,MF,MF,21.0,False,13.0,1291.0,1.0,1.0,1.0,0.0,0.0,0.069713400464756,0.069713400464756,0.139426800929512,0.0,0,2023,2024,22831,joan gonzalez,lecce,692209.0,exact_normalized_unique,A,2024-08-15,2024-08-14,duckdb_big5_first_game,no_summer_event,0,0,,Lecce,Serie A,Italy,0,0,0,,,,,,,,,,,,,,,0,lecce,0,1,0,0,0,0,,,,,0,0,,,4500000.0,2024-06-05,6000000.0,6000000.0,2023-12-20,6000000.0,6000000.0,2023-06-15,6000000.0,4500000.0,historical_valuation,1,15.319588176962746,6000000.0,6000000.0,-1500000.0,-1500000.0,-0.25,-0.25,6000000.0,0.75,70.0,0.2784222737819025,0.5625,Lecce,0.3157894736842105,1.0,-0.5789473684210527,Lecce,1.0,,,same_team_copy_old,Serie A,0.3157894736842105,1.0,-0.5789473684210527,0,0.0,0.0,0.0,joan gonzalez,lecce,STABLE_BIG5_REVIEW,0.5866028708133971
David Ferreiro,es ESP,Huesca,La Liga,2018-2019,2019-2020,"MF,FW",FW,30.0,False,23.0,2280.0,1.0,3.0,1.0,0.0,0.0,0.0394736842105263,0.1184210526315789,0.1578947368421052,0.0,0,2018,2019,17925,david ferreiro,huesca,71918.0,exact_normalized_unique,A,2019-08-09,2019-08-08,duckdb_big5_first_game,no_summer_event,0,0,,Huesca,La Liga,Spain,0,0,0,,,,,,,,,,,,,,,0,huesca,0,1,0,0,0,0,,,,,0,0,,,1800000.0,2019-06-11,2000000.0,2000000.0,2018-12-21,2000000.0,800000.0,2018-05-30,800000.0,1800000.0,historical_valuation,1,14.403297778421797,2000000.0,800000.0,-200000.0,1000000.0,-0.0999999999999999,1.25,2000000.0,0.9,58.0,0.0883002207505518,0.18,Huesca,0.0526315789473684,0.868421052631579,-0.5789473684210527,Huesca,1.0,,,same_team_copy_old,La Liga,0.0526315789473684,0.868421052631579,-0.5789473684210527,0,0.0,0.0,0.0,david ferreiro,huesca,STABLE_BIG5_REVIEW,0.5866028708133971
Raman Chibsah,gh GHA,Frosinone,Serie A,2018-2019,2019-2020,MF,MF,25.0,False,30.0,2622.0,1.0,0.0,1.0,0.0,0.0,0.034324942791762,0.0,0.034324942791762,0.0,0,2018,2019,18481,raman chibsah,frosinone,199633.0,exact_normalized_unique,A,2019-08-09,2019-08-08,duckdb_big5_first_game,no_summer_event,0,0,,Frosinone,Serie A,Italy,0,0,0,,,,,,,,,,,,,,,0,frosinone,0,1,0,0,0,0,,,,,0,0,,,1500000.0,2019-06-06,2500000.0,1500000.0,2018-12-20,2500000.0,1500000.0,2018-06-18,2500000.0,1500000.0,historical_valuation,1,14.220976332738882,1500000.0,1500000.0,0.0,0.0,0.0,0.0,2500000.0,0.6,63.0,0.0700883002207505,0.1875,Frosinone,0.0526315789473684,0.6578947368421053,-1.0526315789473684,Frosinone,1.0,,,same_team_copy_old,Serie A,0.0526315789473684,0.6578947368421053,-1.0526315789473684,0,0.0,0.0,0.0,raman chibsah,frosinone,STABLE_BIG5_REVIEW,0.584688995215311
Lazar Marković,rs SRB,Hull City,Premier League,2016-2017,2017-2018,MF,MF,22.0,False,12.0,1005.0,2.0,0.0,2.0,0.0,0.0,0.1791044776119403,0.0,0.1791044776119403,0.0,0,2016,2017,16311,lazar markovic,hull city,144303.0,exact_normalized_unique,A,2017-08-04,2017-08-03,duckdb_big5_first_game,no_summer_event,0,0,,Hull City,Premier League,England,0,0,0,,,,,,,,,,,,,,,0,hull city,0,1,0,0,0,0,,,,,0,0,,,10000000.0,2017-06-28,20000000.0,14000000.0,2016-08-01,20000000.0,14000000.0,2016-08-01,20000000.0,10000000.0,historical_valuation,1,16.118095750958314,14000000.0,14000000.0,-4000000.0,-4000000.0,-0.2857142857142857,-0.2857142857142857,20000000.0,0.5,36.0,0.7056025369978859,2.5,Hull,0.1052631578947368,0.8947368421052632,-1.131578947368421,Hull,1.0,,,same_team_copy_old,Premier League,0.1052631578947368,0.8947368421052632,-1.131578947368421,0,0.0,0.0,0.0,lazar markovic,hull city,STABLE_BIG5_REVIEW,0.5838516746411483
Rodrigo Zalazar,uy URU,Schalke 04,Bundesliga,2022-2023,2023-2024,"MF,FW",FW,22.0,False,15.0,1321.0,1.0,6.0,1.0,0.0,0.0,0.0681302043906131,0.408781226343679,0.4769114307342922,0.0,0,2022,2023,22263,rodrigo zalazar,schalke 04,606752.0,exact_normalized_unique,A,2023-08-11,2023-08-10,duckdb_big5_first_game,no_summer_event,0,0,,Schalke 04,Bundesliga,Germany,0,0,0,,,,,,,,,,,,,,,0,schalke 04,0,1,0,0,0,0,,,,,0,0,,,4000000.0,2023-06-22,4000000.0,3500000.0,2022-11-09,3500000.0,3500000.0,2022-06-16,3500000.0,4000000.0,historical_valuation,1,15.201805169084134,3500000.0,3500000.0,500000.0,500000.0,0.1428571428571428,0.1428571428571428,4000000.0,1.0,49.0,0.2707622298065984,0.3636363636363636,Schalke 04,0.0588235294117647,0.9117647058823528,-1.0588235294117647,Schalke 04,1.0,,,same_team_copy_old,Bundesliga,0.0588235294117647,0.9117647058823528,-1.0588235294117647,0,0.0,0.0,0.0,rodrigo zalazar,schalke 04,STABLE_BIG5_REVIEW,0.582177033492823
Issiar Dia,sn SEN,Nancy,Ligue 1,2016-2017,2017-2018,FW,FW,29.0,False,22.0,2000.0,8.0,3.0,7.0,1.0,1.0,0.36,0.135,0.495,0.0,0,2016,2017,16172,issiar dia,nancy,43942.0,exact_normalized_unique,A,2017-08-04,2017-08-03,duckdb_big5_first_game,no_summer_event,0,0,,Nancy,Ligue 1,France,0,0,0,,,,,,,,,,,,,,,0,nancy,0,1,0,0,0,0,,,,,0,0,,,2000000.0,2017-06-01,7000000.0,900000.0,2017-01-16,7000000.0,1000000.0,2016-06-28,7000000.0,2000000.0,historical_valuation,1,14.508658238524095,900000.0,1000000.0,1100000.0,1000000.0,1.2222222222222223,1.0,7000000.0,0.2857142857142857,63.0,0.1966173361522198,0.2857142857142857,Nancy,0.0526315789473684,0.9210526315789472,-0.6052631578947368,Nancy,1.0,,,same_team_copy_old,Ligue 1,0.0526315789473684,0.9210526315789472,-0.6052631578947368,0,0.0,0.0,0.0,issiar dia,nancy,STABLE_BIG5_REVIEW,0.5803827751196172
Gonzalo Castro,de GER,Stuttgart,Bundesliga,2018-2019,2019-2020,MF,MF,31.0,False,19.0,1692.0,2.0,4.0,2.0,0.0,0.0,0.1063829787234042,0.2127659574468085,0.3191489361702128,0.0,0,2018,2019,18047,gonzalo castro,stuttgart,28947.0,exact_normalized_unique,A,2019-08-09,2019-08-08,duckdb_big5_first_game,no_summer_event,0,0,,Stuttgart,Bundesliga,Germany,0,0,0,,,,,,,,,,,,,,,0,stuttgart,0,1,0,0,0,0,,,,,0,0,,,2500000.0,2019-06-05,15000000.0,4000000.0,2018-12-18,15000000.0,8000000.0,2018-06-05,15000000.0,2500000.0,historical_valuation,1,14.731801689838347,4000000.0,8000000.0,-1500000.0,-5500000.0,-0.375,-0.6875,15000000.0,0.1666666666666666,64.0,0.1490066225165563,0.3125,Stuttgart,0.1176470588235294,0.8235294117647058,-1.1176470588235294,Stuttgart,1.0,,,same_team_copy_old,Bundesliga,0.1176470588235294,0.8235294117647058,-1.1176470588235294,0,0.0,0.0,0.0,gonzalo castro,stuttgart,STABLE_BIG5_REVIEW,0.5779904306220096
Jayden Bogle,eng ENG,Sheffield Utd,Premier League,2020-2021,2021-2022,"DF,MF",MF,20.0,False,12.0,1110.0,2.0,0.0,2.0,0.0,0.0,0.1621621621621621,0.0,0.1621621621621621,0.0,0,2020,2021,19981,jayden bogle,sheffield utd,465717.0,exact_normalized_unique,A,2021-08-06,2021-08-05,duckdb_big5_first_game,no_summer_event,0,0,,Sheffield Utd,Premier League,England,0,0,0,,,,,,,,,,,,,,,0,sheffield utd,0,1,0,0,0,0,,,,,0,0,,,7000000.0,2021-06-08,7000000.0,6300000.0,2020-10-13,7000000.0,6300000.0,2020-04-08,7000000.0,7000000.0,historical_valuation,1,15.76142084987672,6300000.0,6300000.0,700000.0,700000.0,0.1111111111111111,0.1111111111111111,7000000.0,1.0,58.0,0.4284928492849285,0.875,Sheffield United,0.0,0.6052631578947368,-1.131578947368421,Sheffield United,1.0,,,same_team_copy_old,Premier League,0.0,0.6052631578947368,-1.131578947368421,0,0.0,0.0,0.0,jayden bogle,sheffield utd,STABLE_BIG5_REVIEW,0.5776315789473684
Sam Lammers,nl NED,Sampdoria,Serie A,2022-2023,2023-2024,FW,FW,25.0,False,23.0,1983.0,2.0,2.0,2.0,0.0,0.0,0.0907715582450832,0.0907715582450832,0.1815431164901664,0.0,0,2022,2023,22295,sam lammers,sampdoria,386914.0,exact_normalized_unique,A,2023-08-11,2023-08-10,duckdb_big5_first_game,no_confirmed_pre_cutoff_event,0,0,,Sampdoria,Serie A,Italy,0,0,2,,,,,,,,,,,,,,,0,sampdoria,0,1,0,0,0,0,,,,,0,0,,,2000000.0,2023-06-15,9000000.0,2800000.0,2022-11-11,9000000.0,3000000.0,2022-06-09,9000000.0,2000000.0,historical_valuation,1,14.508658238524095,2800000.0,3000000.0,-800000.0,-1000000.0,-0.2857142857142857,-0.3333333333333333,9000000.0,0.2222222222222222,56.0,0.1126279863481228,0.1818181818181818,Sampdoria,0.0,0.5,-1.236842105263158,Sampdoria,1.0,,,same_team_copy_old,Serie A,0.0,0.5,-1.236842105263158,0,0.0,0.0,0.0,sam lammers,sampdoria,STABLE_BIG5_REVIEW,0.5770334928229666
Alexander Tettey,no NOR,Norwich City,Premier League,2019-2020,2020-2021,"MF,DF",MF,33.0,False,28.0,2338.0,1.0,1.0,1.0,0.0,0.0,0.0384944396920444,0.0384944396920444,0.0769888793840889,0.0,0,2019,2020,18720,alexander tettey,norwich city,12384.0,exact_normalized_unique,A,2020-08-21,2020-08-20,duckdb_big5_first_game,no_summer_event,0,0,,Norwich City,Premier League,England,0,0,0,,,,,,,,,,,,,,,0,norwich city,0,1,0,0,0,0,,,,,0,0,,,1600000.0,2020-04-08,4000000.0,2000000.0,2019-12-10,4000000.0,2000000.0,2019-06-28,4000000.0,1600000.0,historical_valuation,1,14.285514812209817,2000000.0,2000000.0,-400000.0,-400000.0,-0.1999999999999999,-0.1999999999999999,4000000.0,0.4,134.0,0.0815972222222222,0.2133333333333333,Norwich,0.0,0.5526315789473685,-1.2894736842105263,Norwich,1.0,,,same_team_copy_old,Premier League,0.0,0.5526315789473685,-1.2894736842105263,0,0.0,0.0,0.0,alexander tettey,norwich city,STABLE_BIG5_REVIEW,0.5767942583732057
Miha Zajc,si SVN,Empoli,Serie A,2018-2019,2019-2020,"MF,FW",FW,24.0,False,12.0,1166.0,3.0,2.0,3.0,0.0,0.0,0.2315608919382504,0.1543739279588336,0.385934819897084,0.0,0,2018,2019,18368,miha zajc,empoli,149829.0,exact_normalized_unique,A,2019-08-09,2019-08-08,duckdb_big5_first_game,no_summer_event,0,0,,Empoli,Serie A,Italy,0,0,0,,,,,,,,,,,,,,,0,empoli,0,1,0,0,0,0,,,,,0,0,,,5500000.0,2019-06-04,6000000.0,6000000.0,2018-12-20,6000000.0,4000000.0,2018-06-18,4000000.0,5500000.0,historical_valuation,1,15.520258832020865,6000000.0,4000000.0,-500000.0,1500000.0,-0.0833333333333333,0.375,6000000.0,0.9166666666666666,65.0,0.3603752759381898,0.55,Empoli,0.1052631578947368,1.0,-0.5,Empoli,1.0,,,same_team_copy_old,Serie A,0.1052631578947368,1.0,-0.5,0,0.0,0.0,0.0,miha zajc,empoli,STABLE_BIG5_REVIEW,0.5760765550239234
Samuel Grandsir,fr FRA,Brest,Ligue 1,2019-2020,2020-2021,"FW,MF",FW,22.0,False,17.0,1492.0,3.0,1.0,3.0,0.0,0.0,0.1809651474530831,0.0603217158176943,0.2412868632707774,0.0,0,2019,2020,19458,samuel grandsir,brest,432772.0,exact_normalized_unique,A,2020-08-21,2020-08-20,duckdb_big5_first_game,no_confirmed_pre_cutoff_event,0,0,,Brest,Ligue 1,France,0,0,1,,,,,,,,,,,,,,,0,brest,0,1,0,0,0,0,,,,,0,0,,,3000000.0,2020-08-03,5000000.0,3000000.0,2019-12-19,5000000.0,3000000.0,2019-06-03,5000000.0,3000000.0,historical_valuation,1,14.914123179965662,3000000.0,3000000.0,0.0,0.0,0.0,0.0,5000000.0,0.6,17.0,0.1909722222222222,0.2727272727272727,Brest,0.3157894736842105,1.2142857142857142,-0.1071428571428571,Brest,1.0,,,same_team_copy_old,Ligue 1,0.3157894736842105,1.2142857142857142,-0.1071428571428571,0,0.0,0.0,0.0,samuel grandsir,brest,STABLE_BIG5_REVIEW,0.5742822966507177
Omar El Kaddouri,ma MAR,Empoli,Serie A,2016-2017,2017-2018,MF,MF,25.0,False,15.0,1289.0,3.0,1.0,3.0,0.0,0.0,0.2094647013188518,0.0698215671062839,0.2792862684251357,0.0,0,2016,2017,16504,omar el kaddouri,empoli,73097.0,exact_normalized_unique,A,2017-08-04,2017-08-03,duckdb_big5_first_game,no_summer_event,0,0,,Empoli,Serie A,Italy,0,0,0,,,,,,,,,,,,,,,0,empoli,0,1,0,0,0,0,,,,,0,0,,,4000000.0,2017-06-08,5000000.0,4500000.0,2017-01-02,5000000.0,5000000.0,2016-07-15,5000000.0,4000000.0,historical_valuation,1,15.201805169084134,4500000.0,5000000.0,-500000.0,-1000000.0,-0.1111111111111111,-0.1999999999999999,5000000.0,0.8,56.0,0.4307610993657505,1.0,Empoli,0.1052631578947368,0.8421052631578947,-0.8421052631578947,Empoli,1.0,,,same_team_copy_old,Serie A,0.1052631578947368,0.8421052631578947,-0.8421052631578947,0,0.0,0.0,0.0,omar el kaddouri,empoli,STABLE_BIG5_REVIEW,0.5711722488038278
Léo Baptistão,br BRA,Espanyol,La Liga,2018-2019,2019-2020,"FW,MF",FW,25.0,False,14.0,1233.0,2.0,2.0,1.0,1.0,1.0,0.145985401459854,0.145985401459854,0.291970802919708,0.0,0,2018,2019,18241,leo baptistao,espanyol,221899.0,exact_normalized_unique,A,2019-08-09,2019-08-08,duckdb_big5_first_game,no_summer_event,0,0,,Espanyol,La Liga,Spain,0,0,0,,,,,,,,,,,,,,,0,espanyol,0,1,0,0,0,0,,,,,0,0,,,4500000.0,2019-03-21,7000000.0,6000000.0,2018-12-21,7000000.0,6000000.0,2018-05-30,7000000.0,4500000.0,historical_valuation,1,15.319588176962746,6000000.0,6000000.0,-1500000.0,-1500000.0,-0.25,-0.25,7000000.0,0.6428571428571429,140.0,0.304083885209713,0.45,Espanol,0.6842105263157895,1.394736842105263,-0.0526315789473684,Espanol,1.0,,,same_team_copy_old,La Liga,0.6842105263157895,1.394736842105263,-0.0526315789473684,0,0.0,0.0,0.0,leo baptistao,espanyol,STABLE_BIG5_REVIEW,0.569377990430622
Dani Rodríguez,es ESP,Mallorca,La Liga,2019-2020,2020-2021,"MF,FW",FW,31.0,False,36.0,3039.0,5.0,2.0,4.0,1.0,1.0,0.1480750246791707,0.0592300098716683,0.2073050345508391,0.0,0,2019,2020,18847,dani rodriguez,mallorca,139435.0,exact_name_age_resolved,B,2020-08-21,2020-08-20,duckdb_big5_first_game,no_summer_event,0,0,,Mallorca,La Liga,Spain,0,0,0,,,,,,,,,,,,,,,0,mallorca,0,1,0,0,0,0,,,,,0,0,,,1200000.0,2020-04-08,1500000.0,1500000.0,2019-12-20,1500000.0,700000.0,2019-06-29,700000.0,1200000.0,historical_valuation,1,13.997832948091215,1500000.0,700000.0,-300000.0,500000.0,-0.1999999999999999,0.7142857142857142,1500000.0,0.8,134.0,0.0480324074074074,0.109090909090909,Mallorca,0.0526315789473684,0.868421052631579,-0.6578947368421053,Mallorca,1.0,,,same_team_copy_old,La Liga,0.0526315789473684,0.868421052631579,-0.6578947368421053,0,0.0,0.0,0.0,dani rodriguez,mallorca,STABLE_BIG5_REVIEW,0.5684210526315789
Kenan Karaman,tr TUR,Düsseldorf,Bundesliga,2019-2020,2020-2021,"FW,MF",FW,25.0,False,16.0,1354.0,6.0,1.0,6.0,0.0,0.0,0.3988183161004431,0.0664697193500738,0.465288035450517,0.0,0,2019,2020,19141,kenan karaman,dusseldorf,119557.0,exact_normalized_unique,A,2020-08-21,2020-08-20,duckdb_big5_first_game,no_summer_event,0,0,,Düsseldorf,Bundesliga,Germany,0,0,0,,,,,,,,,,,,,,,0,dusseldorf,0,1,0,0,0,0,,,,,0,0,,,3500000.0,2020-07-08,3500000.0,2500000.0,2019-12-17,2500000.0,2500000.0,2019-06-05,2500000.0,3500000.0,historical_valuation,1,15.068273812173889,2500000.0,2500000.0,1000000.0,1000000.0,0.3999999999999999,0.3999999999999999,3500000.0,1.0,43.0,0.2418981481481481,0.3181818181818182,Fortuna Dusseldorf,0.0588235294117647,0.8823529411764706,-0.9117647058823528,Fortuna Dusseldorf,1.0,,,same_team_copy_old,Bundesliga,0.0588235294117647,0.8823529411764706,-0.9117647058823528,0,0.0,0.0,0.0,kenan karaman,dusseldorf,STABLE_BIG5_REVIEW,0.5675837320574162
Martin Hongla,CMR,Hellas Verona,Serie A,2023-2024,2024-2025,MF,MF,25.0,False,18.0,1646.0,0.0,0.0,0.0,0.0,0.0,0.0,0.0,0.0,0.0,0,2023,2024,22997,martin hongla,hellas verona,398808.0,exact_normalized_unique,A,2024-08-15,2024-08-14,duckdb_big5_first_game,no_summer_event,0,0,,Hellas Verona,Serie A,Italy,0,0,0,,,,,,,,,,,,,,,0,hellas verona,0,1,0,0,0,0,,,,,0,0,,,2500000.0,2024-06-07,5000000.0,2800000.0,2023-12-20,5000000.0,3000000.0,2023-06-13,5000000.0,2500000.0,historical_valuation,1,14.731801689838347,2800000.0,3000000.0,-300000.0,-500000.0,-0.1071428571428571,-0.1666666666666666,5000000.0,0.5,68.0,0.132830626450116,0.3125,Verona,0.368421052631579,1.0,-0.3421052631578947,Verona,1.0,,,same_team_copy_old,Serie A,0.368421052631579,1.0,-0.3421052631578947,0,0.0,0.0,0.0,martin hongla,hellas verona,STABLE_BIG5_REVIEW,0.5672248803827751
Onel Hernández,cu CUB,Norwich City,Premier League,2019-2020,2020-2021,"FW,MF",FW,26.0,False,14.0,1384.0,1.0,2.0,1.0,0.0,0.0,0.065028901734104,0.130057803468208,0.1950867052023121,0.0,0,2019,2020,19349,onel hernandez,norwich city,109751.0,exact_normalized_unique,A,2020-08-21,2020-08-20,duckdb_big5_first_game,no_summer_event,0,0,,Norwich City,Premier League,England,0,0,0,,,,,,,,,,,,,,,0,norwich city,0,1,0,0,0,0,,,,,0,0,,,3200000.0,2020-04-08,4000000.0,4000000.0,2019-12-10,4000000.0,4000000.0,2019-06-28,4000000.0,3200000.0,historical_valuation,1,14.978661680269909,4000000.0,4000000.0,-800000.0,-800000.0,-0.1999999999999999,-0.1999999999999999,4000000.0,0.8,134.0,0.214699074074074,0.2909090909090909,Norwich,0.0,0.5526315789473685,-1.2894736842105263,Norwich,1.0,,,same_team_copy_old,Premier League,0.0,0.5526315789473685,-1.2894736842105263,0,0.0,0.0,0.0,onel hernandez,norwich city,STABLE_BIG5_REVIEW,0.5657894736842105
Sylvain Marveaux,fr FRA,Lorient,Ligue 1,2016-2017,2017-2018,"MF,FW",FW,30.0,False,24.0,1907.0,5.0,7.0,5.0,0.0,0.0,0.2359727320398531,0.3303618248557944,0.5663345568956476,0.0,0,2016,2017,16678,sylvain marveaux,lorient,39909.0,exact_normalized_unique,A,2017-08-04,2017-08-03,duckdb_big5_first_game,no_summer_event,0,0,,Lorient,Ligue 1,France,0,0,0,,,,,,,,,,,,,,,0,lorient,0,1,0,0,0,0,,,,,0,0,,,2000000.0,2017-06-01,9000000.0,1500000.0,2017-01-16,9000000.0,1500000.0,2016-02-09,9000000.0,2000000.0,historical_valuation,1,14.508658238524095,1500000.0,1500000.0,500000.0,500000.0,0.3333333333333332,0.3333333333333332,9000000.0,0.2222222222222222,63.0,0.1966173361522198,0.2857142857142857,Lorient,0.1052631578947368,0.9473684210526316,-0.6842105263157895,Lorient,1.0,,,same_team_copy_old,Ligue 1,0.1052631578947368,0.9473684210526316,-0.6842105263157895,0,0.0,0.0,0.0,sylvain marveaux,lorient,STABLE_BIG5_REVIEW,0.5655502392344498
Adrian Stoian,ro ROU,Crotone,Serie A,2017-2018,2018-2019,"MF,FW",FW,26.0,False,26.0,2133.0,2.0,4.0,2.0,0.0,0.0,0.0843881856540084,0.1687763713080169,0.2531645569620253,0.0,0,2017,2018,16787,adrian stoian,crotone,96853.0,exact_normalized_unique,A,2018-08-10,2018-08-09,duckdb_big5_first_game,no_summer_event,0,0,,Crotone,Serie A,Italy,0,0,0,,,,,,,,,,,,,,,0,crotone,0,1,0,0,0,0,,,,,0,0,,,1800000.0,2018-06-07,2000000.0,2000000.0,2017-12-29,2000000.0,1000000.0,2017-06-08,1600000.0,1800000.0,historical_valuation,1,14.403297778421797,2000000.0,1000000.0,-200000.0,800000.0,-0.0999999999999999,0.8,2000000.0,0.9,63.0,0.129690949227373,0.24,Crotone,0.1052631578947368,0.9210526315789472,-0.6842105263157895,Crotone,1.0,,,same_team_copy_old,Serie A,0.1052631578947368,0.9210526315789472,-0.6842105263157895,0,0.0,0.0,0.0,adrian stoian,crotone,STABLE_BIG5_REVIEW,0.5643540669856459
Óscar Melendo,es ESP,Espanyol,La Liga,2019-2020,2020-2021,"MF,FW",FW,21.0,False,12.0,1115.0,0.0,0.0,0.0,0.0,0.0,0.0,0.0,0.0,0.0,0,2019,2020,19352,oscar melendo,espanyol,448344.0,exact_normalized_unique,A,2020-08-21,2020-08-20,duckdb_big5_first_game,no_summer_event,0,0,,Espanyol,La Liga,Spain,0,0,0,,,,,,,,,,,,,,,0,espanyol,0,1,0,0,0,0,,,,,0,0,,,6000000.0,2020-04-08,10000000.0,7500000.0,2019-12-20,10000000.0,10000000.0,2019-06-11,10000000.0,6000000.0,historical_valuation,1,15.607270193858982,7500000.0,10000000.0,-1500000.0,-4000000.0,-0.1999999999999999,-0.4,10000000.0,0.6,134.0,0.3616898148148148,0.5454545454545454,Espanol,0.0,0.6578947368421053,-0.8157894736842105,Espanol,1.0,,,same_team_copy_old,La Liga,0.0,0.6578947368421053,-0.8157894736842105,0,0.0,0.0,0.0,oscar melendo,espanyol,STABLE_BIG5_REVIEW,0.5632775119617224
Manuel Prietl,at AUT,Arminia,Bundesliga,2021-2022,2022-2023,MF,MF,29.0,False,23.0,2123.0,0.0,1.0,0.0,0.0,0.0,0.0,0.0423928403203014,0.0423928403203014,0.0,0,2021,2022,21101,manuel prietl,arminia,152317.0,exact_normalized_unique,A,2022-08-05,2022-08-04,duckdb_big5_first_game,no_summer_event,0,0,,Arminia,Bundesliga,Germany,0,0,0,,,,,,,,,,,,,,,0,arminia,0,1,0,0,0,0,,,,,0,0,,,1800000.0,2022-06-09,1800000.0,1800000.0,2021-12-22,1800000.0,1800000.0,2021-06-09,1800000.0,1800000.0,historical_valuation,1,14.403297778421797,1800000.0,1800000.0,0.0,0.0,0.0,0.0,1800000.0,1.0,56.0,0.0803468208092485,0.2117647058823529,Bielefeld,0.0588235294117647,0.8235294117647058,-0.7647058823529411,Bielefeld,1.0,,,same_team_copy_old,Bundesliga,0.0588235294117647,0.8235294117647058,-0.7647058823529411,0,0.0,0.0,0.0,manuel prietl,arminia,STABLE_BIG5_REVIEW,0.5624401913875599
Gauthier Hein,fr FRA,Auxerre,Ligue 1,2022-2023,2023-2024,"MF,FW",FW,25.0,False,23.0,1874.0,2.0,0.0,2.0,0.0,0.0,0.096051227321238,0.0,0.096051227321238,0.0,0,2022,2023,21800,gauthier hein,auxerre,344892.0,exact_normalized_unique,A,2023-08-11,2023-08-10,duckdb_big5_first_game,no_summer_event,0,0,,Auxerre,Ligue 1,France,0,0,0,,,,,,,,,,,,,,,0,auxerre,0,1,0,0,0,0,,,,,0,0,,,2000000.0,2023-06-27,3000000.0,2500000.0,2022-11-02,3000000.0,3000000.0,2022-06-02,3000000.0,2000000.0,historical_valuation,1,14.508658238524095,2500000.0,3000000.0,-500000.0,-1000000.0,-0.1999999999999999,-0.3333333333333333,3000000.0,0.6666666666666666,44.0,0.1126279863481228,0.1818181818181818,Auxerre,0.1578947368421053,0.9210526315789472,-0.7368421052631579,Auxerre,1.0,,,same_team_copy_old,Ligue 1,0.1578947368421053,0.9210526315789472,-0.7368421052631579,0,0.0,0.0,0.0,gauthier hein,auxerre,STABLE_BIG5_REVIEW,0.562200956937799
Nemanja Radoja,rs SRB,Celta Vigo,La Liga,2017-2018,2018-2019,MF,MF,24.0,False,11.0,1105.0,0.0,1.0,0.0,0.0,0.0,0.0,0.0814479638009049,0.0814479638009049,0.0,0,2017,2018,17453,nemanja radoja,celta vigo,168959.0,exact_normalized_unique,A,2018-08-10,2018-08-09,duckdb_big5_first_game,no_summer_event,0,0,,Celta Vigo,La Liga,Spain,0,0,0,,,,,,,,,,,,,,,0,celta vigo,0,1,0,0,0,0,,,,,0,0,,,6000000.0,2018-05-30,8000000.0,5000000.0,2018-01-01,8000000.0,8000000.0,2017-06-05,8000000.0,6000000.0,historical_valuation,1,15.607270193858982,5000000.0,8000000.0,1000000.0,-2000000.0,0.1999999999999999,-0.25,8000000.0,0.75,71.0,0.4690949227373068,1.0,Celta,0.4210526315789473,1.2894736842105263,-0.0263157894736842,Celta,1.0,,,same_team_copy_old,La Liga,0.4210526315789473,1.2894736842105263,-0.0263157894736842,0,0.0,0.0,0.0,nemanja radoja,celta vigo,STABLE_BIG5_REVIEW,0.5608851674641148
Rafael Borré,COL,Werder Bremen,Bundesliga,2023-2024,2024-2025,FW,FW,27.0,False,11.0,991.0,4.0,0.0,4.0,0.0,0.0,0.3632694248234107,0.0,0.3632694248234107,0.0,0,2023,2024,23165,rafael borre,werder bremen,323831.0,exact_normalized_unique,A,2024-08-15,2024-08-14,duckdb_big5_first_game,no_summer_event,0,0,,Werder Bremen,Bundesliga,Germany,0,0,0,,,,,,,,,,,,,,,0,werder bremen,0,1,0,0,0,0,,,,,0,0,,,8000000.0,2024-06-17,20000000.0,8000000.0,2023-12-14,20000000.0,9000000.0,2023-06-22,20000000.0,8000000.0,historical_valuation,1,15.894952224644102,8000000.0,9000000.0,0.0,-1000000.0,0.0,-0.1111111111111111,20000000.0,0.4,58.0,0.4443155452436195,0.6666666666666666,Werder Bremen,0.5294117647058824,1.2352941176470589,-0.1764705882352941,Werder Bremen,1.0,,,same_team_copy_old,Bundesliga,0.5294117647058824,1.2352941176470589,-0.1764705882352941,0,0.0,0.0,0.0,rafael borre,werder bremen,STABLE_BIG5_REVIEW,0.5592105263157895
Xavier Chavalerin,fr FRA,Troyes,Ligue 1,2022-2023,2023-2024,MF,MF,31.0,False,25.0,2426.0,4.0,2.0,4.0,0.0,0.0,0.1483924154987634,0.0741962077493817,0.2225886232481451,0.0,0,2022,2023,22410,xavier chavalerin,troyes,118278.0,exact_normalized_unique,A,2023-08-11,2023-08-10,duckdb_big5_first_game,no_summer_event,0,0,,Troyes,Ligue 1,France,0,0,0,,,,,,,,,,,,,,,0,troyes,0,1,0,0,0,0,,,,,0,0,,,1500000.0,2023-06-27,5000000.0,1800000.0,2022-11-02,5000000.0,3500000.0,2022-05-30,5000000.0,1500000.0,historical_valuation,1,14.220976332738882,1800000.0,3500000.0,-300000.0,-2000000.0,-0.1666666666666666,-0.5714285714285714,5000000.0,0.3,44.0,0.0699658703071672,0.1875,Troyes,0.0526315789473684,0.631578947368421,-0.9473684210526316,Troyes,1.0,,,same_team_copy_old,Ligue 1,0.0526315789473684,0.631578947368421,-0.9473684210526316,0,0.0,0.0,0.0,xavier chavalerin,troyes,STABLE_BIG5_REVIEW,0.5588516746411483
Roque Mesa,es ESP,Valladolid,La Liga,2022-2023,2023-2024,MF,MF,33.0,False,20.0,1617.0,2.0,1.0,2.0,0.0,0.0,0.111317254174397,0.0556586270871985,0.1669758812615955,0.0,0,2022,2023,22276,roque mesa,valladolid,202984.0,exact_normalized_unique,A,2023-08-11,2023-08-10,duckdb_big5_first_game,no_summer_event,0,0,,Valladolid,La Liga,Spain,0,0,0,,,,,,,,,,,,,,,0,valladolid,0,1,0,0,0,0,,,,,0,0,,,2500000.0,2023-06-13,12000000.0,2500000.0,2022-11-07,12000000.0,2500000.0,2022-06-29,12000000.0,2500000.0,historical_valuation,1,14.731801689838347,2500000.0,2500000.0,0.0,0.0,0.0,0.0,12000000.0,0.2083333333333333,58.0,0.1575654152445961,0.3125,Valladolid,0.1052631578947368,1.0526315789473684,-0.7894736842105263,Valladolid,1.0,,,same_team_copy_old,La Liga,0.1052631578947368,1.0526315789473684,-0.7894736842105263,0,0.0,0.0,0.0,roque mesa,valladolid,STABLE_BIG5_REVIEW,0.5578947368421052
David McGoldrick,ie IRL,Sheffield Utd,Premier League,2020-2021,2021-2022,"FW,MF",FW,32.0,False,28.0,2397.0,8.0,1.0,8.0,0.0,0.0,0.3003754693366708,0.0375469336670838,0.3379224030037547,0.0,0,2020,2021,19789,david mcgoldrick,sheffield utd,35416.0,exact_normalized_unique,A,2021-08-06,2021-08-05,duckdb_big5_first_game,no_summer_event,0,0,,Sheffield Utd,Premier League,England,0,0,0,,,,,,,,,,,,,,,0,sheffield utd,0,1,0,0,0,0,,,,,0,0,,,1500000.0,2021-06-08,2000000.0,2000000.0,2020-10-13,2000000.0,2000000.0,2020-07-30,2000000.0,1500000.0,historical_valuation,1,14.220976332738882,2000000.0,2000000.0,-500000.0,-500000.0,-0.25,-0.25,2000000.0,0.75,58.0,0.0748074807480748,0.15,Sheffield United,0.0,0.6052631578947368,-1.131578947368421,Sheffield United,1.0,,,same_team_copy_old,Premier League,0.0,0.6052631578947368,-1.131578947368421,0,0.0,0.0,0.0,david mcgoldrick,sheffield utd,STABLE_BIG5_REVIEW,0.5574162679425838
Wilfried Kanga,ci CIV,Hertha BSC,Bundesliga,2022-2023,2023-2024,FW,FW,24.0,False,15.0,1417.0,2.0,0.0,2.0,0.0,0.0,0.1270289343683839,0.0,0.1270289343683839,0.0,0,2022,2023,22403,wilfried kanga,hertha bsc,395523.0,exact_normalized_unique,A,2023-08-11,2023-08-10,duckdb_big5_first_game,no_summer_event,0,0,,Hertha BSC,Bundesliga,Germany,0,0,0,,,,,,,,,,,,,,,0,hertha bsc,0,1,0,0,0,0,,,,,0,0,,,3000000.0,2023-06-22,4000000.0,4000000.0,2022-11-09,4000000.0,2200000.0,2022-06-08,2200000.0,3000000.0,historical_valuation,1,14.914123179965662,4000000.0,2200000.0,-1000000.0,800000.0,-0.25,0.3636363636363635,4000000.0,0.75,49.0,0.2042093287827076,0.2727272727272727,Hertha,0.0,0.8529411764705882,-0.7941176470588235,Hertha,1.0,,,same_team_copy_old,Bundesliga,0.0,0.8529411764705882,-0.7941176470588235,0,0.0,0.0,0.0,wilfried kanga,hertha bsc,STABLE_BIG5_REVIEW,0.5563397129186602
Víctor Sánchez,es ESP,Espanyol,La Liga,2019-2020,2020-2021,MF,MF,31.0,False,20.0,1688.0,0.0,1.0,0.0,0.0,0.0,0.0,0.0533175355450237,0.0533175355450237,0.0,0,2019,2020,19553,victor sanchez,espanyol,63290.0,exact_name_age_resolved,B,2020-08-21,2020-08-20,duckdb_big5_first_game,no_summer_event,0,0,,Espanyol,La Liga,Spain,0,0,0,,,,,,,,,,,,,,,0,espanyol,0,1,0,0,0,0,,,,,0,0,,,2400000.0,2020-04-08,4000000.0,3000000.0,2019-12-20,4000000.0,3000000.0,2019-06-11,4000000.0,2400000.0,historical_valuation,1,14.690979711984754,3000000.0,3000000.0,-600000.0,-600000.0,-0.1999999999999999,-0.1999999999999999,4000000.0,0.6,134.0,0.146412037037037,0.32,Espanol,0.0,0.6578947368421053,-0.8157894736842105,Espanol,1.0,,,same_team_copy_old,La Liga,0.0,0.6578947368421053,-0.8157894736842105,0,0.0,0.0,0.0,victor sanchez,espanyol,STABLE_BIG5_REVIEW,0.55622009569378
Enner Valencia,ec ECU,Everton,Premier League,2016-2017,2017-2018,"FW,MF",FW,26.0,False,8.0,927.0,3.0,1.0,3.0,0.0,0.0,0.2912621359223301,0.0970873786407766,0.3883495145631067,0.0,0,2016,2017,16044,enner valencia,everton,139503.0,exact_normalized_unique,A,2017-08-04,2017-08-03,duckdb_big5_first_game,no_confirmed_pre_cutoff_event,0,0,,Everton,Premier League,England,0,0,1,,,,,,,,,,,,,,,0,everton,0,1,0,0,0,0,,,,,0,0,,,10000000.0,2017-06-28,11000000.0,10000000.0,2016-08-01,11000000.0,10000000.0,2016-08-01,11000000.0,10000000.0,historical_valuation,1,16.118095750958314,10000000.0,10000000.0,0.0,0.0,0.0,0.0,11000000.0,0.9090909090909092,36.0,0.7056025369978859,1.4285714285714286,Everton,0.6842105263157895,1.605263157894737,0.4736842105263157,Everton,1.0,,,same_team_copy_old,Premier League,0.6842105263157895,1.605263157894737,0.4736842105263157,0,0.0,0.0,0.0,enner valencia,everton,STABLE_BIG5_REVIEW,0.5561004784688994
Simone Missiroli,it ITA,SPAL,Serie A,2019-2020,2020-2021,MF,MF,33.0,False,31.0,2798.0,1.0,0.0,1.0,0.0,0.0,0.0321658327376697,0.0,0.0321658327376697,0.0,0,2019,2020,19489,simone missiroli,spal,35747.0,exact_normalized_unique,A,2020-08-21,2020-08-20,duckdb_big5_first_game,no_summer_event,0,0,,SPAL,Serie A,Italy,0,0,0,,,,,,,,,,,,,,,0,spal,0,1,0,0,0,0,,,,,0,0,,,1200000.0,2020-04-08,6000000.0,1500000.0,2019-12-12,6000000.0,2000000.0,2019-06-06,6000000.0,1200000.0,historical_valuation,1,13.997832948091215,1500000.0,2000000.0,-300000.0,-800000.0,-0.1999999999999999,-0.4,6000000.0,0.2,134.0,0.0480324074074074,0.16,Spal,0.0,0.5263157894736842,-1.3157894736842106,Spal,1.0,,,same_team_copy_old,Serie A,0.0,0.5263157894736842,-1.3157894736842106,0,0.0,0.0,0.0,simone missiroli,spal,STABLE_BIG5_REVIEW,0.5550239234449761
Marvelous Nakamba,ZIM,Luton Town,Premier League,2023-2024,2024-2025,MF,MF,29.0,False,13.0,1130.0,0.0,0.0,0.0,0.0,0.0,0.0,0.0,0.0,0.0,0,2023,2024,23002,marvelous nakamba,luton town,324882.0,exact_normalized_unique,A,2024-08-15,2024-08-14,duckdb_big5_first_game,no_summer_event,0,0,,Luton Town,Premier League,England,0,0,0,,,,,,,,,,,,,,,0,luton town,0,1,0,0,0,0,,,,,0,0,,,5000000.0,2024-05-27,10000000.0,5000000.0,2023-12-19,10000000.0,4000000.0,2023-06-01,10000000.0,5000000.0,historical_valuation,1,15.424948670398354,5000000.0,4000000.0,0.0,1000000.0,0.0,0.25,10000000.0,0.5,79.0,0.3074245939675174,0.625,Luton,0.1052631578947368,0.6842105263157895,-0.868421052631579,Luton,1.0,,,same_team_copy_old,Premier League,0.1052631578947368,0.6842105263157895,-0.868421052631579,0,0.0,0.0,0.0,marvelous nakamba,luton town,STABLE_BIG5_REVIEW,0.5528708133971292
Pablo Hernández,cl CHI,Celta Vigo,La Liga,2017-2018,2018-2019,MF,MF,30.0,False,18.0,1819.0,3.0,2.0,3.0,0.0,0.0,0.148433205057724,0.0989554700384826,0.2473886750962067,0.0,0,2017,2018,17486,pablo hernandez,celta vigo,46220.0,exact_name_age_resolved,B,2018-08-10,2018-08-09,duckdb_big5_first_game,no_summer_event,0,0,,Celta Vigo,La Liga,Spain,0,0,0,,,,,,,,,,,,,,,0,celta vigo,0,1,0,0,0,0,,,,,0,0,,,2000000.0,2018-02-27,16000000.0,2500000.0,2017-09-18,16000000.0,2500000.0,2017-02-27,16000000.0,2000000.0,historical_valuation,1,14.508658238524095,2500000.0,2500000.0,-500000.0,-500000.0,-0.1999999999999999,-0.1999999999999999,16000000.0,0.125,163.0,0.1600441501103753,0.3333333333333333,Celta,0.4210526315789473,1.2894736842105263,-0.0263157894736842,Celta,1.0,,,same_team_copy_old,La Liga,0.4210526315789473,1.2894736842105263,-0.0263157894736842,0,0.0,0.0,0.0,pablo hernandez,celta vigo,STABLE_BIG5_REVIEW,0.5519138755980861
James McClean,ie IRL,West Brom,Premier League,2017-2018,2018-2019,"MF,FW",FW,28.0,False,14.0,1406.0,1.0,0.0,1.0,0.0,0.0,0.0640113798008534,0.0,0.0640113798008534,0.0,0,2017,2018,17157,james mcclean,west brom,85935.0,exact_normalized_unique,A,2018-08-10,2018-08-09,duckdb_big5_first_game,no_summer_event,0,0,,West Brom,Premier League,England,0,0,0,,,,,,,,,,,,,,,0,west brom,0,1,0,0,0,0,,,,,0,0,,,3000000.0,2018-05-28,6000000.0,3000000.0,2018-01-02,6000000.0,3000000.0,2017-06-28,6000000.0,3000000.0,historical_valuation,1,14.914123179965662,3000000.0,3000000.0,0.0,0.0,0.0,0.0,6000000.0,0.5,73.0,0.2621412803532009,0.4,West Brom,0.0,0.8157894736842105,-0.6578947368421053,West Brom,1.0,,,same_team_copy_old,Premier League,0.0,0.8157894736842105,-0.6578947368421053,0,0.0,0.0,0.0,james mcclean,west brom,STABLE_BIG5_REVIEW,0.5513157894736842
Marc Muniesa,es ESP,Girona,La Liga,2018-2019,2019-2020,"DF,MF",MF,26.0,False,15.0,1406.0,0.0,0.0,0.0,0.0,0.0,0.0,0.0,0.0,0.0,0,2018,2019,18295,marc muniesa,girona,74228.0,exact_normalized_unique,A,2019-08-09,2019-08-08,duckdb_big5_first_game,no_summer_event,0,0,,Girona,La Liga,Spain,0,0,0,,,,,,,,,,,,,,,0,girona,0,1,0,0,0,0,,,,,0,0,,,3000000.0,2019-06-11,5000000.0,5000000.0,2018-12-21,5000000.0,5000000.0,2018-07-12,5000000.0,3000000.0,historical_valuation,1,14.914123179965662,5000000.0,5000000.0,-2000000.0,-2000000.0,-0.4,-0.4,5000000.0,0.6,58.0,0.1937086092715231,0.375,Girona,0.1052631578947368,0.9736842105263158,-0.4210526315789473,Girona,1.0,,,same_team_copy_old,La Liga,0.1052631578947368,0.9736842105263158,-0.4210526315789473,0,0.0,0.0,0.0,marc muniesa,girona,STABLE_BIG5_REVIEW,0.5513157894736842
Riccardo Improta,it ITA,Benevento,Serie A,2020-2021,2021-2022,"DF,MF",MF,26.0,False,23.0,2335.0,1.0,0.0,1.0,0.0,0.0,0.038543897216274,0.0,0.038543897216274,0.0,0,2020,2021,20358,riccardo improta,benevento,163489.0,exact_normalized_unique,A,2021-08-06,2021-08-05,duckdb_big5_first_game,no_summer_event,0,0,,Benevento,Serie A,Italy,0,0,0,,,,,,,,,,,,,,,0,benevento,0,1,0,0,0,0,,,,,0,0,,,1500000.0,2021-06-03,1500000.0,1500000.0,2020-12-29,1500000.0,725000.0,2020-04-08,1500000.0,1500000.0,historical_valuation,1,14.220976332738882,1500000.0,725000.0,0.0,775000.0,0.0,1.0689655172413794,1500000.0,1.0,63.0,0.0748074807480748,0.1875,Benevento,0.1052631578947368,0.868421052631579,-0.9210526315789472,Benevento,1.0,,,same_team_copy_old,Serie A,0.1052631578947368,0.868421052631579,-0.9210526315789472,0,0.0,0.0,0.0,riccardo improta,benevento,STABLE_BIG5_REVIEW,0.5497607655502392
Julien Cétout,fr FRA,Nancy,Ligue 1,2016-2017,2017-2018,"MF,DF",MF,28.0,False,27.0,2332.0,1.0,2.0,1.0,0.0,0.0,0.0385934819897084,0.0771869639794168,0.1157804459691252,0.0,0,2016,2017,16269,julien cetout,nancy,77348.0,exact_normalized_unique,A,2017-08-04,2017-08-03,duckdb_big5_first_game,no_summer_event,0,0,,Nancy,Ligue 1,France,0,0,0,,,,,,,,,,,,,,,0,nancy,0,1,0,0,0,0,,,,,0,0,,,1500000.0,2017-06-01,1500000.0,1500000.0,2017-01-16,1500000.0,1250000.0,2016-07-13,1250000.0,1500000.0,historical_valuation,1,14.220976332738882,1500000.0,1250000.0,0.0,250000.0,0.0,0.1999999999999999,1500000.0,1.0,63.0,0.1289640591966173,0.375,Nancy,0.0526315789473684,0.9210526315789472,-0.6052631578947368,Nancy,1.0,,,same_team_copy_old,Ligue 1,0.0526315789473684,0.9210526315789472,-0.6052631578947368,0,0.0,0.0,0.0,julien cetout,nancy,STABLE_BIG5_REVIEW,0.5492822966507177
Renaud Cohade,fr FRA,Metz,Ligue 1,2017-2018,2018-2019,MF,MF,32.0,False,38.0,3298.0,1.0,3.0,1.0,0.0,0.0,0.0272892662219527,0.0818677986658581,0.1091570648878108,0.0,0,2017,2018,17537,renaud cohade,metz,18955.0,exact_normalized_unique,A,2018-08-10,2018-08-09,duckdb_big5_first_game,no_summer_event,0,0,,Metz,Ligue 1,France,0,0,0,,,,,,,,,,,,,,,0,metz,0,1,0,0,0,0,,,,,0,0,,,1000000.0,2018-06-04,4000000.0,1000000.0,2018-01-24,4000000.0,1000000.0,2017-06-01,4000000.0,1000000.0,historical_valuation,1,13.815511557963774,1000000.0,1000000.0,0.0,0.0,0.0,0.0,4000000.0,0.25,66.0,0.053532008830022,0.1666666666666666,Metz,0.0,0.6842105263157895,-1.105263157894737,Metz,1.0,,,same_team_copy_old,Ligue 1,0.0,0.6842105263157895,-1.105263157894737,0,0.0,0.0,0.0,renaud cohade,metz,STABLE_BIG5_REVIEW,0.5489234449760766
Tana,es ESP,Las Palmas,La Liga,2017-2018,2018-2019,"MF,FW",FW,26.0,False,16.0,1552.0,1.0,1.0,1.0,0.0,0.0,0.0579896907216494,0.0579896907216494,0.1159793814432989,0.0,0,2017,2018,17646,tana,las palmas,223068.0,exact_normalized_unique,A,2018-08-10,2018-08-09,duckdb_big5_first_game,no_summer_event,0,0,,Las Palmas,La Liga,Spain,0,0,0,,,,,,,,,,,,,,,0,las palmas,0,1,0,0,0,0,,,,,0,0,,,2500000.0,2018-05-30,3500000.0,3000000.0,2018-01-01,3500000.0,3500000.0,2017-06-05,3500000.0,2500000.0,historical_valuation,1,14.731801689838347,3000000.0,3500000.0,-500000.0,-1000000.0,-0.1666666666666666,-0.2857142857142857,3500000.0,0.7142857142857143,71.0,0.2146799116997792,0.3333333333333333,Las Palmas,0.0526315789473684,0.5789473684210527,-1.3157894736842106,Las Palmas,1.0,,,same_team_copy_old,La Liga,0.0526315789473684,0.5789473684210527,-1.3157894736842106,0,0.0,0.0,0.0,tana,las palmas,STABLE_BIG5_REVIEW,0.5452153110047847
Óscar Trejo,ar ARG,Rayo Vallecano,La Liga,2018-2019,2019-2020,"MF,FW",FW,30.0,False,22.0,1764.0,1.0,4.0,0.0,1.0,1.0,0.0510204081632653,0.2040816326530612,0.2551020408163265,0.0,0,2018,2019,18431,oscar trejo,rayo vallecano,30321.0,exact_normalized_unique,A,2019-08-09,2019-08-08,duckdb_big5_first_game,no_summer_event,0,0,,Rayo Vallecano,La Liga,Spain,0,0,0,,,,,,,,,,,,,,,0,rayo vallecano,0,1,0,0,0,0,,,,,0,0,,,2000000.0,2019-06-11,4000000.0,2500000.0,2018-12-21,4000000.0,2000000.0,2018-05-30,4000000.0,2000000.0,historical_valuation,1,14.508658238524095,2500000.0,2000000.0,-500000.0,0.0,-0.1999999999999999,0.0,4000000.0,0.5,58.0,0.1092715231788079,0.2,Vallecano,0.0,0.8421052631578947,-0.7631578947368421,Vallecano,1.0,,,same_team_copy_old,La Liga,0.0,0.8421052631578947,-0.7631578947368421,0,0.0,0.0,0.0,oscar trejo,rayo vallecano,STABLE_BIG5_REVIEW,0.5444976076555024
Habib Maïga,ci CIV,Metz,Ligue 1,2021-2022,2022-2023,MF,MF,25.0,False,16.0,1267.0,2.0,0.0,2.0,0.0,0.0,0.1420678768745067,0.0,0.1420678768745067,0.0,0,2021,2022,20868,habib maiga,metz,293944.0,exact_normalized_unique,A,2022-08-05,2022-08-04,duckdb_big5_first_game,no_summer_event,0,0,,Metz,Ligue 1,France,0,0,0,,,,,,,,,,,,,,,0,metz,0,1,0,0,0,0,,,,,0,0,,,3500000.0,2022-05-30,5500000.0,4500000.0,2021-12-16,5500000.0,5500000.0,2021-06-04,5500000.0,3500000.0,historical_valuation,1,15.068273812173889,4500000.0,5500000.0,-1000000.0,-2000000.0,-0.2222222222222222,-0.3636363636363636,5500000.0,0.6363636363636364,66.0,0.2473988439306358,0.4117647058823529,Metz,0.0526315789473684,0.8157894736842105,-0.8947368421052632,Metz,1.0,,,same_team_copy_old,Ligue 1,0.0526315789473684,0.8157894736842105,-0.8947368421052632,0,0.0,0.0,0.0,habib maiga,metz,STABLE_BIG5_REVIEW,0.5438995215311004
Timothy Tillman,de GER,Greuther Fürth,Bundesliga,2021-2022,2022-2023,MF,MF,22.0,False,23.0,2004.0,1.0,2.0,1.0,0.0,0.0,0.0449101796407185,0.0898203592814371,0.1347305389221557,0.0,0,2021,2022,21426,timothy tillman,greuther furth,310662.0,exact_normalized_unique,A,2022-08-05,2022-08-04,duckdb_big5_first_game,no_summer_event,0,0,,Greuther Fürth,Bundesliga,Germany,0,0,0,,,,,,,,,,,,,,,0,greuther furth,0,1,0,0,0,0,,,,,0,0,,,1800000.0,2022-06-09,1800000.0,900000.0,2021-12-22,900000.0,500000.0,2021-06-16,500000.0,1800000.0,historical_valuation,1,14.403297778421797,900000.0,500000.0,900000.0,1300000.0,1.0,2.6,1800000.0,1.0,56.0,0.0803468208092485,0.2117647058823529,Greuther Furth,0.0,0.5294117647058824,-1.588235294117647,Greuther Furth,1.0,,,same_team_copy_old,Bundesliga,0.0,0.5294117647058824,-1.588235294117647,0,0.0,0.0,0.0,timothy tillman,greuther furth,STABLE_BIG5_REVIEW,0.5437799043062201
Gōtoku Sakai,jp JPN,Hamburger SV,Bundesliga,2017-2018,2018-2019,"DF,MF",MF,26.0,False,26.0,2289.0,0.0,0.0,0.0,0.0,0.0,0.0,0.0,0.0,0.0,0,2017,2018,17108,gotoku sakai,hamburger sv,103310.0,exact_normalized_unique,A,2018-08-10,2018-08-09,duckdb_big5_first_game,no_summer_event,0,0,,Hamburger SV,Bundesliga,Germany,0,0,0,,,,,,,,,,,,,,,0,hamburger sv,0,1,0,0,0,0,,,,,0,0,,,1500000.0,2018-06-05,4000000.0,3000000.0,2017-12-28,4000000.0,3000000.0,2017-06-19,4000000.0,1500000.0,historical_valuation,1,14.220976332738882,3000000.0,3000000.0,-1500000.0,-1500000.0,-0.5,-0.5,4000000.0,0.375,65.0,0.1015452538631346,0.25,Hamburg,0.0588235294117647,0.9117647058823528,-0.7058823529411765,Hamburg,1.0,,,same_team_copy_old,Bundesliga,0.0588235294117647,0.9117647058823528,-0.7058823529411765,0,0.0,0.0,0.0,gotoku sakai,hamburger sv,STABLE_BIG5_REVIEW,0.5435406698564593
Luciano Vietto,ar ARG,Fulham,Premier League,2018-2019,2019-2020,"FW,MF",FW,24.0,False,10.0,986.0,1.0,4.0,1.0,0.0,0.0,0.0912778904665314,0.3651115618661257,0.4563894523326572,0.0,0,2018,2019,18275,luciano vietto,fulham,214316.0,exact_normalized_unique,A,2019-08-09,2019-08-08,duckdb_big5_first_game,no_confirmed_pre_cutoff_event,0,0,,Fulham,Premier League,England,0,0,1,,,,,,,,,,,,,,,0,fulham,0,1,0,0,0,0,,,,,0,0,,,7000000.0,2019-06-13,20000000.0,6000000.0,2018-12-19,20000000.0,6000000.0,2018-05-30,20000000.0,7000000.0,historical_valuation,1,15.76142084987672,6000000.0,6000000.0,1000000.0,1000000.0,0.1666666666666667,0.1666666666666667,20000000.0,0.35,56.0,0.4094922737306843,0.7,Fulham,0.0526315789473684,0.6842105263157895,-1.236842105263158,Fulham,1.0,,,same_team_copy_old,Premier League,0.0526315789473684,0.6842105263157895,-1.236842105263158,0,0.0,0.0,0.0,luciano vietto,fulham,STABLE_BIG5_REVIEW,0.5434210526315789
Ryan Mason,eng ENG,Hull City,Premier League,2016-2017,2017-2018,MF,MF,25.0,False,11.0,927.0,1.0,1.0,1.0,0.0,0.0,0.0970873786407766,0.0970873786407766,0.1941747572815533,0.0,0,2016,2017,16609,ryan mason,hull city,61834.0,exact_normalized_unique,A,2017-08-04,2017-08-03,duckdb_big5_first_game,no_summer_event,0,0,,Hull City,Premier League,England,0,0,0,,,,,,,,,,,,,,,0,hull city,0,1,0,0,0,0,,,,,0,0,,,8500000.0,2017-06-28,8500000.0,8500000.0,2016-10-24,8500000.0,7500000.0,2016-08-01,7500000.0,8500000.0,historical_valuation,1,15.955576839107596,8500000.0,7500000.0,0.0,1000000.0,0.0,0.1333333333333333,8500000.0,1.0,36.0,0.6580338266384778,2.125,Hull,0.1052631578947368,0.8947368421052632,-1.131578947368421,Hull,1.0,,,same_team_copy_old,Premier League,0.1052631578947368,0.8947368421052632,-1.131578947368421,0,0.0,0.0,0.0,ryan mason,hull city,STABLE_BIG5_REVIEW,0.5421052631578946
Billy Jones,eng ENG,Sunderland,Premier League,2016-2017,2017-2018,"DF,MF",MF,29.0,False,25.0,2270.0,1.0,0.0,1.0,0.0,0.0,0.039647577092511,0.0,0.039647577092511,0.0,0,2016,2017,15906,billy jones,sunderland,36866.0,exact_normalized_unique,A,2017-08-04,2017-08-03,duckdb_big5_first_game,no_summer_event,0,0,,Sunderland,Premier League,England,0,0,0,,,,,,,,,,,,,,,0,sunderland,0,1,0,0,0,0,,,,,0,0,,,1500000.0,2017-06-28,2500000.0,1500000.0,2016-08-01,2500000.0,1500000.0,2016-08-01,2500000.0,1500000.0,historical_valuation,1,14.220976332738882,1500000.0,1500000.0,0.0,0.0,0.0,0.0,2500000.0,0.6,36.0,0.1289640591966173,0.375,Sunderland,0.0,0.631578947368421,-1.0526315789473684,Sunderland,1.0,,,same_team_copy_old,Premier League,0.0,0.631578947368421,-1.0526315789473684,0,0.0,0.0,0.0,billy jones,sunderland,STABLE_BIG5_REVIEW,0.5406698564593302
Geoff Cameron,us USA,Stoke City,Premier League,2017-2018,2018-2019,"DF,MF",MF,32.0,False,17.0,1525.0,0.0,0.0,0.0,0.0,0.0,0.0,0.0,0.0,0.0,0,2017,2018,17079,geoff cameron,stoke city,31642.0,exact_normalized_unique,A,2018-08-10,2018-08-09,duckdb_big5_first_game,no_summer_event,0,0,,Stoke City,Premier League,England,0,0,0,,,,,,,,,,,,,,,0,stoke city,0,1,0,0,0,0,,,,,0,0,,,2500000.0,2018-05-28,5000000.0,3000000.0,2018-01-02,5000000.0,3000000.0,2017-06-28,5000000.0,2500000.0,historical_valuation,1,14.731801689838347,3000000.0,3000000.0,-500000.0,-500000.0,-0.1666666666666666,-0.1666666666666666,5000000.0,0.5,73.0,0.2146799116997792,0.4166666666666667,Stoke,0.0526315789473684,0.868421052631579,-0.868421052631579,Stoke,1.0,,,same_team_copy_old,Premier League,0.0526315789473684,0.868421052631579,-0.868421052631579,0,0.0,0.0,0.0,geoff cameron,stoke city,STABLE_BIG5_REVIEW,0.5397129186602871
Vicente Gómez,es ESP,Las Palmas,La Liga,2017-2018,2018-2019,MF,MF,28.0,False,17.0,1525.0,0.0,0.0,0.0,0.0,0.0,0.0,0.0,0.0,0.0,0,2017,2018,17681,vicente gomez,las palmas,153236.0,exact_normalized_unique,A,2018-08-10,2018-08-09,duckdb_big5_first_game,no_summer_event,0,0,,Las Palmas,La Liga,Spain,0,0,0,,,,,,,,,,,,,,,0,las palmas,0,1,0,0,0,0,,,,,0,0,,,2500000.0,2018-05-30,3500000.0,3000000.0,2018-01-01,3500000.0,3500000.0,2017-06-05,3500000.0,2500000.0,historical_valuation,1,14.731801689838347,3000000.0,3500000.0,-500000.0,-1000000.0,-0.1666666666666666,-0.2857142857142857,3500000.0,0.7142857142857143,71.0,0.2146799116997792,0.4166666666666667,Las Palmas,0.0526315789473684,0.5789473684210527,-1.3157894736842106,Las Palmas,1.0,,,same_team_copy_old,La Liga,0.0526315789473684,0.5789473684210527,-1.3157894736842106,0,0.0,0.0,0.0,vicente gomez,las palmas,STABLE_BIG5_REVIEW,0.5397129186602871
Luca Koleosho,ITA,Burnley,Premier League,2023-2024,2024-2025,"MF,FW",FW,18.0,False,13.0,974.0,1.0,1.0,1.0,0.0,0.0,0.0924024640657084,0.0924024640657084,0.1848049281314168,0.0,0,2023,2024,22949,luca koleosho,burnley,745461.0,exact_normalized_unique,A,2024-08-15,2024-08-14,duckdb_big5_first_game,no_summer_event,0,0,,Burnley,Premier League,England,0,0,0,,,,,,,,,,,,,,,0,burnley,0,1,0,0,0,0,,,,,0,0,,,7000000.0,2024-05-27,7000000.0,7000000.0,2023-12-19,7000000.0,1000000.0,2023-06-30,1000000.0,7000000.0,historical_valuation,1,15.76142084987672,7000000.0,1000000.0,0.0,6000000.0,0.0,6.0,7000000.0,1.0,79.0,0.3967517401392111,0.5833333333333334,Burnley,0.0526315789473684,0.631578947368421,-0.9736842105263158,Burnley,1.0,,,same_team_copy_old,Premier League,0.0526315789473684,0.631578947368421,-0.9736842105263158,0,0.0,0.0,0.0,luca koleosho,burnley,STABLE_BIG5_REVIEW,0.5391148325358851
Romano Schmid,at AUT,Werder Bremen,Bundesliga,2020-2021,2021-2022,"MF,FW",FW,20.0,False,13.0,1177.0,0.0,3.0,0.0,0.0,0.0,0.0,0.2293967714528462,0.2293967714528462,0.0,0,2020,2021,20391,romano schmid,werder bremen,346853.0,exact_normalized_unique,A,2021-08-06,2021-08-05,duckdb_big5_first_game,no_summer_event,0,0,,Werder Bremen,Bundesliga,Germany,0,0,0,,,,,,,,,,,,,,,0,werder bremen,0,1,0,0,0,0,,,,,0,0,,,4000000.0,2021-06-09,5000000.0,2000000.0,2020-07-22,2000000.0,2000000.0,2020-07-22,2000000.0,4000000.0,historical_valuation,1,15.201805169084134,2000000.0,2000000.0,2000000.0,2000000.0,1.0,1.0,5000000.0,0.8,57.0,0.2788778877887788,0.4,Werder Bremen,0.0588235294117647,0.9117647058823528,-0.6176470588235294,Werder Bremen,1.0,,,same_team_copy_old,Bundesliga,0.0588235294117647,0.9117647058823528,-0.6176470588235294,0,0.0,0.0,0.0,romano schmid,werder bremen,STABLE_BIG5_REVIEW,0.5383971291866029
Matías Vargas,ar ARG,Espanyol,La Liga,2019-2020,2020-2021,"FW,MF",FW,22.0,False,10.0,1024.0,0.0,3.0,0.0,0.0,0.0,0.0,0.263671875,0.263671875,0.0,0,2019,2020,19259,matias vargas,espanyol,376211.0,exact_normalized_unique,A,2020-08-21,2020-08-20,duckdb_big5_first_game,no_summer_event,0,0,,Espanyol,La Liga,Spain,0,0,0,,,,,,,,,,,,,,,0,espanyol,0,1,0,0,0,0,,,,,0,0,,,6000000.0,2020-07-23,11000000.0,11000000.0,2019-12-20,11000000.0,11000000.0,2018-12-18,11000000.0,6000000.0,historical_valuation,1,15.607270193858982,11000000.0,11000000.0,-5000000.0,-5000000.0,-0.4545454545454546,-0.4545454545454546,11000000.0,0.5454545454545454,28.0,0.3616898148148148,0.5454545454545454,Espanol,0.0,0.6578947368421053,-0.8157894736842105,Espanol,1.0,,,same_team_copy_old,La Liga,0.0,0.6578947368421053,-0.8157894736842105,0,0.0,0.0,0.0,matias vargas,espanyol,STABLE_BIG5_REVIEW,0.5369617224880382
Karim Azamoum,fr FRA,Troyes,Ligue 1,2017-2018,2018-2019,MF,MF,27.0,False,26.0,2251.0,1.0,0.0,1.0,0.0,0.0,0.0399822301199466,0.0,0.0399822301199466,0.0,0,2017,2018,17246,karim azamoum,troyes,275361.0,exact_normalized_unique,A,2018-08-10,2018-08-09,duckdb_big5_first_game,no_summer_event,0,0,,Troyes,Ligue 1,France,0,0,0,,,,,,,,,,,,,,,0,troyes,0,1,0,0,0,0,,,,,0,0,,,1500000.0,2018-06-04,1500000.0,1500000.0,2018-01-24,1500000.0,800000.0,2017-06-15,800000.0,1500000.0,historical_valuation,1,14.220976332738882,1500000.0,800000.0,0.0,700000.0,0.0,0.875,1500000.0,1.0,66.0,0.1015452538631346,0.25,Troyes,0.0526315789473684,0.868421052631579,-0.7105263157894737,Troyes,1.0,,,same_team_copy_old,Ligue 1,0.0526315789473684,0.868421052631579,-0.7105263157894737,0,0.0,0.0,0.0,karim azamoum,troyes,STABLE_BIG5_REVIEW,0.5363636363636364
Fabian Nürnberger,BUL,Darmstadt 98,Bundesliga,2023-2024,2024-2025,"DF,MF",MF,24.0,False,17.0,1513.0,1.0,1.0,1.0,0.0,0.0,0.0594844679444811,0.0594844679444811,0.1189689358889623,0.0,0,2023,2024,22689,fabian nurnberger,darmstadt 98,349433.0,exact_normalized_unique,A,2024-08-15,2024-08-14,duckdb_big5_first_game,no_summer_event,0,0,,Darmstadt 98,Bundesliga,Germany,0,0,0,,,,,,,,,,,,,,,0,darmstadt 98,0,1,0,0,0,0,,,,,0,0,,,2500000.0,2024-05-29,2500000.0,2500000.0,2023-12-14,2500000.0,1200000.0,2023-06-28,2000000.0,2500000.0,historical_valuation,1,14.731801689838347,2500000.0,1200000.0,0.0,1300000.0,0.0,1.0833333333333337,2500000.0,1.0,77.0,0.132830626450116,0.3125,Darmstadt,0.0,0.5,-1.6470588235294117,Darmstadt,1.0,,,same_team_copy_old,Bundesliga,0.0,0.5,-1.6470588235294117,0,0.0,0.0,0.0,fabian nurnberger,darmstadt 98,STABLE_BIG5_REVIEW,0.535645933014354
Maciej Rybus,pl POL,Lyon,Ligue 1,2016-2017,2017-2018,"DF,MF",MF,26.0,False,14.0,1235.0,0.0,1.0,0.0,0.0,0.0,0.0,0.0728744939271255,0.0728744939271255,0.0,0,2016,2017,16357,maciej rybus,lyon,59597.0,exact_normalized_unique,A,2017-08-04,2017-08-03,duckdb_big5_first_game,no_confirmed_pre_cutoff_event,0,0,,Lyon,Ligue 1,France,0,0,1,,,,,,,,,,,,,,,0,lyon,0,1,0,0,0,0,,,,,0,0,,,3500000.0,2017-06-01,5000000.0,4000000.0,2017-01-16,5000000.0,5000000.0,2016-07-13,5000000.0,3500000.0,historical_valuation,1,15.068273812173889,4000000.0,5000000.0,-500000.0,-1500000.0,-0.125,-0.3,5000000.0,0.7,63.0,0.386892177589852,0.875,Lyon,0.8421052631578947,1.763157894736842,0.8421052631578947,Lyon,1.0,,,same_team_copy_old,Ligue 1,0.8421052631578947,1.763157894736842,0.8421052631578947,0,0.0,0.0,0.0,maciej rybus,lyon,STABLE_BIG5_REVIEW,0.5348086124401914
Milan Badelj,hr CRO,Genoa,Serie A,2021-2022,2022-2023,MF,MF,32.0,False,34.0,2844.0,1.0,0.0,1.0,0.0,0.0,0.0316455696202531,0.0,0.0316455696202531,0.0,0,2021,2022,21170,milan badelj,genoa,40633.0,exact_normalized_unique,A,2022-08-05,2022-08-04,duckdb_big5_first_game,no_summer_event,0,0,,Genoa,Serie A,Italy,0,0,0,,,,,,,,,,,,,,,0,genoa,0,1,0,0,0,0,,,,,0,0,,,1000000.0,2022-06-07,15000000.0,1500000.0,2021-12-28,15000000.0,2000000.0,2021-05-28,15000000.0,1000000.0,historical_valuation,1,13.815511557963774,1500000.0,2000000.0,-500000.0,-1000000.0,-0.3333333333333333,-0.5,15000000.0,0.0666666666666666,58.0,0.0329479768786127,0.1176470588235294,Genoa,0.0526315789473684,0.7368421052631579,-0.868421052631579,Genoa,1.0,,,same_team_copy_old,Serie A,0.0526315789473684,0.7368421052631579,-0.868421052631579,0,0.0,0.0,0.0,milan badelj,genoa,STABLE_BIG5_REVIEW,0.5345693779904307
Fallou Diagne,sn SEN,Metz,Ligue 1,2017-2018,2018-2019,"DF,MF",MF,27.0,False,26.0,2238.0,1.0,1.0,1.0,0.0,0.0,0.0402144772117962,0.0402144772117962,0.0804289544235924,0.0,0,2017,2018,17038,fallou diagne,metz,82389.0,exact_normalized_unique,A,2018-08-10,2018-08-09,duckdb_big5_first_game,no_confirmed_pre_cutoff_event,0,0,,Metz,Ligue 1,France,0,0,0,,,,,,,,,,,,,,,0,metz,0,1,0,0,0,0,,,,,0,0,,,1500000.0,2018-06-04,5000000.0,1500000.0,2018-01-24,5000000.0,1500000.0,2017-06-01,5000000.0,1500000.0,historical_valuation,1,14.220976332738882,1500000.0,1500000.0,0.0,0.0,0.0,0.0,5000000.0,0.3,66.0,0.1015452538631346,0.25,Metz,0.0,0.6842105263157895,-1.105263157894737,Metz,1.0,,,same_team_copy_old,Ligue 1,0.0,0.6842105263157895,-1.105263157894737,0,0.0,0.0,0.0,fallou diagne,metz,STABLE_BIG5_REVIEW,0.5330143540669856
Wesley Saïd,fr FRA,Toulouse,Ligue 1,2019-2020,2020-2021,"MF,FW",FW,24.0,False,14.0,1160.0,2.0,1.0,2.0,0.0,0.0,0.1551724137931034,0.0775862068965517,0.2327586206896551,0.0,0,2019,2020,19565,wesley said,toulouse,182916.0,exact_normalized_unique,A,2020-08-21,2020-08-20,duckdb_big5_first_game,no_summer_event,0,0,,Toulouse,Ligue 1,France,0,0,0,,,,,,,,,,,,,,,0,toulouse,0,1,0,0,0,0,,,,,0,0,,,4000000.0,2020-04-08,8000000.0,6500000.0,2019-12-19,8000000.0,6000000.0,2019-06-03,6000000.0,4000000.0,historical_valuation,1,15.201805169084134,6500000.0,6000000.0,-2500000.0,-2000000.0,-0.3846153846153846,-0.3333333333333333,8000000.0,0.5,134.0,0.2690972222222222,0.3636363636363636,Toulouse,0.0,0.4642857142857143,-1.2857142857142858,Toulouse,1.0,,,same_team_copy_old,Ligue 1,0.0,0.4642857142857143,-1.2857142857142858,0,0.0,0.0,0.0,wesley said,toulouse,STABLE_BIG5_REVIEW,0.5328947368421053
Edu Expósito,es ESP,Espanyol,La Liga,2022-2023,2023-2024,MF,MF,25.0,False,13.0,1160.0,2.0,2.0,2.0,0.0,0.0,0.1551724137931034,0.1551724137931034,0.3103448275862069,0.0,0,2022,2023,21724,edu exposito,espanyol,506248.0,exact_normalized_unique,A,2023-08-11,2023-08-10,duckdb_big5_first_game,no_summer_event,0,0,,Espanyol,La Liga,Spain,0,0,0,,,,,,,,,,,,,,,0,espanyol,0,1,0,0,0,0,,,,,0,0,,,4000000.0,2023-06-13,6000000.0,6000000.0,2022-11-07,6000000.0,4000000.0,2022-06-29,4000000.0,4000000.0,historical_valuation,1,15.201805169084134,6000000.0,4000000.0,-2000000.0,0.0,-0.3333333333333333,0.0,6000000.0,0.6666666666666666,58.0,0.2707622298065984,0.5,Espanol,0.0526315789473684,0.9736842105263158,-0.4473684210526316,Espanol,1.0,,,same_team_copy_old,La Liga,0.0526315789473684,0.9736842105263158,-0.4473684210526316,0,0.0,0.0,0.0,edu exposito,espanyol,STABLE_BIG5_REVIEW,0.5328947368421053
Claudio Beauvue,gp GLP,Caen,Ligue 1,2018-2019,2019-2020,"FW,MF",FW,30.0,False,16.0,1499.0,3.0,0.0,2.0,1.0,1.0,0.1801200800533689,0.0,0.1801200800533689,0.0,0,2018,2019,17890,claudio beauvue,caen,58818.0,exact_normalized_unique,A,2019-08-09,2019-08-08,duckdb_big5_first_game,no_summer_event,0,0,,Caen,Ligue 1,France,0,0,0,,,,,,,,,,,,,,,0,caen,0,1,0,0,0,0,,,,,0,0,,,2500000.0,2019-06-03,5000000.0,2500000.0,2018-12-17,5000000.0,2500000.0,2018-05-30,5000000.0,2500000.0,historical_valuation,1,14.731801689838347,2500000.0,2500000.0,0.0,0.0,0.0,0.0,5000000.0,0.5,66.0,0.1490066225165563,0.25,Caen,0.0526315789473684,0.868421052631579,-0.6578947368421053,Caen,1.0,,,same_team_copy_old,Ligue 1,0.0526315789473684,0.868421052631579,-0.6578947368421053,0,0.0,0.0,0.0,claudio beauvue,caen,STABLE_BIG5_REVIEW,0.5322966507177034
Arnold Mvuemba,cd COD,Lorient,Ligue 1,2016-2017,2017-2018,MF,MF,31.0,False,31.0,2776.0,1.0,1.0,1.0,0.0,0.0,0.0324207492795389,0.0324207492795389,0.0648414985590778,0.0,0,2016,2017,15885,arnold mvuemba,lorient,20622.0,exact_normalized_unique,A,2017-08-04,2017-08-03,duckdb_big5_first_game,no_summer_event,0,0,,Lorient,Ligue 1,France,0,0,0,,,,,,,,,,,,,,,0,lorient,0,1,0,0,0,0,,,,,0,0,,,1000000.0,2017-06-01,5000000.0,1000000.0,2017-01-16,5000000.0,1000000.0,2016-02-04,5000000.0,1000000.0,historical_valuation,1,13.815511557963774,1000000.0,1000000.0,0.0,0.0,0.0,0.0,5000000.0,0.2,63.0,0.0724101479915433,0.25,Lorient,0.1052631578947368,0.9473684210526316,-0.6842105263157895,Lorient,1.0,,,same_team_copy_old,Ligue 1,0.1052631578947368,0.9473684210526316,-0.6842105263157895,0,0.0,0.0,0.0,arnold mvuemba,lorient,STABLE_BIG5_REVIEW,0.5307416267942584
Antonio Candreva,ITA,Salernitana,Serie A,2023-2024,2024-2025,"MF,FW",FW,36.0,False,32.0,2750.0,6.0,6.0,5.0,1.0,1.0,0.1963636363636363,0.1963636363636363,0.3927272727272727,0.0,0,2023,2024,22515,antonio candreva,salernitana,25488.0,exact_normalized_unique,A,2024-08-15,2024-08-14,duckdb_big5_first_game,no_summer_event,0,0,,Salernitana,Serie A,Italy,0,0,0,,,,,,,,,,,,,,,0,salernitana,0,1,0,0,0,0,,,,,0,0,,,1000000.0,2024-06-05,27000000.0,1500000.0,2023-12-20,27000000.0,1500000.0,2023-06-15,27000000.0,1000000.0,historical_valuation,1,13.815511557963774,1500000.0,1500000.0,-500000.0,-500000.0,-0.3333333333333333,-0.3333333333333333,27000000.0,0.037037037037037,70.0,0.0319025522041763,0.0833333333333333,Salernitana,0.0,0.4473684210526316,-1.2894736842105263,Salernitana,1.0,,,same_team_copy_old,Serie A,0.0,0.4473684210526316,-1.2894736842105263,0,0.0,0.0,0.0,antonio candreva,salernitana,STABLE_BIG5_REVIEW,0.5302631578947369
Juraj Kucka,sk SVK,Watford,Premier League,2021-2022,2022-2023,MF,MF,34.0,False,22.0,1920.0,1.0,1.0,1.0,0.0,0.0,0.046875,0.046875,0.09375,0.0,0,2021,2022,21009,juraj kucka,watford,74943.0,exact_normalized_unique,A,2022-08-05,2022-08-04,duckdb_big5_first_game,no_summer_event,0,0,,Watford,Premier League,England,0,0,0,,,,,,,,,,,,,,,0,watford,0,1,0,0,0,0,,,,,0,0,,,1800000.0,2022-06-15,9000000.0,2000000.0,2021-12-23,9000000.0,3000000.0,2021-05-31,9000000.0,1800000.0,historical_valuation,1,14.403297778421797,2000000.0,3000000.0,-200000.0,-1200000.0,-0.0999999999999999,-0.4,9000000.0,0.2,50.0,0.0803468208092485,0.2117647058823529,Watford,0.0526315789473684,0.6052631578947368,-1.131578947368421,Watford,1.0,,,same_team_copy_old,Premier League,0.0526315789473684,0.6052631578947368,-1.131578947368421,0,0.0,0.0,0.0,juraj kucka,watford,STABLE_BIG5_REVIEW,0.5301435406698565
Marvin Mehlem,GER,Darmstadt 98,Bundesliga,2023-2024,2024-2025,MF,MF,25.0,False,19.0,1482.0,3.0,2.0,3.0,0.0,0.0,0.1821862348178137,0.1214574898785425,0.3036437246963563,0.0,0,2023,2024,23005,marvin mehlem,darmstadt 98,237226.0,exact_normalized_unique,A,2024-08-15,2024-08-14,duckdb_big5_first_game,no_summer_event,0,0,,Darmstadt 98,Bundesliga,Germany,0,0,0,,,,,,,,,,,,,,,0,darmstadt 98,0,1,0,0,0,0,,,,,0,0,,,2500000.0,2024-05-29,3000000.0,3000000.0,2023-12-14,3000000.0,1500000.0,2023-06-28,1500000.0,2500000.0,historical_valuation,1,14.731801689838347,3000000.0,1500000.0,-500000.0,1000000.0,-0.1666666666666666,0.6666666666666667,3000000.0,0.8333333333333334,77.0,0.132830626450116,0.3125,Darmstadt,0.0,0.5,-1.6470588235294117,Darmstadt,1.0,,,same_team_copy_old,Bundesliga,0.0,0.5,-1.6470588235294117,0,0.0,0.0,0.0,marvin mehlem,darmstadt 98,STABLE_BIG5_REVIEW,0.5294258373205741
Clément Vidal,fr FRA,Ajaccio,Ligue 1,2022-2023,2023-2024,"DF,MF",MF,22.0,False,21.0,1901.0,1.0,0.0,1.0,0.0,0.0,0.047343503419253,0.0,0.047343503419253,0.0,0,2022,2023,21652,clement vidal,ajaccio,569388.0,exact_normalized_unique,A,2023-08-11,2023-08-10,duckdb_big5_first_game,no_summer_event,0,0,,Ajaccio,Ligue 1,France,0,0,0,,,,,,,,,,,,,,,0,ajaccio,0,1,0,0,0,0,,,,,0,0,,,1800000.0,2023-06-27,2000000.0,1500000.0,2022-11-02,1500000.0,1500000.0,2022-06-02,1500000.0,1800000.0,historical_valuation,1,14.403297778421797,1500000.0,1500000.0,300000.0,300000.0,0.1999999999999999,0.1999999999999999,2000000.0,0.9,44.0,0.08646188850967,0.225,Ajaccio,0.1052631578947368,0.6842105263157895,-1.3421052631578947,Ajaccio,1.0,,,same_team_copy_old,Ligue 1,0.1052631578947368,0.6842105263157895,-1.3421052631578947,0,0.0,0.0,0.0,clement vidal,ajaccio,STABLE_BIG5_REVIEW,0.5267942583732057
François Bellugou,fr FRA,Troyes,Ligue 1,2017-2018,2018-2019,MF,MF,30.0,False,27.0,2177.0,0.0,0.0,0.0,0.0,0.0,0.0,0.0,0.0,0.0,0,2017,2018,17067,francois bellugou,troyes,75282.0,exact_normalized_unique,A,2018-08-10,2018-08-09,duckdb_big5_first_game,no_summer_event,0,0,,Troyes,Ligue 1,France,0,0,0,,,,,,,,,,,,,,,0,troyes,0,1,0,0,0,0,,,,,0,0,,,1500000.0,2018-06-04,1500000.0,1500000.0,2018-01-24,1500000.0,1500000.0,2017-06-01,1500000.0,1500000.0,historical_valuation,1,14.220976332738882,1500000.0,1500000.0,0.0,0.0,0.0,0.0,1500000.0,1.0,66.0,0.1015452538631346,0.25,Troyes,0.0526315789473684,0.868421052631579,-0.7105263157894737,Troyes,1.0,,,same_team_copy_old,Ligue 1,0.0526315789473684,0.868421052631579,-0.7105263157894737,0,0.0,0.0,0.0,francois bellugou,troyes,STABLE_BIG5_REVIEW,0.5263157894736843
Yohann Magnin,FRA,Clermont Foot,Ligue 1,2023-2024,2024-2025,MF,MF,26.0,False,17.0,1687.0,1.0,0.0,1.0,0.0,0.0,0.0533491404860699,0.0,0.0533491404860699,0.0,0,2023,2024,23341,yohann magnin,clermont foot,594997.0,exact_normalized_unique,A,2024-08-15,2024-08-14,duckdb_big5_first_game,no_summer_event,0,0,,Clermont Foot,Ligue 1,France,0,0,0,,,,,,,,,,,,,,,0,clermont foot,0,1,0,0,0,0,,,,,0,0,,,2000000.0,2024-06-03,2500000.0,2500000.0,2023-12-18,2500000.0,2500000.0,2023-06-27,2500000.0,2000000.0,historical_valuation,1,14.508658238524095,2500000.0,2500000.0,-500000.0,-500000.0,-0.1999999999999999,-0.1999999999999999,2500000.0,0.8,72.0,0.1015081206496519,0.25,Clermont,0.0,0.7352941176470589,-1.0,Clermont,1.0,,,same_team_copy_old,Ligue 1,0.0,0.7352941176470589,-1.0,0,0.0,0.0,0.0,yohann magnin,clermont foot,STABLE_BIG5_REVIEW,0.5263157894736842
Miloš Jojić,rs SRB,Köln,Bundesliga,2017-2018,2018-2019,MF,MF,25.0,False,17.0,1459.0,2.0,5.0,2.0,0.0,0.0,0.1233721727210418,0.3084304318026045,0.4318026045236463,0.0,0,2017,2018,17424,milos jojic,koln,160285.0,exact_normalized_unique,A,2018-08-10,2018-08-09,duckdb_big5_first_game,no_summer_event,0,0,,Köln,Bundesliga,Germany,0,0,0,,,,,,,,,,,,,,,0,koln,0,1,0,0,0,0,,,,,0,0,,,2500000.0,2018-06-05,4500000.0,2500000.0,2017-12-28,4500000.0,2500000.0,2017-06-19,4500000.0,2500000.0,historical_valuation,1,14.731801689838347,2500000.0,2500000.0,0.0,0.0,0.0,0.0,4500000.0,0.5555555555555556,65.0,0.2146799116997792,0.4166666666666667,FC Koln,0.0,0.6470588235294118,-1.0294117647058822,FC Koln,1.0,,,same_team_copy_old,Bundesliga,0.0,0.6470588235294118,-1.0294117647058822,0,0.0,0.0,0.0,milos jojic,koln,STABLE_BIG5_REVIEW,0.5239234449760766
Marco Höger,de GER,Köln,Bundesliga,2017-2018,2018-2019,MF,MF,27.0,False,20.0,1674.0,0.0,0.0,0.0,0.0,0.0,0.0,0.0,0.0,0.0,0,2017,2018,17349,marco hoger,koln,55510.0,exact_normalized_unique,A,2018-08-10,2018-08-09,duckdb_big5_first_game,no_summer_event,0,0,,Köln,Bundesliga,Germany,0,0,0,,,,,,,,,,,,,,,0,koln,0,1,0,0,0,0,,,,,0,0,,,2000000.0,2018-06-05,6000000.0,2500000.0,2017-12-28,6000000.0,4000000.0,2017-06-19,6000000.0,2000000.0,historical_valuation,1,14.508658238524095,2500000.0,4000000.0,-500000.0,-2000000.0,-0.1999999999999999,-0.5,6000000.0,0.3333333333333333,65.0,0.1600441501103753,0.3333333333333333,FC Koln,0.0,0.6470588235294118,-1.0294117647058822,FC Koln,1.0,,,same_team_copy_old,Bundesliga,0.0,0.6470588235294118,-1.0294117647058822,0,0.0,0.0,0.0,marco hoger,koln,STABLE_BIG5_REVIEW,0.5239234449760766
Fabián Orellana,cl CHI,Valladolid,La Liga,2020-2021,2021-2022,"MF,FW",FW,34.0,False,27.0,2138.0,6.0,2.0,2.0,4.0,4.0,0.2525724976613657,0.0841908325537885,0.3367633302151543,0.0,0,2020,2021,19846,fabian orellana,valladolid,60890.0,exact_normalized_unique,A,2021-08-06,2021-08-05,duckdb_big5_first_game,no_summer_event,0,0,,Valladolid,La Liga,Spain,0,0,0,,,,,,,,,,,,,,,0,valladolid,0,1,0,0,0,0,,,,,0,0,,,1500000.0,2021-06-10,6000000.0,1500000.0,2021-01-05,6000000.0,1600000.0,2020-04-08,6000000.0,1500000.0,historical_valuation,1,14.220976332738882,1500000.0,1600000.0,0.0,-100000.0,0.0,-0.0625,6000000.0,0.25,56.0,0.0748074807480748,0.15,Valladolid,0.0526315789473684,0.8157894736842105,-0.6052631578947368,Valladolid,1.0,,,same_team_copy_old,La Liga,0.0526315789473684,0.8157894736842105,-0.6052631578947368,0,0.0,0.0,0.0,fabian orellana,valladolid,STABLE_BIG5_REVIEW,0.5210526315789474
Rasmus Carstensen,DEN,Köln,Bundesliga,2023-2024,2024-2025,"DF,FW",FW,22.0,False,18.0,1659.0,0.0,0.0,0.0,0.0,0.0,0.0,0.0,0.0,0.0,0,2023,2024,23172,rasmus carstensen,koln,542697.0,exact_normalized_unique,A,2024-08-15,2024-08-14,duckdb_big5_first_game,no_summer_event,0,0,,Köln,Bundesliga,Germany,0,0,0,,,,,,,,,,,,,,,0,koln,0,1,0,0,0,0,,,,,0,0,,,2000000.0,2024-05-29,3000000.0,3000000.0,2023-12-14,3000000.0,1500000.0,2023-06-09,2200000.0,2000000.0,historical_valuation,1,14.508658238524095,3000000.0,1500000.0,-1000000.0,500000.0,-0.3333333333333333,0.3333333333333332,3000000.0,0.6666666666666666,77.0,0.1015081206496519,0.1666666666666666,FC Koln,0.0588235294117647,0.7941176470588235,-0.9411764705882352,FC Koln,1.0,,,same_team_copy_old,Bundesliga,0.0588235294117647,0.7941176470588235,-0.9411764705882352,0,0.0,0.0,0.0,rasmus carstensen,koln,STABLE_BIG5_REVIEW,0.5200956937799043
Hamza Sakhi,fr FRA,Auxerre,Ligue 1,2022-2023,2023-2024,MF,MF,26.0,False,18.0,1658.0,1.0,2.0,1.0,0.0,0.0,0.0542822677925211,0.1085645355850422,0.1628468033775633,0.0,0,2022,2023,21829,hamza sakhi,auxerre,263951.0,exact_normalized_unique,A,2023-08-11,2023-08-10,duckdb_big5_first_game,no_summer_event,0,0,,Auxerre,Ligue 1,France,0,0,0,,,,,,,,,,,,,,,0,auxerre,0,1,0,0,0,0,,,,,0,0,,,2000000.0,2023-06-27,2000000.0,2000000.0,2022-11-02,2000000.0,2000000.0,2022-06-02,2000000.0,2000000.0,historical_valuation,1,14.508658238524095,2000000.0,2000000.0,0.0,0.0,0.0,0.0,2000000.0,1.0,44.0,0.1126279863481228,0.25,Auxerre,0.1578947368421053,0.9210526315789472,-0.7368421052631579,Auxerre,1.0,,,same_team_copy_old,Ligue 1,0.1578947368421053,0.9210526315789472,-0.7368421052631579,0,0.0,0.0,0.0,hamza sakhi,auxerre,STABLE_BIG5_REVIEW,0.5196172248803828
Salvatore Molina,it ITA,Crotone,Serie A,2020-2021,2021-2022,"MF,DF",MF,28.0,False,28.0,2315.0,1.0,4.0,1.0,0.0,0.0,0.038876889848812,0.1555075593952483,0.1943844492440604,0.0,0,2020,2021,20411,salvatore molina,crotone,163582.0,exact_normalized_unique,A,2021-08-06,2021-08-05,duckdb_big5_first_game,no_summer_event,0,0,,Crotone,Serie A,Italy,0,0,0,,,,,,,,,,,,,,,0,crotone,0,1,0,0,0,0,,,,,0,0,,,1300000.0,2021-06-03,1400000.0,1300000.0,2020-12-29,1400000.0,650000.0,2020-04-08,1400000.0,1300000.0,historical_valuation,1,14.077875591662238,1300000.0,650000.0,0.0,650000.0,0.0,1.0,1400000.0,0.9285714285714286,63.0,0.0566556655665566,0.1625,Crotone,0.0526315789473684,0.6052631578947368,-1.236842105263158,Crotone,1.0,,,same_team_copy_old,Serie A,0.0526315789473684,0.6052631578947368,-1.236842105263158,0,0.0,0.0,0.0,salvatore molina,crotone,STABLE_BIG5_REVIEW,0.5184210526315789
Salva Sevilla,es ESP,Mallorca,La Liga,2019-2020,2020-2021,MF,MF,35.0,False,31.0,2568.0,5.0,3.0,3.0,2.0,3.0,0.175233644859813,0.1051401869158878,0.2803738317757009,0.0,0,2019,2020,19454,salva sevilla,mallorca,58799.0,exact_normalized_unique,A,2020-08-21,2020-08-20,duckdb_big5_first_game,no_summer_event,0,0,,Mallorca,La Liga,Spain,0,0,0,,,,,,,,,,,,,,,0,mallorca,0,1,0,0,0,0,,,,,0,0,,,1000000.0,2020-07-23,2000000.0,200000.0,2019-12-20,2000000.0,200000.0,2019-06-29,2000000.0,1000000.0,historical_valuation,1,13.815511557963774,200000.0,200000.0,800000.0,800000.0,4.0,4.0,2000000.0,0.5,28.0,0.0364583333333333,0.1333333333333333,Mallorca,0.0526315789473684,0.868421052631579,-0.6578947368421053,Mallorca,1.0,,,same_team_copy_old,La Liga,0.0526315789473684,0.868421052631579,-0.6578947368421053,0,0.0,0.0,0.0,salva sevilla,mallorca,STABLE_BIG5_REVIEW,0.5154306220095694
Francesco Zampano,it ITA,Frosinone,Serie A,2018-2019,2019-2020,"DF,MF",MF,24.0,False,24.0,2102.0,0.0,1.0,0.0,0.0,0.0,0.0,0.0428163653663178,0.0428163653663178,0.0,0,2018,2019,18016,francesco zampano,frosinone,216872.0,exact_normalized_unique,A,2019-08-09,2019-08-08,duckdb_big5_first_game,no_summer_event,0,0,,Frosinone,Serie A,Italy,0,0,0,,,,,,,,,,,,,,,0,frosinone,0,1,0,0,0,0,,,,,0,0,,,1500000.0,2019-06-06,2500000.0,1600000.0,2018-12-20,2500000.0,1800000.0,2018-06-07,2500000.0,1500000.0,historical_valuation,1,14.220976332738882,1600000.0,1800000.0,-100000.0,-300000.0,-0.0625,-0.1666666666666666,2500000.0,0.6,63.0,0.0700883002207505,0.1875,Frosinone,0.0526315789473684,0.6578947368421053,-1.0526315789473684,Frosinone,1.0,,,same_team_copy_old,Serie A,0.0526315789473684,0.6578947368421053,-1.0526315789473684,0,0.0,0.0,0.0,francesco zampano,frosinone,STABLE_BIG5_REVIEW,0.5153110047846889
Jemerson,br BRA,Monaco,Ligue 1,2019-2020,2020-2021,"DF,MF",MF,26.0,False,13.0,1056.0,0.0,0.0,0.0,0.0,0.0,0.0,0.0,0.0,0.0,0,2019,2020,19076,jemerson,monaco,258254.0,exact_normalized_unique,A,2020-08-21,2020-08-20,duckdb_big5_first_game,no_summer_event,0,0,,Monaco,Ligue 1,France,0,0,0,,,,,,,,,,,,,,,0,monaco,0,1,0,0,0,0,,,,,0,0,,,4800000.0,2020-04-08,18000000.0,6000000.0,2019-12-19,18000000.0,10000000.0,2019-06-03,18000000.0,4800000.0,historical_valuation,1,15.38412668421143,6000000.0,10000000.0,-1200000.0,-5200000.0,-0.1999999999999999,-0.52,18000000.0,0.2666666666666666,134.0,0.3020833333333333,0.64,Monaco,0.5789473684210527,1.4285714285714286,0.0,Monaco,1.0,,,same_team_copy_old,Ligue 1,0.5789473684210527,1.4285714285714286,0.0,0,0.0,0.0,0.0,jemerson,monaco,STABLE_BIG5_REVIEW,0.5139952153110048
Aaron Hunt,de GER,Hamburger SV,Bundesliga,2017-2018,2018-2019,"MF,FW",FW,30.0,False,26.0,2081.0,3.0,2.0,2.0,1.0,1.0,0.1297453147525228,0.0864968765016818,0.2162421912542047,0.0,0,2017,2018,16774,aaron hunt,hamburger sv,4687.0,exact_normalized_unique,A,2018-08-10,2018-08-09,duckdb_big5_first_game,no_summer_event,0,0,,Hamburger SV,Bundesliga,Germany,0,0,0,,,,,,,,,,,,,,,0,hamburger sv,0,1,0,0,0,0,,,,,0,0,,,1500000.0,2018-06-05,7000000.0,1500000.0,2017-12-28,7000000.0,1500000.0,2017-06-19,7000000.0,1500000.0,historical_valuation,1,14.220976332738882,1500000.0,1500000.0,0.0,0.0,0.0,0.0,7000000.0,0.2142857142857142,65.0,0.1015452538631346,0.2,Hamburg,0.0588235294117647,0.9117647058823528,-0.7058823529411765,Hamburg,1.0,,,same_team_copy_old,Bundesliga,0.0588235294117647,0.9117647058823528,-0.7058823529411765,0,0.0,0.0,0.0,aaron hunt,hamburger sv,STABLE_BIG5_REVIEW,0.5133971291866029
Alessio Cerci,it ITA,Hellas Verona,Serie A,2017-2018,2018-2019,FW,FW,30.0,False,22.0,1635.0,3.0,1.0,2.0,1.0,1.0,0.1651376146788991,0.055045871559633,0.2201834862385321,0.0,0,2017,2018,16801,alessio cerci,hellas verona,21748.0,exact_normalized_unique,A,2018-08-10,2018-08-09,duckdb_big5_first_game,no_summer_event,0,0,,Hellas Verona,Serie A,Italy,0,0,0,,,,,,,,,,,,,,,0,hellas verona,0,1,0,0,0,0,,,,,0,0,,,2000000.0,2018-06-07,18000000.0,3000000.0,2017-12-29,18000000.0,4000000.0,2017-06-05,18000000.0,2000000.0,historical_valuation,1,14.508658238524095,3000000.0,4000000.0,-1000000.0,-2000000.0,-0.3333333333333333,-0.5,18000000.0,0.1111111111111111,63.0,0.1600441501103753,0.2666666666666666,Verona,0.0526315789473684,0.6578947368421053,-1.263157894736842,Verona,1.0,,,same_team_copy_old,Serie A,0.0526315789473684,0.6578947368421053,-1.263157894736842,0,0.0,0.0,0.0,alessio cerci,hellas verona,STABLE_BIG5_REVIEW,0.5131578947368421
Andreas Bruus,dk DEN,Troyes,Ligue 1,2022-2023,2023-2024,"DF,FW",FW,23.0,False,18.0,1628.0,0.0,2.0,0.0,0.0,0.0,0.0,0.1105651105651105,0.1105651105651105,0.0,0,2022,2023,21551,andreas bruus,troyes,345748.0,exact_normalized_unique,A,2023-08-11,2023-08-10,duckdb_big5_first_game,no_summer_event,0,0,,Troyes,Ligue 1,France,0,0,0,,,,,,,,,,,,,,,0,troyes,0,1,0,0,0,0,,,,,0,0,,,2000000.0,2023-06-27,2000000.0,2000000.0,2022-11-02,2000000.0,2000000.0,2022-06-20,2000000.0,2000000.0,historical_valuation,1,14.508658238524095,2000000.0,2000000.0,0.0,0.0,0.0,0.0,2000000.0,1.0,44.0,0.1126279863481228,0.1818181818181818,Troyes,0.0526315789473684,0.631578947368421,-0.9473684210526316,Troyes,1.0,,,same_team_copy_old,Ligue 1,0.0526315789473684,0.631578947368421,-0.9473684210526316,0,0.0,0.0,0.0,andreas bruus,troyes,STABLE_BIG5_REVIEW,0.5119617224880383
Matthias Bader,GER,Darmstadt 98,Bundesliga,2023-2024,2024-2025,"DF,MF",MF,26.0,False,21.0,1802.0,1.0,2.0,1.0,0.0,0.0,0.0499445061043285,0.099889012208657,0.1498335183129855,0.0,0,2023,2024,23026,matthias bader,darmstadt 98,237162.0,exact_normalized_unique,A,2024-08-15,2024-08-14,duckdb_big5_first_game,no_summer_event,0,0,,Darmstadt 98,Bundesliga,Germany,0,0,0,,,,,,,,,,,,,,,0,darmstadt 98,0,1,0,0,0,0,,,,,0,0,,,1800000.0,2024-05-29,2500000.0,2500000.0,2023-12-14,2500000.0,2000000.0,2023-06-28,2000000.0,1800000.0,historical_valuation,1,14.403297778421797,2500000.0,2000000.0,-700000.0,-200000.0,-0.28,-0.0999999999999999,2500000.0,0.72,77.0,0.0788863109048723,0.225,Darmstadt,0.0,0.5,-1.6470588235294117,Darmstadt,1.0,,,same_team_copy_old,Bundesliga,0.0,0.5,-1.6470588235294117,0,0.0,0.0,0.0,matthias bader,darmstadt 98,STABLE_BIG5_REVIEW,0.511244019138756
David Ferreiro,es ESP,Huesca,La Liga,2020-2021,2021-2022,"MF,FW",FW,32.0,False,29.0,2527.0,2.0,4.0,2.0,0.0,0.0,0.0712307083498219,0.1424614166996438,0.2136921250494657,0.0,0,2020,2021,19788,david ferreiro,huesca,71918.0,exact_normalized_unique,A,2021-08-06,2021-08-05,duckdb_big5_first_game,no_summer_event,0,0,,Huesca,La Liga,Spain,0,0,0,,,,,,,,,,,,,,,0,huesca,0,1,0,0,0,0,,,,,0,0,,,1000000.0,2021-06-10,2000000.0,1000000.0,2021-01-05,2000000.0,1200000.0,2020-04-08,2000000.0,1000000.0,historical_valuation,1,13.815511557963774,1000000.0,1200000.0,0.0,-200000.0,0.0,-0.1666666666666666,2000000.0,0.5,56.0,0.0368536853685368,0.1,Huesca,0.1052631578947368,0.8947368421052632,-0.5,Huesca,1.0,,,same_team_copy_old,La Liga,0.1052631578947368,0.8947368421052632,-0.5,0,0.0,0.0,0.0,david ferreiro,huesca,STABLE_BIG5_REVIEW,0.5111244019138756
Max Christiansen,de GER,Greuther Fürth,Bundesliga,2021-2022,2022-2023,MF,MF,24.0,False,22.0,2054.0,0.0,0.0,0.0,0.0,0.0,0.0,0.0,0.0,0.0,0,2021,2022,21147,max christiansen,greuther furth,192300.0,exact_normalized_unique,A,2022-08-05,2022-08-04,duckdb_big5_first_game,no_summer_event,0,0,,Greuther Fürth,Bundesliga,Germany,0,0,0,,,,,,,,,,,,,,,0,greuther furth,0,1,0,0,0,0,,,,,0,0,,,1500000.0,2022-06-09,2500000.0,800000.0,2021-12-22,2500000.0,500000.0,2021-06-14,2500000.0,1500000.0,historical_valuation,1,14.220976332738882,800000.0,500000.0,700000.0,1000000.0,0.875,2.0,2500000.0,0.6,56.0,0.0595375722543352,0.1764705882352941,Greuther Furth,0.0,0.5294117647058824,-1.588235294117647,Greuther Furth,1.0,,,same_team_copy_old,Bundesliga,0.0,0.5294117647058824,-1.588235294117647,0,0.0,0.0,0.0,max christiansen,greuther furth,STABLE_BIG5_REVIEW,0.5086124401913875
Gastón Brugman,uy URU,Parma,Serie A,2020-2021,2021-2022,MF,MF,27.0,False,21.0,1616.0,1.0,1.0,1.0,0.0,0.0,0.0556930693069306,0.0556930693069306,0.1113861386138613,0.0,0,2020,2021,19886,gaston brugman,parma,131109.0,exact_normalized_unique,A,2021-08-06,2021-08-05,duckdb_big5_first_game,no_summer_event,0,0,,Parma,Serie A,Italy,0,0,0,,,,,,,,,,,,,,,0,parma,0,1,0,0,0,0,,,,,0,0,,,2000000.0,2021-06-03,2800000.0,2500000.0,2020-12-29,2800000.0,2000000.0,2020-04-08,2800000.0,2000000.0,historical_valuation,1,14.508658238524095,2500000.0,2000000.0,-500000.0,0.0,-0.1999999999999999,0.0,2800000.0,0.7142857142857143,63.0,0.1221122112211221,0.25,Parma,0.0,0.5263157894736842,-1.1578947368421053,Parma,1.0,,,same_team_copy_old,Serie A,0.0,0.5263157894736842,-1.1578947368421053,0,0.0,0.0,0.0,gaston brugman,parma,STABLE_BIG5_REVIEW,0.5074162679425838
Andy King,wls WAL,Swansea City,Premier League,2017-2018,2018-2019,MF,MF,28.0,False,14.0,1252.0,3.0,1.0,3.0,0.0,0.0,0.2156549520766773,0.0718849840255591,0.2875399361022364,0.0,0,2017,2018,16850,andy king,swansea city,56872.0,exact_normalized_unique,A,2018-08-10,2018-08-09,duckdb_big5_first_game,no_summer_event,0,0,,Swansea City,Premier League,England,0,0,0,,,,,,,,,,,,,,,0,swansea city,0,1,0,0,0,0,,,,,0,0,,,3000000.0,2018-05-28,3500000.0,3000000.0,2018-01-02,3500000.0,3000000.0,2017-06-28,3500000.0,3000000.0,historical_valuation,1,14.914123179965662,3000000.0,3000000.0,0.0,0.0,0.0,0.0,3500000.0,0.8571428571428571,73.0,0.2621412803532009,0.5,Swansea,0.1052631578947368,0.868421052631579,-0.7368421052631579,Swansea,1.0,,,same_team_copy_old,Premier League,0.1052631578947368,0.868421052631579,-0.7368421052631579,0,0.0,0.0,0.0,andy king,swansea city,STABLE_BIG5_REVIEW,0.506578947368421
Fernando Calero,es ESP,Espanyol,La Liga,2022-2023,2023-2024,"DF,MF",MF,26.0,False,20.0,1611.0,0.0,1.0,0.0,0.0,0.0,0.0,0.0558659217877094,0.0558659217877094,0.0,0,2022,2023,21769,fernando calero,espanyol,357884.0,exact_normalized_unique,A,2023-08-11,2023-08-10,duckdb_big5_first_game,no_summer_event,0,0,,Espanyol,La Liga,Spain,0,0,0,,,,,,,,,,,,,,,0,espanyol,0,1,0,0,0,0,,,,,0,0,,,2000000.0,2023-06-13,10000000.0,2000000.0,2022-11-07,10000000.0,1800000.0,2022-06-03,10000000.0,2000000.0,historical_valuation,1,14.508658238524095,2000000.0,1800000.0,0.0,200000.0,0.0,0.1111111111111111,10000000.0,0.2,58.0,0.1126279863481228,0.25,Espanol,0.0526315789473684,0.9736842105263158,-0.4473684210526316,Espanol,1.0,,,same_team_copy_old,La Liga,0.0526315789473684,0.9736842105263158,-0.4473684210526316,0,0.0,0.0,0.0,fernando calero,espanyol,STABLE_BIG5_REVIEW,0.5057416267942584
Marco Stiepermann,de GER,Norwich City,Premier League,2019-2020,2020-2021,MF,MF,28.0,False,14.0,1180.0,0.0,0.0,0.0,0.0,0.0,0.0,0.0,0.0,0.0,0,2019,2020,19230,marco stiepermann,norwich city,45760.0,exact_normalized_unique,A,2020-08-21,2020-08-20,duckdb_big5_first_game,no_summer_event,0,0,,Norwich City,Premier League,England,0,0,0,,,,,,,,,,,,,,,0,norwich city,0,1,0,0,0,0,,,,,0,0,,,3200000.0,2020-04-08,4000000.0,4000000.0,2019-12-10,4000000.0,3500000.0,2019-06-28,3500000.0,3200000.0,historical_valuation,1,14.978661680269909,4000000.0,3500000.0,-800000.0,-300000.0,-0.1999999999999999,-0.0857142857142857,4000000.0,0.8,134.0,0.214699074074074,0.4266666666666667,Norwich,0.0,0.5526315789473685,-1.2894736842105263,Norwich,1.0,,,same_team_copy_old,Premier League,0.0,0.5526315789473685,-1.2894736842105263,0,0.0,0.0,0.0,marco stiepermann,norwich city,STABLE_BIG5_REVIEW,0.5055023923444976
Benito Raman,be BEL,Schalke 04,Bundesliga,2020-2021,2021-2022,"FW,MF",FW,25.0,False,13.0,1246.0,2.0,0.0,2.0,0.0,0.0,0.1444622792937399,0.0,0.1444622792937399,0.0,0,2020,2021,19705,benito raman,schalke 04,112930.0,exact_normalized_unique,A,2021-08-06,2021-08-05,duckdb_big5_first_game,no_summer_event,0,0,,Schalke 04,Bundesliga,Germany,0,0,0,,,,,,,,,,,,,,,0,schalke 04,0,1,0,0,0,0,,,,,0,0,,,3000000.0,2021-06-09,12000000.0,6000000.0,2020-11-26,12000000.0,8000000.0,2020-04-08,12000000.0,3000000.0,historical_valuation,1,14.914123179965662,6000000.0,8000000.0,-3000000.0,-5000000.0,-0.5,-0.625,12000000.0,0.25,57.0,0.1996699669966996,0.3,Schalke 04,0.0,0.4705882352941176,-1.7941176470588236,Schalke 04,1.0,,,same_team_copy_old,Bundesliga,0.0,0.4705882352941176,-1.7941176470588236,0,0.0,0.0,0.0,benito raman,schalke 04,STABLE_BIG5_REVIEW,0.5046650717703349
Ben Osborn,eng ENG,Sheffield Utd,Premier League,2020-2021,2021-2022,"MF,DF",MF,25.0,False,17.0,1604.0,1.0,0.0,1.0,0.0,0.0,0.0561097256857855,0.0,0.0561097256857855,0.0,0,2020,2021,19703,ben osborn,sheffield utd,218087.0,exact_normalized_unique,A,2021-08-06,2021-08-05,duckdb_big5_first_game,no_summer_event,0,0,,Sheffield Utd,Premier League,England,0,0,0,,,,,,,,,,,,,,,0,sheffield utd,0,1,0,0,0,0,,,,,0,0,,,2000000.0,2021-06-08,3000000.0,2000000.0,2020-10-13,3000000.0,2000000.0,2020-04-08,3000000.0,2000000.0,historical_valuation,1,14.508658238524095,2000000.0,2000000.0,0.0,0.0,0.0,0.0,3000000.0,0.6666666666666666,58.0,0.1221122112211221,0.25,Sheffield United,0.0,0.6052631578947368,-1.131578947368421,Sheffield United,1.0,,,same_team_copy_old,Premier League,0.0,0.6052631578947368,-1.131578947368421,0,0.0,0.0,0.0,ben osborn,sheffield utd,STABLE_BIG5_REVIEW,0.5045454545454545
Federico Di Francesco,it ITA,SPAL,Serie A,2019-2020,2020-2021,FW,FW,25.0,False,13.0,1082.0,2.0,0.0,2.0,0.0,0.0,0.166358595194085,0.0,0.166358595194085,0.0,0,2019,2020,18938,federico di francesco,spal,38607.0,exact_normalized_unique,A,2020-08-21,2020-08-20,duckdb_big5_first_game,no_summer_event,0,0,,SPAL,Serie A,Italy,0,0,0,,,,,,,,,,,,,,,0,spal,0,1,0,0,0,0,,,,,0,0,,,4000000.0,2020-04-08,5000000.0,5000000.0,2019-12-12,5000000.0,4500000.0,2019-06-06,5000000.0,4000000.0,historical_valuation,1,15.201805169084134,5000000.0,4500000.0,-1000000.0,-500000.0,-0.1999999999999999,-0.1111111111111111,5000000.0,0.8,134.0,0.2690972222222222,0.3636363636363636,Spal,0.0,0.5263157894736842,-1.3157894736842106,Spal,1.0,,,same_team_copy_old,Serie A,0.0,0.5263157894736842,-1.3157894736842106,0,0.0,0.0,0.0,federico di francesco,spal,STABLE_BIG5_REVIEW,0.5039473684210527
Roberto Insigne,it ITA,Benevento,Serie A,2020-2021,2021-2022,"MF,FW",FW,26.0,False,17.0,1599.0,2.0,4.0,2.0,0.0,0.0,0.1125703564727955,0.225140712945591,0.3377110694183864,0.0,0,2020,2021,20372,roberto insigne,benevento,200174.0,exact_normalized_unique,A,2021-08-06,2021-08-05,duckdb_big5_first_game,no_summer_event,0,0,,Benevento,Serie A,Italy,0,0,0,,,,,,,,,,,,,,,0,benevento,0,1,0,0,0,0,,,,,0,0,,,2000000.0,2021-06-03,2500000.0,2500000.0,2020-12-29,2500000.0,1300000.0,2020-04-08,1600000.0,2000000.0,historical_valuation,1,14.508658238524095,2500000.0,1300000.0,-500000.0,700000.0,-0.1999999999999999,0.5384615384615385,2500000.0,0.8,63.0,0.1221122112211221,0.2,Benevento,0.1052631578947368,0.868421052631579,-0.9210526315789472,Benevento,1.0,,,same_team_copy_old,Serie A,0.1052631578947368,0.868421052631579,-0.9210526315789472,0,0.0,0.0,0.0,roberto insigne,benevento,STABLE_BIG5_REVIEW,0.5038277511961723
Gervinho,ci CIV,Parma,Serie A,2020-2021,2021-2022,FW,FW,33.0,False,25.0,2021.0,5.0,1.0,5.0,0.0,0.0,0.2226620484908461,0.0445324096981692,0.2671944581890153,0.0,0,2020,2021,19892,gervinho,parma,33481.0,exact_normalized_unique,A,2021-08-06,2021-08-05,duckdb_big5_first_game,no_summer_event,0,0,,Parma,Serie A,Italy,0,0,0,,,,,,,,,,,,,,,0,parma,0,1,0,0,0,0,,,,,0,0,,,1500000.0,2021-06-03,18500000.0,4000000.0,2020-12-29,18500000.0,5500000.0,2020-04-08,18500000.0,1500000.0,historical_valuation,1,14.220976332738882,4000000.0,5500000.0,-2500000.0,-4000000.0,-0.625,-0.7272727272727273,18500000.0,0.081081081081081,63.0,0.0748074807480748,0.15,Parma,0.0,0.5263157894736842,-1.1578947368421053,Parma,1.0,,,same_team_copy_old,Serie A,0.0,0.5263157894736842,-1.1578947368421053,0,0.0,0.0,0.0,gervinho,parma,STABLE_BIG5_REVIEW,0.5023923444976076
Nikolas Špalek,sk SVK,Brescia,Serie A,2019-2020,2020-2021,"MF,FW",FW,22.0,False,20.0,1579.0,2.0,1.0,2.0,0.0,0.0,0.1139962001266624,0.0569981000633312,0.1709943001899936,0.0,0,2019,2020,19335,nikolas spalek,brescia,243239.0,exact_normalized_unique,A,2020-08-21,2020-08-20,duckdb_big5_first_game,no_summer_event,0,0,,Brescia,Serie A,Italy,0,0,0,,,,,,,,,,,,,,,0,brescia,0,1,0,0,0,0,,,,,0,0,,,2000000.0,2020-04-08,2500000.0,2500000.0,2019-12-12,2500000.0,2500000.0,2019-06-05,2500000.0,2000000.0,historical_valuation,1,14.508658238524095,2500000.0,2500000.0,-500000.0,-500000.0,-0.1999999999999999,-0.1999999999999999,2500000.0,0.8,134.0,0.1140046296296296,0.1818181818181818,Brescia,0.0526315789473684,0.6578947368421053,-1.1578947368421053,Brescia,1.0,,,same_team_copy_old,Serie A,0.0526315789473684,0.6578947368421053,-1.1578947368421053,0,0.0,0.0,0.0,nikolas spalek,brescia,STABLE_BIG5_REVIEW,0.5021531100478469
Arkadiusz Milik,POL,Juventus,Serie A,2023-2024,2024-2025,FW,FW,29.0,False,7.0,919.0,4.0,1.0,4.0,0.0,0.0,0.3917301414581066,0.0979325353645266,0.4896626768226333,0.0,0,2023,2024,22519,arkadiusz milik,juventus,191891.0,exact_normalized_unique,A,2024-08-15,2024-08-14,duckdb_big5_first_game,no_summer_event,0,0,,Juventus,Serie A,Italy,0,0,0,,,,,,,,,,,,,,,0,juventus,0,1,0,0,0,0,,,,,0,0,,,6000000.0,2024-06-05,40000000.0,7000000.0,2023-12-20,40000000.0,8000000.0,2023-06-15,40000000.0,6000000.0,historical_valuation,1,15.607270193858982,7000000.0,8000000.0,-1000000.0,-2000000.0,-0.1428571428571429,-0.25,40000000.0,0.15,70.0,0.3544083526682134,0.5,Juventus,0.8947368421052632,1.868421052631579,0.6052631578947368,Juventus,1.0,,,same_team_copy_old,Serie A,0.8947368421052632,1.868421052631579,0.6052631578947368,0,0.0,0.0,0.0,arkadiusz milik,juventus,STABLE_BIG5_REVIEW,0.5015550239234449
Emmanuel Rivière,fr FRA,Metz,Ligue 1,2017-2018,2018-2019,FW,FW,27.0,False,23.0,2009.0,5.0,2.0,3.0,2.0,2.0,0.2239920358387257,0.0895968143354902,0.313588850174216,0.0,0,2017,2018,17015,emmanuel riviere,metz,61637.0,exact_normalized_unique,A,2018-08-10,2018-08-09,duckdb_big5_first_game,no_summer_event,0,0,,Metz,Ligue 1,France,0,0,0,,,,,,,,,,,,,,,0,metz,0,1,0,0,0,0,,,,,0,0,,,1500000.0,2018-06-04,6000000.0,1500000.0,2018-01-24,6000000.0,1500000.0,2017-06-05,6000000.0,1500000.0,historical_valuation,1,14.220976332738882,1500000.0,1500000.0,0.0,0.0,0.0,0.0,6000000.0,0.25,66.0,0.1015452538631346,0.2,Metz,0.0,0.6842105263157895,-1.105263157894737,Metz,1.0,,,same_team_copy_old,Ligue 1,0.0,0.6842105263157895,-1.105263157894737,0,0.0,0.0,0.0,emmanuel riviere,metz,STABLE_BIG5_REVIEW,0.5
Artem Kravets,ua UKR,Granada,La Liga,2016-2017,2017-2018,FW,FW,27.0,False,16.0,1376.0,5.0,2.0,5.0,0.0,0.0,0.3270348837209302,0.1308139534883721,0.4578488372093023,0.0,0,2016,2017,15886,artem kravets,granada,58405.0,exact_normalized_unique,A,2017-08-04,2017-08-03,duckdb_big5_first_game,no_summer_event,0,0,,Granada,La Liga,Spain,0,0,0,,,,,,,,,,,,,,,0,granada,0,1,0,0,0,0,,,,,0,0,,,2500000.0,2017-06-05,4000000.0,3000000.0,2017-01-24,4000000.0,2500000.0,2016-07-21,4000000.0,2500000.0,historical_valuation,1,14.731801689838347,3000000.0,2500000.0,-500000.0,0.0,-0.1666666666666666,0.0,4000000.0,0.625,59.0,0.2637420718816067,0.3571428571428571,Granada,0.0,0.5263157894736842,-1.368421052631579,Granada,1.0,,,same_team_copy_old,La Liga,0.0,0.5263157894736842,-1.368421052631579,0,0.0,0.0,0.0,artem kravets,granada,STABLE_BIG5_REVIEW,0.4995215311004785
Keita Baldé,sn SEN,Cagliari,Serie A,2021-2022,2022-2023,FW,FW,26.0,False,14.0,1229.0,3.0,1.0,3.0,0.0,0.0,0.2196908055329536,0.0732302685109845,0.2929210740439381,0.0,0,2021,2022,21019,keita balde,cagliari,238752.0,exact_normalized_unique,A,2022-08-05,2022-08-04,duckdb_big5_first_game,no_summer_event,0,0,,Cagliari,Serie A,Italy,0,0,0,,,,,,,,,,,,,,,0,cagliari,0,1,0,0,0,0,,,,,0,0,,,3000000.0,2022-06-07,30000000.0,7000000.0,2021-12-28,30000000.0,8000000.0,2021-06-03,30000000.0,3000000.0,historical_valuation,1,14.914123179965662,7000000.0,8000000.0,-4000000.0,-5000000.0,-0.5714285714285714,-0.625,30000000.0,0.1,58.0,0.2086705202312138,0.2608695652173913,Cagliari,0.1052631578947368,0.7894736842105263,-0.8947368421052632,Cagliari,1.0,,,same_team_copy_old,Serie A,0.1052631578947368,0.7894736842105263,-0.8947368421052632,0,0.0,0.0,0.0,keita balde,cagliari,STABLE_BIG5_REVIEW,0.49916267942583736
Goran Čaušić,rs SRB,Osasuna,La Liga,2016-2017,2017-2018,MF,MF,24.0,False,22.0,2008.0,1.0,2.0,1.0,0.0,0.0,0.0448207171314741,0.0896414342629482,0.1344621513944223,0.0,0,2016,2017,16130,goran causic,osasuna,94304.0,exact_normalized_unique,A,2017-08-04,2017-08-03,duckdb_big5_first_game,no_summer_event,0,0,,Osasuna,La Liga,Spain,0,0,0,,,,,,,,,,,,,,,0,osasuna,0,1,0,0,0,0,,,,,0,0,,,1500000.0,2017-06-05,3000000.0,2000000.0,2017-01-24,3000000.0,2000000.0,2016-07-15,3000000.0,1500000.0,historical_valuation,1,14.220976332738882,2000000.0,2000000.0,-500000.0,-500000.0,-0.25,-0.25,3000000.0,0.5,59.0,0.1289640591966173,0.375,Osasuna,0.0526315789473684,0.5789473684210527,-1.4210526315789471,Osasuna,1.0,,,same_team_copy_old,La Liga,0.0526315789473684,0.5789473684210527,-1.4210526315789471,0,0.0,0.0,0.0,goran causic,osasuna,STABLE_BIG5_REVIEW,0.4990430622009569
Romain Philippoteaux,fr FRA,Lorient,Ligue 1,2016-2017,2017-2018,MF,MF,28.0,False,18.0,1557.0,2.0,1.0,2.0,0.0,0.0,0.1156069364161849,0.0578034682080924,0.1734104046242774,0.0,0,2016,2017,16597,romain philippoteaux,lorient,255220.0,exact_normalized_unique,A,2017-08-04,2017-08-03,duckdb_big5_first_game,no_summer_event,0,0,,Lorient,Ligue 1,France,0,0,0,,,,,,,,,,,,,,,0,lorient,0,1,0,0,0,0,,,,,0,0,,,2000000.0,2017-06-01,2000000.0,2000000.0,2017-01-16,2000000.0,2000000.0,2016-07-13,2000000.0,2000000.0,historical_valuation,1,14.508658238524095,2000000.0,2000000.0,0.0,0.0,0.0,0.0,2000000.0,1.0,63.0,0.1966173361522198,0.5,Lorient,0.1052631578947368,0.9473684210526316,-0.6842105263157895,Lorient,1.0,,,same_team_copy_old,Ligue 1,0.1052631578947368,0.9473684210526316,-0.6842105263157895,0,0.0,0.0,0.0,romain philippoteaux,lorient,STABLE_BIG5_REVIEW,0.4971291866028708
Patrick Erras,de GER,Nürnberg,Bundesliga,2018-2019,2019-2020,MF,MF,23.0,False,13.0,1222.0,0.0,1.0,0.0,0.0,0.0,0.0,0.0736497545008183,0.0736497545008183,0.0,0,2018,2019,18447,patrick erras,nurnberg,193859.0,exact_normalized_unique,A,2019-08-09,2019-08-08,duckdb_big5_first_game,no_summer_event,0,0,,Nürnberg,Bundesliga,Germany,0,0,0,,,,,,,,,,,,,,,0,nurnberg,0,1,0,0,0,0,,,,,0,0,,,3000000.0,2019-06-05,3000000.0,1250000.0,2018-12-18,1250000.0,1250000.0,2018-06-19,1250000.0,3000000.0,historical_valuation,1,14.914123179965662,1250000.0,1250000.0,1750000.0,1750000.0,1.4,1.4,3000000.0,1.0,64.0,0.1937086092715231,0.375,Nurnberg,0.0,0.5588235294117647,-1.2352941176470589,Nurnberg,1.0,,,same_team_copy_old,Bundesliga,0.0,0.5588235294117647,-1.2352941176470589,0,0.0,0.0,0.0,patrick erras,nurnberg,STABLE_BIG5_REVIEW,0.4967703349282297
Caleb Ekuban,gh GHA,Genoa,Serie A,2021-2022,2022-2023,"FW,MF",FW,27.0,False,18.0,1716.0,1.0,2.0,1.0,0.0,0.0,0.0524475524475524,0.1048951048951049,0.1573426573426573,0.0,0,2021,2022,20678,caleb ekuban,genoa,199953.0,exact_normalized_unique,A,2022-08-05,2022-08-04,duckdb_big5_first_game,no_summer_event,0,0,,Genoa,Serie A,Italy,0,0,0,,,,,,,,,,,,,,,0,genoa,0,1,0,0,0,0,,,,,0,0,,,1800000.0,2022-06-07,7000000.0,3500000.0,2021-12-28,7000000.0,7000000.0,2021-05-21,7000000.0,1800000.0,historical_valuation,1,14.403297778421797,3500000.0,7000000.0,-1700000.0,-5200000.0,-0.4857142857142857,-0.7428571428571429,7000000.0,0.2571428571428571,58.0,0.0803468208092485,0.1565217391304348,Genoa,0.0526315789473684,0.7368421052631579,-0.868421052631579,Genoa,1.0,,,same_team_copy_old,Serie A,0.0526315789473684,0.7368421052631579,-0.868421052631579,0,0.0,0.0,0.0,caleb ekuban,genoa,STABLE_BIG5_REVIEW,0.49617224880382776
Rade Krunić,ba BIH,Empoli,Serie A,2016-2017,2017-2018,MF,MF,22.0,False,29.0,2431.0,2.0,1.0,2.0,0.0,0.0,0.0740436034553681,0.037021801727684,0.1110654051830522,0.0,0,2016,2017,16560,rade krunic,empoli,259953.0,exact_normalized_unique,A,2017-08-04,2017-08-03,duckdb_big5_first_game,no_summer_event,0,0,,Empoli,Serie A,Italy,0,0,0,,,,,,,,,,,,,,,0,empoli,0,1,0,0,0,0,,,,,0,0,,,1000000.0,2017-06-08,1000000.0,900000.0,2017-01-02,900000.0,600000.0,2016-07-15,600000.0,1000000.0,historical_valuation,1,13.815511557963774,900000.0,600000.0,100000.0,400000.0,0.1111111111111111,0.6666666666666667,1000000.0,1.0,56.0,0.0724101479915433,0.25,Empoli,0.1052631578947368,0.8421052631578947,-0.8421052631578947,Empoli,1.0,,,same_team_copy_old,Serie A,0.1052631578947368,0.8421052631578947,-0.8421052631578947,0,0.0,0.0,0.0,rade krunic,empoli,STABLE_BIG5_REVIEW,0.4960526315789474
Pere Pons,es ESP,Alavés,La Liga,2021-2022,2022-2023,MF,MF,28.0,False,17.0,1366.0,1.0,0.0,1.0,0.0,0.0,0.0658857979502196,0.0,0.0658857979502196,0.0,0,2021,2022,21265,pere pons,alaves,242497.0,exact_normalized_unique,A,2022-08-05,2022-08-04,duckdb_big5_first_game,no_summer_event,0,0,,Alavés,La Liga,Spain,0,0,0,,,,,,,,,,,,,,,0,alaves,0,1,0,0,0,0,,,,,0,0,,,2500000.0,2022-06-03,7500000.0,2500000.0,2021-12-30,7500000.0,3500000.0,2021-06-10,7500000.0,2500000.0,historical_valuation,1,14.731801689838347,2500000.0,3500000.0,0.0,-1000000.0,0.0,-0.2857142857142857,7500000.0,0.3333333333333333,62.0,0.1630057803468208,0.2941176470588235,Alaves,0.0,0.8157894736842105,-0.8947368421052632,Alaves,1.0,,,same_team_copy_old,La Liga,0.0,0.8157894736842105,-0.8947368421052632,0,0.0,0.0,0.0,pere pons,alaves,STABLE_BIG5_REVIEW,0.4956937799043062
Lebo Mothiba,za RSA,Strasbourg,Ligue 1,2019-2020,2020-2021,FW,FW,23.0,False,12.0,1047.0,3.0,3.0,3.0,0.0,0.0,0.2578796561604584,0.2578796561604584,0.5157593123209169,0.0,0,2019,2020,19172,lebo mothiba,strasbourg,427161.0,exact_normalized_unique,A,2020-08-21,2020-08-20,duckdb_big5_first_game,no_summer_event,0,0,,Strasbourg,Ligue 1,France,0,0,0,,,,,,,,,,,,,,,0,strasbourg,0,1,0,0,0,0,,,,,0,0,,,4000000.0,2020-04-08,7000000.0,6000000.0,2019-12-19,7000000.0,7000000.0,2019-06-03,7000000.0,4000000.0,historical_valuation,1,15.201805169084134,6000000.0,7000000.0,-2000000.0,-3000000.0,-0.3333333333333333,-0.4285714285714286,7000000.0,0.5714285714285714,134.0,0.2690972222222222,0.3636363636363636,Strasbourg,0.4736842105263158,1.4074074074074074,0.0,Strasbourg,1.0,,,same_team_copy_old,Ligue 1,0.4736842105263158,1.4074074074074074,0.0,0,0.0,0.0,0.0,lebo mothiba,strasbourg,STABLE_BIG5_REVIEW,0.4927033492822967
Jorge Molina,es ESP,Granada,La Liga,2021-2022,2022-2023,FW,FW,39.0,False,19.0,1966.0,10.0,5.0,10.0,0.0,1.0,0.4577822990844354,0.2288911495422177,0.6866734486266531,0.0,0,2021,2022,20985,jorge molina,granada,57825.0,exact_normalized_unique,A,2022-08-05,2022-08-04,duckdb_big5_first_game,no_summer_event,0,0,,Granada,La Liga,Spain,0,0,0,,,,,,,,,,,,,,,0,granada,0,1,0,0,0,0,,,,,0,0,,,1500000.0,2022-06-03,3500000.0,1000000.0,2021-12-30,3500000.0,1500000.0,2021-06-10,3500000.0,1500000.0,historical_valuation,1,14.220976332738882,1000000.0,1500000.0,500000.0,0.0,0.5,0.0,3500000.0,0.4285714285714285,62.0,0.0595375722543352,0.1304347826086956,Granada,0.1052631578947368,1.0,-0.4473684210526316,Granada,1.0,,,same_team_copy_old,La Liga,0.1052631578947368,1.0,-0.4473684210526316,0,0.0,0.0,0.0,jorge molina,granada,STABLE_BIG5_REVIEW,0.49234449760765553
Benjamin Stambouli,fr FRA,Schalke 04,Bundesliga,2020-2021,2021-2022,"DF,MF",MF,29.0,False,22.0,1956.0,0.0,2.0,0.0,0.0,0.0,0.0,0.0920245398773006,0.0920245398773006,0.0,0,2020,2021,19708,benjamin stambouli,schalke 04,127160.0,exact_normalized_unique,A,2021-08-06,2021-08-05,duckdb_big5_first_game,no_summer_event,0,0,,Schalke 04,Bundesliga,Germany,0,0,0,,,,,,,,,,,,,,,0,schalke 04,0,1,0,0,0,0,,,,,0,0,,,1500000.0,2021-06-09,12000000.0,4000000.0,2020-11-26,12000000.0,9500000.0,2020-04-08,12000000.0,1500000.0,historical_valuation,1,14.220976332738882,4000000.0,9500000.0,-2500000.0,-8000000.0,-0.625,-0.8421052631578947,12000000.0,0.125,57.0,0.0748074807480748,0.1875,Schalke 04,0.0,0.4705882352941176,-1.7941176470588236,Schalke 04,1.0,,,same_team_copy_old,Bundesliga,0.0,0.4705882352941176,-1.7941176470588236,0,0.0,0.0,0.0,benjamin stambouli,schalke 04,STABLE_BIG5_REVIEW,0.49138755980861243
Tom Cleverley,eng ENG,Watford,Premier League,2019-2020,2020-2021,MF,MF,29.0,False,11.0,971.0,1.0,0.0,1.0,0.0,0.0,0.0926879505664263,0.0,0.0926879505664263,0.0,0,2019,2020,19530,tom cleverley,watford,73484.0,exact_normalized_unique,A,2020-08-21,2020-08-20,duckdb_big5_first_game,no_summer_event,0,0,,Watford,Premier League,England,0,0,0,,,,,,,,,,,,,,,0,watford,0,1,0,0,0,0,,,,,0,0,,,4800000.0,2020-04-08,14000000.0,6000000.0,2019-12-10,14000000.0,7000000.0,2019-06-13,14000000.0,4800000.0,historical_valuation,1,15.38412668421143,6000000.0,7000000.0,-1200000.0,-2200000.0,-0.1999999999999999,-0.3142857142857143,14000000.0,0.3428571428571428,134.0,0.3020833333333333,0.64,Watford,0.0526315789473684,0.8947368421052632,-0.7368421052631579,Watford,1.0,,,same_team_copy_old,Premier League,0.0526315789473684,0.8947368421052632,-0.7368421052631579,0,0.0,0.0,0.0,tom cleverley,watford,STABLE_BIG5_REVIEW,0.490311004784689
Davie Selke,GER,Köln,Bundesliga,2023-2024,2024-2025,FW,FW,28.0,False,16.0,1265.0,6.0,0.0,6.0,0.0,0.0,0.4268774703557312,0.0,0.4268774703557312,0.0,0,2023,2024,22625,davie selke,koln,178459.0,exact_normalized_unique,A,2024-08-15,2024-08-14,duckdb_big5_first_game,no_summer_event,0,0,,Köln,Bundesliga,Germany,0,0,0,,,,,,,,,,,,,,,0,koln,0,1,0,0,0,0,,,,,0,0,,,2800000.0,2024-05-29,20000000.0,3500000.0,2023-12-14,20000000.0,2500000.0,2023-06-22,20000000.0,2800000.0,historical_valuation,1,14.845130332288226,3500000.0,2500000.0,-700000.0,300000.0,-0.1999999999999999,0.1200000000000001,20000000.0,0.14,77.0,0.1508120649651972,0.2333333333333333,FC Koln,0.0588235294117647,0.7941176470588235,-0.9411764705882352,FC Koln,1.0,,,same_team_copy_old,Bundesliga,0.0588235294117647,0.7941176470588235,-0.9411764705882352,0,0.0,0.0,0.0,davie selke,koln,STABLE_BIG5_REVIEW,0.48995215311004786
Tom Trybull,de GER,Norwich City,Premier League,2019-2020,2020-2021,MF,MF,26.0,False,14.0,1130.0,0.0,0.0,0.0,0.0,0.0,0.0,0.0,0.0,0.0,0,2019,2020,19532,tom trybull,norwich city,93831.0,exact_normalized_unique,A,2020-08-21,2020-08-20,duckdb_big5_first_game,no_summer_event,0,0,,Norwich City,Premier League,England,0,0,0,,,,,,,,,,,,,,,0,norwich city,0,1,0,0,0,0,,,,,0,0,,,3200000.0,2020-04-08,4000000.0,4000000.0,2019-12-10,4000000.0,2000000.0,2019-06-28,2000000.0,3200000.0,historical_valuation,1,14.978661680269909,4000000.0,2000000.0,-800000.0,1200000.0,-0.1999999999999999,0.6000000000000001,4000000.0,0.8,134.0,0.214699074074074,0.4266666666666667,Norwich,0.0,0.5526315789473685,-1.2894736842105263,Norwich,1.0,,,same_team_copy_old,Premier League,0.0,0.5526315789473685,-1.2894736842105263,0,0.0,0.0,0.0,tom trybull,norwich city,STABLE_BIG5_REVIEW,0.48971291866028704
Théo Le Bris,FRA,Lorient,Ligue 1,2023-2024,2024-2025,"DF,MF",MF,20.0,False,15.0,1516.0,0.0,2.0,0.0,0.0,0.0,0.0,0.1187335092348284,0.1187335092348284,0.0,0,2023,2024,23273,theo le bris,lorient,766412.0,exact_normalized_unique,A,2024-08-15,2024-08-14,duckdb_big5_first_game,no_summer_event,0,0,,Lorient,Ligue 1,France,0,0,0,,,,,,,,,,,,,,,0,lorient,0,1,0,0,0,0,,,,,0,0,,,2000000.0,2024-06-03,3000000.0,2500000.0,2023-12-18,3000000.0,3000000.0,2023-06-27,3000000.0,2000000.0,historical_valuation,1,14.508658238524095,2500000.0,3000000.0,-500000.0,-1000000.0,-0.1999999999999999,-0.3333333333333333,3000000.0,0.6666666666666666,72.0,0.1015081206496519,0.25,Lorient,0.1176470588235294,0.8529411764705882,-0.6764705882352942,Lorient,1.0,,,same_team_copy_old,Ligue 1,0.1176470588235294,0.8529411764705882,-0.6764705882352942,0,0.0,0.0,0.0,theo le bris,lorient,STABLE_BIG5_REVIEW,0.4880382775119617
Stiven Mendoza,co COL,Amiens,Ligue 1,2019-2020,2020-2021,"FW,MF",FW,27.0,False,12.0,1101.0,5.0,0.0,5.0,0.0,0.0,0.4087193460490463,0.0,0.4087193460490463,0.0,0,2019,2020,19503,stiven mendoza,amiens,131101.0,exact_normalized_unique,A,2020-08-21,2020-08-20,duckdb_big5_first_game,no_summer_event,0,0,,Amiens,Ligue 1,France,0,0,0,,,,,,,,,,,,,,,0,amiens,0,1,0,0,0,0,,,,,0,0,,,3500000.0,2020-04-08,4500000.0,3500000.0,2019-12-19,3500000.0,3000000.0,2019-06-03,3000000.0,3500000.0,historical_valuation,1,15.068273812173889,3500000.0,3000000.0,0.0,500000.0,0.0,0.1666666666666667,4500000.0,0.7777777777777778,134.0,0.2418981481481481,0.3181818181818182,Amiens,0.0526315789473684,0.8214285714285714,-0.6785714285714286,Amiens,1.0,,,same_team_copy_old,Ligue 1,0.0526315789473684,0.8214285714285714,-0.6785714285714286,0,0.0,0.0,0.0,stiven mendoza,amiens,STABLE_BIG5_REVIEW,0.4879186602870813
Mbaye Diagne,sn SEN,West Brom,Premier League,2020-2021,2021-2022,FW,FW,28.0,False,14.0,1189.0,3.0,2.0,3.0,0.0,0.0,0.2270815811606392,0.1513877207737594,0.3784693019343986,0.0,0,2020,2021,20211,mbaye diagne,west brom,271966.0,exact_normalized_unique,A,2021-08-06,2021-08-05,duckdb_big5_first_game,no_summer_event,0,0,,West Brom,Premier League,England,0,0,0,,,,,,,,,,,,,,,0,west brom,0,1,0,0,0,0,,,,,0,0,,,3000000.0,2021-06-08,9000000.0,3200000.0,2020-12-23,9000000.0,3200000.0,2020-08-04,9000000.0,3000000.0,historical_valuation,1,14.914123179965662,3200000.0,3200000.0,-200000.0,-200000.0,-0.0625,-0.0625,9000000.0,0.3333333333333333,58.0,0.1996699669966996,0.3,West Brom,0.0526315789473684,0.6842105263157895,-1.0789473684210529,West Brom,1.0,,,same_team_copy_old,Premier League,0.0526315789473684,0.6842105263157895,-1.0789473684210529,0,0.0,0.0,0.0,mbaye diagne,west brom,STABLE_BIG5_REVIEW,0.48744019138755984
Kai Pröger,de GER,Paderborn 07,Bundesliga,2019-2020,2020-2021,"MF,FW",FW,27.0,False,22.0,2079.0,2.0,6.0,2.0,0.0,0.0,0.0865800865800865,0.2597402597402597,0.3463203463203463,0.0,0,2019,2020,19131,kai proger,paderborn 07,223572.0,exact_normalized_unique,A,2020-08-21,2020-08-20,duckdb_big5_first_game,no_summer_event,0,0,,Paderborn 07,Bundesliga,Germany,0,0,0,,,,,,,,,,,,,,,0,paderborn 07,0,1,0,0,0,0,,,,,0,0,,,1400000.0,2020-04-08,1800000.0,1000000.0,2019-12-17,1000000.0,800000.0,2019-06-12,800000.0,1400000.0,historical_valuation,1,14.151983508870948,1000000.0,800000.0,400000.0,600000.0,0.3999999999999999,0.75,1800000.0,0.7777777777777778,134.0,0.0613425925925925,0.1272727272727272,Paderborn,0.0,0.5882352941176471,-1.088235294117647,Paderborn,1.0,,,same_team_copy_old,Bundesliga,0.0,0.5882352941176471,-1.088235294117647,0,0.0,0.0,0.0,kai proger,paderborn 07,STABLE_BIG5_REVIEW,0.48660287081339715
Gastón Brugman,uy URU,Pescara,Serie A,2016-2017,2017-2018,MF,MF,23.0,False,22.0,1931.0,1.0,1.0,1.0,0.0,0.0,0.0466079751424132,0.0466079751424132,0.0932159502848265,0.0,0,2016,2017,16108,gaston brugman,pescara,131109.0,exact_normalized_unique,A,2017-08-04,2017-08-03,duckdb_big5_first_game,no_summer_event,0,0,,Pescara,Serie A,Italy,0,0,0,,,,,,,,,,,,,,,0,pescara,0,1,0,0,0,0,,,,,0,0,,,1500000.0,2017-06-08,1500000.0,1500000.0,2017-01-02,1500000.0,1200000.0,2016-07-15,1400000.0,1500000.0,historical_valuation,1,14.220976332738882,1500000.0,1200000.0,0.0,300000.0,0.0,0.25,1500000.0,1.0,56.0,0.1289640591966173,0.375,Pescara,0.0,0.4736842105263157,-1.1578947368421053,Pescara,1.0,,,same_team_copy_old,Serie A,0.0,0.4736842105263157,-1.1578947368421053,0,0.0,0.0,0.0,gaston brugman,pescara,STABLE_BIG5_REVIEW,0.4866028708133971
Dawid Kownacki,pl POL,Düsseldorf,Bundesliga,2019-2020,2020-2021,"FW,MF",FW,22.0,False,11.0,1093.0,0.0,0.0,0.0,0.0,0.0,0.0,0.0,0.0,0.0,0,2019,2020,18869,dawid kownacki,dusseldorf,208167.0,exact_normalized_unique,A,2020-08-21,2020-08-20,duckdb_big5_first_game,no_summer_event,0,0,,Düsseldorf,Bundesliga,Germany,0,0,0,,,,,,,,,,,,,,,0,dusseldorf,0,1,0,0,0,0,,,,,0,0,,,3500000.0,2020-07-08,9000000.0,7500000.0,2019-12-17,9000000.0,9000000.0,2019-06-05,9000000.0,3500000.0,historical_valuation,1,15.068273812173889,7500000.0,9000000.0,-4000000.0,-5500000.0,-0.5333333333333333,-0.6111111111111112,9000000.0,0.3888888888888889,43.0,0.2418981481481481,0.3181818181818182,Fortuna Dusseldorf,0.0588235294117647,0.8823529411764706,-0.9117647058823528,Fortuna Dusseldorf,1.0,,,same_team_copy_old,Bundesliga,0.0588235294117647,0.8823529411764706,-0.9117647058823528,0,0.0,0.0,0.0,dawid kownacki,dusseldorf,STABLE_BIG5_REVIEW,0.48648325358851674
Elias Kachunga,cd COD,Huddersfield,Premier League,2018-2019,2019-2020,"FW,MF",FW,26.0,False,13.0,1182.0,0.0,0.0,0.0,0.0,0.0,0.0,0.0,0.0,0.0,0,2018,2019,17962,elias kachunga,huddersfield,49501.0,exact_normalized_unique,A,2019-08-09,2019-08-08,duckdb_big5_first_game,no_summer_event,0,0,,Huddersfield,Premier League,England,0,0,0,,,,,,,,,,,,,,,0,huddersfield,0,1,0,0,0,0,,,,,0,0,,,3000000.0,2019-06-13,3500000.0,3000000.0,2018-12-19,3500000.0,3500000.0,2018-05-28,3500000.0,3000000.0,historical_valuation,1,14.914123179965662,3000000.0,3500000.0,0.0,-500000.0,0.0,-0.1428571428571429,3500000.0,0.8571428571428571,56.0,0.1937086092715231,0.3,Huddersfield,0.0,0.4210526315789473,-1.4210526315789471,Huddersfield,1.0,,,same_team_copy_old,Premier League,0.0,0.4210526315789473,-1.4210526315789471,0,0.0,0.0,0.0,elias kachunga,huddersfield,STABLE_BIG5_REVIEW,0.48624401913875603
Lebogang Phiri,za RSA,Guingamp,Ligue 1,2018-2019,2019-2020,MF,MF,23.0,False,23.0,1928.0,0.0,0.0,0.0,0.0,0.0,0.0,0.0,0.0,0.0,0,2018,2019,18240,lebogang phiri,guingamp,253316.0,exact_normalized_unique,A,2019-08-09,2019-08-08,duckdb_big5_first_game,no_summer_event,0,0,,Guingamp,Ligue 1,France,0,0,0,,,,,,,,,,,,,,,0,guingamp,0,1,0,0,0,0,,,,,0,0,,,1500000.0,2019-06-03,1500000.0,1500000.0,2018-12-17,1500000.0,1500000.0,2018-06-04,1500000.0,1500000.0,historical_valuation,1,14.220976332738882,1500000.0,1500000.0,0.0,0.0,0.0,0.0,1500000.0,1.0,66.0,0.0700883002207505,0.1875,Guingamp,0.0,0.7105263157894737,-1.0526315789473684,Guingamp,1.0,,,same_team_copy_old,Ligue 1,0.0,0.7105263157894737,-1.0526315789473684,0,0.0,0.0,0.0,lebogang phiri,guingamp,STABLE_BIG5_REVIEW,0.4861244019138756
Bryan Oviedo,cr CRC,Sunderland,Premier League,2016-2017,2017-2018,"DF,MF",MF,26.0,False,16.0,1323.0,0.0,0.0,0.0,0.0,0.0,0.0,0.0,0.0,0.0,0,2016,2017,15920,bryan oviedo,sunderland,124983.0,exact_normalized_unique,A,2017-08-04,2017-08-03,duckdb_big5_first_game,no_summer_event,0,0,,Sunderland,Premier League,England,0,0,0,,,,,,,,,,,,,,,0,sunderland,0,1,0,0,0,0,,,,,0,0,,,2500000.0,2017-06-28,4500000.0,3000000.0,2016-08-01,4500000.0,3000000.0,2016-08-01,4500000.0,2500000.0,historical_valuation,1,14.731801689838347,3000000.0,3000000.0,-500000.0,-500000.0,-0.1666666666666666,-0.1666666666666666,4500000.0,0.5555555555555556,36.0,0.2637420718816067,0.625,Sunderland,0.0,0.631578947368421,-1.0526315789473684,Sunderland,1.0,,,same_team_copy_old,Premier League,0.0,0.631578947368421,-1.0526315789473684,0,0.0,0.0,0.0,bryan oviedo,sunderland,STABLE_BIG5_REVIEW,0.4858851674641148
Jacob Brown,SCO,Luton Town,Premier League,2023-2024,2024-2025,"MF,FW",FW,25.0,False,12.0,1019.0,2.0,0.0,2.0,0.0,0.0,0.1766437684003925,0.0,0.1766437684003925,0.0,0,2023,2024,22799,jacob brown,luton town,469958.0,exact_normalized_unique,A,2024-08-15,2024-08-14,duckdb_big5_first_game,no_summer_event,0,0,,Luton Town,Premier League,England,0,0,0,,,,,,,,,,,,,,,0,luton town,0,1,0,0,0,0,,,,,0,0,,,4000000.0,2024-05-27,6000000.0,4000000.0,2023-12-19,6000000.0,6000000.0,2023-06-01,6000000.0,4000000.0,historical_valuation,1,15.201805169084134,4000000.0,6000000.0,0.0,-2000000.0,0.0,-0.3333333333333333,6000000.0,0.6666666666666666,79.0,0.2511600928074246,0.3333333333333333,Luton,0.1052631578947368,0.6842105263157895,-0.868421052631579,Luton,1.0,,,same_team_copy_old,Premier League,0.1052631578947368,0.6842105263157895,-0.868421052631579,0,0.0,0.0,0.0,jacob brown,luton town,STABLE_BIG5_REVIEW,0.4857655502392345
Manolo Portanova,it ITA,Genoa,Serie A,2021-2022,2022-2023,"FW,MF",FW,21.0,False,17.0,1322.0,1.0,0.0,1.0,0.0,0.0,0.0680786686838124,0.0,0.0680786686838124,0.0,0,2021,2022,21095,manolo portanova,genoa,394304.0,exact_normalized_unique,A,2022-08-05,2022-08-04,duckdb_big5_first_game,no_summer_event,0,0,,Genoa,Serie A,Italy,0,0,0,,,,,,,,,,,,,,,0,genoa,0,1,0,0,0,0,,,,,0,0,,,2500000.0,2022-06-07,2500000.0,1500000.0,2021-12-28,1500000.0,1000000.0,2021-06-03,1000000.0,2500000.0,historical_valuation,1,14.731801689838347,1500000.0,1000000.0,1000000.0,1500000.0,0.6666666666666667,1.5,2500000.0,1.0,58.0,0.1630057803468208,0.217391304347826,Genoa,0.0526315789473684,0.7368421052631579,-0.868421052631579,Genoa,1.0,,,same_team_copy_old,Serie A,0.0526315789473684,0.7368421052631579,-0.868421052631579,0,0.0,0.0,0.0,manolo portanova,genoa,STABLE_BIG5_REVIEW,0.4854066985645933
Jack Cork,eng ENG,Burnley,Premier League,2021-2022,2022-2023,MF,MF,32.0,False,20.0,1670.0,1.0,0.0,1.0,0.0,0.0,0.0538922155688622,0.0,0.0538922155688622,0.0,0,2021,2022,20918,jack cork,burnley,40613.0,exact_normalized_unique,A,2022-08-05,2022-08-04,duckdb_big5_first_game,no_summer_event,0,0,,Burnley,Premier League,England,0,0,0,,,,,,,,,,,,,,,0,burnley,0,1,0,0,0,0,,,,,0,0,,,1800000.0,2022-06-15,15000000.0,3000000.0,2021-12-23,15000000.0,5000000.0,2021-06-08,15000000.0,1800000.0,historical_valuation,1,14.403297778421797,3000000.0,5000000.0,-1200000.0,-3200000.0,-0.4,-0.64,15000000.0,0.12,50.0,0.0803468208092485,0.2117647058823529,Burnley,0.1052631578947368,0.9210526315789472,-0.5,Burnley,1.0,,,same_team_copy_old,Premier League,0.1052631578947368,0.9210526315789472,-0.5,0,0.0,0.0,0.0,jack cork,burnley,STABLE_BIG5_REVIEW,0.4851674641148325
Renaud Ripart,fr FRA,Troyes,Ligue 1,2022-2023,2023-2024,"FW,MF",FW,29.0,False,15.0,1320.0,4.0,1.0,4.0,0.0,0.0,0.2727272727272727,0.0681818181818181,0.3409090909090909,0.0,0,2022,2023,22245,renaud ripart,troyes,234802.0,exact_normalized_unique,A,2023-08-11,2023-08-10,duckdb_big5_first_game,no_summer_event,0,0,,Troyes,Ligue 1,France,0,0,0,,,,,,,,,,,,,,,0,troyes,0,1,0,0,0,0,,,,,0,0,,,2500000.0,2023-06-27,5000000.0,3000000.0,2022-11-02,5000000.0,4000000.0,2022-05-30,5000000.0,2500000.0,historical_valuation,1,14.731801689838347,3000000.0,4000000.0,-500000.0,-1500000.0,-0.1666666666666666,-0.375,5000000.0,0.5,44.0,0.1575654152445961,0.2272727272727272,Troyes,0.0526315789473684,0.631578947368421,-0.9473684210526316,Troyes,1.0,,,same_team_copy_old,Ligue 1,0.0526315789473684,0.631578947368421,-0.9473684210526316,0,0.0,0.0,0.0,renaud ripart,troyes,STABLE_BIG5_REVIEW,0.4842105263157894
Tomás Rincón,ve VEN,Sampdoria,Serie A,2022-2023,2023-2024,MF,MF,34.0,False,30.0,2555.0,0.0,2.0,0.0,0.0,0.0,0.0,0.0704500978473581,0.0704500978473581,0.0,0,2022,2023,22375,tomas rincon,sampdoria,75942.0,exact_normalized_unique,A,2023-08-11,2023-08-10,duckdb_big5_first_game,no_summer_event,0,0,,Sampdoria,Serie A,Italy,0,0,0,,,,,,,,,,,,,,,0,sampdoria,0,1,0,0,0,0,,,,,0,0,,,800000.0,2023-06-15,9000000.0,800000.0,2022-11-11,9000000.0,1000000.0,2022-06-07,9000000.0,800000.0,historical_valuation,1,13.592368256649284,800000.0,1000000.0,0.0,-200000.0,0.0,-0.1999999999999999,9000000.0,0.0888888888888888,56.0,0.0216154721274175,0.1,Sampdoria,0.0,0.5,-1.236842105263158,Sampdoria,1.0,,,same_team_copy_old,Serie A,0.0,0.5,-1.236842105263158,0,0.0,0.0,0.0,tomas rincon,sampdoria,STABLE_BIG5_REVIEW,0.4832535885167464
Vincent Pajot,fr FRA,Metz,Ligue 1,2021-2022,2022-2023,MF,MF,30.0,False,27.0,2311.0,1.0,0.0,1.0,0.0,0.0,0.0389441800086542,0.0,0.0389441800086542,0.0,0,2021,2022,21453,vincent pajot,metz,126699.0,exact_normalized_unique,A,2022-08-05,2022-08-04,duckdb_big5_first_game,no_summer_event,0,0,,Metz,Ligue 1,France,0,0,0,,,,,,,,,,,,,,,0,metz,0,1,0,0,0,0,,,,,0,0,,,1000000.0,2022-05-30,3000000.0,1000000.0,2021-12-16,3000000.0,1500000.0,2021-06-04,3000000.0,1000000.0,historical_valuation,1,13.815511557963774,1000000.0,1500000.0,0.0,-500000.0,0.0,-0.3333333333333333,3000000.0,0.3333333333333333,66.0,0.0329479768786127,0.1176470588235294,Metz,0.0526315789473684,0.8157894736842105,-0.8947368421052632,Metz,1.0,,,same_team_copy_old,Ligue 1,0.0526315789473684,0.8157894736842105,-0.8947368421052632,0,0.0,0.0,0.0,vincent pajot,metz,STABLE_BIG5_REVIEW,0.48289473684210527
Nathan Dyer,eng ENG,Swansea City,Premier League,2017-2018,2018-2019,"MF,FW",FW,29.0,False,16.0,1307.0,0.0,0.0,0.0,0.0,0.0,0.0,0.0,0.0,0.0,0,2017,2018,17449,nathan dyer,swansea city,37011.0,exact_normalized_unique,A,2018-08-10,2018-08-09,duckdb_big5_first_game,no_summer_event,0,0,,Swansea City,Premier League,England,0,0,0,,,,,,,,,,,,,,,0,swansea city,0,1,0,0,0,0,,,,,0,0,,,2500000.0,2018-05-28,5500000.0,2500000.0,2018-01-02,5500000.0,3500000.0,2017-06-28,5500000.0,2500000.0,historical_valuation,1,14.731801689838347,2500000.0,3500000.0,0.0,-1000000.0,0.0,-0.2857142857142857,5500000.0,0.4545454545454545,73.0,0.2146799116997792,0.3333333333333333,Swansea,0.1052631578947368,0.868421052631579,-0.7368421052631579,Swansea,1.0,,,same_team_copy_old,Premier League,0.1052631578947368,0.868421052631579,-0.7368421052631579,0,0.0,0.0,0.0,nathan dyer,swansea city,STABLE_BIG5_REVIEW,0.4820574162679426
Daniele Croce,it ITA,Empoli,Serie A,2016-2017,2017-2018,MF,MF,33.0,False,32.0,2929.0,1.0,1.0,1.0,0.0,0.0,0.0307272106520996,0.0307272106520996,0.0614544213041993,0.0,0,2016,2017,15979,daniele croce,empoli,22749.0,exact_normalized_unique,A,2017-08-04,2017-08-03,duckdb_big5_first_game,no_summer_event,0,0,,Empoli,Serie A,Italy,0,0,0,,,,,,,,,,,,,,,0,empoli,0,1,0,0,0,0,,,,,0,0,,,500000.0,2017-06-08,500000.0,500000.0,2017-01-02,500000.0,500000.0,2016-07-15,500000.0,500000.0,historical_valuation,1,13.122365377402328,500000.0,500000.0,0.0,0.0,0.0,0.0,500000.0,1.0,56.0,0.0216701902748414,0.125,Empoli,0.1052631578947368,0.8421052631578947,-0.8421052631578947,Empoli,1.0,,,same_team_copy_old,Serie A,0.1052631578947368,0.8421052631578947,-0.8421052631578947,0,0.0,0.0,0.0,daniele croce,empoli,STABLE_BIG5_REVIEW,0.4820574162679426
Romaine Sawyers,kn SKN,West Brom,Premier League,2020-2021,2021-2022,MF,MF,28.0,False,17.0,1487.0,0.0,0.0,0.0,0.0,0.0,0.0,0.0,0.0,0.0,0,2020,2021,20390,romaine sawyers,west brom,113036.0,exact_normalized_unique,A,2021-08-06,2021-08-05,duckdb_big5_first_game,no_summer_event,0,0,,West Brom,Premier League,England,0,0,0,,,,,,,,,,,,,,,0,west brom,0,1,0,0,0,0,,,,,0,0,,,2000000.0,2021-06-08,4000000.0,3200000.0,2020-10-13,4000000.0,3200000.0,2020-04-08,4000000.0,2000000.0,historical_valuation,1,14.508658238524095,3200000.0,3200000.0,-1200000.0,-1200000.0,-0.375,-0.375,4000000.0,0.5,58.0,0.1221122112211221,0.25,West Brom,0.0526315789473684,0.6842105263157895,-1.0789473684210529,West Brom,1.0,,,same_team_copy_old,Premier League,0.0526315789473684,0.6842105263157895,-1.0789473684210529,0,0.0,0.0,0.0,romaine sawyers,west brom,STABLE_BIG5_REVIEW,0.4813397129186603
Jean-Eudes Aholou,ci CIV,Strasbourg,Ligue 1,2022-2023,2023-2024,MF,MF,28.0,False,16.0,1300.0,3.0,1.0,3.0,0.0,0.0,0.2076923076923077,0.0692307692307692,0.2769230769230769,0.0,0,2022,2023,21895,jean eudes aholou,strasbourg,178313.0,exact_normalized_unique,A,2023-08-11,2023-08-10,duckdb_big5_first_game,no_summer_event,0,0,,Strasbourg,Ligue 1,France,0,0,0,,,,,,,,,,,,,,,0,strasbourg,0,1,0,0,0,0,,,,,0,0,,,2500000.0,2023-06-27,10000000.0,3000000.0,2022-11-02,10000000.0,3000000.0,2022-05-30,10000000.0,2500000.0,historical_valuation,1,14.731801689838347,3000000.0,3000000.0,-500000.0,-500000.0,-0.1666666666666666,-0.1666666666666666,10000000.0,0.25,44.0,0.1575654152445961,0.3125,Strasbourg,0.2631578947368421,1.0526315789473684,-0.2105263157894736,Strasbourg,1.0,,,same_team_copy_old,Ligue 1,0.2631578947368421,1.0526315789473684,-0.2105263157894736,0,0.0,0.0,0.0,jean eudes aholou,strasbourg,STABLE_BIG5_REVIEW,0.4796650717703349
Sam Vokes,wls WAL,Burnley,Premier League,2018-2019,2019-2020,FW,FW,28.0,False,10.0,915.0,3.0,0.0,3.0,0.0,0.0,0.2950819672131147,0.0,0.2950819672131147,0.0,0,2018,2019,18546,sam vokes,burnley,48078.0,exact_normalized_unique,A,2019-08-09,2019-08-08,duckdb_big5_first_game,no_summer_event,0,0,,Burnley,Premier League,England,0,0,0,,,,,,,,,,,,,,,0,burnley,0,1,0,0,0,0,,,,,0,0,,,5000000.0,2019-06-28,6000000.0,6000000.0,2018-12-19,6000000.0,6000000.0,2018-05-28,6000000.0,5000000.0,historical_valuation,1,15.424948670398354,6000000.0,6000000.0,-1000000.0,-1000000.0,-0.1666666666666666,-0.1666666666666666,6000000.0,0.8333333333333334,41.0,0.3344370860927152,0.5,Burnley,0.2631578947368421,1.0526315789473684,-0.6052631578947368,Burnley,1.0,,,same_team_copy_old,Premier League,0.2631578947368421,1.0526315789473684,-0.6052631578947368,0,0.0,0.0,0.0,sam vokes,burnley,STABLE_BIG5_REVIEW,0.47870813397129186
Jean-Manuel Mbom,de GER,Werder Bremen,Bundesliga,2020-2021,2021-2022,"MF,DF",MF,20.0,False,15.0,1160.0,0.0,1.0,0.0,0.0,0.0,0.0,0.0775862068965517,0.0775862068965517,0.0,0,2020,2021,19985,jean manuel mbom,werder bremen,335003.0,exact_normalized_unique,A,2021-08-06,2021-08-05,duckdb_big5_first_game,no_summer_event,0,0,,Werder Bremen,Bundesliga,Germany,0,0,0,,,,,,,,,,,,,,,0,werder bremen,0,1,0,0,0,0,,,,,0,0,,,3000000.0,2021-06-09,3000000.0,2000000.0,2020-11-26,2000000.0,450000.0,2020-07-05,500000.0,3000000.0,historical_valuation,1,14.914123179965662,2000000.0,450000.0,1000000.0,2550000.0,0.5,5.666666666666667,3000000.0,1.0,57.0,0.1996699669966996,0.375,Werder Bremen,0.0588235294117647,0.9117647058823528,-0.6176470588235294,Werder Bremen,1.0,,,same_team_copy_old,Bundesliga,0.0588235294117647,0.9117647058823528,-0.6176470588235294,0,0.0,0.0,0.0,jean manuel mbom,werder bremen,STABLE_BIG5_REVIEW,0.47834928229665075
Laurent Depoitre,be BEL,Huddersfield,Premier League,2018-2019,2019-2020,FW,FW,29.0,False,10.0,1068.0,0.0,1.0,0.0,0.0,0.0,0.0,0.0842696629213483,0.0842696629213483,0.0,0,2018,2019,18234,laurent depoitre,huddersfield,90583.0,exact_normalized_unique,A,2019-08-09,2019-08-08,duckdb_big5_first_game,no_summer_event,0,0,,Huddersfield,Premier League,England,0,0,0,,,,,,,,,,,,,,,0,huddersfield,0,1,0,0,0,0,,,,,0,0,,,3500000.0,2019-06-13,6500000.0,4000000.0,2018-12-19,6500000.0,4500000.0,2018-05-28,6500000.0,3500000.0,historical_valuation,1,15.068273812173889,4000000.0,4500000.0,-500000.0,-1000000.0,-0.125,-0.2222222222222222,6500000.0,0.5384615384615384,56.0,0.2290286975717439,0.35,Huddersfield,0.0,0.4210526315789473,-1.4210526315789471,Huddersfield,1.0,,,same_team_copy_old,Premier League,0.0,0.4210526315789473,-1.4210526315789471,0,0.0,0.0,0.0,laurent depoitre,huddersfield,STABLE_BIG5_REVIEW,0.4783492822966507
Lukas Lerager,dk DEN,Genoa,Serie A,2020-2021,2021-2022,MF,MF,27.0,False,13.0,1159.0,0.0,1.0,0.0,0.0,0.0,0.0,0.0776531492666091,0.0776531492666091,0.0,0,2020,2021,20136,lukas lerager,genoa,167105.0,exact_normalized_unique,A,2021-08-06,2021-08-05,duckdb_big5_first_game,no_summer_event,0,0,,Genoa,Serie A,Italy,0,0,0,,,,,,,,,,,,,,,0,genoa,0,1,0,0,0,0,,,,,0,0,,,3000000.0,2021-06-04,6000000.0,3500000.0,2020-12-29,6000000.0,4000000.0,2020-04-08,6000000.0,3000000.0,historical_valuation,1,14.914123179965662,3500000.0,4000000.0,-500000.0,-1000000.0,-0.1428571428571429,-0.25,6000000.0,0.5,62.0,0.1996699669966996,0.375,Genoa,0.4736842105263158,1.105263157894737,-0.2894736842105263,Genoa,1.0,,,same_team_copy_old,Serie A,0.4736842105263158,1.105263157894737,-0.2894736842105263,0,0.0,0.0,0.0,lukas lerager,genoa,STABLE_BIG5_REVIEW,0.4771531100478469
Niccolò Zanellato,it ITA,Crotone,Serie A,2020-2021,2021-2022,MF,MF,22.0,False,18.0,1637.0,1.0,1.0,1.0,0.0,0.0,0.0549786194257788,0.0549786194257788,0.1099572388515577,0.0,0,2020,2021,20265,niccolo zanellato,crotone,343945.0,exact_normalized_unique,A,2021-08-06,2021-08-05,duckdb_big5_first_game,no_summer_event,0,0,,Crotone,Serie A,Italy,0,0,0,,,,,,,,,,,,,,,0,crotone,0,1,0,0,0,0,,,,,0,0,,,1800000.0,2021-06-03,1800000.0,1600000.0,2020-12-29,1700000.0,1400000.0,2020-04-08,1600000.0,1800000.0,historical_valuation,1,14.403297778421797,1600000.0,1400000.0,200000.0,400000.0,0.125,0.2857142857142858,1800000.0,1.0,63.0,0.1001100110011001,0.225,Crotone,0.0526315789473684,0.6052631578947368,-1.236842105263158,Crotone,1.0,,,same_team_copy_old,Serie A,0.0526315789473684,0.6052631578947368,-1.236842105263158,0,0.0,0.0,0.0,niccolo zanellato,crotone,STABLE_BIG5_REVIEW,0.47583732057416267
Reinier,BRA,Frosinone,Serie A,2023-2024,2024-2025,"MF,FW",FW,21.0,False,13.0,1059.0,2.0,2.0,2.0,0.0,0.0,0.1699716713881019,0.1699716713881019,0.3399433427762039,0.0,0,2023,2024,23181,reinier,frosinone,627226.0,exact_normalized_unique,A,2024-08-15,2024-08-14,duckdb_big5_first_game,no_confirmed_pre_cutoff_event,0,0,,Frosinone,Serie A,Italy,0,0,0,,,,,,,,,,,,,,,0,frosinone,0,1,0,0,0,0,,,,,0,0,,,3500000.0,2024-06-05,25000000.0,4000000.0,2023-12-20,25000000.0,2000000.0,2023-06-13,25000000.0,3500000.0,historical_valuation,1,15.068273812173889,4000000.0,2000000.0,-500000.0,1500000.0,-0.125,0.75,25000000.0,0.14,70.0,0.212877030162413,0.2916666666666667,Frosinone,0.1052631578947368,0.9210526315789472,-0.6578947368421053,Frosinone,1.0,,,same_team_copy_old,Serie A,0.1052631578947368,0.9210526315789472,-0.6578947368421053,0,0.0,0.0,0.0,reinier,frosinone,STABLE_BIG5_REVIEW,0.475
Nathaniel Chalobah,eng ENG,Watford,Premier League,2019-2020,2020-2021,MF,MF,24.0,False,10.0,930.0,0.0,1.0,0.0,0.0,0.0,0.0,0.0967741935483871,0.0967741935483871,0.0,0,2019,2020,19321,nathaniel chalobah,watford,128900.0,exact_normalized_unique,A,2020-08-21,2020-08-20,duckdb_big5_first_game,no_summer_event,0,0,,Watford,Premier League,England,0,0,0,,,,,,,,,,,,,,,0,watford,0,1,0,0,0,0,,,,,0,0,,,4800000.0,2020-04-08,7000000.0,6000000.0,2019-12-10,7000000.0,7000000.0,2019-06-13,7000000.0,4800000.0,historical_valuation,1,15.38412668421143,6000000.0,7000000.0,-1200000.0,-2200000.0,-0.1999999999999999,-0.3142857142857143,7000000.0,0.6857142857142857,134.0,0.3020833333333333,0.64,Watford,0.0526315789473684,0.8947368421052632,-0.7368421052631579,Watford,1.0,,,same_team_copy_old,Premier League,0.0526315789473684,0.8947368421052632,-0.7368421052631579,0,0.0,0.0,0.0,nathaniel chalobah,watford,STABLE_BIG5_REVIEW,0.47332535885167465
Mateusz Łęgowski,POL,Salernitana,Serie A,2023-2024,2024-2025,MF,MF,20.0,False,10.0,1145.0,0.0,0.0,0.0,0.0,0.0,0.0,0.0,0.0,0.0,0,2023,2024,23011,mateusz legowski,salernitana,570466.0,exact_normalized_unique,A,2024-08-15,2024-08-14,duckdb_big5_first_game,no_summer_event,0,0,,Salernitana,Serie A,Italy,0,0,0,,,,,,,,,,,,,,,0,salernitana,0,1,0,0,0,0,,,,,0,0,,,3000000.0,2024-06-05,3000000.0,3000000.0,2023-12-20,3000000.0,1800000.0,2023-06-09,1800000.0,3000000.0,historical_valuation,1,14.914123179965662,3000000.0,1800000.0,0.0,1200000.0,0.0,0.6666666666666667,3000000.0,1.0,70.0,0.1751740139211137,0.375,Salernitana,0.0,0.4473684210526316,-1.2894736842105263,Salernitana,1.0,,,same_team_copy_old,Serie A,0.0,0.4473684210526316,-1.2894736842105263,0,0.0,0.0,0.0,mateusz egowski,salernitana,STABLE_BIG5_REVIEW,0.4730861244019139
Emre Çolak,tr TUR,La Coruña,La Liga,2017-2018,2018-2019,MF,MF,26.0,False,17.0,1449.0,1.0,1.0,1.0,0.0,0.0,0.062111801242236,0.062111801242236,0.124223602484472,0.0,0,2017,2018,17017,emre colak,la coruna,77707.0,exact_normalized_unique,A,2018-08-10,2018-08-09,duckdb_big5_first_game,no_summer_event,0,0,,La Coruña,La Liga,Spain,0,0,0,,,,,,,,,,,,,,,0,la coruna,0,1,0,0,0,0,,,,,0,0,,,2000000.0,2018-05-30,7500000.0,4000000.0,2018-01-01,7500000.0,7500000.0,2017-06-05,7500000.0,2000000.0,historical_valuation,1,14.508658238524095,4000000.0,7500000.0,-2000000.0,-5500000.0,-0.5,-0.7333333333333334,7500000.0,0.2666666666666666,71.0,0.1600441501103753,0.3333333333333333,La Coruna,0.1052631578947368,0.7631578947368421,-1.0,La Coruna,1.0,,,same_team_copy_old,La Liga,0.1052631578947368,0.7631578947368421,-1.0,0,0.0,0.0,0.0,emre colak,la coruna,STABLE_BIG5_REVIEW,0.4729665071770335
Pasquale Schiattarella,it ITA,Benevento,Serie A,2020-2021,2021-2022,MF,MF,33.0,False,26.0,2247.0,1.0,1.0,1.0,0.0,0.0,0.0400534045393858,0.0400534045393858,0.0801068090787717,0.0,0,2020,2021,20311,pasquale schiattarella,benevento,56762.0,exact_normalized_unique,A,2021-08-06,2021-08-05,duckdb_big5_first_game,no_summer_event,0,0,,Benevento,Serie A,Italy,0,0,0,,,,,,,,,,,,,,,0,benevento,0,1,0,0,0,0,,,,,0,0,,,1000000.0,2021-06-03,1600000.0,1000000.0,2020-12-29,1600000.0,800000.0,2020-04-08,1600000.0,1000000.0,historical_valuation,1,13.815511557963774,1000000.0,800000.0,0.0,200000.0,0.0,0.25,1600000.0,0.625,63.0,0.0368536853685368,0.125,Benevento,0.1052631578947368,0.868421052631579,-0.9210526315789472,Benevento,1.0,,,same_team_copy_old,Serie A,0.1052631578947368,0.868421052631579,-0.9210526315789472,0,0.0,0.0,0.0,pasquale schiattarella,benevento,STABLE_BIG5_REVIEW,0.4716507177033493
Jimmy Cabot,fr FRA,Lorient,Ligue 1,2016-2017,2017-2018,"MF,FW",FW,22.0,False,11.0,1279.0,5.0,4.0,5.0,0.0,0.0,0.3518373729476153,0.2814698983580923,0.6333072713057075,0.0,0,2016,2017,16216,jimmy cabot,lorient,206912.0,exact_normalized_unique,A,2017-08-04,2017-08-03,duckdb_big5_first_game,no_summer_event,0,0,,Lorient,Ligue 1,France,0,0,0,,,,,,,,,,,,,,,0,lorient,0,1,0,0,0,0,,,,,0,0,,,2500000.0,2017-06-01,2500000.0,2500000.0,2017-01-16,2500000.0,2000000.0,2016-07-13,2000000.0,2500000.0,historical_valuation,1,14.731801689838347,2500000.0,2000000.0,0.0,500000.0,0.0,0.25,2500000.0,1.0,63.0,0.2637420718816067,0.3571428571428571,Lorient,0.1052631578947368,0.9473684210526316,-0.6842105263157895,Lorient,1.0,,,same_team_copy_old,Ligue 1,0.1052631578947368,0.9473684210526316,-0.6842105263157895,0,0.0,0.0,0.0,jimmy cabot,lorient,STABLE_BIG5_REVIEW,0.4715311004784689
Léo Baptistão,BRA,Almería,La Liga,2023-2024,2024-2025,FW,FW,30.0,False,22.0,1837.0,6.0,0.0,6.0,0.0,0.0,0.2939575394665215,0.0,0.2939575394665215,0.0,0,2023,2024,22932,leo baptistao,almeria,221899.0,exact_normalized_unique,A,2024-08-15,2024-08-14,duckdb_big5_first_game,no_summer_event,0,0,,Almería,La Liga,Spain,0,0,0,,,,,,,,,,,,,,,0,almeria,0,1,0,0,0,0,,,,,0,0,,,1500000.0,2024-06-07,7000000.0,1800000.0,2023-12-22,7000000.0,1800000.0,2023-06-13,7000000.0,1500000.0,historical_valuation,1,14.220976332738882,1800000.0,1800000.0,-300000.0,-300000.0,-0.1666666666666666,-0.1666666666666666,7000000.0,0.2142857142857142,68.0,0.0597447795823665,0.125,Almeria,0.0526315789473684,0.5526315789473685,-0.8421052631578947,Almeria,1.0,,,same_team_copy_old,La Liga,0.0526315789473684,0.5526315789473685,-0.8421052631578947,0,0.0,0.0,0.0,leo baptistao,almeria,STABLE_BIG5_REVIEW,0.4712918660287081
Tom Cleverley,eng ENG,Watford,Premier League,2021-2022,2022-2023,MF,MF,31.0,False,20.0,1616.0,0.0,2.0,0.0,0.0,0.0,0.0,0.1113861386138613,0.1113861386138613,0.0,0,2021,2022,21429,tom cleverley,watford,73484.0,exact_normalized_unique,A,2022-08-05,2022-08-04,duckdb_big5_first_game,no_summer_event,0,0,,Watford,Premier League,England,0,0,0,,,,,,,,,,,,,,,0,watford,0,1,0,0,0,0,,,,,0,0,,,1800000.0,2022-06-15,14000000.0,2000000.0,2021-12-23,14000000.0,3000000.0,2021-06-30,14000000.0,1800000.0,historical_valuation,1,14.403297778421797,2000000.0,3000000.0,-200000.0,-1200000.0,-0.0999999999999999,-0.4,14000000.0,0.1285714285714285,50.0,0.0803468208092485,0.2117647058823529,Watford,0.0526315789473684,0.6052631578947368,-1.131578947368421,Watford,1.0,,,same_team_copy_old,Premier League,0.0526315789473684,0.6052631578947368,-1.131578947368421,0,0.0,0.0,0.0,tom cleverley,watford,STABLE_BIG5_REVIEW,0.469377990430622
Jessy Deminguet,fr FRA,Caen,Ligue 1,2018-2019,2019-2020,MF,MF,20.0,False,15.0,1269.0,0.0,0.0,0.0,0.0,0.0,0.0,0.0,0.0,0.0,0,2018,2019,18133,jessy deminguet,caen,539232.0,exact_normalized_unique,A,2019-08-09,2019-08-08,duckdb_big5_first_game,no_summer_event,0,0,,Caen,Ligue 1,France,0,0,0,,,,,,,,,,,,,,,0,caen,0,1,0,0,0,0,,,,,0,0,,,2500000.0,2019-06-03,2500000.0,2500000.0,2018-12-17,2500000.0,500000.0,2018-06-04,500000.0,2500000.0,historical_valuation,1,14.731801689838347,2500000.0,500000.0,0.0,2000000.0,0.0,4.0,2500000.0,1.0,66.0,0.1490066225165563,0.3125,Caen,0.0526315789473684,0.868421052631579,-0.6578947368421053,Caen,1.0,,,same_team_copy_old,Ligue 1,0.0526315789473684,0.868421052631579,-0.6578947368421053,0,0.0,0.0,0.0,jessy deminguet,caen,STABLE_BIG5_REVIEW,0.4688995215311005
Takashi Inui,jp JPN,Eibar,La Liga,2020-2021,2021-2022,"MF,FW",FW,32.0,False,22.0,1819.0,1.0,0.0,1.0,0.0,0.0,0.0494777350192413,0.0,0.0494777350192413,0.0,0,2020,2021,20470,takashi inui,eibar,98249.0,exact_normalized_unique,A,2021-08-06,2021-08-05,duckdb_big5_first_game,no_summer_event,0,0,,Eibar,La Liga,Spain,0,0,0,,,,,,,,,,,,,,,0,eibar,0,1,0,0,0,0,,,,,0,0,,,1500000.0,2021-06-10,7500000.0,2000000.0,2021-01-05,7500000.0,2400000.0,2020-04-08,7500000.0,1500000.0,historical_valuation,1,14.220976332738882,2000000.0,2400000.0,-500000.0,-900000.0,-0.25,-0.375,7500000.0,0.2,56.0,0.0748074807480748,0.15,Eibar,0.0,0.7894736842105263,-0.6052631578947368,Eibar,1.0,,,same_team_copy_old,La Liga,0.0,0.7894736842105263,-0.6052631578947368,0,0.0,0.0,0.0,takashi inui,eibar,STABLE_BIG5_REVIEW,0.4686602870813397
Raffaele Maiello,it ITA,Frosinone,Serie A,2018-2019,2019-2020,MF,MF,27.0,False,22.0,2043.0,0.0,0.0,0.0,0.0,0.0,0.0,0.0,0.0,0.0,0,2018,2019,18479,raffaele maiello,frosinone,140559.0,exact_normalized_unique,A,2019-08-09,2019-08-08,duckdb_big5_first_game,no_summer_event,0,0,,Frosinone,Serie A,Italy,0,0,0,,,,,,,,,,,,,,,0,frosinone,0,1,0,0,0,0,,,,,0,0,,,1200000.0,2019-06-06,1600000.0,1500000.0,2018-12-20,1600000.0,1600000.0,2018-06-18,1600000.0,1200000.0,historical_valuation,1,13.997832948091215,1500000.0,1600000.0,-300000.0,-400000.0,-0.1999999999999999,-0.25,1600000.0,0.75,63.0,0.0529801324503311,0.15,Frosinone,0.0526315789473684,0.6578947368421053,-1.0526315789473684,Frosinone,1.0,,,same_team_copy_old,Serie A,0.0526315789473684,0.6578947368421053,-1.0526315789473684,0,0.0,0.0,0.0,raffaele maiello,frosinone,STABLE_BIG5_REVIEW,0.46650717703349287
Jhon Córdoba,co COL,Köln,Bundesliga,2017-2018,2018-2019,FW,FW,24.0,False,9.0,957.0,0.0,2.0,0.0,0.0,0.0,0.0,0.1880877742946708,0.1880877742946708,0.0,0,2017,2018,17188,jhon cordoba,koln,185245.0,exact_name_age_resolved,B,2018-08-10,2018-08-09,duckdb_big5_first_game,no_summer_event,0,0,,Köln,Bundesliga,Germany,0,0,0,,,,,,,,,,,,,,,0,koln,0,1,0,0,0,0,,,,,0,0,,,4000000.0,2018-06-05,10000000.0,10000000.0,2017-12-28,10000000.0,7000000.0,2017-06-19,7000000.0,4000000.0,historical_valuation,1,15.201805169084134,10000000.0,7000000.0,-6000000.0,-3000000.0,-0.6,-0.4285714285714286,10000000.0,0.4,65.0,0.3449227373068432,0.5333333333333333,FC Koln,0.0,0.6470588235294118,-1.0294117647058822,FC Koln,1.0,,,same_team_copy_old,Bundesliga,0.0,0.6470588235294118,-1.0294117647058822,0,0.0,0.0,0.0,jhon cordoba,koln,STABLE_BIG5_REVIEW,0.4661483253588517
Daniel Didavi,de GER,Stuttgart,Bundesliga,2018-2019,2019-2020,"MF,FW",FW,28.0,False,8.0,956.0,2.0,2.0,2.0,0.0,0.0,0.1882845188284518,0.1882845188284518,0.3765690376569037,0.0,0,2018,2019,17912,daniel didavi,stuttgart,57995.0,exact_normalized_unique,A,2019-08-09,2019-08-08,duckdb_big5_first_game,no_summer_event,0,0,,Stuttgart,Bundesliga,Germany,0,0,0,,,,,,,,,,,,,,,0,stuttgart,0,1,0,0,0,0,,,,,0,0,,,4000000.0,2019-06-05,7000000.0,6000000.0,2018-12-18,7000000.0,7000000.0,2018-06-05,7000000.0,4000000.0,historical_valuation,1,15.201805169084134,6000000.0,7000000.0,-2000000.0,-3000000.0,-0.3333333333333333,-0.4285714285714286,7000000.0,0.5714285714285714,64.0,0.2693156732891832,0.4,Stuttgart,0.1176470588235294,0.8235294117647058,-1.1176470588235294,Stuttgart,1.0,,,same_team_copy_old,Bundesliga,0.1176470588235294,0.8235294117647058,-1.1176470588235294,0,0.0,0.0,0.0,daniel didavi,stuttgart,STABLE_BIG5_REVIEW,0.4654306220095694
Fransérgio,br BRA,Bordeaux,Ligue 1,2021-2022,2022-2023,MF,MF,30.0,False,14.0,1258.0,0.0,1.0,0.0,0.0,0.0,0.0,0.0715421303656597,0.0715421303656597,0.0,0,2021,2022,20827,fransergio,bordeaux,111828.0,exact_normalized_unique,A,2022-08-05,2022-08-04,duckdb_big5_first_game,no_summer_event,0,0,,Bordeaux,Ligue 1,France,0,0,0,,,,,,,,,,,,,,,0,bordeaux,0,1,0,0,0,0,,,,,0,0,,,2500000.0,2022-05-30,5000000.0,3500000.0,2021-12-16,5000000.0,5000000.0,2021-05-21,5000000.0,2500000.0,historical_valuation,1,14.731801689838347,3500000.0,5000000.0,-1000000.0,-2500000.0,-0.2857142857142857,-0.5,5000000.0,0.5,66.0,0.1630057803468208,0.2941176470588235,Bordeaux,0.0,0.8157894736842105,-1.0263157894736843,Bordeaux,1.0,,,same_team_copy_old,Ligue 1,0.0,0.8157894736842105,-1.0263157894736843,0,0.0,0.0,0.0,fransergio,bordeaux,STABLE_BIG5_REVIEW,0.4650717703349282
Žan Majer,si SVN,Lecce,Serie A,2019-2020,2020-2021,MF,MF,27.0,False,19.0,1664.0,1.0,1.0,1.0,0.0,0.0,0.0540865384615384,0.0540865384615384,0.1081730769230769,0.0,0,2019,2020,19594,zan majer,lecce,180805.0,exact_normalized_unique,A,2020-08-21,2020-08-20,duckdb_big5_first_game,no_summer_event,0,0,,Lecce,Serie A,Italy,0,0,0,,,,,,,,,,,,,,,0,lecce,0,1,0,0,0,0,,,,,0,0,,,1600000.0,2020-04-08,2000000.0,1500000.0,2019-12-12,1500000.0,600000.0,2019-06-05,600000.0,1600000.0,historical_valuation,1,14.285514812209817,1500000.0,600000.0,100000.0,1000000.0,0.0666666666666666,1.6666666666666663,2000000.0,0.8,134.0,0.0815972222222222,0.2133333333333333,Lecce,0.1052631578947368,0.9210526315789472,-0.868421052631579,Lecce,1.0,,,same_team_copy_old,Serie A,0.1052631578947368,0.9210526315789472,-0.868421052631579,0,0.0,0.0,0.0,zan majer,lecce,STABLE_BIG5_REVIEW,0.4648325358851675
Sadio Diallo,gn GUI,Bastia,Ligue 1,2016-2017,2017-2018,"MF,FW",FW,25.0,False,20.0,1417.0,3.0,3.0,3.0,0.0,0.0,0.1905434015525758,0.1905434015525758,0.3810868031051517,0.0,0,2016,2017,16610,sadio diallo,bastia,137438.0,exact_normalized_unique,A,2017-08-04,2017-08-03,duckdb_big5_first_game,no_summer_event,0,0,,Bastia,Ligue 1,France,0,0,0,,,,,,,,,,,,,,,0,bastia,0,1,0,0,0,0,,,,,0,0,,,2000000.0,2017-06-01,2500000.0,1750000.0,2017-01-16,2500000.0,1250000.0,2016-07-13,2500000.0,2000000.0,historical_valuation,1,14.508658238524095,1750000.0,1250000.0,250000.0,750000.0,0.1428571428571428,0.6000000000000001,2500000.0,0.8,63.0,0.1966173361522198,0.2857142857142857,Bastia,0.0,0.8947368421052632,-0.7368421052631579,Bastia,1.0,,,same_team_copy_old,Ligue 1,0.0,0.8947368421052632,-0.7368421052631579,0,0.0,0.0,0.0,sadio diallo,bastia,STABLE_BIG5_REVIEW,0.46411483253588515
Gaëtan Charbonnier,fr FRA,Brest,Ligue 1,2020-2021,2021-2022,"MF,FW",FW,31.0,False,17.0,1570.0,6.0,1.0,5.0,1.0,1.0,0.3439490445859872,0.0573248407643312,0.4012738853503184,0.0,0,2020,2021,19882,gaetan charbonnier,brest,93678.0,exact_normalized_unique,A,2021-08-06,2021-08-05,duckdb_big5_first_game,no_confirmed_pre_cutoff_event,0,0,,Brest,Ligue 1,France,0,0,0,,,,,,,,,,,,,,,0,brest,0,1,0,0,0,0,,,,,0,0,,,1800000.0,2021-06-04,2500000.0,2500000.0,2020-10-15,2500000.0,2000000.0,2020-04-08,2500000.0,1800000.0,historical_valuation,1,14.403297778421797,2500000.0,2000000.0,-700000.0,-200000.0,-0.28,-0.0999999999999999,2500000.0,0.72,62.0,0.1001100110011001,0.18,Brest,0.1578947368421053,1.0789473684210529,-0.4210526315789473,Brest,1.0,,,same_team_copy_old,Ligue 1,0.1578947368421053,1.0789473684210529,-0.4210526315789473,0,0.0,0.0,0.0,gaetan charbonnier,brest,STABLE_BIG5_REVIEW,0.4626794258373206
Jake Livermore,eng ENG,West Brom,Premier League,2020-2021,2021-2022,MF,MF,30.0,False,15.0,1242.0,0.0,0.0,0.0,0.0,0.0,0.0,0.0,0.0,0.0,0,2020,2021,19968,jake livermore,west brom,61832.0,exact_normalized_unique,A,2021-08-06,2021-08-05,duckdb_big5_first_game,no_summer_event,0,0,,West Brom,Premier League,England,0,0,0,,,,,,,,,,,,,,,0,west brom,0,1,0,0,0,0,,,,,0,0,,,2500000.0,2021-06-08,9000000.0,5500000.0,2020-10-13,9000000.0,5500000.0,2020-04-08,9000000.0,2500000.0,historical_valuation,1,14.731801689838347,5500000.0,5500000.0,-3000000.0,-3000000.0,-0.5454545454545454,-0.5454545454545454,9000000.0,0.2777777777777778,58.0,0.1562156215621562,0.3125,West Brom,0.0526315789473684,0.6842105263157895,-1.0789473684210529,West Brom,1.0,,,same_team_copy_old,Premier League,0.0526315789473684,0.6842105263157895,-1.0789473684210529,0,0.0,0.0,0.0,jake livermore,west brom,STABLE_BIG5_REVIEW,0.4614832535885167
Alan Virginius,FRA,Clermont Foot,Ligue 1,2023-2024,2024-2025,FW,FW,20.0,False,13.0,1005.0,0.0,2.0,0.0,0.0,0.0,0.0,0.1791044776119403,0.1791044776119403,0.0,0,2023,2024,22448,alan virginius,clermont foot,654415.0,exact_normalized_unique,A,2024-08-15,2024-08-14,duckdb_big5_first_game,no_confirmed_pre_cutoff_event,0,0,,Clermont Foot,Ligue 1,France,0,0,1,,,,,,,,,,,,,,,0,clermont foot,0,1,0,0,0,0,,,,,0,0,,,3500000.0,2024-06-03,4000000.0,3500000.0,2023-12-18,4000000.0,4000000.0,2023-06-27,4000000.0,3500000.0,historical_valuation,1,15.068273812173889,3500000.0,4000000.0,0.0,-500000.0,0.0,-0.125,4000000.0,0.875,72.0,0.212877030162413,0.2916666666666667,Clermont,0.0,0.7352941176470589,-1.0,Clermont,1.0,,,same_team_copy_old,Ligue 1,0.0,0.7352941176470589,-1.0,0,0.0,0.0,0.0,alan virginius,clermont foot,STABLE_BIG5_REVIEW,0.46040669856459326
Yassine Benrahou,fr FRA,Nîmes,Ligue 1,2020-2021,2021-2022,MF,MF,21.0,False,15.0,1239.0,0.0,0.0,0.0,0.0,0.0,0.0,0.0,0.0,0.0,0,2020,2021,20543,yassine benrahou,nimes,344599.0,exact_normalized_unique,A,2021-08-06,2021-08-05,duckdb_big5_first_game,no_summer_event,0,0,,Nîmes,Ligue 1,France,0,0,0,,,,,,,,,,,,,,,0,nimes,0,1,0,0,0,0,,,,,0,0,,,2500000.0,2021-06-04,4000000.0,4000000.0,2020-10-15,4000000.0,4000000.0,2020-08-03,4000000.0,2500000.0,historical_valuation,1,14.731801689838347,4000000.0,4000000.0,-1500000.0,-1500000.0,-0.375,-0.375,4000000.0,0.625,62.0,0.1562156215621562,0.3125,Nimes,0.0526315789473684,0.9210526315789472,-0.8157894736842105,Nimes,1.0,,,same_team_copy_old,Ligue 1,0.0526315789473684,0.9210526315789472,-0.8157894736842105,0,0.0,0.0,0.0,yassine benrahou,nimes,STABLE_BIG5_REVIEW,0.4602870813397129
Përparim Hetemaj,fi FIN,Chievo,Serie A,2018-2019,2019-2020,MF,MF,31.0,False,25.0,2156.0,2.0,0.0,2.0,0.0,0.0,0.0834879406307977,0.0,0.0834879406307977,0.0,0,2018,2019,18458,perparim hetemaj,chievo,37295.0,exact_normalized_unique,A,2019-08-09,2019-08-08,duckdb_big5_first_game,no_summer_event,0,0,,Chievo,Serie A,Italy,0,0,0,,,,,,,,,,,,,,,0,chievo,0,1,0,0,0,0,,,,,0,0,,,1000000.0,2019-06-06,4500000.0,1800000.0,2018-12-20,4500000.0,3500000.0,2018-06-07,4500000.0,1000000.0,historical_valuation,1,13.815511557963774,1800000.0,3500000.0,-800000.0,-2500000.0,-0.4444444444444444,-0.7142857142857143,4500000.0,0.2222222222222222,63.0,0.0413907284768211,0.125,Chievo,0.0,0.5263157894736842,-1.3157894736842106,Chievo,1.0,,,same_team_copy_old,Serie A,0.0,0.5263157894736842,-1.3157894736842106,0,0.0,0.0,0.0,perparim hetemaj,chievo,STABLE_BIG5_REVIEW,0.4594497607655502
Toma Bašić,CRO,Salernitana,Serie A,2023-2024,2024-2025,MF,MF,26.0,False,14.0,1162.0,0.0,0.0,0.0,0.0,0.0,0.0,0.0,0.0,0.0,0,2023,2024,23289,toma basic,salernitana,334835.0,exact_normalized_unique,A,2024-08-15,2024-08-14,duckdb_big5_first_game,no_summer_event,0,0,,Salernitana,Serie A,Italy,0,0,0,,,,,,,,,,,,,,,0,salernitana,0,1,0,0,0,0,,,,,0,0,,,2800000.0,2024-06-05,10000000.0,3500000.0,2023-12-20,10000000.0,6000000.0,2023-06-15,10000000.0,2800000.0,historical_valuation,1,14.845130332288226,3500000.0,6000000.0,-700000.0,-3200000.0,-0.1999999999999999,-0.5333333333333333,10000000.0,0.28,70.0,0.1508120649651972,0.35,Salernitana,0.0,0.4473684210526316,-1.2894736842105263,Salernitana,1.0,,,same_team_copy_old,Serie A,0.0,0.4473684210526316,-1.2894736842105263,0,0.0,0.0,0.0,toma basic,salernitana,STABLE_BIG5_REVIEW,0.4590909090909091
Fran Rico,es ESP,Eibar,La Liga,2016-2017,2017-2018,MF,MF,28.0,False,13.0,1227.0,2.0,1.0,2.0,0.0,0.0,0.1466992665036674,0.0733496332518337,0.2200488997555012,0.0,0,2016,2017,16089,fran rico,eibar,63689.0,exact_normalized_unique,A,2017-08-04,2017-08-03,duckdb_big5_first_game,no_summer_event,0,0,,Eibar,La Liga,Spain,0,0,0,,,,,,,,,,,,,,,0,eibar,0,1,0,0,0,0,,,,,0,0,,,2500000.0,2017-06-05,3000000.0,3000000.0,2017-01-24,3000000.0,3000000.0,2016-07-15,3000000.0,2500000.0,historical_valuation,1,14.731801689838347,3000000.0,3000000.0,-500000.0,-500000.0,-0.1666666666666666,-0.1666666666666666,3000000.0,0.8333333333333334,59.0,0.2637420718816067,0.625,Eibar,0.5263157894736843,1.4210526315789471,0.131578947368421,Eibar,1.0,,,same_team_copy_old,La Liga,0.5263157894736843,1.4210526315789471,0.131578947368421,0,0.0,0.0,0.0,fran rico,eibar,STABLE_BIG5_REVIEW,0.45574162679425834
Isaac Cuenca,es ESP,Granada,La Liga,2016-2017,2017-2018,"MF,DF",MF,25.0,False,18.0,1746.0,2.0,0.0,2.0,0.0,0.0,0.1030927835051546,0.0,0.1030927835051546,0.0,0,2016,2017,16165,isaac cuenca,granada,176285.0,exact_normalized_unique,A,2017-08-04,2017-08-03,duckdb_big5_first_game,no_summer_event,0,0,,Granada,La Liga,Spain,0,0,0,,,,,,,,,,,,,,,0,granada,0,1,0,0,0,0,,,,,0,0,,,1500000.0,2017-06-05,5000000.0,2000000.0,2017-01-24,5000000.0,2000000.0,2016-07-15,5000000.0,1500000.0,historical_valuation,1,14.220976332738882,2000000.0,2000000.0,-500000.0,-500000.0,-0.25,-0.25,5000000.0,0.3,59.0,0.1289640591966173,0.375,Granada,0.0,0.5263157894736842,-1.368421052631579,Granada,1.0,,,same_team_copy_old,La Liga,0.0,0.5263157894736842,-1.368421052631579,0,0.0,0.0,0.0,isaac cuenca,granada,STABLE_BIG5_REVIEW,0.4555023923444976
Pedro Mosquera,es ESP,La Coruña,La Liga,2017-2018,2018-2019,MF,MF,29.0,False,16.0,1396.0,0.0,2.0,0.0,0.0,0.0,0.0,0.1289398280802292,0.1289398280802292,0.0,0,2017,2018,17505,pedro mosquera,la coruna,44069.0,exact_normalized_unique,A,2018-08-10,2018-08-09,duckdb_big5_first_game,no_summer_event,0,0,,La Coruña,La Liga,Spain,0,0,0,,,,,,,,,,,,,,,0,la coruna,0,1,0,0,0,0,,,,,0,0,,,2000000.0,2018-05-30,6000000.0,2000000.0,2018-01-01,6000000.0,4000000.0,2017-06-05,6000000.0,2000000.0,historical_valuation,1,14.508658238524095,2000000.0,4000000.0,0.0,-2000000.0,0.0,-0.5,6000000.0,0.3333333333333333,71.0,0.1600441501103753,0.3333333333333333,La Coruna,0.1052631578947368,0.7631578947368421,-1.0,La Coruna,1.0,,,same_team_copy_old,La Liga,0.1052631578947368,0.7631578947368421,-1.0,0,0.0,0.0,0.0,pedro mosquera,la coruna,STABLE_BIG5_REVIEW,0.4545454545454546
Hendrik Weydandt,de GER,Hannover 96,Bundesliga,2018-2019,2019-2020,FW,FW,23.0,False,18.0,1723.0,6.0,1.0,6.0,0.0,0.0,0.3134068485200232,0.0522344747533372,0.3656413232733604,0.0,0,2018,2019,18067,hendrik weydandt,hannover 96,330223.0,exact_normalized_unique,A,2019-08-09,2019-08-08,duckdb_big5_first_game,no_summer_event,0,0,,Hannover 96,Bundesliga,Germany,0,0,0,,,,,,,,,,,,,,,0,hannover 96,0,1,0,0,0,0,,,,,0,0,,,1500000.0,2019-06-05,1500000.0,1000000.0,2018-12-18,1000000.0,150000.0,2018-08-08,150000.0,1500000.0,historical_valuation,1,14.220976332738882,1000000.0,150000.0,500000.0,1350000.0,0.5,9.0,1500000.0,1.0,64.0,0.0700883002207505,0.15,Hannover,0.0588235294117647,0.6176470588235294,-1.1764705882352942,Hannover,1.0,,,same_team_copy_old,Bundesliga,0.0588235294117647,0.6176470588235294,-1.1764705882352942,0,0.0,0.0,0.0,hendrik weydandt,hannover 96,STABLE_BIG5_REVIEW,0.4526315789473684
Bruno Zuculini,ar ARG,Hellas Verona,Serie A,2017-2018,2018-2019,MF,MF,24.0,False,15.0,1216.0,2.0,0.0,2.0,0.0,0.0,0.1480263157894736,0.0,0.1480263157894736,0.0,0,2017,2018,16900,bruno zuculini,hellas verona,115507.0,exact_normalized_unique,A,2018-08-10,2018-08-09,duckdb_big5_first_game,no_summer_event,0,0,,Hellas Verona,Serie A,Italy,0,0,0,,,,,,,,,,,,,,,0,hellas verona,0,1,0,0,0,0,,,,,0,0,,,2500000.0,2018-05-08,4000000.0,1700000.0,2017-12-29,4000000.0,1200000.0,2017-06-09,4000000.0,2500000.0,historical_valuation,1,14.731801689838347,1700000.0,1200000.0,800000.0,1300000.0,0.4705882352941177,1.0833333333333337,4000000.0,0.625,93.0,0.2146799116997792,0.4166666666666667,Verona,0.0526315789473684,0.6578947368421053,-1.263157894736842,Verona,1.0,,,same_team_copy_old,Serie A,0.0526315789473684,0.6578947368421053,-1.263157894736842,0,0.0,0.0,0.0,bruno zuculini,hellas verona,STABLE_BIG5_REVIEW,0.4523923444976077
Jay Rodriguez,eng ENG,Burnley,Premier League,2021-2022,2022-2023,FW,FW,32.0,False,13.0,1382.0,2.0,2.0,2.0,0.0,0.0,0.130246020260492,0.130246020260492,0.260492040520984,0.0,0,2021,2022,20938,jay rodriguez,burnley,53360.0,exact_normalized_unique,A,2022-08-05,2022-08-04,duckdb_big5_first_game,no_summer_event,0,0,,Burnley,Premier League,England,0,0,0,,,,,,,,,,,,,,,0,burnley,0,1,0,0,0,0,,,,,0,0,,,2000000.0,2022-06-15,13000000.0,3000000.0,2021-12-23,13000000.0,4000000.0,2021-06-08,13000000.0,2000000.0,historical_valuation,1,14.508658238524095,3000000.0,4000000.0,-1000000.0,-2000000.0,-0.3333333333333333,-0.5,13000000.0,0.1538461538461538,50.0,0.1115606936416185,0.1739130434782608,Burnley,0.1052631578947368,0.9210526315789472,-0.5,Burnley,1.0,,,same_team_copy_old,Premier League,0.1052631578947368,0.9210526315789472,-0.5,0,0.0,0.0,0.0,jay rodriguez,burnley,STABLE_BIG5_REVIEW,0.4523923444976077
Sebastian Griesbeck,de GER,Greuther Fürth,Bundesliga,2021-2022,2022-2023,"DF,MF",MF,30.0,False,28.0,2448.0,1.0,0.0,1.0,0.0,0.0,0.0367647058823529,0.0,0.0367647058823529,0.0,0,2021,2022,21361,sebastian griesbeck,greuther furth,153555.0,exact_normalized_unique,A,2022-08-05,2022-08-04,duckdb_big5_first_game,no_summer_event,0,0,,Greuther Fürth,Bundesliga,Germany,0,0,0,,,,,,,,,,,,,,,0,greuther furth,0,1,0,0,0,0,,,,,0,0,,,700000.0,2022-06-09,1250000.0,800000.0,2021-12-22,1250000.0,1000000.0,2021-06-09,1250000.0,700000.0,historical_valuation,1,13.45883704259595,800000.0,1000000.0,-100000.0,-300000.0,-0.125,-0.3,1250000.0,0.56,56.0,0.0156069364161849,0.0823529411764705,Greuther Furth,0.0,0.5294117647058824,-1.588235294117647,Greuther Furth,1.0,,,same_team_copy_old,Bundesliga,0.0,0.5294117647058824,-1.588235294117647,0,0.0,0.0,0.0,sebastian griesbeck,greuther furth,STABLE_BIG5_REVIEW,0.45179425837320575
Oscar Vilhelmsson,SWE,Darmstadt 98,Bundesliga,2023-2024,2024-2025,"FW,MF",FW,19.0,False,16.0,1374.0,4.0,1.0,4.0,0.0,0.0,0.2620087336244541,0.0655021834061135,0.3275109170305676,0.0,0,2023,2024,23131,oscar vilhelmsson,darmstadt 98,673071.0,exact_normalized_unique,A,2024-08-15,2024-08-14,duckdb_big5_first_game,no_summer_event,0,0,,Darmstadt 98,Bundesliga,Germany,0,0,0,,,,,,,,,,,,,,,0,darmstadt 98,0,1,0,0,0,0,,,,,0,0,,,2000000.0,2024-05-29,2000000.0,2000000.0,2023-12-14,2000000.0,1500000.0,2023-06-28,2000000.0,2000000.0,historical_valuation,1,14.508658238524095,2000000.0,1500000.0,0.0,500000.0,0.0,0.3333333333333332,2000000.0,1.0,77.0,0.1015081206496519,0.1666666666666666,Darmstadt,0.0,0.5,-1.6470588235294117,Darmstadt,1.0,,,same_team_copy_old,Bundesliga,0.0,0.5,-1.6470588235294117,0,0.0,0.0,0.0,oscar vilhelmsson,darmstadt 98,STABLE_BIG5_REVIEW,0.4492822966507177
Alfredo Morales,us USA,Ingolstadt 04,Bundesliga,2016-2017,2017-2018,MF,MF,26.0,False,20.0,1710.0,1.0,0.0,1.0,0.0,0.0,0.0526315789473684,0.0,0.0526315789473684,0.0,0,2016,2017,15837,alfredo morales,ingolstadt 04,58500.0,exact_normalized_unique,A,2017-08-04,2017-08-03,duckdb_big5_first_game,no_summer_event,0,0,,Ingolstadt 04,Bundesliga,Germany,0,0,0,,,,,,,,,,,,,,,0,ingolstadt 04,0,1,0,0,0,0,,,,,0,0,,,1500000.0,2017-06-19,2000000.0,2000000.0,2016-07-22,2000000.0,2000000.0,2016-07-22,2000000.0,1500000.0,historical_valuation,1,14.220976332738882,2000000.0,2000000.0,-500000.0,-500000.0,-0.25,-0.25,2000000.0,0.75,45.0,0.1289640591966173,0.375,Ingolstadt,0.0588235294117647,0.9411764705882352,-0.6176470588235294,Ingolstadt,1.0,,,same_team_copy_old,Bundesliga,0.0588235294117647,0.9411764705882352,-0.6176470588235294,0,0.0,0.0,0.0,alfredo morales,ingolstadt 04,STABLE_BIG5_REVIEW,0.44928229665071767
Nabil Alioui,FRA,Le Havre,Ligue 1,2023-2024,2024-2025,"MF,FW",FW,24.0,False,12.0,1009.0,4.0,1.0,4.0,0.0,0.0,0.3567888999008919,0.0891972249752229,0.4459861248761149,0.0,0,2023,2024,23080,nabil alioui,le havre,344607.0,exact_normalized_unique,A,2024-08-15,2024-08-14,duckdb_big5_first_game,no_summer_event,0,0,,Le Havre,Ligue 1,France,0,0,0,,,,,,,,,,,,,,,0,le havre,0,1,0,0,0,0,,,,,0,0,,,3200000.0,2024-05-31,4000000.0,4000000.0,2023-12-18,4000000.0,1500000.0,2023-06-16,1500000.0,3200000.0,historical_valuation,1,14.978661680269909,4000000.0,1500000.0,-800000.0,1700000.0,-0.1999999999999999,1.1333333333333333,4000000.0,0.8,75.0,0.1983758700696055,0.2666666666666666,Le Havre,0.1764705882352941,0.9411764705882352,-0.3235294117647059,Le Havre,1.0,,,same_team_copy_old,Ligue 1,0.1764705882352941,0.9411764705882352,-0.3235294117647059,0,0.0,0.0,0.0,nabil alioui,le havre,STABLE_BIG5_REVIEW,0.4490430622009569
Nicolas Viola,it ITA,Benevento,Serie A,2017-2018,2018-2019,MF,MF,27.0,False,20.0,1850.0,2.0,6.0,2.0,0.0,1.0,0.0972972972972973,0.2918918918918918,0.3891891891891892,0.0,0,2017,2018,17462,nicolas viola,benevento,85393.0,exact_normalized_unique,A,2018-08-10,2018-08-09,duckdb_big5_first_game,no_summer_event,0,0,,Benevento,Serie A,Italy,0,0,0,,,,,,,,,,,,,,,0,benevento,0,1,0,0,0,0,,,,,0,0,,,1400000.0,2018-06-07,1900000.0,1300000.0,2017-12-29,1900000.0,1900000.0,2017-06-09,1900000.0,1400000.0,historical_valuation,1,14.151983508870948,1300000.0,1900000.0,100000.0,-500000.0,0.0769230769230768,-0.2631578947368421,1900000.0,0.7368421052631579,63.0,0.0789183222958057,0.2333333333333333,Benevento,0.0,0.5526315789473685,-1.3421052631578947,Benevento,1.0,,,same_team_copy_old,Serie A,0.0,0.5526315789473685,-1.3421052631578947,0,0.0,0.0,0.0,nicolas viola,benevento,STABLE_BIG5_REVIEW,0.4488038277511962
Federico Ricci,it ITA,Crotone,Serie A,2017-2018,2018-2019,FW,FW,23.0,False,12.0,1138.0,1.0,1.0,1.0,0.0,0.0,0.0790861159929701,0.0790861159929701,0.1581722319859402,0.0,0,2017,2018,17043,federico ricci,crotone,198086.0,exact_normalized_unique,A,2018-08-10,2018-08-09,duckdb_big5_first_game,no_confirmed_pre_cutoff_event,0,0,,Crotone,Serie A,Italy,0,0,0,,,,,,,,,,,,,,,0,crotone,0,1,0,0,0,0,,,,,0,0,,,2700000.0,2018-06-07,4000000.0,3000000.0,2017-12-29,4000000.0,3500000.0,2017-06-08,4000000.0,2700000.0,historical_valuation,1,14.80876270134486,3000000.0,3500000.0,-300000.0,-800000.0,-0.0999999999999999,-0.2285714285714285,4000000.0,0.675,63.0,0.2417218543046357,0.36,Crotone,0.1052631578947368,0.9210526315789472,-0.6842105263157895,Crotone,1.0,,,same_team_copy_old,Serie A,0.1052631578947368,0.9210526315789472,-0.6842105263157895,0,0.0,0.0,0.0,federico ricci,crotone,STABLE_BIG5_REVIEW,0.44856459330143544
Pirmin Schwegler,ch SUI,Hannover 96,Bundesliga,2018-2019,2019-2020,MF,MF,31.0,False,25.0,2075.0,0.0,1.0,0.0,0.0,0.0,0.0,0.0433734939759036,0.0433734939759036,0.0,0,2018,2019,18469,pirmin schwegler,hannover 96,14533.0,exact_normalized_unique,A,2019-08-09,2019-08-08,duckdb_big5_first_game,no_summer_event,0,0,,Hannover 96,Bundesliga,Germany,0,0,0,,,,,,,,,,,,,,,0,hannover 96,0,1,0,0,0,0,,,,,0,0,,,1000000.0,2019-06-05,6000000.0,2500000.0,2018-12-18,6000000.0,3000000.0,2018-06-05,6000000.0,1000000.0,historical_valuation,1,13.815511557963774,2500000.0,3000000.0,-1500000.0,-2000000.0,-0.6,-0.6666666666666667,6000000.0,0.1666666666666666,64.0,0.0413907284768211,0.125,Hannover,0.0588235294117647,0.6176470588235294,-1.1764705882352942,Hannover,1.0,,,same_team_copy_old,Bundesliga,0.0588235294117647,0.6176470588235294,-1.1764705882352942,0,0.0,0.0,0.0,pirmin schwegler,hannover 96,STABLE_BIG5_REVIEW,0.4484449760765551
Afriyie Acquah,gh GHA,Empoli,Serie A,2018-2019,2019-2020,MF,MF,26.0,False,19.0,1510.0,2.0,0.0,2.0,0.0,0.0,0.119205298013245,0.0,0.119205298013245,0.0,0,2018,2019,17749,afriyie acquah,empoli,145581.0,exact_normalized_unique,A,2019-08-09,2019-08-08,duckdb_big5_first_game,no_summer_event,0,0,,Empoli,Serie A,Italy,0,0,0,,,,,,,,,,,,,,,0,empoli,0,1,0,0,0,0,,,,,0,0,,,1800000.0,2019-06-06,3000000.0,1800000.0,2018-12-20,3000000.0,2000000.0,2018-06-07,3000000.0,1800000.0,historical_valuation,1,14.403297778421797,1800000.0,2000000.0,0.0,-200000.0,0.0,-0.0999999999999999,3000000.0,0.6,63.0,0.0883002207505518,0.225,Empoli,0.1052631578947368,1.0,-0.5,Empoli,1.0,,,same_team_copy_old,Serie A,0.1052631578947368,1.0,-0.5,0,0.0,0.0,0.0,afriyie acquah,empoli,STABLE_BIG5_REVIEW,0.44760765550239234
Lewis Holtby,de GER,Hamburger SV,Bundesliga,2017-2018,2018-2019,"MF,FW",FW,26.0,False,13.0,1196.0,6.0,0.0,6.0,0.0,0.0,0.451505016722408,0.0,0.451505016722408,0.0,0,2017,2018,17289,lewis holtby,hamburger sv,55508.0,exact_normalized_unique,A,2018-08-10,2018-08-09,duckdb_big5_first_game,no_summer_event,0,0,,Hamburger SV,Bundesliga,Germany,0,0,0,,,,,,,,,,,,,,,0,hamburger sv,0,1,0,0,0,0,,,,,0,0,,,2500000.0,2018-06-05,11000000.0,3000000.0,2017-12-28,11000000.0,5000000.0,2017-06-19,11000000.0,2500000.0,historical_valuation,1,14.731801689838347,3000000.0,5000000.0,-500000.0,-2500000.0,-0.1666666666666666,-0.5,11000000.0,0.2272727272727272,65.0,0.2146799116997792,0.3333333333333333,Hamburg,0.0588235294117647,0.9117647058823528,-0.7058823529411765,Hamburg,1.0,,,same_team_copy_old,Bundesliga,0.0588235294117647,0.9117647058823528,-0.7058823529411765,0,0.0,0.0,0.0,lewis holtby,hamburger sv,STABLE_BIG5_REVIEW,0.44688995215311006
Moussa Konaté,sn SEN,Dijon,Ligue 1,2020-2021,2021-2022,FW,FW,27.0,False,13.0,1196.0,5.0,1.0,4.0,1.0,2.0,0.3762541806020066,0.0752508361204013,0.451505016722408,0.0,0,2020,2021,20244,moussa konate,dijon,192774.0,exact_normalized_unique,A,2021-08-06,2021-08-05,duckdb_big5_first_game,no_summer_event,0,0,,Dijon,Ligue 1,France,0,0,0,,,,,,,,,,,,,,,0,dijon,0,1,0,0,0,0,,,,,0,0,,,2500000.0,2021-06-04,9000000.0,3000000.0,2021-01-07,9000000.0,4000000.0,2020-04-08,9000000.0,2500000.0,historical_valuation,1,14.731801689838347,3000000.0,4000000.0,-500000.0,-1500000.0,-0.1666666666666666,-0.375,9000000.0,0.2777777777777778,62.0,0.1562156215621562,0.25,Dijon,0.0,0.5526315789473685,-1.263157894736842,Dijon,1.0,,,same_team_copy_old,Ligue 1,0.0,0.5526315789473685,-1.263157894736842,0,0.0,0.0,0.0,moussa konate,dijon,STABLE_BIG5_REVIEW,0.44688995215311006
Gonzalo Escalante,ARG,Cádiz,La Liga,2023-2024,2024-2025,MF,MF,30.0,False,18.0,1697.0,1.0,2.0,1.0,0.0,0.0,0.0530347672362993,0.1060695344725987,0.159104301708898,0.0,0,2023,2024,22743,gonzalo escalante,cadiz,266795.0,exact_normalized_unique,A,2024-08-15,2024-08-14,duckdb_big5_first_game,no_summer_event,0,0,,Cádiz,La Liga,Spain,0,0,0,,,,,,,,,,,,,,,0,cadiz,0,1,0,0,0,0,,,,,0,0,,,1500000.0,2024-06-07,5000000.0,2000000.0,2023-12-22,5000000.0,2000000.0,2023-06-13,5000000.0,1500000.0,historical_valuation,1,14.220976332738882,2000000.0,2000000.0,-500000.0,-500000.0,-0.25,-0.25,5000000.0,0.3,68.0,0.0597447795823665,0.1875,Cadiz,0.1052631578947368,0.868421052631579,-0.7631578947368421,Cadiz,1.0,,,same_team_copy_old,La Liga,0.1052631578947368,0.868421052631579,-0.7631578947368421,0,0.0,0.0,0.0,gonzalo escalante,cadiz,STABLE_BIG5_REVIEW,0.44688995215311006
Përparim Hetemaj,fi FIN,Benevento,Serie A,2020-2021,2021-2022,MF,MF,33.0,False,27.0,2212.0,0.0,2.0,0.0,0.0,0.0,0.0,0.081374321880651,0.081374321880651,0.0,0,2020,2021,20327,perparim hetemaj,benevento,37295.0,exact_normalized_unique,A,2021-08-06,2021-08-05,duckdb_big5_first_game,no_summer_event,0,0,,Benevento,Serie A,Italy,0,0,0,,,,,,,,,,,,,,,0,benevento,0,1,0,0,0,0,,,,,0,0,,,900000.0,2021-06-03,4500000.0,900000.0,2020-12-29,4500000.0,800000.0,2020-04-08,4500000.0,900000.0,historical_valuation,1,13.71015115341694,900000.0,800000.0,0.0,100000.0,0.0,0.125,4500000.0,0.2,63.0,0.0291529152915291,0.1125,Benevento,0.1052631578947368,0.868421052631579,-0.9210526315789472,Benevento,1.0,,,same_team_copy_old,Serie A,0.1052631578947368,0.868421052631579,-0.9210526315789472,0,0.0,0.0,0.0,perparim hetemaj,benevento,STABLE_BIG5_REVIEW,0.44533492822966514
Bebé,cv CPV,Rayo Vallecano,La Liga,2018-2019,2019-2020,"FW,MF",FW,28.0,False,14.0,1364.0,1.0,1.0,1.0,0.0,0.0,0.0659824046920821,0.0659824046920821,0.1319648093841642,0.0,0,2018,2019,17835,bebe,rayo vallecano,153427.0,exact_normalized_unique,A,2019-08-09,2019-08-08,duckdb_big5_first_game,no_summer_event,0,0,,Rayo Vallecano,La Liga,Spain,0,0,0,,,,,,,,,,,,,,,0,rayo vallecano,0,1,0,0,0,0,,,,,0,0,,,2000000.0,2019-06-11,3000000.0,1000000.0,2018-12-21,3000000.0,1000000.0,2018-05-30,3000000.0,2000000.0,historical_valuation,1,14.508658238524095,1000000.0,1000000.0,1000000.0,1000000.0,1.0,1.0,3000000.0,0.6666666666666666,58.0,0.1092715231788079,0.2,Vallecano,0.0,0.8421052631578947,-0.7631578947368421,Vallecano,1.0,,,same_team_copy_old,La Liga,0.0,0.8421052631578947,-0.7631578947368421,0,0.0,0.0,0.0,bebe,rayo vallecano,STABLE_BIG5_REVIEW,0.4452153110047847
Robin Hack,de GER,Arminia,Bundesliga,2021-2022,2022-2023,"FW,MF",FW,22.0,False,13.0,1364.0,0.0,3.0,0.0,0.0,0.0,0.0,0.1979472140762463,0.1979472140762463,0.0,0,2021,2022,21314,robin hack,arminia,284010.0,exact_normalized_unique,A,2022-08-05,2022-08-04,duckdb_big5_first_game,no_summer_event,0,0,,Arminia,Bundesliga,Germany,0,0,0,,,,,,,,,,,,,,,0,arminia,0,1,0,0,0,0,,,,,0,0,,,2000000.0,2022-06-09,3500000.0,2300000.0,2021-12-22,3500000.0,3000000.0,2021-06-16,3500000.0,2000000.0,historical_valuation,1,14.508658238524095,2300000.0,3000000.0,-300000.0,-1000000.0,-0.1304347826086956,-0.3333333333333333,3500000.0,0.5714285714285714,56.0,0.1115606936416185,0.1739130434782608,Bielefeld,0.0588235294117647,0.8235294117647058,-0.7647058823529411,Bielefeld,1.0,,,same_team_copy_old,Bundesliga,0.0588235294117647,0.8235294117647058,-0.7647058823529411,0,0.0,0.0,0.0,robin hack,arminia,STABLE_BIG5_REVIEW,0.4452153110047847
Iván Alejo,ESP,Cádiz,La Liga,2023-2024,2024-2025,MF,MF,28.0,False,21.0,1692.0,0.0,2.0,0.0,0.0,0.0,0.0,0.1063829787234042,0.1063829787234042,0.0,0,2023,2024,22791,ivan alejo,cadiz,281755.0,exact_normalized_unique,A,2024-08-15,2024-08-14,duckdb_big5_first_game,no_summer_event,0,0,,Cádiz,La Liga,Spain,0,0,0,,,,,,,,,,,,,,,0,cadiz,0,1,0,0,0,0,,,,,0,0,,,1500000.0,2024-06-07,4000000.0,1500000.0,2023-12-22,4000000.0,1200000.0,2023-06-13,4000000.0,1500000.0,historical_valuation,1,14.220976332738882,1500000.0,1200000.0,0.0,300000.0,0.0,0.25,4000000.0,0.375,68.0,0.0597447795823665,0.1875,Cadiz,0.1052631578947368,0.868421052631579,-0.7631578947368421,Cadiz,1.0,,,same_team_copy_old,La Liga,0.1052631578947368,0.868421052631579,-0.7631578947368421,0,0.0,0.0,0.0,ivan alejo,cadiz,STABLE_BIG5_REVIEW,0.4452153110047847
Yuya Kubo,jp JPN,Nürnberg,Bundesliga,2018-2019,2019-2020,"FW,MF",FW,24.0,False,15.0,1357.0,1.0,0.0,1.0,0.0,0.0,0.0663227708179808,0.0,0.0663227708179808,0.0,0,2018,2019,18681,yuya kubo,nurnberg,186260.0,exact_normalized_unique,A,2019-08-09,2019-08-08,duckdb_big5_first_game,no_summer_event,0,0,,Nürnberg,Bundesliga,Germany,0,0,0,,,,,,,,,,,,,,,0,nurnberg,0,1,0,0,0,0,,,,,0,0,,,2000000.0,2019-06-05,5000000.0,4000000.0,2018-12-18,5000000.0,5000000.0,2018-06-03,5000000.0,2000000.0,historical_valuation,1,14.508658238524095,4000000.0,5000000.0,-2000000.0,-3000000.0,-0.5,-0.6,5000000.0,0.4,64.0,0.1092715231788079,0.2,Nurnberg,0.0,0.5588235294117647,-1.2352941176470589,Nurnberg,1.0,,,same_team_copy_old,Bundesliga,0.0,0.5588235294117647,-1.2352941176470589,0,0.0,0.0,0.0,yuya kubo,nurnberg,STABLE_BIG5_REVIEW,0.4430622009569378
Márton Dárdai,de GER,Hertha BSC,Bundesliga,2022-2023,2023-2024,"DF,MF",MF,20.0,False,11.0,947.0,1.0,0.0,1.0,0.0,0.0,0.0950369588173178,0.0,0.0950369588173178,0.0,0,2022,2023,22080,marton dardai,hertha bsc,432281.0,exact_normalized_unique,A,2023-08-11,2023-08-10,duckdb_big5_first_game,no_summer_event,0,0,,Hertha BSC,Bundesliga,Germany,0,0,0,,,,,,,,,,,,,,,0,hertha bsc,0,1,0,0,0,0,,,,,0,0,,,3500000.0,2023-06-22,6000000.0,4000000.0,2022-11-09,6000000.0,5000000.0,2022-06-09,6000000.0,3500000.0,historical_valuation,1,15.068273812173889,4000000.0,5000000.0,-500000.0,-1500000.0,-0.125,-0.3,6000000.0,0.5833333333333334,49.0,0.2349260523321956,0.4375,Hertha,0.0,0.8529411764705882,-0.7941176470588235,Hertha,1.0,,,same_team_copy_old,Bundesliga,0.0,0.8529411764705882,-0.7941176470588235,0,0.0,0.0,0.0,marton dardai,hertha bsc,STABLE_BIG5_REVIEW,0.4424641148325359
Salvatore Esposito,it ITA,Spezia,Serie A,2022-2023,2023-2024,MF,MF,21.0,False,10.0,971.0,1.0,0.0,1.0,0.0,0.0,0.0926879505664263,0.0,0.0926879505664263,0.0,0,2022,2023,22294,salvatore esposito,spezia,390160.0,exact_normalized_unique,A,2023-08-11,2023-08-10,duckdb_big5_first_game,no_summer_event,0,0,,Spezia,Serie A,Italy,0,0,0,,,,,,,,,,,,,,,0,spezia,0,1,0,0,0,0,,,,,0,0,,,3300000.0,2023-06-15,3500000.0,3500000.0,2022-12-22,3500000.0,2800000.0,2022-06-06,3000000.0,3300000.0,historical_valuation,1,15.009433329466964,3500000.0,2800000.0,-200000.0,500000.0,-0.0571428571428571,0.1785714285714286,3500000.0,0.9428571428571428,56.0,0.2241183162684869,0.4125,Spezia,0.1052631578947368,0.8157894736842105,-0.8157894736842105,Spezia,1.0,,,same_team_copy_old,Serie A,0.1052631578947368,0.8157894736842105,-0.8157894736842105,0,0.0,0.0,0.0,salvatore esposito,spezia,STABLE_BIG5_REVIEW,0.4411483253588517
Sergio León,es ESP,Valladolid,La Liga,2022-2023,2023-2024,FW,FW,33.0,False,14.0,1334.0,6.0,1.0,5.0,1.0,2.0,0.4047976011994003,0.0674662668665667,0.472263868065967,0.0,0,2022,2023,22322,sergio leon,valladolid,145769.0,exact_normalized_unique,A,2023-08-11,2023-08-10,duckdb_big5_first_game,no_summer_event,0,0,,Valladolid,La Liga,Spain,0,0,0,,,,,,,,,,,,,,,0,valladolid,0,1,0,0,0,0,,,,,0,0,,,2000000.0,2023-06-13,5000000.0,2000000.0,2022-11-07,5000000.0,1200000.0,2022-06-29,5000000.0,2000000.0,historical_valuation,1,14.508658238524095,2000000.0,1200000.0,0.0,800000.0,0.0,0.6666666666666667,5000000.0,0.4,58.0,0.1126279863481228,0.1818181818181818,Valladolid,0.1052631578947368,1.0526315789473684,-0.7894736842105263,Valladolid,1.0,,,same_team_copy_old,La Liga,0.1052631578947368,1.0526315789473684,-0.7894736842105263,0,0.0,0.0,0.0,sergio leon,valladolid,STABLE_BIG5_REVIEW,0.43923444976076553
Sofian Kiyine,ma MAR,Venezia,Serie A,2021-2022,2022-2023,"MF,FW",FW,23.0,False,14.0,1239.0,1.0,0.0,1.0,0.0,1.0,0.072639225181598,0.0,0.072639225181598,0.0,0,2021,2022,21381,sofian kiyine,venezia,393804.0,exact_normalized_unique,A,2022-08-05,2022-08-04,duckdb_big5_first_game,no_confirmed_pre_cutoff_event,0,0,,Venezia,Serie A,Italy,0,0,0,,,,,,,,,,,,,,,0,venezia,0,1,0,0,0,0,,,,,0,0,,,2100000.0,2022-06-07,3000000.0,2300000.0,2021-12-28,3000000.0,2000000.0,2021-06-24,3000000.0,2100000.0,historical_valuation,1,14.557448378884017,2300000.0,2000000.0,-200000.0,100000.0,-0.0869565217391304,0.05,3000000.0,0.7,58.0,0.1329479768786127,0.1826086956521739,Venezia,0.0,0.7105263157894737,-0.9210526315789472,Venezia,1.0,,,same_team_copy_old,Serie A,0.0,0.7105263157894737,-0.9210526315789472,0,0.0,0.0,0.0,sofian kiyine,venezia,STABLE_BIG5_REVIEW,0.4380382775119617
Gerónimo Poblete,ar ARG,Metz,Ligue 1,2017-2018,2018-2019,MF,MF,24.0,False,17.0,1656.0,0.0,0.0,0.0,0.0,0.0,0.0,0.0,0.0,0.0,0,2017,2018,17086,geronimo poblete,metz,216714.0,exact_normalized_unique,A,2018-08-10,2018-08-09,duckdb_big5_first_game,no_summer_event,0,0,,Metz,Ligue 1,France,0,0,0,,,,,,,,,,,,,,,0,metz,0,1,0,0,0,0,,,,,0,0,,,1500000.0,2018-06-04,1500000.0,1500000.0,2018-01-24,1500000.0,1000000.0,2017-02-13,1000000.0,1500000.0,historical_valuation,1,14.220976332738882,1500000.0,1000000.0,0.0,500000.0,0.0,0.5,1500000.0,1.0,66.0,0.1015452538631346,0.25,Metz,0.0,0.6842105263157895,-1.105263157894737,Metz,1.0,,,same_team_copy_old,Ligue 1,0.0,0.6842105263157895,-1.105263157894737,0,0.0,0.0,0.0,geronimo poblete,metz,STABLE_BIG5_REVIEW,0.4358851674641148
Klaus Gjasula,al ALB,Paderborn 07,Bundesliga,2019-2020,2020-2021,MF,MF,29.0,False,28.0,2280.0,2.0,1.0,2.0,0.0,1.0,0.0789473684210526,0.0394736842105263,0.1184210526315789,0.0,0,2019,2020,19158,klaus gjasula,paderborn 07,57598.0,exact_normalized_unique,A,2020-08-21,2020-08-20,duckdb_big5_first_game,no_summer_event,0,0,,Paderborn 07,Bundesliga,Germany,0,0,0,,,,,,,,,,,,,,,0,paderborn 07,0,1,0,0,0,0,,,,,0,0,,,725000.0,2020-04-08,900000.0,900000.0,2019-12-17,900000.0,750000.0,2019-06-12,750000.0,725000.0,historical_valuation,1,13.493928313146206,900000.0,750000.0,-175000.0,-25000.0,-0.1944444444444444,-0.0333333333333333,900000.0,0.8055555555555556,134.0,0.0162037037037037,0.0966666666666666,Paderborn,0.0,0.5882352941176471,-1.088235294117647,Paderborn,1.0,,,same_team_copy_old,Bundesliga,0.0,0.5882352941176471,-1.088235294117647,0,0.0,0.0,0.0,klaus gjasula,paderborn 07,STABLE_BIG5_REVIEW,0.4358851674641148
Mehdi Abeid,dz ALG,Nantes,Ligue 1,2020-2021,2021-2022,MF,MF,27.0,False,15.0,1320.0,0.0,0.0,0.0,0.0,0.0,0.0,0.0,0.0,0.0,0,2020,2021,20212,mehdi abeid,nantes,111036.0,exact_normalized_unique,A,2021-08-06,2021-08-05,duckdb_big5_first_game,no_summer_event,0,0,,Nantes,Ligue 1,France,0,0,0,,,,,,,,,,,,,,,0,nantes,0,1,0,0,0,0,,,,,0,0,,,2000000.0,2021-05-27,2500000.0,2500000.0,2020-10-15,2500000.0,2000000.0,2020-04-08,2500000.0,2000000.0,historical_valuation,1,14.508658238524095,2500000.0,2000000.0,-500000.0,0.0,-0.1999999999999999,0.0,2500000.0,0.8,70.0,0.1221122112211221,0.25,Nantes,0.1052631578947368,1.0526315789473684,-0.2105263157894736,Nantes,1.0,,,same_team_copy_old,Ligue 1,0.1052631578947368,1.0526315789473684,-0.2105263157894736,0,0.0,0.0,0.0,mehdi abeid,nantes,STABLE_BIG5_REVIEW,0.434688995215311
Nuno da Costa,cv CPV,Auxerre,Ligue 1,2022-2023,2023-2024,"FW,MF",FW,31.0,False,23.0,2003.0,5.0,4.0,5.0,0.0,0.0,0.2246630054917623,0.1797304043934099,0.4043934098851722,0.0,0,2022,2023,22173,nuno da costa,auxerre,306166.0,exact_normalized_unique,A,2023-08-11,2023-08-10,duckdb_big5_first_game,no_summer_event,0,0,,Auxerre,Ligue 1,France,0,0,0,,,,,,,,,,,,,,,0,auxerre,0,1,0,0,0,0,,,,,0,0,,,1000000.0,2023-06-27,5000000.0,1000000.0,2022-11-02,5000000.0,1200000.0,2022-06-02,5000000.0,1000000.0,historical_valuation,1,13.815511557963774,1000000.0,1200000.0,0.0,-200000.0,0.0,-0.1666666666666666,5000000.0,0.2,44.0,0.0352673492605233,0.0909090909090909,Auxerre,0.1578947368421053,0.9210526315789472,-0.7368421052631579,Auxerre,1.0,,,same_team_copy_old,Ligue 1,0.1578947368421053,0.9210526315789472,-0.7368421052631579,0,0.0,0.0,0.0,nuno da costa,auxerre,STABLE_BIG5_REVIEW,0.4343301435406699
Tiemoué Bakayoko,FRA,Lorient,Ligue 1,2023-2024,2024-2025,MF,MF,28.0,False,15.0,1314.0,2.0,1.0,2.0,0.0,0.0,0.136986301369863,0.0684931506849315,0.2054794520547945,0.0,0,2023,2024,23278,tiemoue bakayoko,lorient,182618.0,exact_normalized_unique,A,2024-08-15,2024-08-14,duckdb_big5_first_game,no_summer_event,0,0,,Lorient,Ligue 1,France,0,0,0,,,,,,,,,,,,,,,0,lorient,0,1,0,0,0,0,,,,,0,0,,,2000000.0,2024-06-03,40000000.0,2000000.0,2023-12-18,40000000.0,2500000.0,2023-06-15,40000000.0,2000000.0,historical_valuation,1,14.508658238524095,2000000.0,2500000.0,0.0,-500000.0,0.0,-0.1999999999999999,40000000.0,0.05,72.0,0.1015081206496519,0.25,Lorient,0.1176470588235294,0.8529411764705882,-0.6764705882352942,Lorient,1.0,,,same_team_copy_old,Ligue 1,0.1176470588235294,0.8529411764705882,-0.6764705882352942,0,0.0,0.0,0.0,tiemoue bakayoko,lorient,STABLE_BIG5_REVIEW,0.4339712918660287
Duncan Watmore,eng ENG,Sunderland,Premier League,2016-2017,2017-2018,"MF,FW",FW,22.0,False,11.0,1024.0,0.0,2.0,0.0,0.0,0.0,0.0,0.17578125,0.17578125,0.0,0,2016,2017,16023,duncan watmore,sunderland,248045.0,exact_normalized_unique,A,2017-08-04,2017-08-03,duckdb_big5_first_game,no_summer_event,0,0,,Sunderland,Premier League,England,0,0,0,,,,,,,,,,,,,,,0,sunderland,0,1,0,0,0,0,,,,,0,0,,,3000000.0,2017-06-28,3000000.0,2500000.0,2016-08-01,2500000.0,2500000.0,2016-08-01,2500000.0,3000000.0,historical_valuation,1,14.914123179965662,2500000.0,2500000.0,500000.0,500000.0,0.1999999999999999,0.1999999999999999,3000000.0,1.0,36.0,0.3340380549682875,0.4285714285714285,Sunderland,0.0,0.631578947368421,-1.0526315789473684,Sunderland,1.0,,,same_team_copy_old,Premier League,0.0,0.631578947368421,-1.0526315789473684,0,0.0,0.0,0.0,duncan watmore,sunderland,STABLE_BIG5_REVIEW,0.4328947368421053
Streli Mamba,de GER,Paderborn 07,Bundesliga,2019-2020,2020-2021,FW,FW,25.0,False,18.0,1521.0,5.0,2.0,5.0,0.0,0.0,0.2958579881656805,0.1183431952662722,0.4142011834319526,0.0,0,2019,2020,19504,streli mamba,paderborn 07,161060.0,exact_normalized_unique,A,2020-08-21,2020-08-20,duckdb_big5_first_game,no_summer_event,0,0,,Paderborn 07,Bundesliga,Germany,0,0,0,,,,,,,,,,,,,,,0,paderborn 07,0,1,0,0,0,0,,,,,0,0,,,1600000.0,2020-04-08,2000000.0,2000000.0,2019-12-17,2000000.0,550000.0,2019-06-14,550000.0,1600000.0,historical_valuation,1,14.285514812209817,2000000.0,550000.0,-400000.0,1050000.0,-0.1999999999999999,1.9090909090909087,2000000.0,0.8,134.0,0.0815972222222222,0.1454545454545454,Paderborn,0.0,0.5882352941176471,-1.088235294117647,Paderborn,1.0,,,same_team_copy_old,Bundesliga,0.0,0.5882352941176471,-1.088235294117647,0,0.0,0.0,0.0,streli mamba,paderborn 07,STABLE_BIG5_REVIEW,0.43229665071770335
Guilherme,br BRA,La Coruña,La Liga,2017-2018,2018-2019,MF,MF,26.0,False,42.0,3583.0,2.0,2.0,2.0,0.0,0.0,0.05023723137036,0.05023723137036,0.10047446274072,0.0,0,2017,2018,17113,guilherme,la coruna,,unmatched,UNMATCHED,2018-08-10,2018-08-09,duckdb_big5_first_game,no_player_id,0,0,,La Coruña,La Liga,Spain,0,0,0,,,,,,,,,,,,,,,0,la coruna,0,1,0,0,0,0,,,,,0,0,,,,,,,,,,,,,missing,0,,,,,,,,,,,,,La Coruna,0.1052631578947368,0.7631578947368421,-1.0,La Coruna,1.0,,,same_team_copy_old,La Liga,0.1052631578947368,0.7631578947368421,-1.0,0,0.0,0.0,0.0,guilherme,la coruna,STABLE_BIG5_REVIEW,0.43193779904306223
Leonardo Pavoletti,it ITA,Cagliari,Serie A,2021-2022,2022-2023,FW,FW,32.0,False,14.0,1518.0,5.0,1.0,5.0,0.0,0.0,0.2964426877470356,0.0592885375494071,0.3557312252964427,0.0,0,2021,2022,21055,leonardo pavoletti,cagliari,64793.0,exact_normalized_unique,A,2022-08-05,2022-08-04,duckdb_big5_first_game,no_summer_event,0,0,,Cagliari,Serie A,Italy,0,0,0,,,,,,,,,,,,,,,0,cagliari,0,1,0,0,0,0,,,,,0,0,,,1600000.0,2022-06-07,13000000.0,2500000.0,2021-12-28,13000000.0,4000000.0,2021-06-03,13000000.0,1600000.0,historical_valuation,1,14.285514812209817,2500000.0,4000000.0,-900000.0,-2400000.0,-0.36,-0.6,13000000.0,0.123076923076923,58.0,0.06878612716763,0.1391304347826087,Cagliari,0.1052631578947368,0.7894736842105263,-0.8947368421052632,Cagliari,1.0,,,same_team_copy_old,Serie A,0.1052631578947368,0.7894736842105263,-0.8947368421052632,0,0.0,0.0,0.0,leonardo pavoletti,cagliari,STABLE_BIG5_REVIEW,0.4318181818181818
João Pedro,it ITA,Cagliari,Serie A,2021-2022,2022-2023,FW,FW,29.0,False,37.0,3323.0,13.0,4.0,10.0,3.0,4.0,0.3520914835991574,0.108335841107433,0.4604273247065904,0.0,0,2021,2022,20962,joao pedro,cagliari,,unmatched,UNMATCHED,2022-08-05,2022-08-04,duckdb_big5_first_game,no_player_id,0,0,,Cagliari,Serie A,Italy,0,0,0,,,,,,,,,,,,,,,0,cagliari,0,1,0,0,0,0,,,,,0,0,,,,,,,,,,,,,missing,0,,,,,,,,,,,,,Cagliari,0.1052631578947368,0.7894736842105263,-0.8947368421052632,Cagliari,1.0,,,same_team_copy_old,Serie A,0.1052631578947368,0.7894736842105263,-0.8947368421052632,0,0.0,0.0,0.0,joao pedro,cagliari,STABLE_BIG5_REVIEW,0.4309808612440192
Emiliano Rigoni,ar ARG,Elche,La Liga,2020-2021,2021-2022,MF,MF,27.0,False,12.0,1139.0,1.0,1.0,1.0,0.0,0.0,0.0790166812993854,0.0790166812993854,0.1580333625987708,0.0,0,2020,2021,19831,emiliano rigoni,elche,282544.0,exact_normalized_unique,A,2021-08-06,2021-08-05,duckdb_big5_first_game,no_summer_event,0,0,,Elche,La Liga,Spain,0,0,0,,,,,,,,,,,,,,,0,elche,0,1,0,0,0,0,,,,,0,0,,,2500000.0,2021-06-10,8000000.0,3200000.0,2021-01-05,8000000.0,4500000.0,2020-07-29,8000000.0,2500000.0,historical_valuation,1,14.731801689838347,3200000.0,4500000.0,-700000.0,-2000000.0,-0.21875,-0.4444444444444444,8000000.0,0.3125,56.0,0.1562156215621562,0.3125,Elche,0.1578947368421053,0.9473684210526316,-0.5526315789473685,Elche,1.0,,,same_team_copy_old,La Liga,0.1578947368421053,0.9473684210526316,-0.5526315789473685,0,0.0,0.0,0.0,emiliano rigoni,elche,STABLE_BIG5_REVIEW,0.4299043062200957
Marcus Rohdén,se SWE,Crotone,Serie A,2017-2018,2018-2019,MF,MF,26.0,False,20.0,1632.0,2.0,0.0,2.0,0.0,0.0,0.1102941176470588,0.0,0.1102941176470588,0.0,0,2017,2018,17358,marcus rohden,crotone,205809.0,exact_normalized_unique,A,2018-08-10,2018-08-09,duckdb_big5_first_game,no_summer_event,0,0,,Crotone,Serie A,Italy,0,0,0,,,,,,,,,,,,,,,0,crotone,0,1,0,0,0,0,,,,,0,0,,,1500000.0,2018-06-07,1500000.0,1500000.0,2017-12-29,1500000.0,1500000.0,2017-06-08,1500000.0,1500000.0,historical_valuation,1,14.220976332738882,1500000.0,1500000.0,0.0,0.0,0.0,0.0,1500000.0,1.0,63.0,0.1015452538631346,0.25,Crotone,0.1052631578947368,0.9210526315789472,-0.6842105263157895,Crotone,1.0,,,same_team_copy_old,Serie A,0.1052631578947368,0.9210526315789472,-0.6842105263157895,0,0.0,0.0,0.0,marcus rohden,crotone,STABLE_BIG5_REVIEW,0.4291866028708134
Mehdi Mostefa,dz ALG,Bastia,Ligue 1,2016-2017,2017-2018,MF,MF,32.0,False,26.0,2339.0,0.0,1.0,0.0,0.0,0.0,0.0,0.0384779820436083,0.0384779820436083,0.0,0,2016,2017,16438,mehdi mostefa,bastia,80191.0,exact_normalized_unique,A,2017-08-04,2017-08-03,duckdb_big5_first_game,no_summer_event,0,0,,Bastia,Ligue 1,France,0,0,0,,,,,,,,,,,,,,,0,bastia,0,1,0,0,0,0,,,,,0,0,,,500000.0,2017-06-01,1500000.0,500000.0,2017-01-16,1500000.0,500000.0,2016-07-13,1500000.0,500000.0,historical_valuation,1,13.122365377402328,500000.0,500000.0,0.0,0.0,0.0,0.0,1500000.0,0.3333333333333333,63.0,0.0216701902748414,0.125,Bastia,0.0,0.8947368421052632,-0.7368421052631579,Bastia,1.0,,,same_team_copy_old,Ligue 1,0.0,0.8947368421052632,-0.7368421052631579,0,0.0,0.0,0.0,mehdi mostefa,bastia,STABLE_BIG5_REVIEW,0.42799043062200953
Ondřej Petrák,cz CZE,Nürnberg,Bundesliga,2018-2019,2019-2020,MF,MF,26.0,False,18.0,1624.0,0.0,0.0,0.0,0.0,0.0,0.0,0.0,0.0,0.0,0,2018,2019,18424,ondrej petrak,nurnberg,165331.0,exact_normalized_unique,A,2019-08-09,2019-08-08,duckdb_big5_first_game,no_summer_event,0,0,,Nürnberg,Bundesliga,Germany,0,0,0,,,,,,,,,,,,,,,0,nurnberg,0,1,0,0,0,0,,,,,0,0,,,1500000.0,2019-06-05,2000000.0,2000000.0,2018-12-18,2000000.0,750000.0,2018-06-19,1250000.0,1500000.0,historical_valuation,1,14.220976332738882,2000000.0,750000.0,-500000.0,750000.0,-0.25,1.0,2000000.0,0.75,64.0,0.0700883002207505,0.1875,Nurnberg,0.0,0.5588235294117647,-1.2352941176470589,Nurnberg,1.0,,,same_team_copy_old,Bundesliga,0.0,0.5588235294117647,-1.2352941176470589,0,0.0,0.0,0.0,ondrej petrak,nurnberg,STABLE_BIG5_REVIEW,0.4267942583732057
Daniele Verde,it ITA,Spezia,Serie A,2022-2023,2023-2024,"FW,MF",FW,26.0,False,11.0,998.0,3.0,0.0,2.0,1.0,1.0,0.2705410821643286,0.0,0.2705410821643286,0.0,0,2022,2023,21674,daniele verde,spezia,256361.0,exact_normalized_unique,A,2023-08-11,2023-08-10,duckdb_big5_first_game,no_summer_event,0,0,,Spezia,Serie A,Italy,0,0,0,,,,,,,,,,,,,,,0,spezia,0,1,0,0,0,0,,,,,0,0,,,3000000.0,2023-06-15,5000000.0,4000000.0,2022-11-11,5000000.0,5000000.0,2022-06-07,5000000.0,3000000.0,historical_valuation,1,14.914123179965662,4000000.0,5000000.0,-1000000.0,-2000000.0,-0.25,-0.4,5000000.0,0.6,56.0,0.2042093287827076,0.2727272727272727,Spezia,0.1052631578947368,0.8157894736842105,-0.8157894736842105,Spezia,1.0,,,same_team_copy_old,Serie A,0.1052631578947368,0.8157894736842105,-0.8157894736842105,0,0.0,0.0,0.0,daniele verde,spezia,STABLE_BIG5_REVIEW,0.4266746411483254
Carlos Clerc,es ESP,Osasuna,La Liga,2016-2017,2017-2018,"DF,MF",MF,24.0,False,22.0,1947.0,1.0,0.0,1.0,0.0,0.0,0.0462249614791987,0.0,0.0462249614791987,0.0,0,2016,2017,15928,carlos clerc,osasuna,193784.0,exact_normalized_unique,A,2017-08-04,2017-08-03,duckdb_big5_first_game,no_summer_event,0,0,,Osasuna,La Liga,Spain,0,0,0,,,,,,,,,,,,,,,0,osasuna,0,1,0,0,0,0,,,,,0,0,,,1000000.0,2017-06-05,1000000.0,1000000.0,2017-01-24,1000000.0,800000.0,2016-07-15,800000.0,1000000.0,historical_valuation,1,13.815511557963774,1000000.0,800000.0,0.0,200000.0,0.0,0.25,1000000.0,1.0,59.0,0.0724101479915433,0.25,Osasuna,0.0526315789473684,0.5789473684210527,-1.4210526315789471,Osasuna,1.0,,,same_team_copy_old,La Liga,0.0526315789473684,0.5789473684210527,-1.4210526315789471,0,0.0,0.0,0.0,carlos clerc,osasuna,STABLE_BIG5_REVIEW,0.42523923444976075
Claudio Yacob,ar ARG,West Brom,Premier League,2017-2018,2018-2019,MF,MF,30.0,False,9.0,903.0,0.0,0.0,0.0,0.0,0.0,0.0,0.0,0.0,0.0,0,2017,2018,16937,claudio yacob,west brom,45330.0,exact_normalized_unique,A,2018-08-10,2018-08-09,duckdb_big5_first_game,no_summer_event,0,0,,West Brom,Premier League,England,0,0,0,,,,,,,,,,,,,,,0,west brom,0,1,0,0,0,0,,,,,0,0,,,3500000.0,2018-05-28,6500000.0,4000000.0,2018-01-02,6500000.0,4000000.0,2017-06-28,6500000.0,3500000.0,historical_valuation,1,15.068273812173889,4000000.0,4000000.0,-500000.0,-500000.0,-0.125,-0.125,6500000.0,0.5384615384615384,73.0,0.303532008830022,0.5833333333333334,West Brom,0.0,0.8157894736842105,-0.6578947368421053,West Brom,1.0,,,same_team_copy_old,Premier League,0.0,0.8157894736842105,-0.6578947368421053,0,0.0,0.0,0.0,claudio yacob,west brom,STABLE_BIG5_REVIEW,0.4242822966507177
Diallo Guidileye,mr MTN,Nancy,Ligue 1,2016-2017,2017-2018,MF,MF,26.0,False,18.0,1749.0,0.0,2.0,0.0,0.0,0.0,0.0,0.1029159519725557,0.1029159519725557,0.0,0,2016,2017,16004,diallo guidileye,nancy,66791.0,exact_normalized_unique,A,2017-08-04,2017-08-03,duckdb_big5_first_game,no_summer_event,0,0,,Nancy,Ligue 1,France,0,0,0,,,,,,,,,,,,,,,0,nancy,0,1,0,0,0,0,,,,,0,0,,,1250000.0,2017-06-01,1250000.0,850000.0,2017-01-16,1200000.0,1000000.0,2016-07-13,1200000.0,1250000.0,historical_valuation,1,14.038654909278163,850000.0,1000000.0,400000.0,250000.0,0.4705882352941177,0.25,1250000.0,1.0,63.0,0.0977801268498942,0.3125,Nancy,0.0526315789473684,0.9210526315789472,-0.6052631578947368,Nancy,1.0,,,same_team_copy_old,Ligue 1,0.0526315789473684,0.9210526315789472,-0.6052631578947368,0,0.0,0.0,0.0,diallo guidileye,nancy,STABLE_BIG5_REVIEW,0.4241626794258373
Fousseni Diabaté,ml MLI,Amiens,Ligue 1,2019-2020,2020-2021,"FW,MF",FW,23.0,False,15.0,1190.0,1.0,3.0,1.0,0.0,0.0,0.0756302521008403,0.226890756302521,0.3025210084033614,0.0,0,2019,2020,18953,fousseni diabate,amiens,364861.0,exact_normalized_unique,A,2020-08-21,2020-08-20,duckdb_big5_first_game,no_confirmed_pre_cutoff_event,0,0,,Amiens,Ligue 1,France,0,0,0,,,,,,,,,,,,,,,0,amiens,0,1,0,0,0,0,,,,,0,0,,,2200000.0,2020-04-08,3000000.0,2800000.0,2019-12-19,3000000.0,3000000.0,2019-06-04,3000000.0,2200000.0,historical_valuation,1,14.603968372873895,2800000.0,3000000.0,-600000.0,-800000.0,-0.2142857142857143,-0.2666666666666667,3000000.0,0.7333333333333333,134.0,0.1296296296296296,0.2,Amiens,0.0526315789473684,0.8214285714285714,-0.6785714285714286,Amiens,1.0,,,same_team_copy_old,Ligue 1,0.0526315789473684,0.8214285714285714,-0.6785714285714286,0,0.0,0.0,0.0,fousseni diabate,amiens,STABLE_BIG5_REVIEW,0.4236842105263158
Nathaniel Mendez-Laing,eng ENG,Cardiff City,Premier League,2018-2019,2019-2020,"MF,FW",FW,26.0,False,11.0,985.0,4.0,1.0,3.0,1.0,1.0,0.3654822335025381,0.0913705583756345,0.4568527918781725,0.0,0,2018,2019,18400,nathaniel mendez laing,cardiff city,125409.0,exact_normalized_unique,A,2019-08-09,2019-08-08,duckdb_big5_first_game,no_summer_event,0,0,,Cardiff City,Premier League,England,0,0,0,,,,,,,,,,,,,,,0,cardiff city,0,1,0,0,0,0,,,,,0,0,,,3000000.0,2019-06-13,3000000.0,2500000.0,2018-12-19,2500000.0,1000000.0,2017-09-18,1000000.0,3000000.0,historical_valuation,1,14.914123179965662,2500000.0,1000000.0,500000.0,2000000.0,0.1999999999999999,2.0,3000000.0,1.0,56.0,0.1937086092715231,0.3,Cardiff,0.1052631578947368,0.8947368421052632,-0.9210526315789472,Cardiff,1.0,,,same_team_copy_old,Premier League,0.1052631578947368,0.8947368421052632,-0.9210526315789472,0,0.0,0.0,0.0,nathaniel mendez laing,cardiff city,STABLE_BIG5_REVIEW,0.4226076555023924
Gareth Barry,eng ENG,West Brom,Premier League,2017-2018,2018-2019,MF,MF,36.0,False,22.0,1923.0,1.0,1.0,1.0,0.0,0.0,0.046801872074883,0.046801872074883,0.093603744149766,0.0,0,2017,2018,17076,gareth barry,west brom,3291.0,exact_normalized_unique,A,2018-08-10,2018-08-09,duckdb_big5_first_game,no_summer_event,0,0,,West Brom,Premier League,England,0,0,0,,,,,,,,,,,,,,,0,west brom,0,1,0,0,0,0,,,,,0,0,,,1000000.0,2018-05-28,18500000.0,1000000.0,2018-01-02,18500000.0,1500000.0,2017-06-28,18500000.0,1000000.0,historical_valuation,1,13.815511557963774,1000000.0,1500000.0,0.0,-500000.0,0.0,-0.3333333333333333,18500000.0,0.054054054054054,73.0,0.053532008830022,0.1666666666666666,West Brom,0.0,0.8157894736842105,-0.6578947368421053,West Brom,1.0,,,same_team_copy_old,Premier League,0.0,0.8157894736842105,-0.6578947368421053,0,0.0,0.0,0.0,gareth barry,west brom,STABLE_BIG5_REVIEW,0.4221291866028708
Kévin N'Doram,FRA,Metz,Ligue 1,2023-2024,2024-2025,MF,MF,27.0,False,18.0,1604.0,0.0,2.0,0.0,0.0,0.0,0.0,0.112219451371571,0.112219451371571,0.0,0,2023,2024,22896,kevin n doram,metz,342209.0,exact_normalized_unique,A,2024-08-15,2024-08-14,duckdb_big5_first_game,no_summer_event,0,0,,Metz,Ligue 1,France,0,0,0,,,,,,,,,,,,,,,0,metz,0,1,0,0,0,0,,,,,0,0,,,1500000.0,2024-06-03,6000000.0,1500000.0,2023-12-18,6000000.0,1500000.0,2023-06-16,6000000.0,1500000.0,historical_valuation,1,14.220976332738882,1500000.0,1500000.0,0.0,0.0,0.0,0.0,6000000.0,0.25,72.0,0.0597447795823665,0.1875,Metz,0.0588235294117647,0.8529411764705882,-0.6764705882352942,Metz,1.0,,,same_team_copy_old,Ligue 1,0.0588235294117647,0.8529411764705882,-0.6764705882352942,0,0.0,0.0,0.0,kevin n doram,metz,STABLE_BIG5_REVIEW,0.4212918660287081
Yoshinori Mutō,jp JPN,Eibar,La Liga,2020-2021,2021-2022,"FW,MF",FW,28.0,False,13.0,1122.0,1.0,1.0,1.0,0.0,0.0,0.0802139037433155,0.0802139037433155,0.160427807486631,0.0,0,2020,2021,20545,yoshinori muto,eibar,230541.0,exact_normalized_unique,A,2021-08-06,2021-08-05,duckdb_big5_first_game,no_confirmed_pre_cutoff_event,0,0,,Eibar,La Liga,Spain,0,0,0,,,,,,,,,,,,,,,0,eibar,0,1,0,0,0,0,,,,,0,0,,,2500000.0,2021-06-10,10000000.0,2800000.0,2021-01-05,10000000.0,5500000.0,2020-04-08,10000000.0,2500000.0,historical_valuation,1,14.731801689838347,2800000.0,5500000.0,-300000.0,-3000000.0,-0.1071428571428571,-0.5454545454545454,10000000.0,0.25,56.0,0.1562156215621562,0.25,Eibar,0.0,0.7894736842105263,-0.6052631578947368,Eibar,1.0,,,same_team_copy_old,La Liga,0.0,0.7894736842105263,-0.6052631578947368,0,0.0,0.0,0.0,yoshinori muto,eibar,STABLE_BIG5_REVIEW,0.4208133971291866
Ezequiel Ponce,ar ARG,Elche,La Liga,2022-2023,2023-2024,"FW,MF",FW,25.0,False,8.0,1122.0,4.0,0.0,4.0,0.0,0.0,0.320855614973262,0.0,0.320855614973262,0.0,0,2022,2023,21755,ezequiel ponce,elche,296783.0,exact_normalized_unique,A,2023-08-11,2023-08-10,duckdb_big5_first_game,no_summer_event,0,0,,Elche,La Liga,Spain,0,0,0,,,,,,,,,,,,,,,0,elche,0,1,0,0,0,0,,,,,0,0,,,2500000.0,2023-06-13,7000000.0,4000000.0,2022-11-07,7000000.0,5000000.0,2022-06-03,7000000.0,2500000.0,historical_valuation,1,14.731801689838347,4000000.0,5000000.0,-1500000.0,-2500000.0,-0.375,-0.5,7000000.0,0.3571428571428571,58.0,0.1575654152445961,0.2272727272727272,Elche,0.0,0.6578947368421053,-0.9736842105263158,Elche,1.0,,,same_team_copy_old,La Liga,0.0,0.6578947368421053,-0.9736842105263158,0,0.0,0.0,0.0,ezequiel ponce,elche,STABLE_BIG5_REVIEW,0.4208133971291866
Gastón Pereiro,uy URU,Cagliari,Serie A,2021-2022,2022-2023,"FW,MF",FW,26.0,False,9.0,975.0,4.0,2.0,4.0,0.0,0.0,0.3692307692307692,0.1846153846153846,0.5538461538461539,0.0,0,2021,2022,20835,gaston pereiro,cagliari,264116.0,exact_normalized_unique,A,2022-08-05,2022-08-04,duckdb_big5_first_game,no_summer_event,0,0,,Cagliari,Serie A,Italy,0,0,0,,,,,,,,,,,,,,,0,cagliari,0,1,0,0,0,0,,,,,0,0,,,3000000.0,2022-06-07,15000000.0,2500000.0,2021-12-28,15000000.0,3500000.0,2021-06-03,15000000.0,3000000.0,historical_valuation,1,14.914123179965662,2500000.0,3500000.0,500000.0,-500000.0,0.1999999999999999,-0.1428571428571429,15000000.0,0.2,58.0,0.2086705202312138,0.2608695652173913,Cagliari,0.1052631578947368,0.7894736842105263,-0.8947368421052632,Cagliari,1.0,,,same_team_copy_old,Serie A,0.1052631578947368,0.7894736842105263,-0.8947368421052632,0,0.0,0.0,0.0,gaston pereiro,cagliari,STABLE_BIG5_REVIEW,0.41997607655502395
Sergi Enrich,es ESP,Eibar,La Liga,2020-2021,2021-2022,FW,FW,30.0,False,13.0,1404.0,3.0,0.0,3.0,0.0,1.0,0.1923076923076923,0.0,0.1923076923076923,0.0,0,2020,2021,20436,sergi enrich,eibar,81988.0,exact_normalized_unique,A,2021-08-06,2021-08-05,duckdb_big5_first_game,no_summer_event,0,0,,Eibar,La Liga,Spain,0,0,0,,,,,,,,,,,,,,,0,eibar,0,1,0,0,0,0,,,,,0,0,,,1800000.0,2021-06-10,10000000.0,2000000.0,2021-01-05,10000000.0,2400000.0,2020-04-08,10000000.0,1800000.0,historical_valuation,1,14.403297778421797,2000000.0,2400000.0,-200000.0,-600000.0,-0.0999999999999999,-0.25,10000000.0,0.18,56.0,0.1001100110011001,0.18,Eibar,0.0,0.7894736842105263,-0.6052631578947368,Eibar,1.0,,,same_team_copy_old,La Liga,0.0,0.7894736842105263,-0.6052631578947368,0,0.0,0.0,0.0,sergi enrich,eibar,STABLE_BIG5_REVIEW,0.419377990430622
Yoann Court,fr FRA,Brest,Ligue 1,2019-2020,2020-2021,"FW,MF",FW,29.0,False,18.0,1465.0,3.0,7.0,3.0,0.0,0.0,0.1843003412969283,0.4300341296928327,0.6143344709897611,0.0,0,2019,2020,19586,yoann court,brest,60525.0,exact_normalized_unique,A,2020-08-21,2020-08-20,duckdb_big5_first_game,no_confirmed_pre_cutoff_event,0,0,,Brest,Ligue 1,France,0,0,0,,,,,,,,,,,,,,,0,brest,0,1,0,0,0,0,,,,,0,0,,,1600000.0,2020-04-08,2000000.0,2000000.0,2019-12-19,2000000.0,1000000.0,2019-06-27,1000000.0,1600000.0,historical_valuation,1,14.285514812209817,2000000.0,1000000.0,-400000.0,600000.0,-0.1999999999999999,0.6000000000000001,2000000.0,0.8,134.0,0.0815972222222222,0.1454545454545454,Brest,0.3157894736842105,1.2142857142857142,-0.1071428571428571,Brest,1.0,,,same_team_copy_old,Ligue 1,0.3157894736842105,1.2142857142857142,-0.1071428571428571,0,0.0,0.0,0.0,yoann court,brest,STABLE_BIG5_REVIEW,0.4188995215311005
Raúl Guti,es ESP,Elche,La Liga,2022-2023,2023-2024,MF,MF,25.0,False,12.0,1117.0,0.0,0.0,0.0,0.0,0.0,0.0,0.0,0.0,0.0,0,2022,2023,22236,raul guti,elche,330352.0,exact_normalized_unique,A,2023-08-11,2023-08-10,duckdb_big5_first_game,no_summer_event,0,0,,Elche,La Liga,Spain,0,0,0,,,,,,,,,,,,,,,0,elche,0,1,0,0,0,0,,,,,0,0,,,2500000.0,2023-06-13,5000000.0,3000000.0,2022-11-07,5000000.0,4000000.0,2022-06-03,5000000.0,2500000.0,historical_valuation,1,14.731801689838347,3000000.0,4000000.0,-500000.0,-1500000.0,-0.1666666666666666,-0.375,5000000.0,0.5,58.0,0.1575654152445961,0.3125,Elche,0.0,0.6578947368421053,-0.9736842105263158,Elche,1.0,,,same_team_copy_old,La Liga,0.0,0.6578947368421053,-0.9736842105263158,0,0.0,0.0,0.0,raul guti,elche,STABLE_BIG5_REVIEW,0.41818181818181815
Lucas Deaux,fr FRA,Nîmes,Ligue 1,2020-2021,2021-2022,"MF,DF",MF,31.0,False,19.0,1754.0,1.0,2.0,1.0,0.0,0.0,0.0513112884834663,0.1026225769669327,0.153933865450399,0.0,0,2020,2021,20111,lucas deaux,nimes,57372.0,exact_normalized_unique,A,2021-08-06,2021-08-05,duckdb_big5_first_game,no_summer_event,0,0,,Nîmes,Ligue 1,France,0,0,0,,,,,,,,,,,,,,,0,nimes,0,1,0,0,0,0,,,,,0,0,,,1200000.0,2021-06-04,3000000.0,2000000.0,2020-10-15,3000000.0,1400000.0,2020-04-08,3000000.0,1200000.0,historical_valuation,1,13.997832948091215,2000000.0,1400000.0,-800000.0,-200000.0,-0.4,-0.1428571428571429,3000000.0,0.4,62.0,0.0489548954895489,0.15,Nimes,0.0526315789473684,0.9210526315789472,-0.8157894736842105,Nimes,1.0,,,same_team_copy_old,Ligue 1,0.0526315789473684,0.9210526315789472,-0.8157894736842105,0,0.0,0.0,0.0,lucas deaux,nimes,STABLE_BIG5_REVIEW,0.41794258373205745
Dan Gosling,eng ENG,Bournemouth,Premier League,2019-2020,2020-2021,MF,MF,29.0,False,14.0,1264.0,3.0,1.0,3.0,0.0,0.0,0.2136075949367088,0.0712025316455696,0.2848101265822785,0.0,0,2019,2020,18844,dan gosling,bournemouth,44983.0,exact_normalized_unique,A,2020-08-21,2020-08-20,duckdb_big5_first_game,no_summer_event,0,0,,Bournemouth,Premier League,England,0,0,0,,,,,,,,,,,,,,,0,bournemouth,0,1,0,0,0,0,,,,,0,0,,,2000000.0,2020-04-08,3500000.0,2500000.0,2019-12-10,3500000.0,3500000.0,2019-06-13,3500000.0,2000000.0,historical_valuation,1,14.508658238524095,2500000.0,3500000.0,-500000.0,-1500000.0,-0.1999999999999999,-0.4285714285714286,3500000.0,0.5714285714285714,134.0,0.1140046296296296,0.2666666666666666,Bournemouth,0.1052631578947368,0.8947368421052632,-0.6578947368421053,Bournemouth,1.0,,,same_team_copy_old,Premier League,0.1052631578947368,0.8947368421052632,-0.6578947368421053,0,0.0,0.0,0.0,dan gosling,bournemouth,STABLE_BIG5_REVIEW,0.41746411483253587
Mathieu Dossevi,tg TOG,Toulouse,Ligue 1,2019-2020,2020-2021,"MF,FW",FW,31.0,False,20.0,1751.0,1.0,2.0,1.0,0.0,0.0,0.0513992004568817,0.1027984009137635,0.1541976013706453,0.0,0,2019,2020,19258,mathieu dossevi,toulouse,77828.0,exact_normalized_unique,A,2020-08-21,2020-08-20,duckdb_big5_first_game,no_summer_event,0,0,,Toulouse,Ligue 1,France,0,0,0,,,,,,,,,,,,,,,0,toulouse,0,1,0,0,0,0,,,,,0,0,,,1200000.0,2020-04-08,4500000.0,2500000.0,2019-12-19,4500000.0,2500000.0,2019-06-03,4500000.0,1200000.0,historical_valuation,1,13.997832948091215,2500000.0,2500000.0,-1300000.0,-1300000.0,-0.52,-0.52,4500000.0,0.2666666666666666,134.0,0.0480324074074074,0.109090909090909,Toulouse,0.0,0.4642857142857143,-1.2857142857142858,Toulouse,1.0,,,same_team_copy_old,Ligue 1,0.0,0.4642857142857143,-1.2857142857142858,0,0.0,0.0,0.0,mathieu dossevi,toulouse,STABLE_BIG5_REVIEW,0.41722488038277517
Panagiotis Tachtsidis,gr GRE,Lecce,Serie A,2019-2020,2020-2021,MF,MF,28.0,False,24.0,2003.0,0.0,2.0,0.0,0.0,0.0,0.0,0.0898652021967049,0.0898652021967049,0.0,0,2019,2020,19361,panagiotis tachtsidis,lecce,62415.0,exact_normalized_unique,A,2020-08-21,2020-08-20,duckdb_big5_first_game,no_summer_event,0,0,,Lecce,Serie A,Italy,0,0,0,,,,,,,,,,,,,,,0,lecce,0,1,0,0,0,0,,,,,0,0,,,950000.0,2020-04-08,3500000.0,1200000.0,2019-12-12,3500000.0,1200000.0,2019-06-05,3500000.0,950000.0,historical_valuation,1,13.76421831620775,1200000.0,1200000.0,-250000.0,-250000.0,-0.2083333333333333,-0.2083333333333333,3500000.0,0.2714285714285714,134.0,0.0318287037037037,0.1266666666666666,Lecce,0.1052631578947368,0.9210526315789472,-0.868421052631579,Lecce,1.0,,,same_team_copy_old,Serie A,0.1052631578947368,0.9210526315789472,-0.868421052631579,0,0.0,0.0,0.0,panagiotis tachtsidis,lecce,STABLE_BIG5_REVIEW,0.4167464114832536
Johan Gastien,FRA,Clermont Foot,Ligue 1,2023-2024,2024-2025,MF,MF,35.0,False,28.0,2260.0,0.0,0.0,0.0,0.0,0.0,0.0,0.0,0.0,0.0,0,2023,2024,22837,johan gastien,clermont foot,72121.0,exact_normalized_unique,A,2024-08-15,2024-08-14,duckdb_big5_first_game,no_summer_event,0,0,,Clermont Foot,Ligue 1,France,0,0,0,,,,,,,,,,,,,,,0,clermont foot,0,1,0,0,0,0,,,,,0,0,,,500000.0,2024-06-03,1000000.0,600000.0,2023-12-18,1000000.0,700000.0,2023-06-27,1000000.0,500000.0,historical_valuation,1,13.122365377402328,600000.0,700000.0,-100000.0,-200000.0,-0.1666666666666666,-0.2857142857142857,1000000.0,0.5,72.0,0.0087006960556844,0.0625,Clermont,0.0,0.7352941176470589,-1.0,Clermont,1.0,,,same_team_copy_old,Ligue 1,0.0,0.7352941176470589,-1.0,0,0.0,0.0,0.0,johan gastien,clermont foot,STABLE_BIG5_REVIEW,0.41626794258373206
Cyrille Bayala,bf BFA,Ajaccio,Ligue 1,2022-2023,2023-2024,MF,MF,26.0,False,25.0,2009.0,1.0,1.0,1.0,0.0,0.0,0.0447984071677451,0.0447984071677451,0.0895968143354902,0.0,0,2022,2023,21663,cyrille bayala,ajaccio,267147.0,exact_normalized_unique,A,2023-08-11,2023-08-10,duckdb_big5_first_game,no_summer_event,0,0,,Ajaccio,Ligue 1,France,0,0,0,,,,,,,,,,,,,,,0,ajaccio,0,1,0,0,0,0,,,,,0,0,,,900000.0,2023-06-27,1000000.0,1000000.0,2022-11-02,1000000.0,800000.0,2022-06-02,800000.0,900000.0,historical_valuation,1,13.71015115341694,1000000.0,800000.0,-100000.0,100000.0,-0.0999999999999999,0.125,1000000.0,0.9,44.0,0.027872582480091,0.1125,Ajaccio,0.1052631578947368,0.6842105263157895,-1.3421052631578947,Ajaccio,1.0,,,same_team_copy_old,Ligue 1,0.1052631578947368,0.6842105263157895,-1.3421052631578947,0,0.0,0.0,0.0,cyrille bayala,ajaccio,STABLE_BIG5_REVIEW,0.4156698564593302
Abdul Majeed Waris,gh GHA,Lorient,Ligue 1,2016-2017,2017-2018,"FW,MF",FW,24.0,False,31.0,2840.0,9.0,5.0,8.0,1.0,3.0,0.2852112676056338,0.1584507042253521,0.4436619718309859,0.0,0,2016,2017,15786,abdul majeed waris,lorient,,unmatched,UNMATCHED,2017-08-04,2017-08-03,duckdb_big5_first_game,no_player_id,0,0,,Lorient,Ligue 1,France,0,0,0,,,,,,,,,,,,,,,0,lorient,0,1,0,0,0,0,,,,,0,0,,,,,,,,,,,,,missing,0,,,,,,,,,,,,,Lorient,0.1052631578947368,0.9473684210526316,-0.6842105263157895,Lorient,1.0,,,same_team_copy_old,Ligue 1,0.1052631578947368,0.9473684210526316,-0.6842105263157895,0,0.0,0.0,0.0,abdul majeed waris,lorient,STABLE_BIG5_REVIEW,0.41566985645933013
Chory Castro,uy URU,Málaga,La Liga,2017-2018,2018-2019,"MF,FW",FW,32.0,False,26.0,2061.0,4.0,2.0,3.0,1.0,1.0,0.1746724890829694,0.0873362445414847,0.2620087336244541,0.0,0,2017,2018,16924,chory castro,malaga,28171.0,exact_normalized_unique,A,2018-08-10,2018-08-09,duckdb_big5_first_game,no_summer_event,0,0,,Málaga,La Liga,Spain,0,0,0,,,,,,,,,,,,,,,0,malaga,0,1,0,0,0,0,,,,,0,0,,,800000.0,2018-05-30,7000000.0,1500000.0,2018-01-01,7000000.0,1500000.0,2017-06-05,7000000.0,800000.0,historical_valuation,1,13.592368256649284,1500000.0,1500000.0,-700000.0,-700000.0,-0.4666666666666667,-0.4666666666666667,7000000.0,0.1142857142857142,71.0,0.032560706401766,0.1066666666666666,Malaga,0.0,0.5263157894736842,-0.9736842105263158,Malaga,1.0,,,same_team_copy_old,La Liga,0.0,0.5263157894736842,-0.9736842105263158,0,0.0,0.0,0.0,chory castro,malaga,STABLE_BIG5_REVIEW,0.41531100478468896
Sebastian Andersson,se SWE,Köln,Bundesliga,2021-2022,2022-2023,FW,FW,30.0,False,13.0,1257.0,3.0,1.0,3.0,0.0,0.0,0.2147971360381861,0.071599045346062,0.2863961813842482,0.0,0,2021,2022,21360,sebastian andersson,koln,147573.0,exact_normalized_unique,A,2022-08-05,2022-08-04,duckdb_big5_first_game,no_summer_event,0,0,,Köln,Bundesliga,Germany,0,0,0,,,,,,,,,,,,,,,0,koln,0,1,0,0,0,0,,,,,0,0,,,2000000.0,2022-06-09,7000000.0,3000000.0,2021-12-22,7000000.0,4500000.0,2021-06-09,7000000.0,2000000.0,historical_valuation,1,14.508658238524095,3000000.0,4500000.0,-1000000.0,-2500000.0,-0.3333333333333333,-0.5555555555555556,7000000.0,0.2857142857142857,56.0,0.1115606936416185,0.1739130434782608,FC Koln,0.6470588235294117,1.5294117647058822,0.088235294117647,FC Koln,1.0,,,same_team_copy_old,Bundesliga,0.6470588235294117,1.5294117647058822,0.088235294117647,0,0.0,0.0,0.0,sebastian andersson,koln,STABLE_BIG5_REVIEW,0.41483253588516744
Carlos Gruezo,ec ECU,Augsburg,Bundesliga,2022-2023,2023-2024,MF,MF,27.0,False,12.0,961.0,0.0,0.0,0.0,0.0,0.0,0.0,0.0,0.0,0.0,0,2022,2023,21630,carlos gruezo,augsburg,189475.0,exact_normalized_unique,A,2023-08-11,2023-08-10,duckdb_big5_first_game,no_summer_event,0,0,,Augsburg,Bundesliga,Germany,0,0,0,,,,,,,,,,,,,,,0,augsburg,0,1,0,0,0,0,,,,,0,0,,,3000000.0,2023-03-31,6000000.0,4000000.0,2022-11-09,6000000.0,3200000.0,2022-06-09,6000000.0,3000000.0,historical_valuation,1,14.914123179965662,4000000.0,3200000.0,-1000000.0,-200000.0,-0.25,-0.0625,6000000.0,0.5,132.0,0.2042093287827076,0.375,Augsburg,0.1764705882352941,1.0,-0.6176470588235294,Augsburg,1.0,,,same_team_copy_old,Bundesliga,0.1764705882352941,1.0,-0.6176470588235294,0,0.0,0.0,0.0,carlos gruezo,augsburg,STABLE_BIG5_REVIEW,0.4132775119617225
Diego Costa,es ESP,Wolves,Premier League,2022-2023,2023-2024,FW,FW,33.0,False,16.0,1241.0,1.0,0.0,1.0,0.0,0.0,0.072522159548751,0.0,0.072522159548751,0.0,0,2022,2023,21698,diego costa,wolves,44779.0,exact_name_age_resolved,B,2023-08-11,2023-08-10,duckdb_big5_first_game,no_confirmed_pre_cutoff_event,0,0,,Wolves,Premier League,England,0,0,0,,,,,,,,,,,,,,,0,wolves,0,1,0,0,0,0,,,,,0,0,,,2000000.0,2023-06-20,60000000.0,3500000.0,2022-11-03,60000000.0,4000000.0,2022-04-21,60000000.0,2000000.0,historical_valuation,1,14.508658238524095,3500000.0,4000000.0,-1500000.0,-2000000.0,-0.4285714285714286,-0.5,60000000.0,0.0333333333333333,51.0,0.1126279863481228,0.1818181818181818,Wolves,0.368421052631579,1.0789473684210529,-0.7105263157894737,Wolves,1.0,,,same_team_copy_old,Premier League,0.368421052631579,1.0789473684210529,-0.7105263157894737,0,0.0,0.0,0.0,diego costa,wolves,STABLE_BIG5_REVIEW,0.41148325358851673
Kévin N'Doram,fr FRA,Metz,Ligue 1,2021-2022,2022-2023,MF,MF,25.0,False,16.0,1235.0,0.0,0.0,0.0,0.0,0.0,0.0,0.0,0.0,0.0,0,2021,2022,21029,kevin n doram,metz,342209.0,exact_normalized_unique,A,2022-08-05,2022-08-04,duckdb_big5_first_game,no_summer_event,0,0,,Metz,Ligue 1,France,0,0,0,,,,,,,,,,,,,,,0,metz,0,1,0,0,0,0,,,,,0,0,,,2000000.0,2022-05-30,6000000.0,2500000.0,2021-12-16,6000000.0,2500000.0,2021-06-04,6000000.0,2000000.0,historical_valuation,1,14.508658238524095,2500000.0,2500000.0,-500000.0,-500000.0,-0.1999999999999999,-0.1999999999999999,6000000.0,0.3333333333333333,66.0,0.1115606936416185,0.2352941176470588,Metz,0.0526315789473684,0.8157894736842105,-0.8947368421052632,Metz,1.0,,,same_team_copy_old,Ligue 1,0.0526315789473684,0.8157894736842105,-0.8947368421052632,0,0.0,0.0,0.0,kevin n doram,metz,STABLE_BIG5_REVIEW,0.4095693779904306
Rubén Sobrino,ESP,Cádiz,La Liga,2023-2024,2024-2025,"MF,FW",FW,31.0,False,18.0,1646.0,0.0,1.0,0.0,0.0,0.0,0.0,0.0546780072904009,0.0546780072904009,0.0,0,2023,2024,23219,ruben sobrino,cadiz,85383.0,exact_normalized_unique,A,2024-08-15,2024-08-14,duckdb_big5_first_game,no_summer_event,0,0,,Cádiz,La Liga,Spain,0,0,0,,,,,,,,,,,,,,,0,cadiz,0,1,0,0,0,0,,,,,0,0,,,1400000.0,2024-06-07,5000000.0,1800000.0,2023-12-22,5000000.0,2000000.0,2023-06-13,5000000.0,1400000.0,historical_valuation,1,14.151983508870948,1800000.0,2000000.0,-400000.0,-600000.0,-0.2222222222222222,-0.3,5000000.0,0.28,68.0,0.0487238979118329,0.1166666666666666,Cadiz,0.1052631578947368,0.868421052631579,-0.7631578947368421,Cadiz,1.0,,,same_team_copy_old,La Liga,0.1052631578947368,0.868421052631579,-0.7631578947368421,0,0.0,0.0,0.0,ruben sobrino,cadiz,STABLE_BIG5_REVIEW,0.4086124401913876
Fabinho,br BRA,Liverpool,Premier League,2022-2023,2023-2024,MF,MF,28.0,False,31.0,2671.0,0.0,2.0,0.0,0.0,0.0,0.0,0.0673904904530138,0.0673904904530138,0.0,0,2022,2023,21757,fabinho,liverpool,,unmatched,UNMATCHED,2023-08-11,2023-08-10,duckdb_big5_first_game,no_player_id,0,0,,Liverpool,Premier League,England,0,0,0,,,,,,,,,,,,,,,0,liverpool,0,1,0,0,0,0,,,,,0,0,,,,,,,,,,,,,missing,0,,,,,,,,,,,,,Liverpool,0.7894736842105263,1.763157894736842,0.7368421052631579,Liverpool,1.0,,,same_team_copy_old,Premier League,0.7894736842105263,1.763157894736842,0.7368421052631579,0,0.0,0.0,0.0,fabinho,liverpool,STABLE_BIG5_REVIEW,0.40753588516746414
Vinicius Souza,BRA,Sheffield Utd,Premier League,2023-2024,2024-2025,MF,MF,24.0,False,29.0,2668.0,1.0,0.0,1.0,0.0,0.0,0.0337331334332833,0.0,0.0337331334332833,0.0,0,2023,2024,23311,vinicius souza,sheffield utd,,unmatched,UNMATCHED,2024-08-15,2024-08-14,duckdb_big5_first_game,no_player_id,0,0,,Sheffield Utd,Premier League,England,0,0,0,,,,,,,,,,,,,,,0,sheffield utd,0,1,0,0,0,0,,,,,0,0,,,,,,,,,,,,,missing,0,,,,,,,,,,,,,Sheffield United,0.0,0.4210526315789473,-1.8157894736842104,Sheffield United,1.0,,,same_team_copy_old,Premier League,0.0,0.4210526315789473,-1.8157894736842104,0,0.0,0.0,0.0,vinicius souza,sheffield utd,STABLE_BIG5_REVIEW,0.4070574162679426
Mathias Autret,fr FRA,Brest,Ligue 1,2019-2020,2020-2021,"MF,FW",FW,28.0,False,14.0,1222.0,2.0,3.0,2.0,0.0,0.0,0.1472995090016366,0.220949263502455,0.3682487725040916,0.0,0,2019,2020,19255,mathias autret,brest,138171.0,exact_normalized_unique,A,2020-08-21,2020-08-20,duckdb_big5_first_game,no_confirmed_pre_cutoff_event,0,0,,Brest,Ligue 1,France,0,0,0,,,,,,,,,,,,,,,0,brest,0,1,0,0,0,0,,,,,0,0,,,2000000.0,2020-04-08,2500000.0,2500000.0,2019-12-19,2500000.0,2000000.0,2019-06-03,2000000.0,2000000.0,historical_valuation,1,14.508658238524095,2500000.0,2000000.0,-500000.0,0.0,-0.1999999999999999,0.0,2500000.0,0.8,134.0,0.1140046296296296,0.1818181818181818,Brest,0.3157894736842105,1.2142857142857142,-0.1071428571428571,Brest,1.0,,,same_team_copy_old,Ligue 1,0.3157894736842105,1.2142857142857142,-0.1071428571428571,0,0.0,0.0,0.0,mathias autret,brest,STABLE_BIG5_REVIEW,0.40454545454545454
Yvan Neyou,cm CMR,Saint-Étienne,Ligue 1,2021-2022,2022-2023,MF,MF,24.0,False,12.0,936.0,0.0,0.0,0.0,0.0,0.0,0.0,0.0,0.0,0.0,0,2021,2022,21488,yvan neyou,saint etienne,469669.0,exact_normalized_unique,A,2022-08-05,2022-08-04,duckdb_big5_first_game,no_summer_event,0,0,,Saint-Étienne,Ligue 1,France,0,0,0,,,,,,,,,,,,,,,0,saint etienne,0,1,0,0,0,0,,,,,0,0,,,3000000.0,2022-05-30,5000000.0,5000000.0,2021-12-16,5000000.0,5000000.0,2021-06-04,5000000.0,3000000.0,historical_valuation,1,14.914123179965662,5000000.0,5000000.0,-2000000.0,-2000000.0,-0.4,-0.4,5000000.0,0.6,66.0,0.2086705202312138,0.3529411764705882,St Etienne,0.1052631578947368,0.8421052631578947,-0.9210526315789472,St Etienne,1.0,,,same_team_copy_old,Ligue 1,0.1052631578947368,0.8421052631578947,-0.9210526315789472,0,0.0,0.0,0.0,yvan neyou,saint etienne,STABLE_BIG5_REVIEW,0.4032296650717704
Abdelhamid Sabiri,ma MAR,Sampdoria,Serie A,2022-2023,2023-2024,"MF,FW",FW,25.0,False,12.0,1069.0,2.0,0.0,1.0,1.0,2.0,0.1683816651075771,0.0,0.1683816651075771,0.0,0,2022,2023,21494,abdelhamid sabiri,sampdoria,340394.0,exact_normalized_unique,A,2023-08-11,2023-08-10,duckdb_big5_first_game,no_confirmed_pre_cutoff_event,0,0,,Sampdoria,Serie A,Italy,0,0,0,,,,,,,,,,,,,,,0,sampdoria,0,1,0,0,0,0,,,,,0,0,,,2500000.0,2023-06-15,4000000.0,4000000.0,2022-12-23,4000000.0,3000000.0,2022-06-07,3000000.0,2500000.0,historical_valuation,1,14.731801689838347,4000000.0,3000000.0,-1500000.0,-500000.0,-0.375,-0.1666666666666666,4000000.0,0.625,56.0,0.1575654152445961,0.2272727272727272,Sampdoria,0.0,0.5,-1.236842105263158,Sampdoria,1.0,,,same_team_copy_old,Serie A,0.0,0.5,-1.236842105263158,0,0.0,0.0,0.0,abdelhamid sabiri,sampdoria,STABLE_BIG5_REVIEW,0.4031100478468899
Damián Musto,ar ARG,Huesca,La Liga,2018-2019,2019-2020,"MF,DF",MF,31.0,False,20.0,1686.0,0.0,0.0,0.0,0.0,0.0,0.0,0.0,0.0,0.0,0,2018,2019,17902,damian musto,huesca,67823.0,exact_normalized_unique,A,2019-08-09,2019-08-08,duckdb_big5_first_game,no_summer_event,0,0,,Huesca,La Liga,Spain,0,0,0,,,,,,,,,,,,,,,0,huesca,0,1,0,0,0,0,,,,,0,0,,,1200000.0,2019-06-11,1500000.0,1500000.0,2018-12-21,1500000.0,1500000.0,2018-04-10,1500000.0,1200000.0,historical_valuation,1,13.997832948091215,1500000.0,1500000.0,-300000.0,-300000.0,-0.1999999999999999,-0.1999999999999999,1500000.0,0.8,58.0,0.0529801324503311,0.15,Huesca,0.0526315789473684,0.868421052631579,-0.5789473684210527,Huesca,1.0,,,same_team_copy_old,La Liga,0.0526315789473684,0.868421052631579,-0.5789473684210527,0,0.0,0.0,0.0,damian musto,huesca,STABLE_BIG5_REVIEW,0.4023923444976077
Jaromír Zmrhal,cz CZE,Brescia,Serie A,2019-2020,2020-2021,MF,MF,25.0,False,11.0,1125.0,2.0,0.0,2.0,0.0,0.0,0.16,0.0,0.16,0.0,0,2019,2020,19063,jaromir zmrhal,brescia,235413.0,exact_normalized_unique,A,2020-08-21,2020-08-20,duckdb_big5_first_game,no_summer_event,0,0,,Brescia,Serie A,Italy,0,0,0,,,,,,,,,,,,,,,0,brescia,0,1,0,0,0,0,,,,,0,0,,,2400000.0,2020-04-08,3250000.0,3000000.0,2019-12-12,3250000.0,3250000.0,2019-06-25,3250000.0,2400000.0,historical_valuation,1,14.690979711984754,3000000.0,3250000.0,-600000.0,-850000.0,-0.1999999999999999,-0.2615384615384615,3250000.0,0.7384615384615385,134.0,0.146412037037037,0.32,Brescia,0.0526315789473684,0.6578947368421053,-1.1578947368421053,Brescia,1.0,,,same_team_copy_old,Serie A,0.0526315789473684,0.6578947368421053,-1.1578947368421053,0,0.0,0.0,0.0,jaromir zmrhal,brescia,STABLE_BIG5_REVIEW,0.40215311004784693
Lenny Nangis,fr FRA,Bastia,Ligue 1,2016-2017,2017-2018,"MF,FW",FW,22.0,False,12.0,1382.0,0.0,2.0,0.0,0.0,0.0,0.0,0.130246020260492,0.130246020260492,0.0,0,2016,2017,16315,lenny nangis,bastia,157500.0,exact_normalized_unique,A,2017-08-04,2017-08-03,duckdb_big5_first_game,no_confirmed_pre_cutoff_event,0,0,,Bastia,Ligue 1,France,0,0,0,,,,,,,,,,,,,,,0,bastia,0,1,0,0,0,0,,,,,0,0,,,1750000.0,2017-06-01,2500000.0,1750000.0,2017-01-16,2500000.0,1750000.0,2016-07-13,2500000.0,1750000.0,historical_valuation,1,14.375126917328105,1750000.0,1750000.0,0.0,0.0,0.0,0.0,2500000.0,0.7,63.0,0.1564482029598308,0.25,Bastia,0.0,0.8947368421052632,-0.7368421052631579,Bastia,1.0,,,same_team_copy_old,Ligue 1,0.0,0.8947368421052632,-0.7368421052631579,0,0.0,0.0,0.0,lenny nangis,bastia,STABLE_BIG5_REVIEW,0.4021531100478469
Didier Ibrahim Ndong,ga GAB,Dijon,Ligue 1,2020-2021,2021-2022,MF,MF,26.0,False,29.0,2610.0,0.0,1.0,0.0,0.0,0.0,0.0,0.0344827586206896,0.0344827586206896,0.0,0,2020,2021,19800,didier ibrahim ndong,dijon,,unmatched,UNMATCHED,2021-08-06,2021-08-05,duckdb_big5_first_game,no_player_id,0,0,,Dijon,Ligue 1,France,0,0,0,,,,,,,,,,,,,,,0,dijon,0,1,0,0,0,0,,,,,0,0,,,,,,,,,,,,,missing,0,,,,,,,,,,,,,Dijon,0.0,0.5526315789473685,-1.263157894736842,Dijon,1.0,,,same_team_copy_old,Ligue 1,0.0,0.5526315789473685,-1.263157894736842,0,0.0,0.0,0.0,didier ibrahim ndong,dijon,STABLE_BIG5_REVIEW,0.40179425837320576
Mehdi Zeffane,dz ALG,Rennes,Ligue 1,2018-2019,2019-2020,"DF,MF",MF,26.0,False,14.0,1214.0,1.0,0.0,1.0,0.0,0.0,0.0741350906095551,0.0,0.0741350906095551,0.0,0,2018,2019,18360,mehdi zeffane,rennes,118303.0,exact_normalized_unique,A,2019-08-09,2019-08-08,duckdb_big5_first_game,no_confirmed_pre_cutoff_event,0,0,,Rennes,Ligue 1,France,0,0,1,,,,,,,,,,,,,,,0,rennes,0,1,0,0,0,0,,,,,0,0,,,2000000.0,2019-06-03,2000000.0,1000000.0,2018-12-17,1250000.0,1000000.0,2018-06-04,1250000.0,2000000.0,historical_valuation,1,14.508658238524095,1000000.0,1000000.0,1000000.0,1000000.0,1.0,1.0,2000000.0,1.0,66.0,0.1092715231788079,0.25,Rennes,0.5263157894736843,1.368421052631579,0.0789473684210526,Rennes,1.0,,,same_team_copy_old,Ligue 1,0.5263157894736843,1.368421052631579,0.0789473684210526,0,0.0,0.0,0.0,mehdi zeffane,rennes,STABLE_BIG5_REVIEW,0.4014354066985646
Nemanja Radoja,rs SRB,Levante,La Liga,2021-2022,2022-2023,MF,MF,28.0,False,17.0,1214.0,0.0,0.0,0.0,0.0,0.0,0.0,0.0,0.0,0.0,0,2021,2022,21205,nemanja radoja,levante,168959.0,exact_normalized_unique,A,2022-08-05,2022-08-04,duckdb_big5_first_game,no_summer_event,0,0,,Levante,La Liga,Spain,0,0,0,,,,,,,,,,,,,,,0,levante,0,1,0,0,0,0,,,,,0,0,,,2000000.0,2022-06-03,8000000.0,2000000.0,2021-12-30,8000000.0,2500000.0,2021-06-10,8000000.0,2000000.0,historical_valuation,1,14.508658238524095,2000000.0,2500000.0,0.0,-500000.0,0.0,-0.1999999999999999,8000000.0,0.25,62.0,0.1115606936416185,0.2352941176470588,Levante,0.0526315789473684,0.9210526315789472,-0.6578947368421053,Levante,1.0,,,same_team_copy_old,La Liga,0.0526315789473684,0.9210526315789472,-0.6578947368421053,0,0.0,0.0,0.0,nemanja radoja,levante,STABLE_BIG5_REVIEW,0.4014354066985646
Youcef Belaïli,dz ALG,Ajaccio,Ligue 1,2022-2023,2023-2024,"MF,FW",FW,30.0,False,19.0,1506.0,6.0,5.0,1.0,5.0,6.0,0.3585657370517928,0.298804780876494,0.6573705179282868,0.0,0,2022,2023,22420,youcef belaili,ajaccio,175014.0,exact_normalized_unique,A,2023-08-11,2023-08-10,duckdb_big5_first_game,no_summer_event,0,0,,Ajaccio,Ligue 1,France,0,0,0,,,,,,,,,,,,,,,0,ajaccio,0,1,0,0,0,0,,,,,0,0,,,1500000.0,2023-06-27,3000000.0,1800000.0,2022-10-07,3000000.0,2000000.0,2022-05-30,3000000.0,1500000.0,historical_valuation,1,14.220976332738882,1800000.0,2000000.0,-300000.0,-500000.0,-0.1666666666666666,-0.25,3000000.0,0.5,44.0,0.0699658703071672,0.1363636363636363,Ajaccio,0.1052631578947368,0.6842105263157895,-1.3421052631578947,Ajaccio,1.0,,,same_team_copy_old,Ligue 1,0.1052631578947368,0.6842105263157895,-1.3421052631578947,0,0.0,0.0,0.0,youcef belaili,ajaccio,STABLE_BIG5_REVIEW,0.4014354066985646
Kouadio Koné,fr FRA,M'Gladbach,Bundesliga,2022-2023,2023-2024,MF,MF,21.0,False,30.0,2608.0,1.0,1.0,1.0,0.0,0.0,0.0345092024539877,0.0345092024539877,0.0690184049079754,0.0,0,2022,2023,21992,kouadio kone,borussia monchengladbach,,unmatched,UNMATCHED,2023-08-11,2023-08-10,duckdb_big5_first_game,no_player_id,0,0,,M'Gladbach,Bundesliga,Germany,0,0,0,,,,,,,,,,,,,,,0,borussia monchengladbach,0,1,0,0,0,0,,,,,0,0,,,,,,,,,,,,,missing,0,,,,,,,,,,,,,M'gladbach,0.4705882352941176,1.2647058823529411,-0.088235294117647,M'gladbach,1.0,,,same_team_copy_old,Bundesliga,0.4705882352941176,1.2647058823529411,-0.088235294117647,0,0.0,0.0,0.0,kouadio kone,m gladbach,STABLE_BIG5_REVIEW,0.40131578947368424
Miguel de las Cuevas,es ESP,Osasuna,La Liga,2016-2017,2017-2018,MF,MF,30.0,False,20.0,1796.0,0.0,1.0,0.0,0.0,0.0,0.0,0.0501113585746102,0.0501113585746102,0.0,0,2016,2017,16446,miguel de las cuevas,osasuna,54774.0,exact_normalized_unique,A,2017-08-04,2017-08-03,duckdb_big5_first_game,no_summer_event,0,0,,Osasuna,La Liga,Spain,0,0,0,,,,,,,,,,,,,,,0,osasuna,0,1,0,0,0,0,,,,,0,0,,,1000000.0,2017-06-05,5000000.0,1200000.0,2017-01-24,5000000.0,1000000.0,2016-07-15,5000000.0,1000000.0,historical_valuation,1,13.815511557963774,1200000.0,1000000.0,-200000.0,0.0,-0.1666666666666666,0.0,5000000.0,0.2,59.0,0.0724101479915433,0.25,Osasuna,0.0526315789473684,0.5789473684210527,-1.4210526315789471,Osasuna,1.0,,,same_team_copy_old,La Liga,0.0526315789473684,0.5789473684210527,-1.4210526315789471,0,0.0,0.0,0.0,miguel de las cuevas,osasuna,STABLE_BIG5_REVIEW,0.4010765550239235
Leandro Barreiro Martins,LUX,Mainz 05,Bundesliga,2023-2024,2024-2025,MF,MF,23.0,False,29.0,2606.0,4.0,1.0,4.0,0.0,0.0,0.1381427475057559,0.0345356868764389,0.1726784343821949,0.0,0,2023,2024,22926,leandro barreiro martins,mainz 05,,unmatched,UNMATCHED,2024-08-15,2024-08-14,duckdb_big5_first_game,no_player_id,0,0,,Mainz 05,Bundesliga,Germany,0,0,0,,,,,,,,,,,,,,,0,mainz 05,0,1,0,0,0,0,,,,,0,0,,,,,,,,,,,,,missing,0,,,,,,,,,,,,,Mainz,0.2941176470588235,1.0294117647058822,-0.3529411764705882,Mainz,1.0,,,same_team_copy_old,Bundesliga,0.2941176470588235,1.0294117647058822,-0.3529411764705882,0,0.0,0.0,0.0,leandro barreiro martins,mainz 05,STABLE_BIG5_REVIEW,0.4008373205741627
Mame Biram Diouf,sn SEN,Stoke City,Premier League,2017-2018,2018-2019,"FW,DF",FW,29.0,False,30.0,2596.0,6.0,2.0,6.0,0.0,0.0,0.2080123266563944,0.0693374422187981,0.2773497688751926,0.0,0,2017,2018,17330,mame biram diouf,stoke city,,unmatched,UNMATCHED,2018-08-10,2018-08-09,duckdb_big5_first_game,no_player_id,0,0,,Stoke City,Premier League,England,0,0,0,,,,,,,,,,,,,,,0,stoke city,0,1,0,0,0,0,,,,,0,0,,,,,,,,,,,,,missing,0,,,,,,,,,,,,,Stoke,0.0526315789473684,0.868421052631579,-0.868421052631579,Stoke,1.0,,,same_team_copy_old,Premier League,0.0526315789473684,0.868421052631579,-0.868421052631579,0,0.0,0.0,0.0,mame biram diouf,stoke city,STABLE_BIG5_REVIEW,0.39988038277511967
Pedro Mosquera,es ESP,Huesca,La Liga,2020-2021,2021-2022,MF,MF,32.0,False,24.0,2050.0,0.0,0.0,0.0,0.0,0.0,0.0,0.0,0.0,0.0,0,2020,2021,20322,pedro mosquera,huesca,44069.0,exact_normalized_unique,A,2021-08-06,2021-08-05,duckdb_big5_first_game,no_summer_event,0,0,,Huesca,La Liga,Spain,0,0,0,,,,,,,,,,,,,,,0,huesca,0,1,0,0,0,0,,,,,0,0,,,700000.0,2021-06-10,6000000.0,700000.0,2021-01-05,6000000.0,800000.0,2020-04-08,6000000.0,700000.0,historical_valuation,1,13.45883704259595,700000.0,800000.0,0.0,-100000.0,0.0,-0.125,6000000.0,0.1166666666666666,56.0,0.017051705170517,0.0875,Huesca,0.1052631578947368,0.8947368421052632,-0.5,Huesca,1.0,,,same_team_copy_old,La Liga,0.1052631578947368,0.8947368421052632,-0.5,0,0.0,0.0,0.0,pedro mosquera,huesca,STABLE_BIG5_REVIEW,0.3979665071770335
Nicola Rigoni,it ITA,Chievo,Serie A,2018-2019,2019-2020,MF,MF,27.0,False,23.0,1951.0,0.0,1.0,0.0,0.0,0.0,0.0,0.0461301896463352,0.0461301896463352,0.0,0,2018,2019,18405,nicola rigoni,chievo,61757.0,exact_normalized_unique,A,2019-08-09,2019-08-08,duckdb_big5_first_game,no_summer_event,0,0,,Chievo,Serie A,Italy,0,0,0,,,,,,,,,,,,,,,0,chievo,0,1,0,0,0,0,,,,,0,0,,,800000.0,2019-06-06,2000000.0,1000000.0,2018-12-20,2000000.0,1200000.0,2018-06-07,2000000.0,800000.0,historical_valuation,1,13.592368256649284,1000000.0,1200000.0,-200000.0,-400000.0,-0.1999999999999999,-0.3333333333333333,2000000.0,0.4,63.0,0.0275938189845474,0.1,Chievo,0.0,0.5263157894736842,-1.3157894736842106,Chievo,1.0,,,same_team_copy_old,Serie A,0.0,0.5263157894736842,-1.3157894736842106,0,0.0,0.0,0.0,nicola rigoni,chievo,STABLE_BIG5_REVIEW,0.3956937799043062
Nacho Cases,es ESP,Sporting Gijón,La Liga,2016-2017,2017-2018,MF,MF,28.0,False,16.0,1471.0,2.0,1.0,2.0,0.0,0.0,0.1223657375934738,0.0611828687967369,0.1835486063902107,0.0,0,2016,2017,16476,nacho cases,sporting gijon,89473.0,exact_normalized_unique,A,2017-08-04,2017-08-03,duckdb_big5_first_game,no_summer_event,0,0,,Sporting Gijón,La Liga,Spain,0,0,0,,,,,,,,,,,,,,,0,sporting gijon,0,1,0,0,0,0,,,,,0,0,,,1500000.0,2017-06-05,2200000.0,2200000.0,2017-01-24,2200000.0,2200000.0,2016-07-15,2200000.0,1500000.0,historical_valuation,1,14.220976332738882,2200000.0,2200000.0,-700000.0,-700000.0,-0.3181818181818182,-0.3181818181818182,2200000.0,0.6818181818181818,59.0,0.1289640591966173,0.375,Sp Gijon,0.1052631578947368,0.8157894736842105,-0.7894736842105263,Sp Gijon,1.0,,,same_team_copy_old,La Liga,0.1052631578947368,0.8157894736842105,-0.7894736842105263,0,0.0,0.0,0.0,nacho cases,sporting gijon,STABLE_BIG5_REVIEW,0.3949760765550239
Florian Ayé,fr FRA,Brescia,Serie A,2019-2020,2020-2021,"FW,MF",FW,22.0,False,15.0,1380.0,0.0,0.0,0.0,0.0,0.0,0.0,0.0,0.0,0.0,0,2019,2020,18948,florian aye,brescia,372713.0,exact_normalized_unique,A,2020-08-21,2020-08-20,duckdb_big5_first_game,no_summer_event,0,0,,Brescia,Serie A,Italy,0,0,0,,,,,,,,,,,,,,,0,brescia,0,1,0,0,0,0,,,,,0,0,,,1600000.0,2020-04-08,4000000.0,2800000.0,2019-12-12,4000000.0,4000000.0,2019-06-27,4000000.0,1600000.0,historical_valuation,1,14.285514812209817,2800000.0,4000000.0,-1200000.0,-2400000.0,-0.4285714285714286,-0.6,4000000.0,0.4,134.0,0.0815972222222222,0.1454545454545454,Brescia,0.0526315789473684,0.6578947368421053,-1.1578947368421053,Brescia,1.0,,,same_team_copy_old,Serie A,0.0526315789473684,0.6578947368421053,-1.1578947368421053,0,0.0,0.0,0.0,florian aye,brescia,STABLE_BIG5_REVIEW,0.39473684210526316
Davide Faraoni,it ITA,Crotone,Serie A,2017-2018,2018-2019,"DF,MF",MF,25.0,False,18.0,1754.0,2.0,4.0,2.0,0.0,0.0,0.1026225769669327,0.2052451539338654,0.3078677309007981,0.0,0,2017,2018,16975,davide faraoni,crotone,73926.0,exact_normalized_unique,A,2018-08-10,2018-08-09,duckdb_big5_first_game,no_summer_event,0,0,,Crotone,Serie A,Italy,0,0,0,,,,,,,,,,,,,,,0,crotone,0,1,0,0,0,0,,,,,0,0,,,1000000.0,2018-06-07,4000000.0,800000.0,2017-12-29,4000000.0,1000000.0,2017-06-08,4000000.0,1000000.0,historical_valuation,1,13.815511557963774,800000.0,1000000.0,200000.0,0.0,0.25,0.0,4000000.0,0.25,63.0,0.053532008830022,0.1666666666666666,Crotone,0.1052631578947368,0.9210526315789472,-0.6842105263157895,Crotone,1.0,,,same_team_copy_old,Serie A,0.1052631578947368,0.9210526315789472,-0.6842105263157895,0,0.0,0.0,0.0,davide faraoni,crotone,STABLE_BIG5_REVIEW,0.3946172248803828
Marvin Bakalorz,de GER,Hannover 96,Bundesliga,2018-2019,2019-2020,MF,MF,28.0,False,16.0,1470.0,1.0,0.0,1.0,0.0,0.0,0.0612244897959183,0.0,0.0612244897959183,0.0,0,2018,2019,18329,marvin bakalorz,hannover 96,53602.0,exact_normalized_unique,A,2019-08-09,2019-08-08,duckdb_big5_first_game,no_summer_event,0,0,,Hannover 96,Bundesliga,Germany,0,0,0,,,,,,,,,,,,,,,0,hannover 96,0,1,0,0,0,0,,,,,0,0,,,1500000.0,2019-06-05,2500000.0,2000000.0,2018-12-18,2500000.0,2500000.0,2018-06-05,2500000.0,1500000.0,historical_valuation,1,14.220976332738882,2000000.0,2500000.0,-500000.0,-1000000.0,-0.25,-0.4,2500000.0,0.6,64.0,0.0700883002207505,0.1875,Hannover,0.0588235294117647,0.6176470588235294,-1.1764705882352942,Hannover,1.0,,,same_team_copy_old,Bundesliga,0.0588235294117647,0.6176470588235294,-1.1764705882352942,0,0.0,0.0,0.0,marvin bakalorz,hannover 96,STABLE_BIG5_REVIEW,0.39425837320574164
Rômulo,it ITA,Brescia,Serie A,2019-2020,2020-2021,MF,MF,32.0,False,19.0,1743.0,1.0,3.0,1.0,0.0,0.0,0.0516351118760757,0.1549053356282272,0.2065404475043029,0.0,0,2019,2020,19439,romulo,brescia,121756.0,exact_name_age_resolved,B,2020-08-21,2020-08-20,duckdb_big5_first_game,no_confirmed_pre_cutoff_event,0,0,,Brescia,Serie A,Italy,0,0,0,,,,,,,,,,,,,,,0,brescia,0,1,0,0,0,0,,,,,0,0,,,1000000.0,2020-06-30,8000000.0,2000000.0,2019-12-12,8000000.0,2500000.0,2019-06-06,8000000.0,1000000.0,historical_valuation,1,13.815511557963774,2000000.0,2500000.0,-1000000.0,-1500000.0,-0.5,-0.6,8000000.0,0.125,51.0,0.0364583333333333,0.1333333333333333,Brescia,0.0526315789473684,0.6578947368421053,-1.1578947368421053,Brescia,1.0,,,same_team_copy_old,Serie A,0.0526315789473684,0.6578947368421053,-1.1578947368421053,0,0.0,0.0,0.0,romulo,brescia,STABLE_BIG5_REVIEW,0.39150717703349286
Oriol Riera,es ESP,Osasuna,La Liga,2016-2017,2017-2018,FW,FW,30.0,False,18.0,1459.0,4.0,1.0,4.0,0.0,0.0,0.2467443454420836,0.0616860863605209,0.3084304318026045,0.0,0,2016,2017,16509,oriol riera,osasuna,71671.0,exact_normalized_unique,A,2017-08-04,2017-08-03,duckdb_big5_first_game,no_confirmed_pre_cutoff_event,0,0,,Osasuna,La Liga,Spain,0,0,0,,,,,,,,,,,,,,,0,osasuna,0,1,0,0,0,0,,,,,0,0,,,1500000.0,2017-07-30,3000000.0,2000000.0,2017-01-24,3000000.0,1500000.0,2016-07-15,3000000.0,1500000.0,historical_valuation,1,14.220976332738882,2000000.0,1500000.0,-500000.0,0.0,-0.25,0.0,3000000.0,0.5,4.0,0.1289640591966173,0.2142857142857142,Osasuna,0.0526315789473684,0.5789473684210527,-1.4210526315789471,Osasuna,1.0,,,same_team_copy_old,La Liga,0.0526315789473684,0.5789473684210527,-1.4210526315789471,0,0.0,0.0,0.0,oriol riera,osasuna,STABLE_BIG5_REVIEW,0.3911483253588517
Mato Jajalo,ba BIH,Palermo,Serie A,2016-2017,2017-2018,MF,MF,28.0,False,22.0,1851.0,1.0,1.0,1.0,0.0,0.0,0.0486223662884927,0.0486223662884927,0.0972447325769854,0.0,0,2016,2017,16419,mato jajalo,palermo,47513.0,exact_normalized_unique,A,2017-08-04,2017-08-03,duckdb_big5_first_game,no_summer_event,0,0,,Palermo,Serie A,Italy,0,0,0,,,,,,,,,,,,,,,0,palermo,0,1,0,0,0,0,,,,,0,0,,,900000.0,2017-06-08,3500000.0,1000000.0,2017-01-02,3500000.0,1300000.0,2016-07-15,3500000.0,900000.0,historical_valuation,1,13.71015115341694,1000000.0,1300000.0,-100000.0,-400000.0,-0.0999999999999999,-0.3076923076923077,3500000.0,0.2571428571428571,56.0,0.0496828752642706,0.225,Palermo,0.0526315789473684,0.6842105263157895,-1.1578947368421053,Palermo,1.0,,,same_team_copy_old,Serie A,0.0526315789473684,0.6842105263157895,-1.1578947368421053,0,0.0,0.0,0.0,mato jajalo,palermo,STABLE_BIG5_REVIEW,0.3907894736842106
Hwang Ui-jo,kr KOR,Bordeaux,Ligue 1,2021-2022,2022-2023,FW,FW,28.0,False,29.0,2508.0,11.0,2.0,11.0,0.0,0.0,0.3947368421052631,0.0717703349282296,0.4665071770334928,0.0,0,2021,2022,20888,hwang ui jo,bordeaux,,unmatched,UNMATCHED,2022-08-05,2022-08-04,duckdb_big5_first_game,no_player_id,0,0,,Bordeaux,Ligue 1,France,0,0,0,,,,,,,,,,,,,,,0,bordeaux,0,1,0,0,0,0,,,,,0,0,,,,,,,,,,,,,missing,0,,,,,,,,,,,,,Bordeaux,0.0,0.8157894736842105,-1.0263157894736843,Bordeaux,1.0,,,same_team_copy_old,Ligue 1,0.0,0.8157894736842105,-1.0263157894736843,0,0.0,0.0,0.0,hwang ui jo,bordeaux,STABLE_BIG5_REVIEW,0.3907894736842105
Marcel Risse,de GER,Köln,Bundesliga,2017-2018,2018-2019,"DF,MF",MF,27.0,False,13.0,1169.0,1.0,3.0,1.0,0.0,0.0,0.0769888793840889,0.2309666381522669,0.3079555175363558,0.0,0,2017,2018,17341,marcel risse,koln,51176.0,exact_normalized_unique,A,2018-08-10,2018-08-09,duckdb_big5_first_game,no_summer_event,0,0,,Köln,Bundesliga,Germany,0,0,0,,,,,,,,,,,,,,,0,koln,0,1,0,0,0,0,,,,,0,0,,,2000000.0,2018-06-05,4500000.0,3000000.0,2017-12-28,4500000.0,4500000.0,2017-06-19,4500000.0,2000000.0,historical_valuation,1,14.508658238524095,3000000.0,4500000.0,-1000000.0,-2500000.0,-0.3333333333333333,-0.5555555555555556,4500000.0,0.4444444444444444,65.0,0.1600441501103753,0.3333333333333333,FC Koln,0.0,0.6470588235294118,-1.0294117647058822,FC Koln,1.0,,,same_team_copy_old,Bundesliga,0.0,0.6470588235294118,-1.0294117647058822,0,0.0,0.0,0.0,marcel risse,koln,STABLE_BIG5_REVIEW,0.3894736842105263
Mikel Rico,es ESP,Huesca,La Liga,2020-2021,2021-2022,MF,MF,35.0,False,27.0,2183.0,1.0,4.0,1.0,0.0,0.0,0.0412276683463124,0.1649106733852496,0.206138341731562,0.0,0,2020,2021,20225,mikel rico,huesca,51474.0,exact_normalized_unique,A,2021-08-06,2021-08-05,duckdb_big5_first_game,no_summer_event,0,0,,Huesca,La Liga,Spain,0,0,0,,,,,,,,,,,,,,,0,huesca,0,1,0,0,0,0,,,,,0,0,,,300000.0,2021-06-10,8000000.0,300000.0,2021-01-05,8000000.0,400000.0,2020-04-08,8000000.0,300000.0,historical_valuation,1,12.611541086966117,300000.0,400000.0,0.0,-100000.0,0.0,-0.25,8000000.0,0.0375,56.0,0.0038503850385038,0.0375,Huesca,0.1052631578947368,0.8947368421052632,-0.5,Huesca,1.0,,,same_team_copy_old,La Liga,0.1052631578947368,0.8947368421052632,-0.5,0,0.0,0.0,0.0,mikel rico,huesca,STABLE_BIG5_REVIEW,0.3882775119617225
Maxi Gómez,URU,Cádiz,La Liga,2023-2024,2024-2025,FW,FW,26.0,False,12.0,1163.0,0.0,0.0,0.0,0.0,0.0,0.0,0.0,0.0,0.0,0,2023,2024,23033,maxi gomez,cadiz,396894.0,exact_normalized_unique,A,2024-08-15,2024-08-14,duckdb_big5_first_game,no_summer_event,0,0,,Cádiz,La Liga,Spain,0,0,0,,,,,,,,,,,,,,,0,cadiz,0,1,0,0,0,0,,,,,0,0,,,2000000.0,2024-06-07,40000000.0,2500000.0,2023-12-22,40000000.0,7000000.0,2023-06-08,40000000.0,2000000.0,historical_valuation,1,14.508658238524095,2500000.0,7000000.0,-500000.0,-5000000.0,-0.1999999999999999,-0.7142857142857143,40000000.0,0.05,68.0,0.1015081206496519,0.1666666666666666,Cadiz,0.1052631578947368,0.868421052631579,-0.7631578947368421,Cadiz,1.0,,,same_team_copy_old,La Liga,0.1052631578947368,0.868421052631579,-0.7631578947368421,0,0.0,0.0,0.0,maxi gomez,cadiz,STABLE_BIG5_REVIEW,0.38803827751196174
Javi Galán,es ESP,Huesca,La Liga,2018-2019,2019-2020,"DF,FW",FW,23.0,False,16.0,1440.0,0.0,2.0,0.0,0.0,0.0,0.0,0.125,0.125,0.0,0,2018,2019,18114,javi galan,huesca,448628.0,exact_normalized_unique,A,2019-08-09,2019-08-08,duckdb_big5_first_game,no_summer_event,0,0,,Huesca,La Liga,Spain,0,0,0,,,,,,,,,,,,,,,0,huesca,0,1,0,0,0,0,,,,,0,0,,,1500000.0,2019-06-11,1500000.0,400000.0,2018-05-30,400000.0,400000.0,2018-05-30,400000.0,1500000.0,historical_valuation,1,14.220976332738882,400000.0,400000.0,1100000.0,1100000.0,2.75,2.75,1500000.0,1.0,58.0,0.0700883002207505,0.15,Huesca,0.0526315789473684,0.868421052631579,-0.5789473684210527,Huesca,1.0,,,same_team_copy_old,La Liga,0.0526315789473684,0.868421052631579,-0.5789473684210527,0,0.0,0.0,0.0,javi galan,huesca,STABLE_BIG5_REVIEW,0.3877990430622009
Bobby Reid,jm JAM,Fulham,Premier League,2022-2023,2023-2024,"FW,DF",FW,29.0,False,29.0,2475.0,4.0,1.0,4.0,0.0,0.0,0.1454545454545454,0.0363636363636363,0.1818181818181818,0.0,0,2022,2023,21603,bobby reid,fulham,,unmatched,UNMATCHED,2023-08-11,2023-08-10,duckdb_big5_first_game,no_player_id,0,0,,Fulham,Premier League,England,0,0,0,,,,,,,,,,,,,,,0,fulham,0,1,0,0,0,0,,,,,0,0,,,,,,,,,,,,,missing,0,,,,,,,,,,,,,Fulham,0.5263157894736843,1.368421052631579,0.0526315789473684,Fulham,1.0,,,same_team_copy_old,Premier League,0.5263157894736843,1.368421052631579,0.0526315789473684,0,0.0,0.0,0.0,bobby reid,fulham,STABLE_BIG5_REVIEW,0.38648325358851676
Fidel,es ESP,Elche,La Liga,2022-2023,2023-2024,"MF,FW",FW,32.0,False,21.0,1714.0,3.0,2.0,2.0,1.0,1.0,0.1575262543757292,0.1050175029171528,0.2625437572928821,0.0,0,2022,2023,21771,fidel,elche,149231.0,exact_normalized_unique,A,2023-08-11,2023-08-10,duckdb_big5_first_game,no_summer_event,0,0,,Elche,La Liga,Spain,0,0,0,,,,,,,,,,,,,,,0,elche,0,1,0,0,0,0,,,,,0,0,,,1000000.0,2023-06-13,3000000.0,1000000.0,2022-11-07,3000000.0,2000000.0,2022-06-03,3000000.0,1000000.0,historical_valuation,1,13.815511557963774,1000000.0,2000000.0,0.0,-1000000.0,0.0,-0.5,3000000.0,0.3333333333333333,58.0,0.0352673492605233,0.0909090909090909,Elche,0.0,0.6578947368421053,-0.9736842105263158,Elche,1.0,,,same_team_copy_old,La Liga,0.0,0.6578947368421053,-0.9736842105263158,0,0.0,0.0,0.0,fidel,elche,STABLE_BIG5_REVIEW,0.386244019138756
Luca Pfeiffer,GER,Darmstadt 98,Bundesliga,2023-2024,2024-2025,"FW,MF",FW,26.0,False,20.0,1619.0,1.0,4.0,1.0,0.0,0.0,0.0555898702903026,0.2223594811612106,0.2779493514515133,0.0,0,2023,2024,22951,luca pfeiffer,darmstadt 98,232463.0,exact_normalized_unique,A,2024-08-15,2024-08-14,duckdb_big5_first_game,no_confirmed_pre_cutoff_event,0,0,,Darmstadt 98,Bundesliga,Germany,0,0,0,,,,,,,,,,,,,,,0,darmstadt 98,0,1,0,0,0,0,,,,,0,0,,,1200000.0,2024-05-29,2800000.0,1700000.0,2023-12-14,2800000.0,1700000.0,2023-06-22,2800000.0,1200000.0,historical_valuation,1,13.997832948091215,1700000.0,1700000.0,-500000.0,-500000.0,-0.2941176470588235,-0.2941176470588235,2800000.0,0.4285714285714285,77.0,0.0452436194895591,0.1,Darmstadt,0.0,0.5,-1.6470588235294117,Darmstadt,1.0,,,same_team_copy_old,Bundesliga,0.0,0.5,-1.6470588235294117,0,0.0,0.0,0.0,luca pfeiffer,darmstadt 98,STABLE_BIG5_REVIEW,0.38612440191387565
Éder,pt POR,Lille,Ligue 1,2016-2017,2017-2018,FW,FW,28.0,False,28.0,2470.0,6.0,5.0,5.0,1.0,2.0,0.2186234817813765,0.1821862348178137,0.4008097165991902,0.0,0,2016,2017,16030,eder,lille,,unmatched,UNMATCHED,2017-08-04,2017-08-03,duckdb_big5_first_game,no_player_id,0,0,,Lille,Ligue 1,France,0,0,0,,,,,,,,,,,,,,,0,lille,0,1,0,0,0,0,,,,,0,0,,,,,,,,,,,,,missing,0,,,,,,,,,,,,,Lille,0.4736842105263158,1.2105263157894737,-0.1842105263157894,Lille,1.0,,,same_team_copy_old,Ligue 1,0.4736842105263158,1.2105263157894737,-0.1842105263157894,0,0.0,0.0,0.0,eder,lille,STABLE_BIG5_REVIEW,0.38528708133971296
Simon Terodde,de GER,Schalke 04,Bundesliga,2022-2023,2023-2024,FW,FW,34.0,False,21.0,1823.0,5.0,0.0,5.0,0.0,1.0,0.2468458584750411,0.0,0.2468458584750411,0.0,0,2022,2023,22326,simon terodde,schalke 04,36284.0,exact_normalized_unique,A,2023-08-11,2023-08-10,duckdb_big5_first_game,no_summer_event,0,0,,Schalke 04,Bundesliga,Germany,0,0,0,,,,,,,,,,,,,,,0,schalke 04,0,1,0,0,0,0,,,,,0,0,,,900000.0,2023-06-22,4000000.0,1000000.0,2022-11-09,4000000.0,1000000.0,2022-06-16,4000000.0,900000.0,historical_valuation,1,13.71015115341694,1000000.0,1000000.0,-100000.0,-100000.0,-0.0999999999999999,-0.0999999999999999,4000000.0,0.225,49.0,0.027872582480091,0.0818181818181818,Schalke 04,0.0588235294117647,0.9117647058823528,-1.0588235294117647,Schalke 04,1.0,,,same_team_copy_old,Bundesliga,0.0588235294117647,0.9117647058823528,-1.0588235294117647,0,0.0,0.0,0.0,simon terodde,schalke 04,STABLE_BIG5_REVIEW,0.3850478468899522
Emi Buendía,ar ARG,Norwich City,Premier League,2019-2020,2020-2021,"FW,MF",FW,22.0,False,28.0,2464.0,1.0,7.0,1.0,0.0,0.0,0.036525974025974,0.2556818181818182,0.2922077922077922,0.0,0,2019,2020,18912,emi buendia,norwich city,,unmatched,UNMATCHED,2020-08-21,2020-08-20,duckdb_big5_first_game,no_player_id,0,0,,Norwich City,Premier League,England,0,0,0,,,,,,,,,,,,,,,0,norwich city,0,1,0,0,0,0,,,,,0,0,,,,,,,,,,,,,missing,0,,,,,,,,,,,,,Norwich,0.0,0.5526315789473685,-1.2894736842105263,Norwich,1.0,,,same_team_copy_old,Premier League,0.0,0.5526315789473685,-1.2894736842105263,0,0.0,0.0,0.0,emi buendia,norwich city,STABLE_BIG5_REVIEW,0.3845693779904306
Emanuele Giaccherini,it ITA,Chievo,Serie A,2018-2019,2019-2020,"MF,FW",FW,33.0,False,22.0,2009.0,3.0,1.0,2.0,1.0,2.0,0.1343952215032354,0.0447984071677451,0.1791936286709805,0.0,0,2018,2019,17965,emanuele giaccherini,chievo,84835.0,exact_normalized_unique,A,2019-08-09,2019-08-08,duckdb_big5_first_game,no_summer_event,0,0,,Chievo,Serie A,Italy,0,0,0,,,,,,,,,,,,,,,0,chievo,0,1,0,0,0,0,,,,,0,0,,,600000.0,2019-06-06,8500000.0,900000.0,2018-12-20,8500000.0,1000000.0,2018-06-07,8500000.0,600000.0,historical_valuation,1,13.304686600863562,900000.0,1000000.0,-300000.0,-400000.0,-0.3333333333333333,-0.4,8500000.0,0.0705882352941176,63.0,0.020971302428256,0.06,Chievo,0.0,0.5263157894736842,-1.3157894736842106,Chievo,1.0,,,same_team_copy_old,Serie A,0.0,0.5263157894736842,-1.3157894736842106,0,0.0,0.0,0.0,emanuele giaccherini,chievo,STABLE_BIG5_REVIEW,0.38444976076555026
Sandro Sirigu,de GER,Darmstadt 98,Bundesliga,2016-2017,2017-2018,"DF,MF",MF,27.0,False,17.0,1814.0,2.0,2.0,2.0,0.0,0.0,0.0992282249173098,0.0992282249173098,0.1984564498346196,0.0,0,2016,2017,16622,sandro sirigu,darmstadt 98,40456.0,exact_normalized_unique,A,2017-08-04,2017-08-03,duckdb_big5_first_game,no_summer_event,0,0,,Darmstadt 98,Bundesliga,Germany,0,0,0,,,,,,,,,,,,,,,0,darmstadt 98,0,1,0,0,0,0,,,,,0,0,,,900000.0,2017-06-19,900000.0,750000.0,2016-10-13,750000.0,400000.0,2016-07-22,500000.0,900000.0,historical_valuation,1,13.71015115341694,750000.0,400000.0,150000.0,500000.0,0.1999999999999999,1.25,900000.0,1.0,45.0,0.0496828752642706,0.225,Darmstadt,0.0,0.7352941176470589,-1.0294117647058822,Darmstadt,1.0,,,same_team_copy_old,Bundesliga,0.0,0.7352941176470589,-1.0294117647058822,0,0.0,0.0,0.0,sandro sirigu,darmstadt 98,STABLE_BIG5_REVIEW,0.3831339712918661
Marcel Büchel,li LIE,Hellas Verona,Serie A,2017-2018,2018-2019,MF,MF,26.0,False,20.0,1696.0,0.0,0.0,0.0,0.0,0.0,0.0,0.0,0.0,0.0,0,2017,2018,17339,marcel buchel,hellas verona,74956.0,exact_normalized_unique,A,2018-08-10,2018-08-09,duckdb_big5_first_game,no_summer_event,0,0,,Hellas Verona,Serie A,Italy,0,0,0,,,,,,,,,,,,,,,0,hellas verona,0,1,0,0,0,0,,,,,0,0,,,1000000.0,2018-06-07,2000000.0,1200000.0,2017-12-29,2000000.0,1500000.0,2017-06-08,2000000.0,1000000.0,historical_valuation,1,13.815511557963774,1200000.0,1500000.0,-200000.0,-500000.0,-0.1666666666666666,-0.3333333333333333,2000000.0,0.5,63.0,0.053532008830022,0.1666666666666666,Verona,0.0526315789473684,0.6578947368421053,-1.263157894736842,Verona,1.0,,,same_team_copy_old,Serie A,0.0526315789473684,0.6578947368421053,-1.263157894736842,0,0.0,0.0,0.0,marcel buchel,hellas verona,STABLE_BIG5_REVIEW,0.3828947368421053
Édgar Méndez,es ESP,Alavés,La Liga,2021-2022,2022-2023,"FW,MF",FW,31.0,False,17.0,1614.0,1.0,1.0,1.0,0.0,0.0,0.0557620817843866,0.0557620817843866,0.1115241635687732,0.0,0,2021,2022,20760,edgar mendez,alaves,133794.0,exact_normalized_unique,A,2022-08-05,2022-08-04,duckdb_big5_first_game,no_summer_event,0,0,,Alavés,La Liga,Spain,0,0,0,,,,,,,,,,,,,,,0,alaves,0,1,0,0,0,0,,,,,0,0,,,1200000.0,2022-06-03,3000000.0,1200000.0,2021-12-30,3000000.0,2200000.0,2021-06-10,3000000.0,1200000.0,historical_valuation,1,13.997832948091215,1200000.0,2200000.0,0.0,-1000000.0,0.0,-0.4545454545454546,3000000.0,0.4,62.0,0.045664739884393,0.1043478260869565,Alaves,0.0,0.8157894736842105,-0.8947368421052632,Alaves,1.0,,,same_team_copy_old,La Liga,0.0,0.8157894736842105,-0.8947368421052632,0,0.0,0.0,0.0,edgar mendez,alaves,STABLE_BIG5_REVIEW,0.3827751196172249
Eddy Gnahoré,fr FRA,Amiens,Ligue 1,2019-2020,2020-2021,MF,MF,25.0,False,14.0,1133.0,0.0,0.0,0.0,0.0,0.0,0.0,0.0,0.0,0.0,0,2019,2020,18902,eddy gnahore,amiens,168933.0,exact_normalized_unique,A,2020-08-21,2020-08-20,duckdb_big5_first_game,no_summer_event,0,0,,Amiens,Ligue 1,France,0,0,0,,,,,,,,,,,,,,,0,amiens,0,1,0,0,0,0,,,,,0,0,,,2000000.0,2020-04-08,4000000.0,3200000.0,2019-12-19,4000000.0,4000000.0,2019-06-03,4000000.0,2000000.0,historical_valuation,1,14.508658238524095,3200000.0,4000000.0,-1200000.0,-2000000.0,-0.375,-0.5,4000000.0,0.5,134.0,0.1140046296296296,0.2666666666666666,Amiens,0.0526315789473684,0.8214285714285714,-0.6785714285714286,Amiens,1.0,,,same_team_copy_old,Ligue 1,0.0526315789473684,0.8214285714285714,-0.6785714285714286,0,0.0,0.0,0.0,eddy gnahore,amiens,STABLE_BIG5_REVIEW,0.37799043062200954
Mario Vrančić,ba BIH,Darmstadt 98,Bundesliga,2016-2017,2017-2018,MF,MF,27.0,False,18.0,1537.0,4.0,2.0,3.0,1.0,1.0,0.2342225113858165,0.1171112556929082,0.3513337670787247,0.0,0,2016,2017,16401,mario vrancic,darmstadt 98,39372.0,exact_normalized_unique,A,2017-08-04,2017-08-03,duckdb_big5_first_game,no_summer_event,0,0,,Darmstadt 98,Bundesliga,Germany,0,0,0,,,,,,,,,,,,,,,0,darmstadt 98,0,1,0,0,0,0,,,,,0,0,,,1250000.0,2017-06-19,2000000.0,1000000.0,2016-07-22,2000000.0,1000000.0,2016-07-22,2000000.0,1250000.0,historical_valuation,1,14.038654909278163,1000000.0,1000000.0,250000.0,250000.0,0.25,0.25,2000000.0,0.625,45.0,0.0977801268498942,0.3125,Darmstadt,0.0,0.7352941176470589,-1.0294117647058822,Darmstadt,1.0,,,same_team_copy_old,Bundesliga,0.0,0.7352941176470589,-1.0294117647058822,0,0.0,0.0,0.0,mario vrancic,darmstadt 98,STABLE_BIG5_REVIEW,0.3772727272727273
Lassine Sinayoko,ml MLI,Auxerre,Ligue 1,2022-2023,2023-2024,"MF,FW",FW,22.0,False,16.0,1570.0,1.0,2.0,1.0,0.0,0.0,0.0573248407643312,0.1146496815286624,0.1719745222929936,0.0,0,2022,2023,22002,lassine sinayoko,auxerre,569140.0,exact_normalized_unique,A,2023-08-11,2023-08-10,duckdb_big5_first_game,no_summer_event,0,0,,Auxerre,Ligue 1,France,0,0,0,,,,,,,,,,,,,,,0,auxerre,0,1,0,0,0,0,,,,,0,0,,,1200000.0,2023-06-27,1500000.0,1200000.0,2022-11-02,1500000.0,1300000.0,2022-06-02,1300000.0,1200000.0,historical_valuation,1,13.997832948091215,1200000.0,1300000.0,0.0,-100000.0,0.0,-0.0769230769230768,1500000.0,0.8,44.0,0.0483503981797497,0.109090909090909,Auxerre,0.1578947368421053,0.9210526315789472,-0.7368421052631579,Auxerre,1.0,,,same_team_copy_old,Ligue 1,0.1578947368421053,0.9210526315789472,-0.7368421052631579,0,0.0,0.0,0.0,lassine sinayoko,auxerre,STABLE_BIG5_REVIEW,0.3772727272727273
Alessandro Crescenzi,it ITA,Pescara,Serie A,2016-2017,2017-2018,"DF,MF",MF,24.0,False,14.0,1407.0,0.0,1.0,0.0,0.0,0.0,0.0,0.0639658848614072,0.0639658848614072,0.0,0,2016,2017,15817,alessandro crescenzi,pescara,96758.0,exact_normalized_unique,A,2017-08-04,2017-08-03,duckdb_big5_first_game,no_summer_event,0,0,,Pescara,Serie A,Italy,0,0,0,,,,,,,,,,,,,,,0,pescara,0,1,0,0,0,0,,,,,0,0,,,1500000.0,2017-06-08,2200000.0,2000000.0,2017-01-02,2200000.0,2000000.0,2016-06-13,2200000.0,1500000.0,historical_valuation,1,14.220976332738882,2000000.0,2000000.0,-500000.0,-500000.0,-0.25,-0.25,2200000.0,0.6818181818181818,56.0,0.1289640591966173,0.375,Pescara,0.0,0.4736842105263157,-1.1578947368421053,Pescara,1.0,,,same_team_copy_old,Serie A,0.0,0.4736842105263157,-1.1578947368421053,0,0.0,0.0,0.0,alessandro crescenzi,pescara,STABLE_BIG5_REVIEW,0.37679425837320574
Sergio Álvarez,es ESP,Eibar,La Liga,2020-2021,2021-2022,"MF,DF",MF,28.0,False,17.0,1568.0,0.0,0.0,0.0,0.0,0.0,0.0,0.0,0.0,0.0,0,2020,2021,20440,sergio alvarez,eibar,138935.0,exact_name_age_resolved,B,2021-08-06,2021-08-05,duckdb_big5_first_game,no_summer_event,0,0,,Eibar,La Liga,Spain,0,0,0,,,,,,,,,,,,,,,0,eibar,0,1,0,0,0,0,,,,,0,0,,,1200000.0,2021-06-10,3000000.0,1500000.0,2021-01-05,3000000.0,1600000.0,2020-04-08,3000000.0,1200000.0,historical_valuation,1,13.997832948091215,1500000.0,1600000.0,-300000.0,-400000.0,-0.1999999999999999,-0.25,3000000.0,0.4,56.0,0.0489548954895489,0.15,Eibar,0.0,0.7894736842105263,-0.6052631578947368,Eibar,1.0,,,same_team_copy_old,La Liga,0.0,0.7894736842105263,-0.6052631578947368,0,0.0,0.0,0.0,sergio alvarez,eibar,STABLE_BIG5_REVIEW,0.376555023923445
Emi Buendía,ar ARG,Aston Villa,Premier League,2022-2023,2023-2024,"MF,FW",FW,25.0,False,27.0,2412.0,5.0,2.0,5.0,0.0,0.0,0.1865671641791045,0.0746268656716418,0.2611940298507462,0.0,0,2022,2023,21735,emi buendia,aston villa,,unmatched,UNMATCHED,2023-08-11,2023-08-10,duckdb_big5_first_game,no_player_id,0,0,,Aston Villa,Premier League,England,0,0,0,,,,,,,,,,,,,,,0,aston villa,0,1,0,0,0,0,,,,,0,0,,,,,,,,,,,,,missing,0,,,,,,,,,,,,,Aston Villa,0.6842105263157895,1.605263157894737,0.131578947368421,Aston Villa,1.0,,,same_team_copy_old,Premier League,0.6842105263157895,1.605263157894737,0.131578947368421,0,0.0,0.0,0.0,emi buendia,aston villa,STABLE_BIG5_REVIEW,0.3764354066985646
Toni Villa,es ESP,Valladolid,La Liga,2020-2021,2021-2022,"MF,FW",FW,25.0,False,10.0,969.0,2.0,0.0,2.0,0.0,0.0,0.1857585139318885,0.0,0.1857585139318885,0.0,0,2020,2021,20501,toni villa,valladolid,337066.0,exact_normalized_unique,A,2021-08-06,2021-08-05,duckdb_big5_first_game,no_summer_event,0,0,,Valladolid,La Liga,Spain,0,0,0,,,,,,,,,,,,,,,0,valladolid,0,1,0,0,0,0,,,,,0,0,,,2500000.0,2021-06-10,6000000.0,2500000.0,2021-01-05,6000000.0,3200000.0,2020-04-08,6000000.0,2500000.0,historical_valuation,1,14.731801689838347,2500000.0,3200000.0,0.0,-700000.0,0.0,-0.21875,6000000.0,0.4166666666666667,56.0,0.1562156215621562,0.25,Valladolid,0.0526315789473684,0.8157894736842105,-0.6052631578947368,Valladolid,1.0,,,same_team_copy_old,La Liga,0.0526315789473684,0.8157894736842105,-0.6052631578947368,0,0.0,0.0,0.0,toni villa,valladolid,STABLE_BIG5_REVIEW,0.37392344497607655
Lukas Rupp,de GER,Norwich City,Premier League,2019-2020,2020-2021,"FW,MF",FW,28.0,False,12.0,1035.0,0.0,0.0,0.0,0.0,0.0,0.0,0.0,0.0,0.0,0,2019,2020,19206,lukas rupp,norwich city,82863.0,exact_normalized_unique,A,2020-08-21,2020-08-20,duckdb_big5_first_game,no_summer_event,0,0,,Norwich City,Premier League,England,0,0,0,,,,,,,,,,,,,,,0,norwich city,0,1,0,0,0,0,,,,,0,0,,,2400000.0,2020-04-08,5000000.0,3000000.0,2019-12-17,5000000.0,2500000.0,2019-06-05,5000000.0,2400000.0,historical_valuation,1,14.690979711984754,3000000.0,2500000.0,-600000.0,-100000.0,-0.1999999999999999,-0.04,5000000.0,0.48,134.0,0.146412037037037,0.2181818181818181,Norwich,0.0,0.5526315789473685,-1.2894736842105263,Norwich,1.0,,,same_team_copy_old,Premier League,0.0,0.5526315789473685,-1.2894736842105263,0,0.0,0.0,0.0,lukas rupp,norwich city,STABLE_BIG5_REVIEW,0.37392344497607655
Miiko Albornoz,cl CHI,Hannover 96,Bundesliga,2018-2019,2019-2020,"DF,MF",MF,27.0,False,19.0,1660.0,1.0,3.0,1.0,0.0,0.0,0.0542168674698795,0.1626506024096385,0.2168674698795181,0.0,0,2018,2019,18369,miiko albornoz,hannover 96,75852.0,exact_normalized_unique,A,2019-08-09,2019-08-08,duckdb_big5_first_game,no_summer_event,0,0,,Hannover 96,Bundesliga,Germany,0,0,0,,,,,,,,,,,,,,,0,hannover 96,0,1,0,0,0,0,,,,,0,0,,,1000000.0,2019-06-05,3000000.0,2500000.0,2018-12-18,3000000.0,1500000.0,2018-06-05,3000000.0,1000000.0,historical_valuation,1,13.815511557963774,2500000.0,1500000.0,-1500000.0,-500000.0,-0.6,-0.3333333333333333,3000000.0,0.3333333333333333,64.0,0.0413907284768211,0.125,Hannover,0.0588235294117647,0.6176470588235294,-1.1764705882352942,Hannover,1.0,,,same_team_copy_old,Bundesliga,0.0588235294117647,0.6176470588235294,-1.1764705882352942,0,0.0,0.0,0.0,miiko albornoz,hannover 96,STABLE_BIG5_REVIEW,0.3738038277511962
Uche Henry Agbo,ng NGA,Granada,La Liga,2016-2017,2017-2018,MF,MF,20.0,False,28.0,2377.0,0.0,0.0,0.0,0.0,0.0,0.0,0.0,0.0,0.0,0,2016,2017,16704,uche henry agbo,granada,,unmatched,UNMATCHED,2017-08-04,2017-08-03,duckdb_big5_first_game,no_player_id,0,0,,Granada,La Liga,Spain,0,0,0,,,,,,,,,,,,,,,0,granada,0,1,0,0,0,0,,,,,0,0,,,,,,,,,,,,,missing,0,,,,,,,,,,,,,Granada,0.0,0.5263157894736842,-1.368421052631579,Granada,1.0,,,same_team_copy_old,La Liga,0.0,0.5263157894736842,-1.368421052631579,0,0.0,0.0,0.0,uche henry agbo,granada,STABLE_BIG5_REVIEW,0.37356459330143543
Étienne Didot,fr FRA,Guingamp,Ligue 1,2018-2019,2019-2020,MF,MF,35.0,False,23.0,2105.0,1.0,1.0,1.0,0.0,0.0,0.0427553444180522,0.0427553444180522,0.0855106888361045,0.0,0,2018,2019,17979,etienne didot,guingamp,5672.0,exact_normalized_unique,A,2019-08-09,2019-08-08,duckdb_big5_first_game,no_summer_event,0,0,,Guingamp,Ligue 1,France,0,0,0,,,,,,,,,,,,,,,0,guingamp,0,1,0,0,0,0,,,,,0,0,,,250000.0,2019-06-03,7000000.0,400000.0,2018-12-17,7000000.0,500000.0,2018-06-04,7000000.0,250000.0,historical_valuation,1,12.429220196836384,400000.0,500000.0,-150000.0,-250000.0,-0.375,-0.5,7000000.0,0.0357142857142857,66.0,0.0038631346578366,0.03125,Guingamp,0.0,0.7105263157894737,-1.0526315789473684,Guingamp,1.0,,,same_team_copy_old,Ligue 1,0.0,0.7105263157894737,-1.0526315789473684,0,0.0,0.0,0.0,etienne didot,guingamp,STABLE_BIG5_REVIEW,0.3733253588516746
Bobby Reid,jm JAM,Fulham,Premier League,2020-2021,2021-2022,"MF,FW",FW,27.0,False,28.0,2372.0,5.0,2.0,5.0,0.0,0.0,0.1897133220910624,0.0758853288364249,0.2655986509274873,0.0,0,2020,2021,19712,bobby reid,fulham,,unmatched,UNMATCHED,2021-08-06,2021-08-05,duckdb_big5_first_game,no_player_id,0,0,,Fulham,Premier League,England,0,0,0,,,,,,,,,,,,,,,0,fulham,0,1,0,0,0,0,,,,,0,0,,,,,,,,,,,,,missing,0,,,,,,,,,,,,,Fulham,0.1052631578947368,0.7368421052631579,-0.6842105263157895,Fulham,1.0,,,same_team_copy_old,Premier League,0.1052631578947368,0.7368421052631579,-0.6842105263157895,0,0.0,0.0,0.0,bobby reid,fulham,STABLE_BIG5_REVIEW,0.3730861244019139
Óscar Melendo,ESP,Granada,La Liga,2023-2024,2024-2025,"MF,FW",FW,25.0,False,15.0,1122.0,0.0,0.0,0.0,0.0,0.0,0.0,0.0,0.0,0.0,0,2023,2024,23126,oscar melendo,granada,448344.0,exact_normalized_unique,A,2024-08-15,2024-08-14,duckdb_big5_first_game,no_summer_event,0,0,,Granada,La Liga,Spain,0,0,0,,,,,,,,,,,,,,,0,granada,0,1,0,0,0,0,,,,,0,0,,,2000000.0,2024-06-07,10000000.0,2000000.0,2023-12-22,10000000.0,2000000.0,2023-06-14,10000000.0,2000000.0,historical_valuation,1,14.508658238524095,2000000.0,2000000.0,0.0,0.0,0.0,0.0,10000000.0,0.2,68.0,0.1015081206496519,0.1666666666666666,Granada,0.0,0.5526315789473685,-1.0789473684210529,Granada,1.0,,,same_team_copy_old,La Liga,0.0,0.5526315789473685,-1.0789473684210529,0,0.0,0.0,0.0,oscar melendo,granada,STABLE_BIG5_REVIEW,0.3712918660287081
Toni Moya,es ESP,Alavés,La Liga,2021-2022,2022-2023,MF,MF,23.0,False,17.0,1386.0,0.0,1.0,0.0,0.0,0.0,0.0,0.0649350649350649,0.0649350649350649,0.0,0,2021,2022,21438,toni moya,alaves,295065.0,exact_normalized_unique,A,2022-08-05,2022-08-04,duckdb_big5_first_game,no_summer_event,0,0,,Alavés,La Liga,Spain,0,0,0,,,,,,,,,,,,,,,0,alaves,0,1,0,0,0,0,,,,,0,0,,,1500000.0,2022-06-03,1500000.0,1500000.0,2021-12-30,1500000.0,400000.0,2021-06-30,400000.0,1500000.0,historical_valuation,1,14.220976332738882,1500000.0,400000.0,0.0,1100000.0,0.0,2.75,1500000.0,1.0,62.0,0.0595375722543352,0.1764705882352941,Alaves,0.0,0.8157894736842105,-0.8947368421052632,Alaves,1.0,,,same_team_copy_old,La Liga,0.0,0.8157894736842105,-0.8947368421052632,0,0.0,0.0,0.0,toni moya,alaves,STABLE_BIG5_REVIEW,0.3703349282296651
Bartol Franjić,CRO,Darmstadt 98,Bundesliga,2023-2024,2024-2025,MF,MF,23.0,False,14.0,1229.0,0.0,1.0,0.0,0.0,0.0,0.0,0.0732302685109845,0.0732302685109845,0.0,0,2023,2024,22540,bartol franjic,darmstadt 98,370998.0,exact_normalized_unique,A,2024-08-15,2024-08-14,duckdb_big5_first_game,no_confirmed_pre_cutoff_event,0,0,,Darmstadt 98,Bundesliga,Germany,0,0,1,,,,,,,,,,,,,,,0,darmstadt 98,0,1,0,0,0,0,,,,,0,0,,,1800000.0,2024-05-29,6500000.0,2500000.0,2023-12-14,6500000.0,3000000.0,2023-06-22,6500000.0,1800000.0,historical_valuation,1,14.403297778421797,2500000.0,3000000.0,-700000.0,-1200000.0,-0.28,-0.4,6500000.0,0.2769230769230769,77.0,0.0788863109048723,0.225,Darmstadt,0.0,0.5,-1.6470588235294117,Darmstadt,1.0,,,same_team_copy_old,Bundesliga,0.0,0.5,-1.6470588235294117,0,0.0,0.0,0.0,bartol franjic,darmstadt 98,STABLE_BIG5_REVIEW,0.3688995215311005
Víctor Rodríguez,es ESP,Sporting Gijón,La Liga,2016-2017,2017-2018,MF,MF,27.0,False,15.0,1380.0,2.0,1.0,2.0,0.0,0.0,0.1304347826086956,0.0652173913043478,0.1956521739130435,0.0,0,2016,2017,16721,victor rodriguez,sporting gijon,129753.0,exact_normalized_unique,A,2017-08-04,2017-08-03,duckdb_big5_first_game,no_summer_event,0,0,,Sporting Gijón,La Liga,Spain,0,0,0,,,,,,,,,,,,,,,0,sporting gijon,0,1,0,0,0,0,,,,,0,0,,,1500000.0,2017-06-05,3000000.0,2000000.0,2017-01-24,3000000.0,3000000.0,2016-07-15,3000000.0,1500000.0,historical_valuation,1,14.220976332738882,2000000.0,3000000.0,-500000.0,-1500000.0,-0.25,-0.5,3000000.0,0.5,59.0,0.1289640591966173,0.375,Sp Gijon,0.1052631578947368,0.8157894736842105,-0.7894736842105263,Sp Gijon,1.0,,,same_team_copy_old,La Liga,0.1052631578947368,0.8157894736842105,-0.7894736842105263,0,0.0,0.0,0.0,victor rodriguez,sporting gijon,STABLE_BIG5_REVIEW,0.36818181818181817
Andrea Nalini,it ITA,Crotone,Serie A,2017-2018,2018-2019,"FW,MF",FW,27.0,False,19.0,1638.0,0.0,2.0,0.0,0.0,0.0,0.0,0.1098901098901098,0.1098901098901098,0.0,0,2017,2018,16835,andrea nalini,crotone,278578.0,exact_normalized_unique,A,2018-08-10,2018-08-09,duckdb_big5_first_game,no_summer_event,0,0,,Crotone,Serie A,Italy,0,0,0,,,,,,,,,,,,,,,0,crotone,0,1,0,0,0,0,,,,,0,0,,,1000000.0,2018-06-07,1000000.0,900000.0,2017-12-29,900000.0,800000.0,2017-06-08,800000.0,1000000.0,historical_valuation,1,13.815511557963774,900000.0,800000.0,100000.0,200000.0,0.1111111111111111,0.25,1000000.0,1.0,63.0,0.053532008830022,0.1333333333333333,Crotone,0.1052631578947368,0.9210526315789472,-0.6842105263157895,Crotone,1.0,,,same_team_copy_old,Serie A,0.1052631578947368,0.9210526315789472,-0.6842105263157895,0,0.0,0.0,0.0,andrea nalini,crotone,STABLE_BIG5_REVIEW,0.3675837320574163
Papakouli Diop,sn SEN,Eibar,La Liga,2020-2021,2021-2022,MF,MF,34.0,False,28.0,2324.0,1.0,1.0,1.0,0.0,0.0,0.0387263339070568,0.0387263339070568,0.0774526678141136,0.0,0,2020,2021,20304,papakouli diop,eibar,,unmatched,UNMATCHED,2021-08-06,2021-08-05,duckdb_big5_first_game,no_player_id,0,0,,Eibar,La Liga,Spain,0,0,0,,,,,,,,,,,,,,,0,eibar,0,1,0,0,0,0,,,,,0,0,,,,,,,,,,,,,missing,0,,,,,,,,,,,,,Eibar,0.0,0.7894736842105263,-0.6052631578947368,Eibar,1.0,,,same_team_copy_old,La Liga,0.0,0.7894736842105263,-0.6052631578947368,0,0.0,0.0,0.0,papakouli diop,eibar,STABLE_BIG5_REVIEW,0.3663875598086125
Adam Bodzek,de GER,Düsseldorf,Bundesliga,2019-2020,2020-2021,MF,MF,33.0,False,22.0,2015.0,0.0,0.0,0.0,0.0,0.0,0.0,0.0,0.0,0.0,0,2019,2020,18692,adam bodzek,dusseldorf,20778.0,exact_normalized_unique,A,2020-08-21,2020-08-20,duckdb_big5_first_game,no_summer_event,0,0,,Düsseldorf,Bundesliga,Germany,0,0,0,,,,,,,,,,,,,,,0,dusseldorf,0,1,0,0,0,0,,,,,0,0,,,325000.0,2020-04-08,1750000.0,400000.0,2019-12-17,1750000.0,400000.0,2019-06-05,1750000.0,325000.0,historical_valuation,1,12.691583538230216,400000.0,400000.0,-75000.0,-75000.0,-0.1875,-0.1875,1750000.0,0.1857142857142857,134.0,0.0034722222222222,0.0433333333333333,Fortuna Dusseldorf,0.0588235294117647,0.8823529411764706,-0.9117647058823528,Fortuna Dusseldorf,1.0,,,same_team_copy_old,Bundesliga,0.0588235294117647,0.8823529411764706,-0.9117647058823528,0,0.0,0.0,0.0,adam bodzek,dusseldorf,STABLE_BIG5_REVIEW,0.3655502392344498
Vitinho,BRA,Burnley,Premier League,2023-2024,2024-2025,"DF,MF",MF,24.0,False,26.0,2314.0,0.0,2.0,0.0,0.0,0.0,0.0,0.0777873811581676,0.0777873811581676,0.0,0,2023,2024,23314,vitinho,burnley,,unmatched,UNMATCHED,2024-08-15,2024-08-14,duckdb_big5_first_game,no_player_id,0,0,,Burnley,Premier League,England,0,0,0,,,,,,,,,,,,,,,0,burnley,0,1,0,0,0,0,,,,,0,0,,,,,,,,,,,,,missing,0,,,,,,,,,,,,,Burnley,0.0526315789473684,0.631578947368421,-0.9736842105263158,Burnley,1.0,,,same_team_copy_old,Premier League,0.0526315789473684,0.631578947368421,-0.9736842105263158,0,0.0,0.0,0.0,vitinho,burnley,STABLE_BIG5_REVIEW,0.36543062200956944
Jóhann Berg Guðmundsson,is ISL,Burnley,Premier League,2021-2022,2022-2023,MF,MF,30.0,False,13.0,1102.0,0.0,1.0,0.0,0.0,0.0,0.0,0.0816696914700544,0.0816696914700544,0.0,0,2021,2022,20969,johann berg gudmundsson,burnley,89231.0,exact_normalized_unique,A,2022-08-05,2022-08-04,duckdb_big5_first_game,no_summer_event,0,0,,Burnley,Premier League,England,0,0,0,,,,,,,,,,,,,,,0,burnley,0,1,0,0,0,0,,,,,0,0,,,2000000.0,2022-06-15,10000000.0,3000000.0,2021-12-23,10000000.0,3000000.0,2021-06-08,10000000.0,2000000.0,historical_valuation,1,14.508658238524095,3000000.0,3000000.0,-1000000.0,-1000000.0,-0.3333333333333333,-0.3333333333333333,10000000.0,0.2,50.0,0.1115606936416185,0.2352941176470588,Burnley,0.1052631578947368,0.9210526315789472,-0.5,Burnley,1.0,,,same_team_copy_old,Premier League,0.1052631578947368,0.9210526315789472,-0.5,0,0.0,0.0,0.0,johann berg gumundsson,burnley,STABLE_BIG5_REVIEW,0.36363636363636365
Dennis Johnsen,no NOR,Venezia,Serie A,2021-2022,2022-2023,"FW,MF",FW,23.0,False,17.0,1445.0,1.0,2.0,1.0,0.0,0.0,0.0622837370242214,0.1245674740484429,0.1868512110726643,0.0,0,2021,2022,20740,dennis johnsen,venezia,406042.0,exact_normalized_unique,A,2022-08-05,2022-08-04,duckdb_big5_first_game,no_summer_event,0,0,,Venezia,Serie A,Italy,0,0,0,,,,,,,,,,,,,,,0,venezia,0,1,0,0,0,0,,,,,0,0,,,1400000.0,2022-06-07,1500000.0,1500000.0,2021-12-28,1500000.0,800000.0,2021-06-24,1250000.0,1400000.0,historical_valuation,1,14.151983508870948,1500000.0,800000.0,-100000.0,600000.0,-0.0666666666666666,0.75,1500000.0,0.9333333333333332,58.0,0.0502890173410404,0.1217391304347826,Venezia,0.0,0.7105263157894737,-0.9210526315789472,Venezia,1.0,,,same_team_copy_old,Serie A,0.0,0.7105263157894737,-0.9210526315789472,0,0.0,0.0,0.0,dennis johnsen,venezia,STABLE_BIG5_REVIEW,0.3631578947368421
Andros Townsend,ENG,Luton Town,Premier League,2023-2024,2024-2025,"MF,FW",FW,32.0,False,14.0,1210.0,1.0,3.0,1.0,0.0,0.0,0.0743801652892562,0.2231404958677686,0.2975206611570248,0.0,0,2023,2024,22498,andros townsend,luton town,61842.0,exact_normalized_unique,A,2024-08-15,2024-08-14,duckdb_big5_first_game,no_summer_event,0,0,,Luton Town,Premier League,England,0,0,0,,,,,,,,,,,,,,,0,luton town,0,1,0,0,0,0,,,,,0,0,,,1800000.0,2024-05-27,15000000.0,1800000.0,2023-12-19,15000000.0,1500000.0,2023-06-20,15000000.0,1800000.0,historical_valuation,1,14.403297778421797,1800000.0,1500000.0,0.0,300000.0,0.0,0.1999999999999999,15000000.0,0.12,79.0,0.0788863109048723,0.15,Luton,0.1052631578947368,0.6842105263157895,-0.868421052631579,Luton,1.0,,,same_team_copy_old,Premier League,0.1052631578947368,0.6842105263157895,-0.868421052631579,0,0.0,0.0,0.0,andros townsend,luton town,STABLE_BIG5_REVIEW,0.36172248803827756
Andre Brooks,ENG,Sheffield Utd,Premier League,2023-2024,2024-2025,"MF,DF",MF,19.0,False,12.0,938.0,0.0,0.0,0.0,0.0,0.0,0.0,0.0,0.0,0.0,0,2023,2024,22488,andre brooks,sheffield utd,746739.0,exact_normalized_unique,A,2024-08-15,2024-08-14,duckdb_big5_first_game,no_summer_event,0,0,,Sheffield Utd,Premier League,England,0,0,0,,,,,,,,,,,,,,,0,sheffield utd,0,1,0,0,0,0,,,,,0,0,,,2500000.0,2024-05-27,2500000.0,2500000.0,2023-12-19,2500000.0,,,,2500000.0,historical_valuation,1,14.731801689838347,2500000.0,,0.0,,0.0,,2500000.0,1.0,79.0,0.132830626450116,0.3125,Sheffield United,0.0,0.4210526315789473,-1.8157894736842104,Sheffield United,1.0,,,same_team_copy_old,Premier League,0.0,0.4210526315789473,-1.8157894736842104,0,0.0,0.0,0.0,andre brooks,sheffield utd,STABLE_BIG5_REVIEW,0.36148325358851674
Roger,br BRA,Ingolstadt 04,Bundesliga,2016-2017,2017-2018,"MF,DF",MF,30.0,False,26.0,2281.0,1.0,0.0,1.0,0.0,0.0,0.0394563787812363,0.0,0.0394563787812363,0.0,0,2016,2017,16593,roger,ingolstadt 04,,unmatched,UNMATCHED,2017-08-04,2017-08-03,duckdb_big5_first_game,no_player_id,0,0,,Ingolstadt 04,Bundesliga,Germany,0,0,0,,,,,,,,,,,,,,,0,ingolstadt 04,0,1,0,0,0,0,,,,,0,0,,,,,,,,,,,,,missing,0,,,,,,,,,,,,,Ingolstadt,0.0588235294117647,0.9411764705882352,-0.6176470588235294,Ingolstadt,1.0,,,same_team_copy_old,Bundesliga,0.0588235294117647,0.9411764705882352,-0.6176470588235294,0,0.0,0.0,0.0,roger,ingolstadt 04,STABLE_BIG5_REVIEW,0.3601674641148326
Bryan Pelé,fr FRA,Troyes,Ligue 1,2017-2018,2018-2019,"FW,MF",FW,25.0,False,19.0,1615.0,2.0,2.0,2.0,0.0,0.0,0.1114551083591331,0.1114551083591331,0.2229102167182662,0.0,0,2017,2018,16903,bryan pele,troyes,170938.0,exact_normalized_unique,A,2018-08-10,2018-08-09,duckdb_big5_first_game,no_summer_event,0,0,,Troyes,Ligue 1,France,0,0,0,,,,,,,,,,,,,,,0,troyes,0,1,0,0,0,0,,,,,0,0,,,1000000.0,2018-06-04,1000000.0,1000000.0,2018-01-24,1000000.0,1000000.0,2017-06-15,1000000.0,1000000.0,historical_valuation,1,13.815511557963774,1000000.0,1000000.0,0.0,0.0,0.0,0.0,1000000.0,1.0,66.0,0.053532008830022,0.1333333333333333,Troyes,0.0526315789473684,0.868421052631579,-0.7105263157894737,Troyes,1.0,,,same_team_copy_old,Ligue 1,0.0526315789473684,0.868421052631579,-0.7105263157894737,0,0.0,0.0,0.0,bryan pele,troyes,STABLE_BIG5_REVIEW,0.35992822966507176
Albin Ekdal,se SWE,Spezia,Serie A,2022-2023,2023-2024,MF,MF,33.0,False,18.0,1734.0,0.0,2.0,0.0,0.0,0.0,0.0,0.1038062283737024,0.1038062283737024,0.0,0,2022,2023,21514,albin ekdal,spezia,49275.0,exact_normalized_unique,A,2023-08-11,2023-08-10,duckdb_big5_first_game,no_summer_event,0,0,,Spezia,Serie A,Italy,0,0,0,,,,,,,,,,,,,,,0,spezia,0,1,0,0,0,0,,,,,0,0,,,800000.0,2023-06-15,5000000.0,800000.0,2022-11-11,5000000.0,1000000.0,2022-06-07,5000000.0,800000.0,historical_valuation,1,13.592368256649284,800000.0,1000000.0,0.0,-200000.0,0.0,-0.1999999999999999,5000000.0,0.16,56.0,0.0216154721274175,0.1,Spezia,0.1052631578947368,0.8157894736842105,-0.8157894736842105,Spezia,1.0,,,same_team_copy_old,Serie A,0.1052631578947368,0.8157894736842105,-0.8157894736842105,0,0.0,0.0,0.0,albin ekdal,spezia,STABLE_BIG5_REVIEW,0.35980861244019136
Sebastian Vasiliadis,gr GRE,Arminia,Bundesliga,2021-2022,2022-2023,MF,MF,23.0,False,16.0,1193.0,0.0,0.0,0.0,0.0,0.0,0.0,0.0,0.0,0.0,0,2021,2022,21363,sebastian vasiliadis,arminia,333516.0,exact_normalized_unique,A,2022-08-05,2022-08-04,duckdb_big5_first_game,no_summer_event,0,0,,Arminia,Bundesliga,Germany,0,0,0,,,,,,,,,,,,,,,0,arminia,0,1,0,0,0,0,,,,,0,0,,,1800000.0,2022-06-09,4000000.0,2000000.0,2021-12-22,4000000.0,2000000.0,2021-06-16,4000000.0,1800000.0,historical_valuation,1,14.403297778421797,2000000.0,2000000.0,-200000.0,-200000.0,-0.0999999999999999,-0.0999999999999999,4000000.0,0.45,56.0,0.0803468208092485,0.2117647058823529,Bielefeld,0.0588235294117647,0.8235294117647058,-0.7647058823529411,Bielefeld,1.0,,,same_team_copy_old,Bundesliga,0.0588235294117647,0.8235294117647058,-0.7647058823529411,0,0.0,0.0,0.0,sebastian vasiliadis,arminia,STABLE_BIG5_REVIEW,0.35861244019138755
Adrien Silva,pt POR,Sampdoria,Serie A,2021-2022,2022-2023,MF,MF,32.0,False,12.0,1083.0,0.0,1.0,0.0,0.0,0.0,0.0,0.0831024930747922,0.0831024930747922,0.0,0,2021,2022,20569,adrien silva,sampdoria,56810.0,exact_normalized_unique,A,2022-08-05,2022-08-04,duckdb_big5_first_game,no_summer_event,0,0,,Sampdoria,Serie A,Italy,0,0,0,,,,,,,,,,,,,,,0,sampdoria,0,1,0,0,0,0,,,,,0,0,,,2000000.0,2022-05-18,25000000.0,2500000.0,2021-12-28,25000000.0,3000000.0,2021-06-03,25000000.0,2000000.0,historical_valuation,1,14.508658238524095,2500000.0,3000000.0,-500000.0,-1000000.0,-0.1999999999999999,-0.3333333333333333,25000000.0,0.08,78.0,0.1115606936416185,0.2352941176470588,Sampdoria,0.2631578947368421,0.9473684210526316,-0.4473684210526316,Sampdoria,1.0,,,same_team_copy_old,Serie A,0.2631578947368421,0.9473684210526316,-0.4473684210526316,0,0.0,0.0,0.0,adrien silva,sampdoria,STABLE_BIG5_REVIEW,0.35789473684210527
Alessandro Gazzi,it ITA,Palermo,Serie A,2016-2017,2017-2018,MF,MF,33.0,False,22.0,1940.0,0.0,0.0,0.0,0.0,0.0,0.0,0.0,0.0,0.0,0,2016,2017,15819,alessandro gazzi,palermo,28827.0,exact_normalized_unique,A,2017-08-04,2017-08-03,duckdb_big5_first_game,no_summer_event,0,0,,Palermo,Serie A,Italy,0,0,0,,,,,,,,,,,,,,,0,palermo,0,1,0,0,0,0,,,,,0,0,,,400000.0,2017-06-08,2800000.0,500000.0,2017-01-02,2800000.0,700000.0,2016-07-15,2800000.0,400000.0,historical_valuation,1,12.899222326086994,500000.0,700000.0,-100000.0,-300000.0,-0.1999999999999999,-0.4285714285714286,2800000.0,0.1428571428571428,56.0,0.0132135306553911,0.1,Palermo,0.0526315789473684,0.6842105263157895,-1.1578947368421053,Palermo,1.0,,,same_team_copy_old,Serie A,0.0526315789473684,0.6842105263157895,-1.1578947368421053,0,0.0,0.0,0.0,alessandro gazzi,palermo,STABLE_BIG5_REVIEW,0.355622009569378
Massimo Coda,it ITA,Benevento,Serie A,2017-2018,2018-2019,FW,FW,28.0,False,14.0,1417.0,4.0,1.0,3.0,1.0,1.0,0.2540578687367678,0.0635144671841919,0.3175723359209598,0.0,0,2017,2018,17378,massimo coda,benevento,33763.0,exact_normalized_unique,A,2018-08-10,2018-08-09,duckdb_big5_first_game,no_summer_event,0,0,,Benevento,Serie A,Italy,0,0,0,,,,,,,,,,,,,,,0,benevento,0,1,0,0,0,0,,,,,0,0,,,1400000.0,2018-06-07,1800000.0,1500000.0,2017-12-29,1800000.0,1800000.0,2017-06-09,1800000.0,1400000.0,historical_valuation,1,14.151983508870948,1500000.0,1800000.0,-100000.0,-400000.0,-0.0666666666666666,-0.2222222222222222,1800000.0,0.7777777777777778,63.0,0.0789183222958057,0.1866666666666666,Benevento,0.0,0.5526315789473685,-1.3421052631578947,Benevento,1.0,,,same_team_copy_old,Serie A,0.0,0.5526315789473685,-1.3421052631578947,0,0.0,0.0,0.0,massimo coda,benevento,STABLE_BIG5_REVIEW,0.3550239234449761
Njegoš Petrović,rs SRB,Granada,La Liga,2021-2022,2022-2023,MF,MF,22.0,False,10.0,918.0,0.0,1.0,0.0,0.0,0.0,0.0,0.0980392156862745,0.0980392156862745,0.0,0,2021,2022,21220,njegos petrovic,granada,376588.0,exact_normalized_unique,A,2022-08-05,2022-08-04,duckdb_big5_first_game,no_summer_event,0,0,,Granada,La Liga,Spain,0,0,0,,,,,,,,,,,,,,,0,granada,0,1,0,0,0,0,,,,,0,0,,,2500000.0,2022-06-03,2500000.0,2500000.0,2021-12-25,2500000.0,2500000.0,2021-06-12,2500000.0,2500000.0,historical_valuation,1,14.731801689838347,2500000.0,2500000.0,0.0,0.0,0.0,0.0,2500000.0,1.0,62.0,0.1630057803468208,0.2941176470588235,Granada,0.1052631578947368,1.0,-0.4473684210526316,Granada,1.0,,,same_team_copy_old,La Liga,0.1052631578947368,1.0,-0.4473684210526316,0,0.0,0.0,0.0,njegos petrovic,granada,STABLE_BIG5_REVIEW,0.354066985645933
Jean Seri,ci CIV,Fulham,Premier League,2018-2019,2019-2020,MF,MF,27.0,False,27.0,2244.0,1.0,2.0,1.0,0.0,0.0,0.0401069518716577,0.0802139037433155,0.1203208556149732,0.0,0,2018,2019,18121,jean seri,fulham,,unmatched,UNMATCHED,2019-08-09,2019-08-08,duckdb_big5_first_game,no_player_id,0,0,,Fulham,Premier League,England,0,0,0,,,,,,,,,,,,,,,0,fulham,0,1,0,0,0,0,,,,,0,0,,,,,,,,,,,,,missing,0,,,,,,,,,,,,,Fulham,0.0526315789473684,0.6842105263157895,-1.236842105263158,Fulham,1.0,,,same_team_copy_old,Premier League,0.0526315789473684,0.6842105263157895,-1.236842105263158,0,0.0,0.0,0.0,jean seri,fulham,STABLE_BIG5_REVIEW,0.3522727272727273
Francesco Gelli,ITA,Frosinone,Serie A,2023-2024,2024-2025,"MF,DF",MF,26.0,False,16.0,1561.0,0.0,0.0,0.0,0.0,0.0,0.0,0.0,0.0,0.0,0,2023,2024,22714,francesco gelli,frosinone,337811.0,exact_normalized_unique,A,2024-08-15,2024-08-14,duckdb_big5_first_game,no_summer_event,0,0,,Frosinone,Serie A,Italy,0,0,0,,,,,,,,,,,,,,,0,frosinone,0,1,0,0,0,0,,,,,0,0,,,1000000.0,2024-06-05,1000000.0,800000.0,2023-12-20,800000.0,400000.0,2023-06-12,400000.0,1000000.0,historical_valuation,1,13.815511557963774,800000.0,400000.0,200000.0,600000.0,0.25,1.5,1000000.0,1.0,70.0,0.0319025522041763,0.125,Frosinone,0.1052631578947368,0.9210526315789472,-0.6578947368421053,Frosinone,1.0,,,same_team_copy_old,Serie A,0.1052631578947368,0.9210526315789472,-0.6578947368421053,0,0.0,0.0,0.0,francesco gelli,frosinone,STABLE_BIG5_REVIEW,0.35203349282296653
Kieran Dowell,eng ENG,Norwich City,Premier League,2021-2022,2022-2023,"FW,MF",FW,23.0,False,11.0,912.0,1.0,1.0,1.0,0.0,0.0,0.0986842105263157,0.0986842105263157,0.1973684210526315,0.0,0,2021,2022,21032,kieran dowell,norwich city,258916.0,exact_normalized_unique,A,2022-08-05,2022-08-04,duckdb_big5_first_game,no_summer_event,0,0,,Norwich City,Premier League,England,0,0,0,,,,,,,,,,,,,,,0,norwich city,0,1,0,0,0,0,,,,,0,0,,,2500000.0,2022-06-15,3000000.0,3000000.0,2021-12-23,3000000.0,3000000.0,2021-06-30,3000000.0,2500000.0,historical_valuation,1,14.731801689838347,3000000.0,3000000.0,-500000.0,-500000.0,-0.1666666666666666,-0.1666666666666666,3000000.0,0.8333333333333334,50.0,0.1630057803468208,0.217391304347826,Norwich,0.0,0.5789473684210527,-1.605263157894737,Norwich,1.0,,,same_team_copy_old,Premier League,0.0,0.5789473684210527,-1.605263157894737,0,0.0,0.0,0.0,kieran dowell,norwich city,STABLE_BIG5_REVIEW,0.3519138755980861
Gaël Danic,fr FRA,Bastia,Ligue 1,2016-2017,2017-2018,MF,MF,34.0,False,19.0,1843.0,4.0,3.0,4.0,0.0,0.0,0.1953336950623982,0.1465002712967986,0.341833966359197,0.0,0,2016,2017,16102,gael danic,bastia,5457.0,exact_normalized_unique,A,2017-08-04,2017-08-03,duckdb_big5_first_game,no_summer_event,0,0,,Bastia,Ligue 1,France,0,0,0,,,,,,,,,,,,,,,0,bastia,0,1,0,0,0,0,,,,,0,0,,,500000.0,2017-06-01,3500000.0,500000.0,2017-01-16,3500000.0,500000.0,2016-07-13,3500000.0,500000.0,historical_valuation,1,13.122365377402328,500000.0,500000.0,0.0,0.0,0.0,0.0,3500000.0,0.1428571428571428,63.0,0.0216701902748414,0.125,Bastia,0.0,0.8947368421052632,-0.7368421052631579,Bastia,1.0,,,same_team_copy_old,Ligue 1,0.0,0.8947368421052632,-0.7368421052631579,0,0.0,0.0,0.0,gael danic,bastia,STABLE_BIG5_REVIEW,0.35071770334928226
Florian Niederlechner,de GER,Augsburg,Bundesliga,2022-2023,2023-2024,"FW,MF",FW,31.0,False,21.0,1691.0,5.0,1.0,5.0,0.0,0.0,0.2661147250147841,0.0532229450029568,0.319337670017741,0.0,0,2022,2023,21779,florian niederlechner,augsburg,152963.0,exact_normalized_unique,A,2023-08-11,2023-08-10,duckdb_big5_first_game,no_summer_event,0,0,,Augsburg,Bundesliga,Germany,0,0,0,,,,,,,,,,,,,,,0,augsburg,0,1,0,0,0,0,,,,,0,0,,,800000.0,2023-06-22,10000000.0,2200000.0,2022-11-09,10000000.0,2200000.0,2022-06-09,10000000.0,800000.0,historical_valuation,1,13.592368256649284,2200000.0,2200000.0,-1400000.0,-1400000.0,-0.6363636363636364,-0.6363636363636364,10000000.0,0.08,49.0,0.0216154721274175,0.0727272727272727,Augsburg,0.1764705882352941,1.0,-0.6176470588235294,Augsburg,1.0,,,same_team_copy_old,Bundesliga,0.1764705882352941,1.0,-0.6176470588235294,0,0.0,0.0,0.0,florian niederlechner,augsburg,STABLE_BIG5_REVIEW,0.3497607655502392
Aaron Lennon,eng ENG,Burnley,Premier League,2021-2022,2022-2023,"MF,FW",FW,34.0,False,17.0,1551.0,2.0,0.0,2.0,0.0,0.0,0.11605415860735,0.0,0.11605415860735,0.0,0,2021,2022,20558,aaron lennon,burnley,14221.0,exact_normalized_unique,A,2022-08-05,2022-08-04,duckdb_big5_first_game,no_summer_event,0,0,,Burnley,Premier League,England,0,0,0,,,,,,,,,,,,,,,0,burnley,0,1,0,0,0,0,,,,,0,0,,,1000000.0,2022-06-15,21000000.0,1000000.0,2021-12-23,21000000.0,1100000.0,2021-05-21,21000000.0,1000000.0,historical_valuation,1,13.815511557963774,1000000.0,1100000.0,0.0,-100000.0,0.0,-0.0909090909090909,21000000.0,0.0476190476190476,50.0,0.0329479768786127,0.0869565217391304,Burnley,0.1052631578947368,0.9210526315789472,-0.5,Burnley,1.0,,,same_team_copy_old,Premier League,0.1052631578947368,0.9210526315789472,-0.5,0,0.0,0.0,0.0,aaron lennon,burnley,STABLE_BIG5_REVIEW,0.348444976076555
Miloš Vulić,rs SRB,Crotone,Serie A,2020-2021,2021-2022,MF,MF,23.0,False,13.0,1305.0,1.0,1.0,1.0,0.0,0.0,0.0689655172413793,0.0689655172413793,0.1379310344827586,0.0,0,2020,2021,20229,milos vulic,crotone,270901.0,exact_normalized_unique,A,2021-08-06,2021-08-05,duckdb_big5_first_game,no_summer_event,0,0,,Crotone,Serie A,Italy,0,0,0,,,,,,,,,,,,,,,0,crotone,0,1,0,0,0,0,,,,,0,0,,,1500000.0,2021-06-03,2000000.0,1600000.0,2020-12-29,2000000.0,1600000.0,2020-06-28,2000000.0,1500000.0,historical_valuation,1,14.220976332738882,1600000.0,1600000.0,-100000.0,-100000.0,-0.0625,-0.0625,2000000.0,0.75,63.0,0.0748074807480748,0.1875,Crotone,0.0526315789473684,0.6052631578947368,-1.236842105263158,Crotone,1.0,,,same_team_copy_old,Serie A,0.0526315789473684,0.6052631578947368,-1.236842105263158,0,0.0,0.0,0.0,milos vulic,crotone,STABLE_BIG5_REVIEW,0.3483253588516746
Fabian Holland,GER,Darmstadt 98,Bundesliga,2023-2024,2024-2025,"MF,DF",MF,33.0,False,23.0,1835.0,0.0,2.0,0.0,0.0,0.0,0.0,0.0980926430517711,0.0980926430517711,0.0,0,2023,2024,22688,fabian holland,darmstadt 98,54846.0,exact_normalized_unique,A,2024-08-15,2024-08-14,duckdb_big5_first_game,no_summer_event,0,0,,Darmstadt 98,Bundesliga,Germany,0,0,0,,,,,,,,,,,,,,,0,darmstadt 98,0,1,0,0,0,0,,,,,0,0,,,500000.0,2024-05-29,1000000.0,600000.0,2023-12-14,1000000.0,600000.0,2023-06-28,1000000.0,500000.0,historical_valuation,1,13.122365377402328,600000.0,600000.0,-100000.0,-100000.0,-0.1666666666666666,-0.1666666666666666,1000000.0,0.5,77.0,0.0087006960556844,0.0625,Darmstadt,0.0,0.5,-1.6470588235294117,Darmstadt,1.0,,,same_team_copy_old,Bundesliga,0.0,0.5,-1.6470588235294117,0,0.0,0.0,0.0,fabian holland,darmstadt 98,STABLE_BIG5_REVIEW,0.3480861244019139
William Vainqueur,fr FRA,Toulouse,Ligue 1,2019-2020,2020-2021,MF,MF,30.0,False,21.0,1715.0,0.0,0.0,0.0,0.0,0.0,0.0,0.0,0.0,0.0,0,2019,2020,19570,william vainqueur,toulouse,47893.0,exact_normalized_unique,A,2020-08-21,2020-08-20,duckdb_big5_first_game,no_summer_event,0,0,,Toulouse,Ligue 1,France,0,0,0,,,,,,,,,,,,,,,0,toulouse,0,1,0,0,0,0,,,,,0,0,,,750000.0,2020-08-04,7500000.0,1250000.0,2019-12-19,7500000.0,1250000.0,2019-06-03,7500000.0,750000.0,historical_valuation,1,13.527829818844936,1250000.0,1250000.0,-500000.0,-500000.0,-0.4,-0.4,7500000.0,0.1,16.0,0.0185185185185185,0.1,Toulouse,0.0,0.4642857142857143,-1.2857142857142858,Toulouse,1.0,,,same_team_copy_old,Ligue 1,0.0,0.4642857142857143,-1.2857142857142858,0,0.0,0.0,0.0,william vainqueur,toulouse,STABLE_BIG5_REVIEW,0.3468899521531101
Opa Nguette,sn SEN,Metz,Ligue 1,2021-2022,2022-2023,"FW,MF",FW,27.0,False,10.0,1048.0,2.0,2.0,2.0,0.0,0.0,0.1717557251908396,0.1717557251908396,0.3435114503816793,0.0,0,2021,2022,21233,opa nguette,metz,205587.0,exact_normalized_unique,A,2022-08-05,2022-08-04,duckdb_big5_first_game,no_summer_event,0,0,,Metz,Ligue 1,France,0,0,0,,,,,,,,,,,,,,,0,metz,0,1,0,0,0,0,,,,,0,0,,,2000000.0,2022-05-30,5000000.0,3000000.0,2021-12-16,5000000.0,4500000.0,2021-06-04,5000000.0,2000000.0,historical_valuation,1,14.508658238524095,3000000.0,4500000.0,-1000000.0,-2500000.0,-0.3333333333333333,-0.5555555555555556,5000000.0,0.4,66.0,0.1115606936416185,0.1739130434782608,Metz,0.0526315789473684,0.8157894736842105,-0.8947368421052632,Metz,1.0,,,same_team_copy_old,Ligue 1,0.0526315789473684,0.8157894736842105,-0.8947368421052632,0,0.0,0.0,0.0,opa nguette,metz,STABLE_BIG5_REVIEW,0.34665071770334926
Álvaro Medrán,es ESP,Rayo Vallecano,La Liga,2018-2019,2019-2020,MF,MF,24.0,False,12.0,1149.0,3.0,0.0,3.0,0.0,0.0,0.2349869451697128,0.0,0.2349869451697128,0.0,0,2018,2019,17776,alvaro medran,rayo vallecano,253839.0,exact_normalized_unique,A,2019-08-09,2019-08-08,duckdb_big5_first_game,no_confirmed_pre_cutoff_event,0,0,,Rayo Vallecano,La Liga,Spain,0,0,0,,,,,,,,,,,,,,,0,rayo vallecano,0,1,0,0,0,0,,,,,0,0,,,1800000.0,2019-06-11,2500000.0,1500000.0,2018-12-21,2500000.0,1800000.0,2018-05-30,2500000.0,1800000.0,historical_valuation,1,14.403297778421797,1500000.0,1800000.0,300000.0,0.0,0.1999999999999999,0.0,2500000.0,0.72,58.0,0.0883002207505518,0.225,Vallecano,0.0,0.8421052631578947,-0.7631578947368421,Vallecano,1.0,,,same_team_copy_old,La Liga,0.0,0.8421052631578947,-0.7631578947368421,0,0.0,0.0,0.0,alvaro medran,rayo vallecano,STABLE_BIG5_REVIEW,0.3452153110047847
Jonathan Viera,ESP,Almería,La Liga,2023-2024,2024-2025,MF,MF,33.0,False,19.0,1529.0,2.0,4.0,0.0,2.0,2.0,0.1177240026160889,0.2354480052321779,0.3531720078482668,0.0,0,2023,2024,22851,jonathan viera,almeria,153238.0,exact_normalized_unique,A,2024-08-15,2024-08-14,duckdb_big5_first_game,no_summer_event,0,0,,Almería,La Liga,Spain,0,0,0,,,,,,,,,,,,,,,0,almeria,0,1,0,0,0,0,,,,,0,0,,,1000000.0,2024-06-07,10000000.0,1500000.0,2023-12-22,10000000.0,1500000.0,2023-06-14,10000000.0,1000000.0,historical_valuation,1,13.815511557963774,1500000.0,1500000.0,-500000.0,-500000.0,-0.3333333333333333,-0.3333333333333333,10000000.0,0.1,68.0,0.0319025522041763,0.125,Almeria,0.0526315789473684,0.5526315789473685,-0.8421052631578947,Almeria,1.0,,,same_team_copy_old,La Liga,0.0526315789473684,0.5526315789473685,-0.8421052631578947,0,0.0,0.0,0.0,jonathan viera,almeria,STABLE_BIG5_REVIEW,0.34509569377990434
Daniele Dessena,it ITA,Brescia,Serie A,2019-2020,2020-2021,MF,MF,32.0,False,22.0,1869.0,2.0,0.0,2.0,0.0,0.0,0.0963081861958266,0.0,0.0963081861958266,0.0,0,2019,2020,18854,daniele dessena,brescia,29962.0,exact_normalized_unique,A,2020-08-21,2020-08-20,duckdb_big5_first_game,no_summer_event,0,0,,Brescia,Serie A,Italy,0,0,0,,,,,,,,,,,,,,,0,brescia,0,1,0,0,0,0,,,,,0,0,,,400000.0,2020-04-08,4000000.0,500000.0,2019-12-12,4000000.0,500000.0,2019-06-05,4000000.0,400000.0,historical_valuation,1,12.899222326086994,500000.0,500000.0,-100000.0,-100000.0,-0.1999999999999999,-0.1999999999999999,4000000.0,0.1,134.0,0.0075231481481481,0.0533333333333333,Brescia,0.0526315789473684,0.6578947368421053,-1.1578947368421053,Brescia,1.0,,,same_team_copy_old,Serie A,0.0526315789473684,0.6578947368421053,-1.1578947368421053,0,0.0,0.0,0.0,daniele dessena,brescia,STABLE_BIG5_REVIEW,0.3450956937799043
Filip Đuričić,rs SRB,Sampdoria,Serie A,2022-2023,2023-2024,"MF,FW",FW,30.0,False,27.0,2171.0,3.0,0.0,3.0,0.0,0.0,0.1243666513127591,0.0,0.1243666513127591,0.0,0,2022,2023,21773,filip duricic,sampdoria,,unmatched,UNMATCHED,2023-08-11,2023-08-10,duckdb_big5_first_game,no_player_id,0,0,,Sampdoria,Serie A,Italy,0,0,0,,,,,,,,,,,,,,,0,sampdoria,0,1,0,0,0,0,,,,,0,0,,,,,,,,,,,,,missing,0,,,,,,,,,,,,,Sampdoria,0.0,0.5,-1.236842105263158,Sampdoria,1.0,,,same_team_copy_old,Serie A,0.0,0.5,-1.236842105263158,0,0.0,0.0,0.0,filip uricic,sampdoria,STABLE_BIG5_REVIEW,0.34294258373205744
Mario Suárez,es ESP,Rayo Vallecano,La Liga,2018-2019,2019-2020,MF,MF,31.0,False,11.0,1026.0,2.0,0.0,2.0,0.0,0.0,0.175438596491228,0.0,0.175438596491228,0.0,0,2018,2019,18318,mario suarez,rayo vallecano,37337.0,exact_normalized_unique,A,2019-08-09,2019-08-08,duckdb_big5_first_game,no_summer_event,0,0,,Rayo Vallecano,La Liga,Spain,0,0,0,,,,,,,,,,,,,,,0,rayo vallecano,0,1,0,0,0,0,,,,,0,0,,,2000000.0,2019-06-11,10000000.0,2000000.0,2018-12-09,10000000.0,3500000.0,2018-06-05,10000000.0,2000000.0,historical_valuation,1,14.508658238524095,2000000.0,3500000.0,0.0,-1500000.0,0.0,-0.4285714285714286,10000000.0,0.2,58.0,0.1092715231788079,0.25,Vallecano,0.0,0.8421052631578947,-0.7631578947368421,Vallecano,1.0,,,same_team_copy_old,La Liga,0.0,0.8421052631578947,-0.7631578947368421,0,0.0,0.0,0.0,mario suarez,rayo vallecano,STABLE_BIG5_REVIEW,0.34282296650717703
Mathieu Coutadeur,fr FRA,Ajaccio,Ligue 1,2022-2023,2023-2024,MF,MF,36.0,False,22.0,1947.0,0.0,0.0,0.0,0.0,0.0,0.0,0.0,0.0,0.0,0,2022,2023,22091,mathieu coutadeur,ajaccio,39914.0,exact_normalized_unique,A,2023-08-11,2023-08-10,duckdb_big5_first_game,no_summer_event,0,0,,Ajaccio,Ligue 1,France,0,0,0,,,,,,,,,,,,,,,0,ajaccio,0,1,0,0,0,0,,,,,0,0,,,200000.0,2023-06-27,5000000.0,250000.0,2022-11-02,5000000.0,250000.0,2022-06-02,5000000.0,200000.0,historical_valuation,1,12.206077645517674,250000.0,250000.0,-50000.0,-50000.0,-0.1999999999999999,-0.1999999999999999,5000000.0,0.04,44.0,0.002844141069397,0.025,Ajaccio,0.1052631578947368,0.6842105263157895,-1.3421052631578947,Ajaccio,1.0,,,same_team_copy_old,Ligue 1,0.1052631578947368,0.6842105263157895,-1.3421052631578947,0,0.0,0.0,0.0,mathieu coutadeur,ajaccio,STABLE_BIG5_REVIEW,0.3423444976076555
Nicolás González,ar ARG,Stuttgart,Bundesliga,2018-2019,2019-2020,"FW,MF",FW,20.0,False,23.0,2162.0,2.0,3.0,2.0,0.0,0.0,0.0832562442183163,0.1248843663274745,0.2081406105457909,0.0,0,2018,2019,18410,nicolas gonzalez,stuttgart,,unmatched,UNMATCHED,2019-08-09,2019-08-08,duckdb_big5_first_game,no_player_id,0,0,,Stuttgart,Bundesliga,Germany,0,0,0,,,,,,,,,,,,,,,0,stuttgart,0,1,0,0,0,0,,,,,0,0,,,,,,,,,,,,,missing,0,,,,,,,,,,,,,Stuttgart,0.1176470588235294,0.8235294117647058,-1.1176470588235294,Stuttgart,1.0,,,same_team_copy_old,Bundesliga,0.1176470588235294,0.8235294117647058,-1.1176470588235294,0,0.0,0.0,0.0,nicolas gonzalez,stuttgart,STABLE_BIG5_REVIEW,0.34150717703349287
Opa Nguette,sn SEN,Metz,Ligue 1,2017-2018,2018-2019,"FW,MF",FW,23.0,False,11.0,1022.0,0.0,0.0,0.0,0.0,0.0,0.0,0.0,0.0,0.0,0,2017,2018,17477,opa nguette,metz,205587.0,exact_normalized_unique,A,2018-08-10,2018-08-09,duckdb_big5_first_game,no_summer_event,0,0,,Metz,Ligue 1,France,0,0,0,,,,,,,,,,,,,,,0,metz,0,1,0,0,0,0,,,,,0,0,,,2000000.0,2018-06-04,2000000.0,2000000.0,2018-01-24,2000000.0,2000000.0,2017-06-01,2000000.0,2000000.0,historical_valuation,1,14.508658238524095,2000000.0,2000000.0,0.0,0.0,0.0,0.0,2000000.0,1.0,66.0,0.1600441501103753,0.2666666666666666,Metz,0.0,0.6842105263157895,-1.105263157894737,Metz,1.0,,,same_team_copy_old,Ligue 1,0.0,0.6842105263157895,-1.105263157894737,0,0.0,0.0,0.0,opa nguette,metz,STABLE_BIG5_REVIEW,0.3397129186602871
Florian Krüger,de GER,Arminia,Bundesliga,2021-2022,2022-2023,"FW,MF",FW,22.0,False,12.0,1129.0,1.0,2.0,1.0,0.0,0.0,0.0797165633303808,0.1594331266607617,0.2391496899911425,0.0,0,2021,2022,20812,florian kruger,arminia,317740.0,exact_normalized_unique,A,2022-08-05,2022-08-04,duckdb_big5_first_game,no_summer_event,0,0,,Arminia,Bundesliga,Germany,0,0,0,,,,,,,,,,,,,,,0,arminia,0,1,0,0,0,0,,,,,0,0,,,1800000.0,2022-06-09,4000000.0,2500000.0,2021-12-22,4000000.0,4000000.0,2021-06-16,4000000.0,1800000.0,historical_valuation,1,14.403297778421797,2500000.0,4000000.0,-700000.0,-2200000.0,-0.28,-0.55,4000000.0,0.45,56.0,0.0803468208092485,0.1565217391304348,Bielefeld,0.0588235294117647,0.8235294117647058,-0.7647058823529411,Bielefeld,1.0,,,same_team_copy_old,Bundesliga,0.0588235294117647,0.8235294117647058,-0.7647058823529411,0,0.0,0.0,0.0,florian kruger,arminia,STABLE_BIG5_REVIEW,0.337799043062201
Tatsuya Ito,jp JPN,Hamburger SV,Bundesliga,2017-2018,2018-2019,"MF,FW",FW,20.0,False,12.0,1012.0,0.0,2.0,0.0,0.0,0.0,0.0,0.1778656126482213,0.1778656126482213,0.0,0,2017,2018,17648,tatsuya ito,hamburger sv,381248.0,exact_normalized_unique,A,2018-08-10,2018-08-09,duckdb_big5_first_game,no_summer_event,0,0,,Hamburger SV,Bundesliga,Germany,0,0,0,,,,,,,,,,,,,,,0,hamburger sv,0,1,0,0,0,0,,,,,0,0,,,2000000.0,2018-06-05,2000000.0,1000000.0,2017-12-28,1000000.0,50000.0,2017-08-02,50000.0,2000000.0,historical_valuation,1,14.508658238524095,1000000.0,50000.0,1000000.0,1950000.0,1.0,39.0,2000000.0,1.0,65.0,0.1600441501103753,0.2666666666666666,Hamburg,0.0588235294117647,0.9117647058823528,-0.7058823529411765,Hamburg,1.0,,,same_team_copy_old,Bundesliga,0.0588235294117647,0.9117647058823528,-0.7058823529411765,0,0.0,0.0,0.0,tatsuya ito,hamburger sv,STABLE_BIG5_REVIEW,0.33779904306220093
Florian Tardieu,fr FRA,Troyes,Ligue 1,2022-2023,2023-2024,MF,MF,30.0,False,11.0,1009.0,3.0,0.0,0.0,3.0,3.0,0.267591674925669,0.0,0.267591674925669,0.0,0,2022,2023,21781,florian tardieu,troyes,212804.0,exact_normalized_unique,A,2023-08-11,2023-08-10,duckdb_big5_first_game,no_summer_event,0,0,,Troyes,Ligue 1,France,0,0,0,,,,,,,,,,,,,,,0,troyes,0,1,0,0,0,0,,,,,0,0,,,2000000.0,2023-06-27,3000000.0,3000000.0,2022-11-02,3000000.0,3000000.0,2022-05-30,3000000.0,2000000.0,historical_valuation,1,14.508658238524095,3000000.0,3000000.0,-1000000.0,-1000000.0,-0.3333333333333333,-0.3333333333333333,3000000.0,0.6666666666666666,44.0,0.1126279863481228,0.25,Troyes,0.0526315789473684,0.631578947368421,-0.9473684210526316,Troyes,1.0,,,same_team_copy_old,Ligue 1,0.0526315789473684,0.631578947368421,-0.9473684210526316,0,0.0,0.0,0.0,florian tardieu,troyes,STABLE_BIG5_REVIEW,0.33636363636363636
Benoît Pedretti,fr FRA,Nancy,Ligue 1,2016-2017,2017-2018,MF,MF,35.0,False,21.0,1870.0,1.0,2.0,1.0,0.0,0.0,0.0481283422459893,0.0962566844919786,0.1443850267379679,0.0,0,2016,2017,15904,benoit pedretti,nancy,5406.0,exact_normalized_unique,A,2017-08-04,2017-08-03,duckdb_big5_first_game,no_summer_event,0,0,,Nancy,Ligue 1,France,0,0,0,,,,,,,,,,,,,,,0,nancy,0,1,0,0,0,0,,,,,0,0,,,250000.0,2017-06-01,9000000.0,250000.0,2017-01-16,9000000.0,250000.0,2016-07-13,9000000.0,250000.0,historical_valuation,1,12.429220196836384,250000.0,250000.0,0.0,0.0,0.0,0.0,9000000.0,0.0277777777777777,63.0,0.0079281183932346,0.0625,Nancy,0.0526315789473684,0.9210526315789472,-0.6052631578947368,Nancy,1.0,,,same_team_copy_old,Ligue 1,0.0526315789473684,0.9210526315789472,-0.6052631578947368,0,0.0,0.0,0.0,benoit pedretti,nancy,STABLE_BIG5_REVIEW,0.3357655502392345
Malik Tchokounté,fr FRA,Caen,Ligue 1,2018-2019,2019-2020,"FW,MF",FW,29.0,False,16.0,1473.0,0.0,2.0,0.0,0.0,0.0,0.0,0.1221995926680244,0.1221995926680244,0.0,0,2018,2019,18289,malik tchokounte,caen,412085.0,exact_normalized_unique,A,2019-08-09,2019-08-08,duckdb_big5_first_game,no_summer_event,0,0,,Caen,Ligue 1,France,0,0,0,,,,,,,,,,,,,,,0,caen,0,1,0,0,0,0,,,,,0,0,,,1000000.0,2019-06-03,1000000.0,1000000.0,2018-12-17,1000000.0,600000.0,2018-05-16,600000.0,1000000.0,historical_valuation,1,13.815511557963774,1000000.0,600000.0,0.0,400000.0,0.0,0.6666666666666667,1000000.0,1.0,66.0,0.0413907284768211,0.1,Caen,0.0526315789473684,0.868421052631579,-0.6578947368421053,Caen,1.0,,,same_team_copy_old,Ligue 1,0.0526315789473684,0.868421052631579,-0.6578947368421053,0,0.0,0.0,0.0,malik tchokounte,caen,STABLE_BIG5_REVIEW,0.332177033492823
Dalbert Henrique,br BRA,Cagliari,Serie A,2021-2022,2022-2023,"DF,MF",MF,27.0,False,27.0,2081.0,0.0,2.0,0.0,0.0,0.0,0.0,0.0864968765016818,0.0864968765016818,0.0,0,2021,2022,20708,dalbert henrique,cagliari,,unmatched,UNMATCHED,2022-08-05,2022-08-04,duckdb_big5_first_game,no_player_id,0,0,,Cagliari,Serie A,Italy,0,0,0,,,,,,,,,,,,,,,0,cagliari,0,1,0,0,0,0,,,,,0,0,,,,,,,,,,,,,missing,0,,,,,,,,,,,,,Cagliari,0.1052631578947368,0.7894736842105263,-0.8947368421052632,Cagliari,1.0,,,same_team_copy_old,Serie A,0.1052631578947368,0.7894736842105263,-0.8947368421052632,0,0.0,0.0,0.0,dalbert henrique,cagliari,STABLE_BIG5_REVIEW,0.3314593301435407
Gaëtan Perrin,fr FRA,Auxerre,Ligue 1,2022-2023,2023-2024,"MF,FW",FW,26.0,False,15.0,1391.0,3.0,1.0,2.0,1.0,1.0,0.1941049604601006,0.0647016534867002,0.2588066139468009,0.0,0,2022,2023,21798,gaetan perrin,auxerre,353404.0,exact_normalized_unique,A,2023-08-11,2023-08-10,duckdb_big5_first_game,no_summer_event,0,0,,Auxerre,Ligue 1,France,0,0,0,,,,,,,,,,,,,,,0,auxerre,0,1,0,0,0,0,,,,,0,0,,,1200000.0,2023-06-27,1300000.0,1200000.0,2022-11-02,1300000.0,1300000.0,2022-06-02,1300000.0,1200000.0,historical_valuation,1,13.997832948091215,1200000.0,1300000.0,0.0,-100000.0,0.0,-0.0769230769230768,1300000.0,0.9230769230769232,44.0,0.0483503981797497,0.109090909090909,Auxerre,0.1578947368421053,0.9210526315789472,-0.7368421052631579,Auxerre,1.0,,,same_team_copy_old,Ligue 1,0.1578947368421053,0.9210526315789472,-0.7368421052631579,0,0.0,0.0,0.0,gaetan perrin,auxerre,STABLE_BIG5_REVIEW,0.33062200956937804
Janni Serra,de GER,Arminia,Bundesliga,2021-2022,2022-2023,FW,FW,23.0,False,15.0,1117.0,3.0,2.0,3.0,0.0,0.0,0.2417188898836168,0.1611459265890779,0.4028648164726947,0.0,0,2021,2022,20933,janni serra,arminia,294534.0,exact_normalized_unique,A,2022-08-05,2022-08-04,duckdb_big5_first_game,no_summer_event,0,0,,Arminia,Bundesliga,Germany,0,0,0,,,,,,,,,,,,,,,0,arminia,0,1,0,0,0,0,,,,,0,0,,,1800000.0,2022-06-09,3000000.0,1800000.0,2021-12-22,3000000.0,2000000.0,2021-06-16,3000000.0,1800000.0,historical_valuation,1,14.403297778421797,1800000.0,2000000.0,0.0,-200000.0,0.0,-0.0999999999999999,3000000.0,0.6,56.0,0.0803468208092485,0.1565217391304348,Bielefeld,0.0588235294117647,0.8235294117647058,-0.7647058823529411,Bielefeld,1.0,,,same_team_copy_old,Bundesliga,0.0588235294117647,0.8235294117647058,-0.7647058823529411,0,0.0,0.0,0.0,janni serra,arminia,STABLE_BIG5_REVIEW,0.330622009569378
Maurice Dalé,fr FRA,Nancy,Ligue 1,2016-2017,2017-2018,FW,FW,31.0,False,16.0,1462.0,3.0,4.0,3.0,0.0,0.0,0.1846785225718194,0.2462380300957592,0.4309165526675786,0.0,0,2016,2017,16425,maurice dale,nancy,75645.0,exact_normalized_unique,A,2017-08-04,2017-08-03,duckdb_big5_first_game,no_summer_event,0,0,,Nancy,Ligue 1,France,0,0,0,,,,,,,,,,,,,,,0,nancy,0,1,0,0,0,0,,,,,0,0,,,1000000.0,2017-06-01,1000000.0,1000000.0,2017-01-16,1000000.0,1000000.0,2016-07-13,1000000.0,1000000.0,historical_valuation,1,13.815511557963774,1000000.0,1000000.0,0.0,0.0,0.0,0.0,1000000.0,1.0,63.0,0.0724101479915433,0.1428571428571428,Nancy,0.0526315789473684,0.9210526315789472,-0.6052631578947368,Nancy,1.0,,,same_team_copy_old,Ligue 1,0.0526315789473684,0.9210526315789472,-0.6052631578947368,0,0.0,0.0,0.0,maurice dale,nancy,STABLE_BIG5_REVIEW,0.3283492822966507
Miguel Trauco,pe PER,Saint-Étienne,Ligue 1,2021-2022,2022-2023,"DF,MF",MF,28.0,False,12.0,1112.0,1.0,0.0,1.0,0.0,0.0,0.0809352517985611,0.0,0.0809352517985611,0.0,0,2021,2022,21165,miguel trauco,saint etienne,177690.0,exact_normalized_unique,A,2022-08-05,2022-08-04,duckdb_big5_first_game,no_summer_event,0,0,,Saint-Étienne,Ligue 1,France,0,0,0,,,,,,,,,,,,,,,0,saint etienne,0,1,0,0,0,0,,,,,0,0,,,1800000.0,2022-05-30,2000000.0,2000000.0,2021-12-16,2000000.0,1800000.0,2021-06-04,2000000.0,1800000.0,historical_valuation,1,14.403297778421797,2000000.0,1800000.0,-200000.0,0.0,-0.0999999999999999,0.0,2000000.0,0.9,66.0,0.0803468208092485,0.2117647058823529,St Etienne,0.1052631578947368,0.8421052631578947,-0.9210526315789472,St Etienne,1.0,,,same_team_copy_old,Ligue 1,0.1052631578947368,0.8421052631578947,-0.9210526315789472,0,0.0,0.0,0.0,miguel trauco,saint etienne,STABLE_BIG5_REVIEW,0.3282296650717703
Gonzalo Melero,ESP,Almería,La Liga,2023-2024,2024-2025,"MF,FW",FW,29.0,False,10.0,1103.0,1.0,1.0,1.0,0.0,0.0,0.0815956482320942,0.0815956482320942,0.1631912964641885,0.0,0,2023,2024,22744,gonzalo melero,almeria,162056.0,exact_normalized_unique,A,2024-08-15,2024-08-14,duckdb_big5_first_game,no_summer_event,0,0,,Almería,La Liga,Spain,0,0,0,,,,,,,,,,,,,,,0,almeria,0,1,0,0,0,0,,,,,0,0,,,1800000.0,2024-06-07,7500000.0,3000000.0,2023-12-22,7500000.0,4000000.0,2023-06-13,7500000.0,1800000.0,historical_valuation,1,14.403297778421797,3000000.0,4000000.0,-1200000.0,-2200000.0,-0.4,-0.55,7500000.0,0.24,68.0,0.0788863109048723,0.15,Almeria,0.0526315789473684,0.5526315789473685,-0.8421052631578947,Almeria,1.0,,,same_team_copy_old,La Liga,0.0526315789473684,0.5526315789473685,-0.8421052631578947,0,0.0,0.0,0.0,gonzalo melero,almeria,STABLE_BIG5_REVIEW,0.32607655502392346
Stéphane Darbion,fr FRA,Troyes,Ligue 1,2017-2018,2018-2019,"FW,MF",FW,33.0,False,20.0,1706.0,3.0,2.0,3.0,0.0,0.0,0.1582649472450176,0.1055099648300117,0.2637749120750293,0.0,0,2017,2018,17632,stephane darbion,troyes,14951.0,exact_normalized_unique,A,2018-08-10,2018-08-09,duckdb_big5_first_game,no_summer_event,0,0,,Troyes,Ligue 1,France,0,0,0,,,,,,,,,,,,,,,0,troyes,0,1,0,0,0,0,,,,,0,0,,,500000.0,2018-06-04,1500000.0,500000.0,2018-01-24,1500000.0,500000.0,2017-06-15,1500000.0,500000.0,historical_valuation,1,13.122365377402328,500000.0,500000.0,0.0,0.0,0.0,0.0,1500000.0,0.3333333333333333,66.0,0.0121412803532008,0.0666666666666666,Troyes,0.0526315789473684,0.868421052631579,-0.7105263157894737,Troyes,1.0,,,same_team_copy_old,Ligue 1,0.0526315789473684,0.868421052631579,-0.7105263157894737,0,0.0,0.0,0.0,stephane darbion,troyes,STABLE_BIG5_REVIEW,0.32607655502392346
Alessandro Diamanti,it ITA,Palermo,Serie A,2016-2017,2017-2018,"FW,MF",FW,33.0,False,18.0,1698.0,1.0,5.0,1.0,0.0,0.0,0.0530035335689045,0.2650176678445229,0.3180212014134275,0.0,0,2016,2017,15818,alessandro diamanti,palermo,23197.0,exact_normalized_unique,A,2017-08-04,2017-08-03,duckdb_big5_first_game,no_summer_event,0,0,,Palermo,Serie A,Italy,0,0,0,,,,,,,,,,,,,,,0,palermo,0,1,0,0,0,0,,,,,0,0,,,500000.0,2017-06-08,8000000.0,800000.0,2017-01-02,8000000.0,1000000.0,2016-07-15,8000000.0,500000.0,historical_valuation,1,13.122365377402328,800000.0,1000000.0,-300000.0,-500000.0,-0.375,-0.5,8000000.0,0.0625,56.0,0.0216701902748414,0.0714285714285714,Palermo,0.0526315789473684,0.6842105263157895,-1.1578947368421053,Palermo,1.0,,,same_team_copy_old,Serie A,0.0526315789473684,0.6842105263157895,-1.1578947368421053,0,0.0,0.0,0.0,alessandro diamanti,palermo,STABLE_BIG5_REVIEW,0.32464114832535884
Oliver Norwood,NIR,Sheffield Utd,Premier League,2023-2024,2024-2025,MF,MF,32.0,False,16.0,1440.0,1.0,0.0,0.0,1.0,1.0,0.0625,0.0,0.0625,0.0,0,2023,2024,23117,oliver norwood,sheffield utd,73547.0,exact_normalized_unique,A,2024-08-15,2024-08-14,duckdb_big5_first_game,no_summer_event,0,0,,Sheffield Utd,Premier League,England,0,0,0,,,,,,,,,,,,,,,0,sheffield utd,0,1,0,0,0,0,,,,,0,0,,,1000000.0,2024-05-27,9000000.0,1500000.0,2023-12-19,9000000.0,2000000.0,2023-06-01,9000000.0,1000000.0,historical_valuation,1,13.815511557963774,1500000.0,2000000.0,-500000.0,-1000000.0,-0.3333333333333333,-0.5,9000000.0,0.1111111111111111,79.0,0.0319025522041763,0.125,Sheffield United,0.0,0.4210526315789473,-1.8157894736842104,Sheffield United,1.0,,,same_team_copy_old,Premier League,0.0,0.4210526315789473,-1.8157894736842104,0,0.0,0.0,0.0,oliver norwood,sheffield utd,STABLE_BIG5_REVIEW,0.3242822966507177
Emmanuel Agyemang-Badu,gh GHA,Udinese,Serie A,2016-2017,2017-2018,MF,MF,25.0,False,20.0,2033.0,0.0,3.0,0.0,0.0,0.0,0.0,0.1328086571569109,0.1328086571569109,0.0,0,2016,2017,16041,emmanuel agyemang badu,udinese,,unmatched,UNMATCHED,2017-08-04,2017-08-03,duckdb_big5_first_game,no_player_id,0,0,,Udinese,Serie A,Italy,0,0,0,,,,,,,,,,,,,,,0,udinese,0,1,0,0,0,0,,,,,0,0,,,,,,,,,,,,,missing,0,,,,,,,,,,,,,Udinese,0.368421052631579,1.1842105263157894,-0.2368421052631578,Udinese,1.0,,,same_team_copy_old,Serie A,0.368421052631579,1.1842105263157894,-0.2368421052631578,0,0.0,0.0,0.0,emmanuel agyemang badu,udinese,STABLE_BIG5_REVIEW,0.3238038277511962
Jeremy Dudziak,tn TUN,Greuther Fürth,Bundesliga,2021-2022,2022-2023,"MF,FW",FW,25.0,False,15.0,1134.0,2.0,0.0,2.0,0.0,0.0,0.1587301587301587,0.0,0.1587301587301587,0.0,0,2021,2022,20952,jeremy dudziak,greuther furth,147359.0,exact_normalized_unique,A,2022-08-05,2022-08-04,duckdb_big5_first_game,no_summer_event,0,0,,Greuther Fürth,Bundesliga,Germany,0,0,0,,,,,,,,,,,,,,,0,greuther furth,0,1,0,0,0,0,,,,,0,0,,,1600000.0,2022-06-09,2500000.0,1800000.0,2021-12-22,2500000.0,2000000.0,2021-06-16,2500000.0,1600000.0,historical_valuation,1,14.285514812209817,1800000.0,2000000.0,-200000.0,-400000.0,-0.1111111111111111,-0.1999999999999999,2500000.0,0.64,56.0,0.06878612716763,0.1391304347826087,Greuther Furth,0.0,0.5294117647058824,-1.588235294117647,Greuther Furth,1.0,,,same_team_copy_old,Bundesliga,0.0,0.5294117647058824,-1.588235294117647,0,0.0,0.0,0.0,jeremy dudziak,greuther furth,STABLE_BIG5_REVIEW,0.3220095693779904
David Meyler,ie IRL,Hull City,Premier League,2016-2017,2017-2018,"MF,DF",MF,27.0,False,9.0,962.0,1.0,1.0,1.0,0.0,0.0,0.0935550935550935,0.0935550935550935,0.1871101871101871,0.0,0,2016,2017,15993,david meyler,hull city,68183.0,exact_normalized_unique,A,2017-08-04,2017-08-03,duckdb_big5_first_game,no_summer_event,0,0,,Hull City,Premier League,England,0,0,0,,,,,,,,,,,,,,,0,hull city,0,1,0,0,0,0,,,,,0,0,,,2000000.0,2017-06-28,3000000.0,2500000.0,2016-08-01,3000000.0,2500000.0,2016-08-01,3000000.0,2000000.0,historical_valuation,1,14.508658238524095,2500000.0,2500000.0,-500000.0,-500000.0,-0.1999999999999999,-0.1999999999999999,3000000.0,0.6666666666666666,36.0,0.1966173361522198,0.5,Hull,0.1052631578947368,0.8947368421052632,-1.131578947368421,Hull,1.0,,,same_team_copy_old,Premier League,0.1052631578947368,0.8947368421052632,-1.131578947368421,0,0.0,0.0,0.0,david meyler,hull city,STABLE_BIG5_REVIEW,0.3215311004784689
Javi Castellano,es ESP,Las Palmas,La Liga,2017-2018,2018-2019,MF,MF,29.0,False,17.0,1566.0,0.0,0.0,0.0,0.0,0.0,0.0,0.0,0.0,0.0,0,2017,2018,17167,javi castellano,las palmas,65489.0,exact_normalized_unique,A,2018-08-10,2018-08-09,duckdb_big5_first_game,no_summer_event,0,0,,Las Palmas,La Liga,Spain,0,0,0,,,,,,,,,,,,,,,0,las palmas,0,1,0,0,0,0,,,,,0,0,,,800000.0,2018-05-30,1500000.0,700000.0,2018-01-01,1500000.0,400000.0,2017-06-05,1500000.0,800000.0,historical_valuation,1,13.592368256649284,700000.0,400000.0,100000.0,400000.0,0.1428571428571428,1.0,1500000.0,0.5333333333333333,71.0,0.032560706401766,0.1333333333333333,Las Palmas,0.0526315789473684,0.5789473684210527,-1.3157894736842106,Las Palmas,1.0,,,same_team_copy_old,La Liga,0.0526315789473684,0.5789473684210527,-1.3157894736842106,0,0.0,0.0,0.0,javi castellano,las palmas,STABLE_BIG5_REVIEW,0.3215311004784689
Victor Anichebe,ng NGA,Sunderland,Premier League,2016-2017,2017-2018,"FW,MF",FW,28.0,False,14.0,1219.0,3.0,0.0,3.0,0.0,0.0,0.2214930270713699,0.0,0.2214930270713699,0.0,0,2016,2017,16718,victor anichebe,sunderland,39532.0,exact_normalized_unique,A,2017-08-04,2017-08-03,duckdb_big5_first_game,no_summer_event,0,0,,Sunderland,Premier League,England,0,0,0,,,,,,,,,,,,,,,0,sunderland,0,1,0,0,0,0,,,,,0,0,,,1500000.0,2017-06-28,6500000.0,2000000.0,2016-02-09,6500000.0,2000000.0,2016-02-09,6500000.0,1500000.0,historical_valuation,1,14.220976332738882,2000000.0,2000000.0,-500000.0,-500000.0,-0.25,-0.25,6500000.0,0.2307692307692307,36.0,0.1289640591966173,0.2142857142857142,Sunderland,0.0,0.631578947368421,-1.0526315789473684,Sunderland,1.0,,,same_team_copy_old,Premier League,0.0,0.631578947368421,-1.0526315789473684,0,0.0,0.0,0.0,victor anichebe,sunderland,STABLE_BIG5_REVIEW,0.3203349282296651
Roger Martí,ESP,Cádiz,La Liga,2023-2024,2024-2025,FW,FW,32.0,False,18.0,1359.0,2.0,3.0,2.0,0.0,0.0,0.1324503311258278,0.1986754966887417,0.3311258278145695,0.0,0,2023,2024,23206,roger marti,cadiz,212391.0,exact_normalized_unique,A,2024-08-15,2024-08-14,duckdb_big5_first_game,no_summer_event,0,0,,Cádiz,La Liga,Spain,0,0,0,,,,,,,,,,,,,,,0,cadiz,0,1,0,0,0,0,,,,,0,0,,,1200000.0,2024-06-07,10000000.0,2000000.0,2023-12-22,10000000.0,2000000.0,2023-06-13,10000000.0,1200000.0,historical_valuation,1,13.997832948091215,2000000.0,2000000.0,-800000.0,-800000.0,-0.4,-0.4,10000000.0,0.12,68.0,0.0452436194895591,0.1,Cadiz,0.1052631578947368,0.868421052631579,-0.7631578947368421,Cadiz,1.0,,,same_team_copy_old,La Liga,0.1052631578947368,0.868421052631579,-0.7631578947368421,0,0.0,0.0,0.0,roger marti,cadiz,STABLE_BIG5_REVIEW,0.3200956937799043
José Luis García Vayá,es ESP,Levante,La Liga,2021-2022,2022-2023,MF,MF,22.0,False,23.0,2012.0,0.0,0.0,0.0,0.0,0.0,0.0,0.0,0.0,0.0,0,2021,2022,20991,jose luis garcia vaya,levante,,unmatched,UNMATCHED,2022-08-05,2022-08-04,duckdb_big5_first_game,no_player_id,0,0,,Levante,La Liga,Spain,0,0,0,,,,,,,,,,,,,,,0,levante,0,1,0,0,0,0,,,,,0,0,,,,,,,,,,,,,missing,0,,,,,,,,,,,,,Levante,0.0526315789473684,0.9210526315789472,-0.6578947368421053,Levante,1.0,,,same_team_copy_old,La Liga,0.0526315789473684,0.9210526315789472,-0.6578947368421053,0,0.0,0.0,0.0,jose luis garcia vaya,levante,STABLE_BIG5_REVIEW,0.31901913875598087
Ahmad Benali,ly LBY,Crotone,Serie A,2020-2021,2021-2022,MF,MF,28.0,False,15.0,1214.0,0.0,1.0,0.0,0.0,0.0,0.0,0.0741350906095551,0.0741350906095551,0.0,0,2020,2021,19615,ahmad benali,crotone,121402.0,exact_normalized_unique,A,2021-08-06,2021-08-05,duckdb_big5_first_game,no_summer_event,0,0,,Crotone,Serie A,Italy,0,0,0,,,,,,,,,,,,,,,0,crotone,0,1,0,0,0,0,,,,,0,0,,,1500000.0,2021-06-03,3000000.0,2400000.0,2020-12-29,3000000.0,2000000.0,2020-04-08,3000000.0,1500000.0,historical_valuation,1,14.220976332738882,2400000.0,2000000.0,-900000.0,-500000.0,-0.375,-0.25,3000000.0,0.5,63.0,0.0748074807480748,0.1875,Crotone,0.0526315789473684,0.6052631578947368,-1.236842105263158,Crotone,1.0,,,same_team_copy_old,Serie A,0.0526315789473684,0.6052631578947368,-1.236842105263158,0,0.0,0.0,0.0,ahmad benali,crotone,STABLE_BIG5_REVIEW,0.3181818181818182
Pablo Hervías,es ESP,Valladolid,La Liga,2020-2021,2021-2022,"DF,MF",MF,27.0,False,10.0,1204.0,0.0,5.0,0.0,0.0,0.0,0.0,0.3737541528239202,0.3737541528239202,0.0,0,2020,2021,20299,pablo hervias,valladolid,142027.0,exact_normalized_unique,A,2021-08-06,2021-08-05,duckdb_big5_first_game,no_summer_event,0,0,,Valladolid,La Liga,Spain,0,0,0,,,,,,,,,,,,,,,0,valladolid,0,1,0,0,0,0,,,,,0,0,,,1500000.0,2021-06-10,1500000.0,1500000.0,2021-01-05,1500000.0,650000.0,2020-04-08,800000.0,1500000.0,historical_valuation,1,14.220976332738882,1500000.0,650000.0,0.0,850000.0,0.0,1.3076923076923077,1500000.0,1.0,56.0,0.0748074807480748,0.1875,Valladolid,0.0526315789473684,0.8157894736842105,-0.6052631578947368,Valladolid,1.0,,,same_team_copy_old,La Liga,0.0526315789473684,0.8157894736842105,-0.6052631578947368,0,0.0,0.0,0.0,pablo hervias,valladolid,STABLE_BIG5_REVIEW,0.3157894736842105
Daniel Ciofani,it ITA,Frosinone,Serie A,2018-2019,2019-2020,FW,FW,33.0,False,17.0,1618.0,5.0,2.0,3.0,2.0,2.0,0.2781211372064276,0.111248454882571,0.3893695920889987,0.0,0,2018,2019,17911,daniel ciofani,frosinone,29605.0,exact_normalized_unique,A,2019-08-09,2019-08-08,duckdb_big5_first_game,no_summer_event,0,0,,Frosinone,Serie A,Italy,0,0,0,,,,,,,,,,,,,,,0,frosinone,0,1,0,0,0,0,,,,,0,0,,,700000.0,2019-06-06,1500000.0,900000.0,2018-12-20,1500000.0,900000.0,2018-06-18,1500000.0,700000.0,historical_valuation,1,13.45883704259595,900000.0,900000.0,-200000.0,-200000.0,-0.2222222222222222,-0.2222222222222222,1500000.0,0.4666666666666667,63.0,0.0226269315673289,0.07,Frosinone,0.0526315789473684,0.6578947368421053,-1.0526315789473684,Frosinone,1.0,,,same_team_copy_old,Serie A,0.0526315789473684,0.6578947368421053,-1.0526315789473684,0,0.0,0.0,0.0,daniel ciofani,frosinone,STABLE_BIG5_REVIEW,0.3156698564593301
Samu Omorodion,ESP,Alavés,La Liga,2023-2024,2024-2025,FW,FW,19.0,False,22.0,1998.0,9.0,1.0,9.0,0.0,0.0,0.4054054054054054,0.045045045045045,0.4504504504504504,0.0,0,2023,2024,23229,samu omorodion,alaves,,unmatched,UNMATCHED,2024-08-15,2024-08-14,duckdb_big5_first_game,no_player_id,0,0,,Alavés,La Liga,Spain,0,0,0,,,,,,,,,,,,,,,0,alaves,0,1,0,0,0,0,,,,,0,0,,,,,,,,,,,,,missing,0,,,,,,,,,,,,,Alaves,0.5263157894736843,1.2105263157894737,-0.2631578947368421,Alaves,1.0,,,same_team_copy_old,La Liga,0.5263157894736843,1.2105263157894737,-0.2631578947368421,0,0.0,0.0,0.0,samu omorodion,alaves,STABLE_BIG5_REVIEW,0.31399521531100477
Mattia Valoti,it ITA,SPAL,Serie A,2019-2020,2020-2021,"MF,FW",FW,25.0,False,18.0,1527.0,3.0,1.0,3.0,0.0,0.0,0.1768172888015717,0.0589390962671905,0.2357563850687623,0.0,0,2019,2020,19270,mattia valoti,spal,167741.0,exact_normalized_unique,A,2020-08-21,2020-08-20,duckdb_big5_first_game,no_summer_event,0,0,,SPAL,Serie A,Italy,0,0,0,,,,,,,,,,,,,,,0,spal,0,1,0,0,0,0,,,,,0,0,,,800000.0,2020-04-08,1000000.0,1000000.0,2019-12-12,1000000.0,1000000.0,2019-06-06,1000000.0,800000.0,historical_valuation,1,13.592368256649284,1000000.0,1000000.0,-200000.0,-200000.0,-0.1999999999999999,-0.1999999999999999,1000000.0,0.8,134.0,0.0248842592592592,0.0727272727272727,Spal,0.0,0.5263157894736842,-1.3157894736842106,Spal,1.0,,,same_team_copy_old,Serie A,0.0,0.5263157894736842,-1.3157894736842106,0,0.0,0.0,0.0,mattia valoti,spal,STABLE_BIG5_REVIEW,0.3133971291866029
Chukwubuikem Ikwuemesi,NGA,Salernitana,Serie A,2023-2024,2024-2025,FW,FW,21.0,False,11.0,1061.0,1.0,1.0,1.0,0.0,0.0,0.0848256361922714,0.0848256361922714,0.1696512723845429,0.0,0,2023,2024,22597,chukwubuikem ikwuemesi,salernitana,929494.0,exact_normalized_unique,A,2024-08-15,2024-08-14,duckdb_big5_first_game,no_summer_event,0,0,,Salernitana,Serie A,Italy,0,0,0,,,,,,,,,,,,,,,0,salernitana,0,1,0,0,0,0,,,,,0,0,,,1800000.0,2024-06-05,1800000.0,1800000.0,2023-12-20,1800000.0,500000.0,2023-05-25,500000.0,1800000.0,historical_valuation,1,14.403297778421797,1800000.0,500000.0,0.0,1300000.0,0.0,2.6,1800000.0,1.0,70.0,0.0788863109048723,0.15,Salernitana,0.0,0.4473684210526316,-1.2894736842105263,Salernitana,1.0,,,same_team_copy_old,Serie A,0.0,0.4473684210526316,-1.2894736842105263,0,0.0,0.0,0.0,chukwubuikem ikwuemesi,salernitana,STABLE_BIG5_REVIEW,0.31315789473684214
Ismaël Diomandé,ci CIV,Caen,Ligue 1,2018-2019,2019-2020,"MF,DF",MF,25.0,False,14.0,1293.0,0.0,1.0,0.0,0.0,0.0,0.0,0.0696055684454756,0.0696055684454756,0.0,0,2018,2019,18091,ismael diomande,caen,170495.0,exact_normalized_unique,A,2019-08-09,2019-08-08,duckdb_big5_first_game,no_summer_event,0,0,,Caen,Ligue 1,France,0,0,0,,,,,,,,,,,,,,,0,caen,0,1,0,0,0,0,,,,,0,0,,,1250000.0,2019-06-03,2500000.0,1000000.0,2018-12-17,2500000.0,1000000.0,2018-06-04,2500000.0,1250000.0,historical_valuation,1,14.038654909278163,1000000.0,1000000.0,250000.0,250000.0,0.25,0.25,2500000.0,0.5,66.0,0.0551876379690949,0.15625,Caen,0.0526315789473684,0.868421052631579,-0.6578947368421053,Caen,1.0,,,same_team_copy_old,Ligue 1,0.0526315789473684,0.868421052631579,-0.6578947368421053,0,0.0,0.0,0.0,ismael diomande,caen,STABLE_BIG5_REVIEW,0.3119617224880383
Bobby Wood,us USA,Hannover 96,Bundesliga,2018-2019,2019-2020,"FW,MF",FW,25.0,False,12.0,1182.0,3.0,1.0,3.0,0.0,0.0,0.2284263959390862,0.0761421319796954,0.3045685279187817,0.0,0,2018,2019,17850,bobby wood,hannover 96,72519.0,exact_normalized_unique,A,2019-08-09,2019-08-08,duckdb_big5_first_game,no_summer_event,0,0,,Hannover 96,Bundesliga,Germany,0,0,0,,,,,,,,,,,,,,,0,hannover 96,0,1,0,0,0,0,,,,,0,0,,,1500000.0,2019-06-05,4500000.0,3000000.0,2018-12-18,4500000.0,2000000.0,2018-06-05,4500000.0,1500000.0,historical_valuation,1,14.220976332738882,3000000.0,2000000.0,-1500000.0,-500000.0,-0.5,-0.25,4500000.0,0.3333333333333333,64.0,0.0700883002207505,0.15,Hannover,0.0588235294117647,0.6176470588235294,-1.1764705882352942,Hannover,1.0,,,same_team_copy_old,Bundesliga,0.0588235294117647,0.6176470588235294,-1.1764705882352942,0,0.0,0.0,0.0,bobby wood,hannover 96,STABLE_BIG5_REVIEW,0.31076555023923447
Sebastian Kerk,de GER,Nürnberg,Bundesliga,2018-2019,2019-2020,"MF,FW",FW,24.0,False,17.0,1179.0,0.0,1.0,0.0,0.0,0.0,0.0,0.0763358778625954,0.0763358778625954,0.0,0,2018,2019,18563,sebastian kerk,nurnberg,124517.0,exact_normalized_unique,A,2019-08-09,2019-08-08,duckdb_big5_first_game,no_summer_event,0,0,,Nürnberg,Bundesliga,Germany,0,0,0,,,,,,,,,,,,,,,0,nurnberg,0,1,0,0,0,0,,,,,0,0,,,1500000.0,2019-06-05,1500000.0,1000000.0,2018-12-18,1000000.0,750000.0,2018-06-19,1000000.0,1500000.0,historical_valuation,1,14.220976332738882,1000000.0,750000.0,500000.0,750000.0,0.5,1.0,1500000.0,1.0,64.0,0.0700883002207505,0.15,Nurnberg,0.0,0.5588235294117647,-1.2352941176470589,Nurnberg,1.0,,,same_team_copy_old,Bundesliga,0.0,0.5588235294117647,-1.2352941176470589,0,0.0,0.0,0.0,sebastian kerk,nurnberg,STABLE_BIG5_REVIEW,0.3090909090909091
Adama Diomande,no NOR,Hull City,Premier League,2016-2017,2017-2018,"FW,MF",FW,26.0,False,13.0,1171.0,2.0,0.0,2.0,0.0,0.0,0.1537147736976943,0.0,0.1537147736976943,0.0,0,2016,2017,15794,adama diomande,hull city,93145.0,exact_normalized_unique,A,2017-08-04,2017-08-03,duckdb_big5_first_game,no_summer_event,0,0,,Hull City,Premier League,England,0,0,0,,,,,,,,,,,,,,,0,hull city,0,1,0,0,0,0,,,,,0,0,,,1500000.0,2017-06-28,1500000.0,1500000.0,2016-08-01,1500000.0,1500000.0,2016-08-01,1500000.0,1500000.0,historical_valuation,1,14.220976332738882,1500000.0,1500000.0,0.0,0.0,0.0,0.0,1500000.0,1.0,36.0,0.1289640591966173,0.2142857142857142,Hull,0.1052631578947368,0.8947368421052632,-1.131578947368421,Hull,1.0,,,same_team_copy_old,Premier League,0.1052631578947368,0.8947368421052632,-1.131578947368421,0,0.0,0.0,0.0,adama diomande,hull city,STABLE_BIG5_REVIEW,0.3066985645933014
Yacine Bammou,ma MAR,Caen,Ligue 1,2018-2019,2019-2020,"FW,MF",FW,26.0,False,9.0,923.0,2.0,0.0,1.0,1.0,1.0,0.1950162513542795,0.0,0.1950162513542795,0.0,0,2018,2019,18665,yacine bammou,caen,276255.0,exact_normalized_unique,A,2019-08-09,2019-08-08,duckdb_big5_first_game,no_summer_event,0,0,,Caen,Ligue 1,France,0,0,0,,,,,,,,,,,,,,,0,caen,0,1,0,0,0,0,,,,,0,0,,,2000000.0,2019-06-03,2000000.0,2000000.0,2018-12-17,2000000.0,1500000.0,2018-06-04,1500000.0,2000000.0,historical_valuation,1,14.508658238524095,2000000.0,1500000.0,0.0,500000.0,0.0,0.3333333333333332,2000000.0,1.0,66.0,0.1092715231788079,0.2,Caen,0.0526315789473684,0.868421052631579,-0.6578947368421053,Caen,1.0,,,same_team_copy_old,Ligue 1,0.0526315789473684,0.868421052631579,-0.6578947368421053,0,0.0,0.0,0.0,yacine bammou,caen,STABLE_BIG5_REVIEW,0.30574162679425837
David Silva,es ESP,Real Sociedad,La Liga,2022-2023,2023-2024,MF,MF,36.0,False,25.0,1937.0,2.0,5.0,2.0,0.0,0.0,0.0929272070211667,0.2323180175529168,0.3252452245740836,0.0,0,2022,2023,21686,david silva,real sociedad,,unmatched,UNMATCHED,2023-08-11,2023-08-10,duckdb_big5_first_game,no_player_id,0,0,,Real Sociedad,La Liga,Spain,0,0,0,,,,,,,,,,,,,,,0,real sociedad,0,1,0,0,0,0,,,,,0,0,,,,,,,,,,,,,missing,0,,,,,,,,,,,,,Sociedad,0.8421052631578947,1.868421052631579,0.4210526315789473,Sociedad,1.0,,,same_team_copy_old,La Liga,0.8421052631578947,1.868421052631579,0.4210526315789473,0,0.0,0.0,0.0,david silva,real sociedad,STABLE_BIG5_REVIEW,0.305622009569378
Ablie Jallow,GAM,Metz,Ligue 1,2023-2024,2024-2025,"MF,FW",FW,24.0,False,10.0,918.0,3.0,2.0,2.0,1.0,1.0,0.2941176470588235,0.196078431372549,0.4901960784313726,0.0,0,2023,2024,22435,ablie jallow,metz,366045.0,exact_normalized_unique,A,2024-08-15,2024-08-14,duckdb_big5_first_game,no_summer_event,0,0,,Metz,Ligue 1,France,0,0,0,,,,,,,,,,,,,,,0,metz,0,1,0,0,0,0,,,,,0,0,,,2000000.0,2024-06-03,2000000.0,2000000.0,2023-12-18,2000000.0,1500000.0,2023-06-16,1500000.0,2000000.0,historical_valuation,1,14.508658238524095,2000000.0,1500000.0,0.0,500000.0,0.0,0.3333333333333332,2000000.0,1.0,72.0,0.1015081206496519,0.1666666666666666,Metz,0.0588235294117647,0.8529411764705882,-0.6764705882352942,Metz,1.0,,,same_team_copy_old,Ligue 1,0.0588235294117647,0.8529411764705882,-0.6764705882352942,0,0.0,0.0,0.0,ablie jallow,metz,STABLE_BIG5_REVIEW,0.3045454545454545
Sven Michel,de GER,Paderborn 07,Bundesliga,2019-2020,2020-2021,FW,FW,29.0,False,13.0,1376.0,5.0,1.0,5.0,0.0,0.0,0.3270348837209302,0.065406976744186,0.3924418604651162,0.0,0,2019,2020,19508,sven michel,paderborn 07,186988.0,exact_normalized_unique,A,2020-08-21,2020-08-20,duckdb_big5_first_game,no_summer_event,0,0,,Paderborn 07,Bundesliga,Germany,0,0,0,,,,,,,,,,,,,,,0,paderborn 07,0,1,0,0,0,0,,,,,0,0,,,1000000.0,2020-04-08,1250000.0,1250000.0,2019-12-17,1250000.0,1250000.0,2019-06-12,1250000.0,1000000.0,historical_valuation,1,13.815511557963774,1250000.0,1250000.0,-250000.0,-250000.0,-0.1999999999999999,-0.1999999999999999,1250000.0,0.8,134.0,0.0364583333333333,0.0909090909090909,Paderborn,0.0,0.5882352941176471,-1.088235294117647,Paderborn,1.0,,,same_team_copy_old,Bundesliga,0.0,0.5882352941176471,-1.088235294117647,0,0.0,0.0,0.0,sven michel,paderborn 07,STABLE_BIG5_REVIEW,0.30322966507177035
Carlos Castro,es ESP,Sporting Gijón,La Liga,2016-2017,2017-2018,FW,FW,21.0,False,10.0,1024.0,4.0,1.0,4.0,0.0,0.0,0.3515625,0.087890625,0.439453125,0.0,0,2016,2017,15927,carlos castro,sporting gijon,277093.0,exact_normalized_unique,A,2017-08-04,2017-08-03,duckdb_big5_first_game,no_summer_event,0,0,,Sporting Gijón,La Liga,Spain,0,0,0,,,,,,,,,,,,,,,0,sporting gijon,0,1,0,0,0,0,,,,,0,0,,,1800000.0,2017-06-05,2000000.0,1800000.0,2017-01-24,2000000.0,2000000.0,2016-07-15,2000000.0,1800000.0,historical_valuation,1,14.403297778421797,1800000.0,2000000.0,0.0,-200000.0,0.0,-0.0999999999999999,2000000.0,0.9,59.0,0.1633192389006342,0.2571428571428571,Sp Gijon,0.1052631578947368,0.8157894736842105,-0.7894736842105263,Sp Gijon,1.0,,,same_team_copy_old,La Liga,0.1052631578947368,0.8157894736842105,-0.7894736842105263,0,0.0,0.0,0.0,carlos castro,sporting gijon,STABLE_BIG5_REVIEW,0.3026315789473684
Yaya Sanogo,fr FRA,Toulouse,Ligue 1,2019-2020,2020-2021,FW,FW,26.0,False,9.0,910.0,3.0,1.0,2.0,1.0,1.0,0.2967032967032967,0.0989010989010989,0.3956043956043956,0.0,0,2019,2020,19584,yaya sanogo,toulouse,127194.0,exact_normalized_unique,A,2020-08-21,2020-08-20,duckdb_big5_first_game,no_summer_event,0,0,,Toulouse,Ligue 1,France,0,0,0,,,,,,,,,,,,,,,0,toulouse,0,1,0,0,0,0,,,,,0,0,,,2000000.0,2020-04-08,2500000.0,2500000.0,2019-12-19,2500000.0,2500000.0,2019-06-03,2500000.0,2000000.0,historical_valuation,1,14.508658238524095,2500000.0,2500000.0,-500000.0,-500000.0,-0.1999999999999999,-0.1999999999999999,2500000.0,0.8,134.0,0.1140046296296296,0.1818181818181818,Toulouse,0.0,0.4642857142857143,-1.2857142857142858,Toulouse,1.0,,,same_team_copy_old,Ligue 1,0.0,0.4642857142857143,-1.2857142857142858,0,0.0,0.0,0.0,yaya sanogo,toulouse,STABLE_BIG5_REVIEW,0.30191387559808613
Håvard Nielsen,no NOR,Greuther Fürth,Bundesliga,2021-2022,2022-2023,"MF,FW",FW,28.0,False,14.0,1367.0,2.0,0.0,2.0,0.0,0.0,0.1316752011704462,0.0,0.1316752011704462,0.0,0,2021,2022,20877,havard nielsen,greuther furth,136181.0,exact_normalized_unique,A,2022-08-05,2022-08-04,duckdb_big5_first_game,no_summer_event,0,0,,Greuther Fürth,Bundesliga,Germany,0,0,0,,,,,,,,,,,,,,,0,greuther furth,0,1,0,0,0,0,,,,,0,0,,,1000000.0,2022-06-09,2000000.0,1200000.0,2021-12-22,2000000.0,1200000.0,2021-06-16,2000000.0,1000000.0,historical_valuation,1,13.815511557963774,1200000.0,1200000.0,-200000.0,-200000.0,-0.1666666666666666,-0.1666666666666666,2000000.0,0.5,56.0,0.0329479768786127,0.0869565217391304,Greuther Furth,0.0,0.5294117647058824,-1.588235294117647,Greuther Furth,1.0,,,same_team_copy_old,Bundesliga,0.0,0.5294117647058824,-1.588235294117647,0,0.0,0.0,0.0,havard nielsen,greuther furth,STABLE_BIG5_REVIEW,0.30035885167464116
Ben Osborn,ENG,Sheffield Utd,Premier League,2023-2024,2024-2025,"DF,MF",MF,28.0,False,14.0,1367.0,0.0,2.0,0.0,0.0,0.0,0.0,0.1316752011704462,0.1316752011704462,0.0,0,2023,2024,22543,ben osborn,sheffield utd,218087.0,exact_normalized_unique,A,2024-08-15,2024-08-14,duckdb_big5_first_game,no_summer_event,0,0,,Sheffield Utd,Premier League,England,0,0,0,,,,,,,,,,,,,,,0,sheffield utd,0,1,0,0,0,0,,,,,0,0,,,1000000.0,2024-05-27,3000000.0,1000000.0,2023-12-19,3000000.0,1000000.0,2023-06-01,3000000.0,1000000.0,historical_valuation,1,13.815511557963774,1000000.0,1000000.0,0.0,0.0,0.0,0.0,3000000.0,0.3333333333333333,79.0,0.0319025522041763,0.125,Sheffield United,0.0,0.4210526315789473,-1.8157894736842104,Sheffield United,1.0,,,same_team_copy_old,Premier League,0.0,0.4210526315789473,-1.8157894736842104,0,0.0,0.0,0.0,ben osborn,sheffield utd,STABLE_BIG5_REVIEW,0.30035885167464116
Edenílson,br BRA,Genoa,Serie A,2016-2017,2017-2018,"MF,FW",FW,26.0,False,9.0,904.0,0.0,3.0,0.0,0.0,0.0,0.0,0.2986725663716814,0.2986725663716814,0.0,0,2016,2017,16028,edenilson,genoa,169052.0,exact_name_age_resolved,B,2017-08-04,2017-08-03,duckdb_big5_first_game,no_summer_event,0,0,,Genoa,Serie A,Italy,0,0,0,,,,,,,,,,,,,,,0,genoa,0,1,0,0,0,0,,,,,0,0,,,2000000.0,2017-03-28,3000000.0,2200000.0,2017-01-02,3000000.0,2500000.0,2016-07-15,3000000.0,2000000.0,historical_valuation,1,14.508658238524095,2200000.0,2500000.0,-200000.0,-500000.0,-0.0909090909090909,-0.1999999999999999,3000000.0,0.6666666666666666,128.0,0.1966173361522198,0.2857142857142857,Genoa,0.2105263157894736,0.9473684210526316,-0.6842105263157895,Genoa,1.0,,,same_team_copy_old,Serie A,0.2105263157894736,0.9473684210526316,-0.6842105263157895,0,0.0,0.0,0.0,edenilson,genoa,STABLE_BIG5_REVIEW,0.2997607655502392
Riad Nouri,fr FRA,Ajaccio,Ligue 1,2022-2023,2023-2024,"MF,FW",FW,37.0,False,16.0,1693.0,1.0,1.0,1.0,0.0,1.0,0.0531600708800945,0.0531600708800945,0.106320141760189,0.0,0,2022,2023,22246,riad nouri,ajaccio,119104.0,exact_normalized_unique,A,2023-08-11,2023-08-10,duckdb_big5_first_game,no_summer_event,0,0,,Ajaccio,Ligue 1,France,0,0,0,,,,,,,,,,,,,,,0,ajaccio,0,1,0,0,0,0,,,,,0,0,,,200000.0,2023-06-27,700000.0,250000.0,2022-11-02,700000.0,250000.0,2022-06-02,700000.0,200000.0,historical_valuation,1,12.206077645517674,250000.0,250000.0,-50000.0,-50000.0,-0.1999999999999999,-0.1999999999999999,700000.0,0.2857142857142857,44.0,0.002844141069397,0.0181818181818181,Ajaccio,0.1052631578947368,0.6842105263157895,-1.3421052631578947,Ajaccio,1.0,,,same_team_copy_old,Ligue 1,0.1052631578947368,0.6842105263157895,-1.3421052631578947,0,0.0,0.0,0.0,riad nouri,ajaccio,STABLE_BIG5_REVIEW,0.29952153110047847
Wesley Lautoa,nc NCL,Dijon,Ligue 1,2020-2021,2021-2022,"MF,DF",MF,32.0,False,19.0,1608.0,0.0,0.0,0.0,0.0,0.0,0.0,0.0,0.0,0.0,0,2020,2021,20524,wesley lautoa,dijon,154199.0,exact_normalized_unique,A,2021-08-06,2021-08-05,duckdb_big5_first_game,no_summer_event,0,0,,Dijon,Ligue 1,France,0,0,0,,,,,,,,,,,,,,,0,dijon,0,1,0,0,0,0,,,,,0,0,,,500000.0,2021-06-04,3000000.0,1200000.0,2020-10-15,3000000.0,1400000.0,2020-04-08,3000000.0,500000.0,historical_valuation,1,13.122365377402328,1200000.0,1400000.0,-700000.0,-900000.0,-0.5833333333333333,-0.6428571428571428,3000000.0,0.1666666666666666,62.0,0.0104510451045104,0.0625,Dijon,0.0,0.5526315789473685,-1.263157894736842,Dijon,1.0,,,same_team_copy_old,Ligue 1,0.0,0.5526315789473685,-1.263157894736842,0,0.0,0.0,0.0,wesley lautoa,dijon,STABLE_BIG5_REVIEW,0.2992822966507177
Carlos Carmona,es ESP,Sporting Gijón,La Liga,2016-2017,2017-2018,"MF,FW",FW,29.0,False,21.0,1861.0,8.0,2.0,8.0,0.0,0.0,0.3868887694787749,0.0967221923696937,0.4836109618484685,0.0,0,2016,2017,15926,carlos carmona,sporting gijon,,unmatched,UNMATCHED,2017-08-04,2017-08-03,duckdb_big5_first_game,no_player_id,0,0,,Sporting Gijón,La Liga,Spain,0,0,0,,,,,,,,,,,,,,,0,sporting gijon,0,1,0,0,0,0,,,,,0,0,,,,,,,,,,,,,missing,0,,,,,,,,,,,,,Sp Gijon,0.1052631578947368,0.8157894736842105,-0.7894736842105263,Sp Gijon,1.0,,,same_team_copy_old,La Liga,0.1052631578947368,0.8157894736842105,-0.7894736842105263,0,0.0,0.0,0.0,carlos carmona,sporting gijon,STABLE_BIG5_REVIEW,0.294377990430622
Abdelhamid Sabiri,ma MAR,Paderborn 07,Bundesliga,2019-2020,2020-2021,MF,MF,22.0,False,9.0,1048.0,4.0,1.0,3.0,1.0,1.0,0.3435114503816793,0.0858778625954198,0.4293893129770992,0.0,0,2019,2020,18687,abdelhamid sabiri,paderborn 07,340394.0,exact_normalized_unique,A,2020-08-21,2020-08-20,duckdb_big5_first_game,no_summer_event,0,0,,Paderborn 07,Bundesliga,Germany,0,0,0,,,,,,,,,,,,,,,0,paderborn 07,0,1,0,0,0,0,,,,,0,0,,,1700000.0,2020-04-08,2200000.0,1300000.0,2019-12-17,1500000.0,1500000.0,2019-06-13,1500000.0,1700000.0,historical_valuation,1,14.346139397261563,1300000.0,1500000.0,400000.0,200000.0,0.3076923076923077,0.1333333333333333,2200000.0,0.7727272727272727,134.0,0.0972222222222222,0.2266666666666666,Paderborn,0.0,0.5882352941176471,-1.088235294117647,Paderborn,1.0,,,same_team_copy_old,Bundesliga,0.0,0.5882352941176471,-1.088235294117647,0,0.0,0.0,0.0,abdelhamid sabiri,paderborn 07,STABLE_BIG5_REVIEW,0.2942583732057416
Jordan Marié,fr FRA,Dijon,Ligue 1,2020-2021,2021-2022,MF,MF,28.0,False,16.0,1432.0,0.0,0.0,0.0,0.0,0.0,0.0,0.0,0.0,0.0,0,2020,2021,20028,jordan marie,dijon,231025.0,exact_normalized_unique,A,2021-08-06,2021-08-05,duckdb_big5_first_game,no_summer_event,0,0,,Dijon,Ligue 1,France,0,0,0,,,,,,,,,,,,,,,0,dijon,0,1,0,0,0,0,,,,,0,0,,,800000.0,2021-06-04,1500000.0,800000.0,2020-10-15,1500000.0,800000.0,2020-04-08,1500000.0,800000.0,historical_valuation,1,13.592368256649284,800000.0,800000.0,0.0,0.0,0.0,0.0,1500000.0,0.5333333333333333,62.0,0.0231023102310231,0.1,Dijon,0.0,0.5526315789473685,-1.263157894736842,Dijon,1.0,,,same_team_copy_old,Ligue 1,0.0,0.5526315789473685,-1.263157894736842,0,0.0,0.0,0.0,jordan marie,dijon,STABLE_BIG5_REVIEW,0.29186602870813394
Ángel Montoro,es ESP,Granada,La Liga,2021-2022,2022-2023,MF,MF,33.0,False,13.0,1331.0,1.0,1.0,1.0,0.0,0.0,0.067618332081142,0.067618332081142,0.135236664162284,0.0,0,2021,2022,20618,angel montoro,granada,59551.0,exact_normalized_unique,A,2022-08-05,2022-08-04,duckdb_big5_first_game,no_summer_event,0,0,,Granada,La Liga,Spain,0,0,0,,,,,,,,,,,,,,,0,granada,0,1,0,0,0,0,,,,,0,0,,,1000000.0,2022-06-03,1500000.0,1200000.0,2021-12-30,1500000.0,1200000.0,2021-06-10,1500000.0,1000000.0,historical_valuation,1,13.815511557963774,1200000.0,1200000.0,-200000.0,-200000.0,-0.1666666666666666,-0.1666666666666666,1500000.0,0.6666666666666666,62.0,0.0329479768786127,0.1176470588235294,Granada,0.1052631578947368,1.0,-0.4473684210526316,Granada,1.0,,,same_team_copy_old,La Liga,0.1052631578947368,1.0,-0.4473684210526316,0,0.0,0.0,0.0,angel montoro,granada,STABLE_BIG5_REVIEW,0.2915071770334928
Luca Paganini,it ITA,Frosinone,Serie A,2018-2019,2019-2020,"DF,MF",MF,25.0,False,12.0,1123.0,2.0,0.0,2.0,0.0,0.0,0.1602849510240427,0.0,0.1602849510240427,0.0,0,2018,2019,18258,luca paganini,frosinone,167444.0,exact_normalized_unique,A,2019-08-09,2019-08-08,duckdb_big5_first_game,no_summer_event,0,0,,Frosinone,Serie A,Italy,0,0,0,,,,,,,,,,,,,,,0,frosinone,0,1,0,0,0,0,,,,,0,0,,,1500000.0,2019-06-06,1500000.0,1300000.0,2018-12-20,1500000.0,1300000.0,2018-06-18,1500000.0,1500000.0,historical_valuation,1,14.220976332738882,1300000.0,1300000.0,200000.0,200000.0,0.1538461538461537,0.1538461538461537,1500000.0,1.0,63.0,0.0700883002207505,0.1875,Frosinone,0.0526315789473684,0.6578947368421053,-1.0526315789473684,Frosinone,1.0,,,same_team_copy_old,Serie A,0.0526315789473684,0.6578947368421053,-1.0526315789473684,0,0.0,0.0,0.0,luca paganini,frosinone,STABLE_BIG5_REVIEW,0.2889952153110048
Riccardo Meggiorini,it ITA,Chievo,Serie A,2018-2019,2019-2020,FW,FW,32.0,False,18.0,1548.0,3.0,1.0,2.0,1.0,1.0,0.1744186046511628,0.0581395348837209,0.2325581395348837,0.0,0,2018,2019,18495,riccardo meggiorini,chievo,28936.0,exact_normalized_unique,A,2019-08-09,2019-08-08,duckdb_big5_first_game,no_summer_event,0,0,,Chievo,Serie A,Italy,0,0,0,,,,,,,,,,,,,,,0,chievo,0,1,0,0,0,0,,,,,0,0,,,500000.0,2019-06-06,3500000.0,600000.0,2018-12-20,3500000.0,600000.0,2018-06-07,3500000.0,500000.0,historical_valuation,1,13.122365377402328,600000.0,600000.0,-100000.0,-100000.0,-0.1666666666666666,-0.1666666666666666,3500000.0,0.1428571428571428,63.0,0.0160044150110375,0.05,Chievo,0.0,0.5263157894736842,-1.3157894736842106,Chievo,1.0,,,same_team_copy_old,Serie A,0.0,0.5263157894736842,-1.3157894736842106,0,0.0,0.0,0.0,riccardo meggiorini,chievo,STABLE_BIG5_REVIEW,0.288755980861244
Borja García,es ESP,Huesca,La Liga,2020-2021,2021-2022,"MF,FW",FW,29.0,False,13.0,1117.0,1.0,0.0,1.0,0.0,0.0,0.0805729632945389,0.0,0.0805729632945389,0.0,0,2020,2021,19713,borja garcia,huesca,67808.0,exact_normalized_unique,A,2021-08-06,2021-08-05,duckdb_big5_first_game,no_summer_event,0,0,,Huesca,La Liga,Spain,0,0,0,,,,,,,,,,,,,,,0,huesca,0,1,0,0,0,0,,,,,0,0,,,1500000.0,2021-06-10,8000000.0,1500000.0,2021-01-05,8000000.0,3200000.0,2020-04-08,8000000.0,1500000.0,historical_valuation,1,14.220976332738882,1500000.0,3200000.0,0.0,-1700000.0,0.0,-0.53125,8000000.0,0.1875,56.0,0.0748074807480748,0.15,Huesca,0.1052631578947368,0.8947368421052632,-0.5,Huesca,1.0,,,same_team_copy_old,La Liga,0.1052631578947368,0.8947368421052632,-0.5,0,0.0,0.0,0.0,borja garcia,huesca,STABLE_BIG5_REVIEW,0.2854066985645933
Jordan Clark,ENG,Luton Town,Premier League,2023-2024,2024-2025,MF,MF,29.0,False,14.0,1304.0,1.0,1.0,1.0,0.0,0.0,0.0690184049079754,0.0690184049079754,0.1380368098159509,0.0,0,2023,2024,22853,jordan clark,luton town,184129.0,exact_normalized_unique,A,2024-08-15,2024-08-14,duckdb_big5_first_game,no_summer_event,0,0,,Luton Town,Premier League,England,0,0,0,,,,,,,,,,,,,,,0,luton town,0,1,0,0,0,0,,,,,0,0,,,1000000.0,2024-05-27,1000000.0,1000000.0,2023-12-19,1000000.0,900000.0,2023-06-01,900000.0,1000000.0,historical_valuation,1,13.815511557963774,1000000.0,900000.0,0.0,100000.0,0.0,0.1111111111111111,1000000.0,1.0,79.0,0.0319025522041763,0.125,Luton,0.1052631578947368,0.6842105263157895,-0.868421052631579,Luton,1.0,,,same_team_copy_old,Premier League,0.1052631578947368,0.6842105263157895,-0.868421052631579,0,0.0,0.0,0.0,jordan clark,luton town,STABLE_BIG5_REVIEW,0.2843301435406699
Nicolai Müller,de GER,Hannover 96,Bundesliga,2018-2019,2019-2020,"MF,FW",FW,30.0,False,14.0,1116.0,5.0,0.0,5.0,0.0,0.0,0.4032258064516129,0.0,0.4032258064516129,0.0,0,2018,2019,18407,nicolai muller,hannover 96,39426.0,exact_normalized_unique,A,2019-08-09,2019-08-08,duckdb_big5_first_game,no_confirmed_pre_cutoff_event,0,0,,Hannover 96,Bundesliga,Germany,0,0,0,,,,,,,,,,,,,,,0,hannover 96,0,1,0,0,0,0,,,,,0,0,,,1500000.0,2019-06-05,7000000.0,2500000.0,2018-12-18,7000000.0,3000000.0,2018-06-05,7000000.0,1500000.0,historical_valuation,1,14.220976332738882,2500000.0,3000000.0,-1000000.0,-1500000.0,-0.4,-0.5,7000000.0,0.2142857142857142,64.0,0.0700883002207505,0.15,Hannover,0.0588235294117647,0.6176470588235294,-1.1764705882352942,Hannover,1.0,,,same_team_copy_old,Bundesliga,0.0588235294117647,0.6176470588235294,-1.1764705882352942,0,0.0,0.0,0.0,nicolai muller,hannover 96,STABLE_BIG5_REVIEW,0.28421052631578947
Matthias Lehmann,de GER,Köln,Bundesliga,2017-2018,2018-2019,MF,MF,34.0,False,17.0,1515.0,0.0,0.0,0.0,0.0,0.0,0.0,0.0,0.0,0.0,0,2017,2018,17386,matthias lehmann,koln,1126.0,exact_normalized_unique,A,2018-08-10,2018-08-09,duckdb_big5_first_game,no_summer_event,0,0,,Köln,Bundesliga,Germany,0,0,0,,,,,,,,,,,,,,,0,koln,0,1,0,0,0,0,,,,,0,0,,,500000.0,2018-06-05,2500000.0,750000.0,2017-12-28,2500000.0,750000.0,2017-06-19,2500000.0,500000.0,historical_valuation,1,13.122365377402328,750000.0,750000.0,-250000.0,-250000.0,-0.3333333333333333,-0.3333333333333333,2500000.0,0.2,65.0,0.0121412803532008,0.0833333333333333,FC Koln,0.0,0.6470588235294118,-1.0294117647058822,FC Koln,1.0,,,same_team_copy_old,Bundesliga,0.0,0.6470588235294118,-1.0294117647058822,0,0.0,0.0,0.0,matthias lehmann,koln,STABLE_BIG5_REVIEW,0.2813397129186603
Kike,es ESP,Eibar,La Liga,2019-2020,2020-2021,FW,FW,29.0,False,20.0,1767.0,5.0,1.0,5.0,0.0,0.0,0.2546689303904923,0.0509337860780984,0.3056027164685908,0.0,0,2019,2020,19156,kike,eibar,,unmatched,UNMATCHED,2020-08-21,2020-08-20,duckdb_big5_first_game,no_player_id,0,0,,Eibar,La Liga,Spain,0,0,0,,,,,,,,,,,,,,,0,eibar,0,1,0,0,0,0,,,,,0,0,,,,,,,,,,,,,missing,0,,,,,,,,,,,,,Eibar,0.3157894736842105,1.105263157894737,-0.4473684210526316,Eibar,1.0,,,same_team_copy_old,La Liga,0.3157894736842105,1.105263157894737,-0.4473684210526316,0,0.0,0.0,0.0,kike,eibar,STABLE_BIG5_REVIEW,0.2802631578947368
Marco Fossati,it ITA,Hellas Verona,Serie A,2017-2018,2018-2019,MF,MF,24.0,False,11.0,1101.0,0.0,0.0,0.0,0.0,0.0,0.0,0.0,0.0,0.0,0,2017,2018,17348,marco fossati,hellas verona,110931.0,exact_normalized_unique,A,2018-08-10,2018-08-09,duckdb_big5_first_game,no_summer_event,0,0,,Hellas Verona,Serie A,Italy,0,0,0,,,,,,,,,,,,,,,0,hellas verona,0,1,0,0,0,0,,,,,0,0,,,1500000.0,2018-06-07,2600000.0,2000000.0,2017-12-29,2600000.0,2500000.0,2017-06-09,2600000.0,1500000.0,historical_valuation,1,14.220976332738882,2000000.0,2500000.0,-500000.0,-1000000.0,-0.25,-0.4,2600000.0,0.5769230769230769,63.0,0.1015452538631346,0.25,Verona,0.0526315789473684,0.6578947368421053,-1.263157894736842,Verona,1.0,,,same_team_copy_old,Serie A,0.0526315789473684,0.6578947368421053,-1.263157894736842,0,0.0,0.0,0.0,marco fossati,hellas verona,STABLE_BIG5_REVIEW,0.27942583732057413
Pelly Ruddock Mpanzu,COD,Luton Town,Premier League,2023-2024,2024-2025,MF,MF,30.0,False,11.0,1101.0,0.0,0.0,0.0,0.0,0.0,0.0,0.0,0.0,0.0,0,2023,2024,23153,pelly ruddock mpanzu,luton town,244338.0,exact_normalized_unique,A,2024-08-15,2024-08-14,duckdb_big5_first_game,no_summer_event,0,0,,Luton Town,Premier League,England,0,0,0,,,,,,,,,,,,,,,0,luton town,0,1,0,0,0,0,,,,,0,0,,,1500000.0,2024-05-27,1800000.0,1500000.0,2023-12-19,1800000.0,1000000.0,2023-06-01,1800000.0,1500000.0,historical_valuation,1,14.220976332738882,1500000.0,1000000.0,0.0,500000.0,0.0,0.5,1800000.0,0.8333333333333334,79.0,0.0597447795823665,0.1875,Luton,0.1052631578947368,0.6842105263157895,-0.868421052631579,Luton,1.0,,,same_team_copy_old,Premier League,0.1052631578947368,0.6842105263157895,-0.868421052631579,0,0.0,0.0,0.0,pelly ruddock mpanzu,luton town,STABLE_BIG5_REVIEW,0.27942583732057413
Marco Benassi,it ITA,Cremonese,Serie A,2022-2023,2023-2024,MF,MF,27.0,False,12.0,1091.0,0.0,0.0,0.0,0.0,0.0,0.0,0.0,0.0,0.0,0,2022,2023,22058,marco benassi,cremonese,201040.0,exact_normalized_unique,A,2023-08-11,2023-08-10,duckdb_big5_first_game,no_confirmed_pre_cutoff_event,0,0,,Cremonese,Serie A,Italy,0,0,0,,,,,,,,,,,,,,,0,cremonese,0,1,0,0,0,0,,,,,0,0,,,1500000.0,2023-06-15,20000000.0,1500000.0,2022-11-11,20000000.0,2400000.0,2022-06-07,20000000.0,1500000.0,historical_valuation,1,14.220976332738882,1500000.0,2400000.0,0.0,-900000.0,0.0,-0.375,20000000.0,0.075,56.0,0.0699658703071672,0.1875,Cremonese,0.0526315789473684,0.7105263157894737,-0.868421052631579,Cremonese,1.0,,,same_team_copy_old,Serie A,0.0526315789473684,0.7105263157894737,-0.868421052631579,0,0.0,0.0,0.0,marco benassi,cremonese,STABLE_BIG5_REVIEW,0.2770334928229665
Bongani Zungu,za RSA,Amiens,Ligue 1,2019-2020,2020-2021,MF,MF,26.0,False,10.0,992.0,0.0,0.0,0.0,0.0,0.0,0.0,0.0,0.0,0.0,0,2019,2020,18796,bongani zungu,amiens,240892.0,exact_normalized_unique,A,2020-08-21,2020-08-20,duckdb_big5_first_game,no_summer_event,0,0,,Amiens,Ligue 1,France,0,0,0,,,,,,,,,,,,,,,0,amiens,0,1,0,0,0,0,,,,,0,0,,,1600000.0,2020-04-08,3500000.0,2000000.0,2019-12-19,3500000.0,2500000.0,2019-06-03,3500000.0,1600000.0,historical_valuation,1,14.285514812209817,2000000.0,2500000.0,-400000.0,-900000.0,-0.1999999999999999,-0.36,3500000.0,0.4571428571428571,134.0,0.0815972222222222,0.2133333333333333,Amiens,0.0526315789473684,0.8214285714285714,-0.6785714285714286,Amiens,1.0,,,same_team_copy_old,Ligue 1,0.0526315789473684,0.8214285714285714,-0.6785714285714286,0,0.0,0.0,0.0,bongani zungu,amiens,STABLE_BIG5_REVIEW,0.2760765550239235
Habib Keita,MLI,Clermont Foot,Ligue 1,2023-2024,2024-2025,MF,MF,21.0,False,12.0,1278.0,1.0,0.0,1.0,0.0,0.0,0.0704225352112676,0.0,0.0704225352112676,0.0,0,2023,2024,22755,habib keita,clermont foot,669000.0,exact_normalized_unique,A,2024-08-15,2024-08-14,duckdb_big5_first_game,no_summer_event,0,0,,Clermont Foot,Ligue 1,France,0,0,0,,,,,,,,,,,,,,,0,clermont foot,0,1,0,0,0,0,,,,,0,0,,,1000000.0,2024-06-03,1000000.0,800000.0,2023-12-18,1000000.0,650000.0,2023-06-09,1000000.0,1000000.0,historical_valuation,1,13.815511557963774,800000.0,650000.0,200000.0,350000.0,0.25,0.5384615384615385,1000000.0,1.0,72.0,0.0319025522041763,0.125,Clermont,0.0,0.7352941176470589,-1.0,Clermont,1.0,,,same_team_copy_old,Ligue 1,0.0,0.7352941176470589,-1.0,0,0.0,0.0,0.0,habib keita,clermont foot,STABLE_BIG5_REVIEW,0.27476076555023926
Mehdi Carcela,ma MAR,Granada,La Liga,2016-2017,2017-2018,"MF,FW",FW,27.0,False,20.0,1747.0,5.0,1.0,5.0,0.0,0.0,0.2575844304522037,0.0515168860904407,0.3091013165426445,0.0,0,2016,2017,16437,mehdi carcela,granada,,unmatched,UNMATCHED,2017-08-04,2017-08-03,duckdb_big5_first_game,no_player_id,0,0,,Granada,La Liga,Spain,0,0,0,,,,,,,,,,,,,,,0,granada,0,1,0,0,0,0,,,,,0,0,,,,,,,,,,,,,missing,0,,,,,,,,,,,,,Granada,0.0,0.5263157894736842,-1.368421052631579,Granada,1.0,,,same_team_copy_old,La Liga,0.0,0.5263157894736842,-1.368421052631579,0,0.0,0.0,0.0,mehdi carcela,granada,STABLE_BIG5_REVIEW,0.2740430622009569
Luca Valzania,it ITA,Frosinone,Serie A,2018-2019,2019-2020,MF,MF,22.0,False,12.0,970.0,2.0,1.0,2.0,0.0,0.0,0.1855670103092783,0.0927835051546391,0.2783505154639175,0.0,0,2018,2019,18262,luca valzania,frosinone,287663.0,exact_normalized_unique,A,2019-08-09,2019-08-08,duckdb_big5_first_game,no_confirmed_pre_cutoff_event,0,0,,Frosinone,Serie A,Italy,0,0,0,,,,,,,,,,,,,,,0,frosinone,0,1,0,0,0,0,,,,,0,0,,,1700000.0,2019-06-06,1700000.0,1300000.0,2018-12-20,1400000.0,1400000.0,2018-06-18,1400000.0,1700000.0,historical_valuation,1,14.346139397261563,1300000.0,1400000.0,400000.0,300000.0,0.3076923076923077,0.2142857142857142,1700000.0,1.0,63.0,0.0838852097130242,0.2125,Frosinone,0.0526315789473684,0.6578947368421053,-1.0526315789473684,Frosinone,1.0,,,same_team_copy_old,Serie A,0.0526315789473684,0.6578947368421053,-1.0526315789473684,0,0.0,0.0,0.0,luca valzania,frosinone,STABLE_BIG5_REVIEW,0.27248803827751195
Simon Zoller,de GER,Köln,Bundesliga,2017-2018,2018-2019,"MF,FW",FW,26.0,False,12.0,963.0,2.0,1.0,2.0,0.0,0.0,0.1869158878504672,0.0934579439252336,0.2803738317757009,0.0,0,2017,2018,17615,simon zoller,koln,79967.0,exact_normalized_unique,A,2018-08-10,2018-08-09,duckdb_big5_first_game,no_summer_event,0,0,,Köln,Bundesliga,Germany,0,0,0,,,,,,,,,,,,,,,0,koln,0,1,0,0,0,0,,,,,0,0,,,1750000.0,2018-06-05,3000000.0,2250000.0,2017-12-28,3000000.0,2500000.0,2017-06-19,3000000.0,1750000.0,historical_valuation,1,14.375126917328105,2250000.0,2500000.0,-500000.0,-750000.0,-0.2222222222222222,-0.3,3000000.0,0.5833333333333334,65.0,0.1241721854304635,0.2333333333333333,FC Koln,0.0,0.6470588235294118,-1.0294117647058822,FC Koln,1.0,,,same_team_copy_old,Bundesliga,0.0,0.6470588235294118,-1.0294117647058822,0,0.0,0.0,0.0,simon zoller,koln,STABLE_BIG5_REVIEW,0.27177033492822966
Julian Justvan,GER,Darmstadt 98,Bundesliga,2023-2024,2024-2025,"MF,FW",FW,25.0,False,11.0,1072.0,2.0,2.0,2.0,0.0,0.0,0.167910447761194,0.167910447761194,0.335820895522388,0.0,0,2023,2024,22873,julian justvan,darmstadt 98,324861.0,exact_normalized_unique,A,2024-08-15,2024-08-14,duckdb_big5_first_game,no_confirmed_pre_cutoff_event,0,0,,Darmstadt 98,Bundesliga,Germany,0,0,0,,,,,,,,,,,,,,,0,darmstadt 98,0,1,0,0,0,0,,,,,0,0,,,1500000.0,2024-05-29,1500000.0,1200000.0,2023-12-14,1500000.0,1500000.0,2023-06-28,1500000.0,1500000.0,historical_valuation,1,14.220976332738882,1200000.0,1500000.0,300000.0,0.0,0.25,0.0,1500000.0,1.0,77.0,0.0597447795823665,0.125,Darmstadt,0.0,0.5,-1.6470588235294117,Darmstadt,1.0,,,same_team_copy_old,Bundesliga,0.0,0.5,-1.6470588235294117,0,0.0,0.0,0.0,julian justvan,darmstadt 98,STABLE_BIG5_REVIEW,0.2708133971291866
Wu Lei,cn CHN,Espanyol,La Liga,2019-2020,2020-2021,"FW,MF",FW,27.0,False,21.0,1719.0,4.0,0.0,4.0,0.0,0.0,0.2094240837696335,0.0,0.2094240837696335,0.0,0,2019,2020,19575,wu lei,espanyol,,unmatched,UNMATCHED,2020-08-21,2020-08-20,duckdb_big5_first_game,no_player_id,0,0,,Espanyol,La Liga,Spain,0,0,0,,,,,,,,,,,,,,,0,espanyol,0,1,0,0,0,0,,,,,0,0,,,,,,,,,,,,,missing,0,,,,,,,,,,,,,Espanol,0.0,0.6578947368421053,-0.8157894736842105,Espanol,1.0,,,same_team_copy_old,La Liga,0.0,0.6578947368421053,-0.8157894736842105,0,0.0,0.0,0.0,wu lei,espanyol,STABLE_BIG5_REVIEW,0.27021531100478474
Ryder Matos,br BRA,Hellas Verona,Serie A,2017-2018,2018-2019,"FW,MF",FW,24.0,False,12.0,1148.0,0.0,1.0,0.0,0.0,0.0,0.0,0.078397212543554,0.078397212543554,0.0,0,2017,2018,17574,ryder matos,hellas verona,62713.0,exact_normalized_unique,A,2018-08-10,2018-08-09,duckdb_big5_first_game,no_summer_event,0,0,,Hellas Verona,Serie A,Italy,0,0,0,,,,,,,,,,,,,,,0,hellas verona,0,1,0,0,0,0,,,,,0,0,,,1300000.0,2018-06-07,4000000.0,1800000.0,2017-12-29,4000000.0,2200000.0,2017-06-08,4000000.0,1300000.0,historical_valuation,1,14.077875591662238,1800000.0,2200000.0,-500000.0,-900000.0,-0.2777777777777778,-0.409090909090909,4000000.0,0.325,63.0,0.0772626931567329,0.1733333333333333,Verona,0.0526315789473684,0.6578947368421053,-1.263157894736842,Verona,1.0,,,same_team_copy_old,Serie A,0.0526315789473684,0.6578947368421053,-1.263157894736842,0,0.0,0.0,0.0,ryder matos,hellas verona,STABLE_BIG5_REVIEW,0.27009569377990433
Christian Groß,de GER,Werder Bremen,Bundesliga,2020-2021,2021-2022,"MF,DF",MF,31.0,False,17.0,1468.0,0.0,1.0,0.0,0.0,0.0,0.0,0.0613079019073569,0.0613079019073569,0.0,0,2020,2021,19746,christian gross,werder bremen,58396.0,exact_normalized_unique,A,2021-08-06,2021-08-05,duckdb_big5_first_game,no_summer_event,0,0,,Werder Bremen,Bundesliga,Germany,0,0,0,,,,,,,,,,,,,,,0,werder bremen,0,1,0,0,0,0,,,,,0,0,,,500000.0,2021-06-09,500000.0,500000.0,2020-11-26,500000.0,300000.0,2019-12-17,425000.0,500000.0,historical_valuation,1,13.122365377402328,500000.0,300000.0,0.0,200000.0,0.0,0.6666666666666667,500000.0,1.0,57.0,0.0104510451045104,0.0625,Werder Bremen,0.0588235294117647,0.9117647058823528,-0.6176470588235294,Werder Bremen,1.0,,,same_team_copy_old,Bundesliga,0.0588235294117647,0.9117647058823528,-0.6176470588235294,0,0.0,0.0,0.0,christian gro,werder bremen,STABLE_BIG5_REVIEW,0.2700956937799043
Douglas,br BRA,Sporting Gijón,La Liga,2016-2017,2017-2018,"DF,MF",MF,25.0,False,20.0,1717.0,3.0,0.0,3.0,0.0,0.0,0.157251019219569,0.0,0.157251019219569,0.0,0,2016,2017,16019,douglas,sporting gijon,,unmatched,UNMATCHED,2017-08-04,2017-08-03,duckdb_big5_first_game,no_player_id,0,0,,Sporting Gijón,La Liga,Spain,0,0,0,,,,,,,,,,,,,,,0,sporting gijon,0,1,0,0,0,0,,,,,0,0,,,,,,,,,,,,,missing,0,,,,,,,,,,,,,Sp Gijon,0.1052631578947368,0.8157894736842105,-0.7894736842105263,Sp Gijon,1.0,,,same_team_copy_old,La Liga,0.1052631578947368,0.8157894736842105,-0.7894736842105263,0,0.0,0.0,0.0,douglas,sporting gijon,STABLE_BIG5_REVIEW,0.26973684210526316
Fabian Kunze,de GER,Arminia,Bundesliga,2021-2022,2022-2023,MF,MF,23.0,False,13.0,1260.0,0.0,0.0,0.0,0.0,0.0,0.0,0.0,0.0,0.0,0,2021,2022,20787,fabian kunze,arminia,334186.0,exact_normalized_unique,A,2022-08-05,2022-08-04,duckdb_big5_first_game,no_summer_event,0,0,,Arminia,Bundesliga,Germany,0,0,0,,,,,,,,,,,,,,,0,arminia,0,1,0,0,0,0,,,,,0,0,,,1000000.0,2022-06-09,1000000.0,1000000.0,2021-12-22,1000000.0,1000000.0,2021-06-09,1000000.0,1000000.0,historical_valuation,1,13.815511557963774,1000000.0,1000000.0,0.0,0.0,0.0,0.0,1000000.0,1.0,56.0,0.0329479768786127,0.1176470588235294,Bielefeld,0.0588235294117647,0.8235294117647058,-0.7647058823529411,Bielefeld,1.0,,,same_team_copy_old,Bundesliga,0.0588235294117647,0.8235294117647058,-0.7647058823529411,0,0.0,0.0,0.0,fabian kunze,arminia,STABLE_BIG5_REVIEW,0.26949760765550246
Massimo Maccarone,it ITA,Empoli,Serie A,2016-2017,2017-2018,FW,FW,36.0,False,17.0,1508.0,5.0,2.0,3.0,2.0,2.0,0.2984084880636605,0.1193633952254641,0.4177718832891247,0.0,0,2016,2017,16412,massimo maccarone,empoli,3713.0,exact_normalized_unique,A,2017-08-04,2017-08-03,duckdb_big5_first_game,no_summer_event,0,0,,Empoli,Serie A,Italy,0,0,0,,,,,,,,,,,,,,,0,empoli,0,1,0,0,0,0,,,,,0,0,,,400000.0,2017-07-30,6500000.0,400000.0,2017-01-02,6500000.0,500000.0,2016-07-15,6500000.0,400000.0,historical_valuation,1,12.899222326086994,400000.0,500000.0,0.0,-100000.0,0.0,-0.1999999999999999,6500000.0,0.0615384615384615,4.0,0.0132135306553911,0.0571428571428571,Empoli,0.1052631578947368,0.8421052631578947,-0.8421052631578947,Empoli,1.0,,,same_team_copy_old,Serie A,0.1052631578947368,0.8421052631578947,-0.8421052631578947,0,0.0,0.0,0.0,massimo maccarone,empoli,STABLE_BIG5_REVIEW,0.2694976076555024
Bilal Boutobba,FRA,Clermont Foot,Ligue 1,2023-2024,2024-2025,"FW,MF",FW,24.0,False,10.0,926.0,1.0,1.0,1.0,0.0,0.0,0.0971922246220302,0.0971922246220302,0.1943844492440604,0.0,0,2023,2024,22552,bilal boutobba,clermont foot,344151.0,exact_normalized_unique,A,2024-08-15,2024-08-14,duckdb_big5_first_game,no_summer_event,0,0,,Clermont Foot,Ligue 1,France,0,0,0,,,,,,,,,,,,,,,0,clermont foot,0,1,0,0,0,0,,,,,0,0,,,1800000.0,2024-06-03,2500000.0,2000000.0,2023-12-18,2500000.0,2500000.0,2023-06-16,2500000.0,1800000.0,historical_valuation,1,14.403297778421797,2000000.0,2500000.0,-200000.0,-700000.0,-0.0999999999999999,-0.28,2500000.0,0.72,72.0,0.0788863109048723,0.15,Clermont,0.0,0.7352941176470589,-1.0,Clermont,1.0,,,same_team_copy_old,Ligue 1,0.0,0.7352941176470589,-1.0,0,0.0,0.0,0.0,bilal boutobba,clermont foot,STABLE_BIG5_REVIEW,0.2686602870813397
Michele Castagnetti,it ITA,Cremonese,Serie A,2022-2023,2023-2024,MF,MF,32.0,False,14.0,1412.0,0.0,1.0,0.0,0.0,0.0,0.0,0.0637393767705382,0.0637393767705382,0.0,0,2022,2023,22112,michele castagnetti,cremonese,195335.0,exact_normalized_unique,A,2023-08-11,2023-08-10,duckdb_big5_first_game,no_summer_event,0,0,,Cremonese,Serie A,Italy,0,0,0,,,,,,,,,,,,,,,0,cremonese,0,1,0,0,0,0,,,,,0,0,,,700000.0,2023-06-15,1000000.0,700000.0,2022-11-11,1000000.0,700000.0,2022-06-06,1000000.0,700000.0,historical_valuation,1,13.45883704259595,700000.0,700000.0,0.0,0.0,0.0,0.0,1000000.0,0.7,56.0,0.0147895335608646,0.0875,Cremonese,0.0526315789473684,0.7105263157894737,-0.868421052631579,Cremonese,1.0,,,same_team_copy_old,Serie A,0.0526315789473684,0.7105263157894737,-0.868421052631579,0,0.0,0.0,0.0,michele castagnetti,cremonese,STABLE_BIG5_REVIEW,0.2680622009569378
Bruno Petković,hr CRO,Hellas Verona,Serie A,2017-2018,2018-2019,FW,FW,22.0,False,13.0,1251.0,0.0,3.0,0.0,0.0,0.0,0.0,0.2158273381294964,0.2158273381294964,0.0,0,2017,2018,16899,bruno petkovic,hellas verona,256358.0,exact_normalized_unique,A,2018-08-10,2018-08-09,duckdb_big5_first_game,no_confirmed_pre_cutoff_event,0,0,,Hellas Verona,Serie A,Italy,0,0,0,,,,,,,,,,,,,,,0,hellas verona,0,1,0,0,0,0,,,,,0,0,,,1000000.0,2018-06-07,1200000.0,1200000.0,2017-12-29,1200000.0,1200000.0,2017-06-08,1200000.0,1000000.0,historical_valuation,1,13.815511557963774,1200000.0,1200000.0,-200000.0,-200000.0,-0.1666666666666666,-0.1666666666666666,1200000.0,0.8333333333333334,63.0,0.053532008830022,0.1333333333333333,Verona,0.0526315789473684,0.6578947368421053,-1.263157894736842,Verona,1.0,,,same_team_copy_old,Serie A,0.0526315789473684,0.6578947368421053,-1.263157894736842,0,0.0,0.0,0.0,bruno petkovic,hellas verona,STABLE_BIG5_REVIEW,0.26686602870813403
Florian Jungwirth,de GER,Darmstadt 98,Bundesliga,2016-2017,2017-2018,"MF,DF",MF,27.0,False,12.0,1146.0,0.0,0.0,0.0,0.0,0.0,0.0,0.0,0.0,0.0,0,2016,2017,16085,florian jungwirth,darmstadt 98,33078.0,exact_normalized_unique,A,2017-08-04,2017-08-03,duckdb_big5_first_game,no_summer_event,0,0,,Darmstadt 98,Bundesliga,Germany,0,0,0,,,,,,,,,,,,,,,0,darmstadt 98,0,1,0,0,0,0,,,,,0,0,,,1250000.0,2017-05-24,1250000.0,1000000.0,2016-07-22,1000000.0,1000000.0,2016-07-22,1000000.0,1250000.0,historical_valuation,1,14.038654909278163,1000000.0,1000000.0,250000.0,250000.0,0.25,0.25,1250000.0,1.0,71.0,0.0977801268498942,0.3125,Darmstadt,0.0,0.7352941176470589,-1.0294117647058822,Darmstadt,1.0,,,same_team_copy_old,Bundesliga,0.0,0.7352941176470589,-1.0294117647058822,0,0.0,0.0,0.0,florian jungwirth,darmstadt 98,STABLE_BIG5_REVIEW,0.2657894736842105
Jean-Paul Boëtius,nl NED,Hertha BSC,Bundesliga,2022-2023,2023-2024,MF,MF,28.0,False,10.0,1050.0,0.0,0.0,0.0,0.0,0.0,0.0,0.0,0.0,0.0,0,2022,2023,21896,jean paul boetius,hertha bsc,182574.0,exact_normalized_unique,A,2023-08-11,2023-08-10,duckdb_big5_first_game,no_summer_event,0,0,,Hertha BSC,Bundesliga,Germany,0,0,0,,,,,,,,,,,,,,,0,hertha bsc,0,1,0,0,0,0,,,,,0,0,,,1500000.0,2023-06-22,6000000.0,3000000.0,2022-11-09,6000000.0,4000000.0,2022-06-09,6000000.0,1500000.0,historical_valuation,1,14.220976332738882,3000000.0,4000000.0,-1500000.0,-2500000.0,-0.5,-0.625,6000000.0,0.25,49.0,0.0699658703071672,0.1875,Hertha,0.0,0.8529411764705882,-0.7941176470588235,Hertha,1.0,,,same_team_copy_old,Bundesliga,0.0,0.8529411764705882,-0.7941176470588235,0,0.0,0.0,0.0,jean paul boetius,hertha bsc,STABLE_BIG5_REVIEW,0.26411483253588514
Abdoulaye Keita,ml MLI,Bastia,Ligue 1,2016-2017,2017-2018,"DF,MF",MF,22.0,False,14.0,1471.0,0.0,0.0,0.0,0.0,0.0,0.0,0.0,0.0,0.0,0,2016,2017,15785,abdoulaye keita,bastia,178019.0,exact_name_age_resolved,B,2017-08-04,2017-08-03,duckdb_big5_first_game,no_summer_event,0,0,,Bastia,Ligue 1,France,0,0,0,,,,,,,,,,,,,,,0,bastia,0,1,0,0,0,0,,,,,0,0,,,400000.0,2017-06-01,400000.0,300000.0,2017-01-16,300000.0,300000.0,2016-07-13,300000.0,400000.0,historical_valuation,1,12.899222326086994,300000.0,300000.0,100000.0,100000.0,0.3333333333333332,0.3333333333333332,400000.0,1.0,63.0,0.0132135306553911,0.1,Bastia,0.0,0.8947368421052632,-0.7368421052631579,Bastia,1.0,,,same_team_copy_old,Ligue 1,0.0,0.8947368421052632,-0.7368421052631579,0,0.0,0.0,0.0,abdoulaye keita,bastia,STABLE_BIG5_REVIEW,0.2625598086124402
Grejohn Kyei,FRA,Clermont Foot,Ligue 1,2023-2024,2024-2025,FW,FW,27.0,False,10.0,1026.0,2.0,1.0,1.0,1.0,1.0,0.175438596491228,0.087719298245614,0.2631578947368421,0.0,0,2023,2024,22748,grejohn kyei,clermont foot,321647.0,exact_normalized_unique,A,2024-08-15,2024-08-14,duckdb_big5_first_game,no_summer_event,0,0,,Clermont Foot,Ligue 1,France,0,0,0,,,,,,,,,,,,,,,0,clermont foot,0,1,0,0,0,0,,,,,0,0,,,1500000.0,2024-06-03,2500000.0,2000000.0,2023-12-18,2500000.0,2500000.0,2023-06-27,2500000.0,1500000.0,historical_valuation,1,14.220976332738882,2000000.0,2500000.0,-500000.0,-1000000.0,-0.25,-0.4,2500000.0,0.6,72.0,0.0597447795823665,0.125,Clermont,0.0,0.7352941176470589,-1.0,Clermont,1.0,,,same_team_copy_old,Ligue 1,0.0,0.7352941176470589,-1.0,0,0.0,0.0,0.0,grejohn kyei,clermont foot,STABLE_BIG5_REVIEW,0.2595693779904306
Dominick Drexler,de GER,Schalke 04,Bundesliga,2022-2023,2023-2024,"MF,FW",FW,32.0,False,16.0,1366.0,4.0,3.0,4.0,0.0,0.0,0.2635431918008785,0.1976573938506588,0.4612005856515373,0.0,0,2022,2023,21710,dominick drexler,schalke 04,53400.0,exact_normalized_unique,A,2023-08-11,2023-08-10,duckdb_big5_first_game,no_summer_event,0,0,,Schalke 04,Bundesliga,Germany,0,0,0,,,,,,,,,,,,,,,0,schalke 04,0,1,0,0,0,0,,,,,0,0,,,750000.0,2023-06-22,4000000.0,900000.0,2022-11-09,4000000.0,900000.0,2022-06-16,4000000.0,750000.0,historical_valuation,1,13.527829818844936,900000.0,900000.0,-150000.0,-150000.0,-0.1666666666666666,-0.1666666666666666,4000000.0,0.1875,49.0,0.0170648464163822,0.0681818181818181,Schalke 04,0.0588235294117647,0.9117647058823528,-1.0588235294117647,Schalke 04,1.0,,,same_team_copy_old,Bundesliga,0.0588235294117647,0.9117647058823528,-1.0588235294117647,0,0.0,0.0,0.0,dominick drexler,schalke 04,STABLE_BIG5_REVIEW,0.2595693779904306
Dennis Aogo,de GER,Stuttgart,Bundesliga,2018-2019,2019-2020,MF,MF,31.0,False,13.0,1025.0,0.0,0.0,0.0,0.0,0.0,0.0,0.0,0.0,0.0,0,2018,2019,17937,dennis aogo,stuttgart,19354.0,exact_normalized_unique,A,2019-08-09,2019-08-08,duckdb_big5_first_game,no_summer_event,0,0,,Stuttgart,Bundesliga,Germany,0,0,0,,,,,,,,,,,,,,,0,stuttgart,0,1,0,0,0,0,,,,,0,0,,,1500000.0,2019-06-05,8000000.0,2000000.0,2018-12-18,8000000.0,1500000.0,2018-06-05,8000000.0,1500000.0,historical_valuation,1,14.220976332738882,2000000.0,1500000.0,-500000.0,0.0,-0.25,0.0,8000000.0,0.1875,64.0,0.0700883002207505,0.1875,Stuttgart,0.1176470588235294,0.8235294117647058,-1.1176470588235294,Stuttgart,1.0,,,same_team_copy_old,Bundesliga,0.1176470588235294,0.8235294117647058,-1.1176470588235294,0,0.0,0.0,0.0,dennis aogo,stuttgart,STABLE_BIG5_REVIEW,0.2586124401913875
Aleix Vidal,es ESP,Espanyol,La Liga,2022-2023,2023-2024,"MF,FW",FW,32.0,False,10.0,1025.0,0.0,3.0,0.0,0.0,0.0,0.0,0.2634146341463415,0.2634146341463415,0.0,0,2022,2023,21516,aleix vidal,espanyol,88490.0,exact_normalized_unique,A,2023-08-11,2023-08-10,duckdb_big5_first_game,no_summer_event,0,0,,Espanyol,La Liga,Spain,0,0,0,,,,,,,,,,,,,,,0,espanyol,0,1,0,0,0,0,,,,,0,0,,,1500000.0,2023-06-13,10000000.0,1800000.0,2022-11-07,10000000.0,2000000.0,2022-06-03,10000000.0,1500000.0,historical_valuation,1,14.220976332738882,1800000.0,2000000.0,-300000.0,-500000.0,-0.1666666666666666,-0.25,10000000.0,0.15,58.0,0.0699658703071672,0.1363636363636363,Espanol,0.0526315789473684,0.9736842105263158,-0.4473684210526316,Espanol,1.0,,,same_team_copy_old,La Liga,0.0526315789473684,0.9736842105263158,-0.4473684210526316,0,0.0,0.0,0.0,aleix vidal,espanyol,STABLE_BIG5_REVIEW,0.2586124401913875
Eduardo Henrique,br BRA,Crotone,Serie A,2020-2021,2021-2022,MF,MF,25.0,False,8.0,924.0,1.0,0.0,1.0,0.0,0.0,0.0974025974025974,0.0,0.0974025974025974,0.0,0,2020,2021,19823,eduardo henrique,crotone,216118.0,exact_normalized_unique,A,2021-08-06,2021-08-05,duckdb_big5_first_game,no_summer_event,0,0,,Crotone,Serie A,Italy,0,0,0,,,,,,,,,,,,,,,0,crotone,0,1,0,0,0,0,,,,,0,0,,,1700000.0,2021-06-03,3000000.0,2000000.0,2020-12-29,3000000.0,2400000.0,2020-04-08,3000000.0,1700000.0,historical_valuation,1,14.346139397261563,2000000.0,2400000.0,-300000.0,-700000.0,-0.15,-0.2916666666666666,3000000.0,0.5666666666666667,63.0,0.0918591859185918,0.2125,Crotone,0.0526315789473684,0.6052631578947368,-1.236842105263158,Crotone,1.0,,,same_team_copy_old,Serie A,0.0526315789473684,0.6052631578947368,-1.236842105263158,0,0.0,0.0,0.0,eduardo henrique,crotone,STABLE_BIG5_REVIEW,0.25382775119617224
João Pedro,br BRA,Watford,Premier League,2021-2022,2022-2023,"FW,MF",FW,19.0,False,15.0,1644.0,3.0,1.0,3.0,0.0,0.0,0.1642335766423357,0.0547445255474452,0.218978102189781,0.0,0,2021,2022,20961,joao pedro,watford,,unmatched,UNMATCHED,2022-08-05,2022-08-04,duckdb_big5_first_game,no_player_id,0,0,,Watford,Premier League,England,0,0,0,,,,,,,,,,,,,,,0,watford,0,1,0,0,0,0,,,,,0,0,,,,,,,,,,,,,missing,0,,,,,,,,,,,,,Watford,0.0526315789473684,0.6052631578947368,-1.131578947368421,Watford,1.0,,,same_team_copy_old,Premier League,0.0526315789473684,0.6052631578947368,-1.131578947368421,0,0.0,0.0,0.0,joao pedro,watford,STABLE_BIG5_REVIEW,0.25107655502392345
Matty James,eng ENG,Leicester City,Premier League,2017-2018,2018-2019,MF,MF,26.0,False,11.0,993.0,0.0,0.0,0.0,0.0,0.0,0.0,0.0,0.0,0.0,0,2017,2018,17390,matty james,leicester city,73522.0,exact_normalized_unique,A,2018-08-10,2018-08-09,duckdb_big5_first_game,no_summer_event,0,0,,Leicester City,Premier League,England,0,0,0,,,,,,,,,,,,,,,0,leicester city,0,1,0,0,0,0,,,,,0,0,,,1500000.0,2018-05-28,2500000.0,1500000.0,2018-01-02,2500000.0,1500000.0,2017-06-28,2500000.0,1500000.0,historical_valuation,1,14.220976332738882,1500000.0,1500000.0,0.0,0.0,0.0,0.0,2500000.0,0.6,73.0,0.1015452538631346,0.25,Leicester,0.5789473684210527,1.236842105263158,-0.1052631578947368,Leicester,1.0,,,same_team_copy_old,Premier League,0.5789473684210527,1.236842105263158,-0.1052631578947368,0,0.0,0.0,0.0,matty james,leicester city,STABLE_BIG5_REVIEW,0.2504784688995215
Ivan Šunjić,hr CRO,Hertha BSC,Bundesliga,2022-2023,2023-2024,MF,MF,25.0,False,12.0,993.0,0.0,0.0,0.0,0.0,0.0,0.0,0.0,0.0,0.0,0,2022,2023,21876,ivan sunjic,hertha bsc,226097.0,exact_normalized_unique,A,2023-08-11,2023-08-10,duckdb_big5_first_game,no_summer_event,0,0,,Hertha BSC,Bundesliga,Germany,0,0,0,,,,,,,,,,,,,,,0,hertha bsc,0,1,0,0,0,0,,,,,0,0,,,1500000.0,2023-06-22,6000000.0,5000000.0,2022-11-09,6000000.0,4000000.0,2022-05-13,6000000.0,1500000.0,historical_valuation,1,14.220976332738882,5000000.0,4000000.0,-3500000.0,-2500000.0,-0.7,-0.625,6000000.0,0.25,49.0,0.0699658703071672,0.1875,Hertha,0.0,0.8529411764705882,-0.7941176470588235,Hertha,1.0,,,same_team_copy_old,Bundesliga,0.0,0.8529411764705882,-0.7941176470588235,0,0.0,0.0,0.0,ivan sunjic,hertha bsc,STABLE_BIG5_REVIEW,0.2504784688995215
Fabian Klos,de GER,Arminia,Bundesliga,2021-2022,2022-2023,FW,FW,33.0,False,14.0,1420.0,3.0,1.0,1.0,2.0,2.0,0.1901408450704225,0.0633802816901408,0.2535211267605634,0.0,0,2021,2022,20786,fabian klos,arminia,78147.0,exact_normalized_unique,A,2022-08-05,2022-08-04,duckdb_big5_first_game,no_summer_event,0,0,,Arminia,Bundesliga,Germany,0,0,0,,,,,,,,,,,,,,,0,arminia,0,1,0,0,0,0,,,,,0,0,,,400000.0,2022-06-09,1000000.0,800000.0,2021-12-22,1000000.0,800000.0,2021-06-09,1000000.0,400000.0,historical_valuation,1,12.899222326086994,800000.0,800000.0,-400000.0,-400000.0,-0.5,-0.5,1000000.0,0.4,56.0,0.0046242774566473,0.0347826086956521,Bielefeld,0.0588235294117647,0.8235294117647058,-0.7647058823529411,Bielefeld,1.0,,,same_team_copy_old,Bundesliga,0.0588235294117647,0.8235294117647058,-0.7647058823529411,0,0.0,0.0,0.0,fabian klos,arminia,STABLE_BIG5_REVIEW,0.2498803827751196
Koo Ja-cheol,kr KOR,Augsburg,Bundesliga,2018-2019,2019-2020,MF,MF,29.0,False,19.0,1640.0,2.0,1.0,2.0,0.0,0.0,0.1097560975609756,0.0548780487804878,0.1646341463414634,0.0,0,2018,2019,18227,koo ja cheol,augsburg,,unmatched,UNMATCHED,2019-08-09,2019-08-08,duckdb_big5_first_game,no_player_id,0,0,,Augsburg,Bundesliga,Germany,0,0,0,,,,,,,,,,,,,,,0,augsburg,0,1,0,0,0,0,,,,,0,0,,,,,,,,,,,,,missing,0,,,,,,,,,,,,,Augsburg,0.1764705882352941,0.9411764705882352,-0.5882352941176471,Augsburg,1.0,,,same_team_copy_old,Bundesliga,0.1764705882352941,0.9411764705882352,-0.5882352941176471,0,0.0,0.0,0.0,koo ja cheol,augsburg,STABLE_BIG5_REVIEW,0.24964114832535889
Jóhann Berg Guðmundsson,ISL,Burnley,Premier League,2023-2024,2024-2025,"MF,FW",FW,32.0,False,12.0,1192.0,1.0,3.0,1.0,0.0,0.0,0.0755033557046979,0.2265100671140939,0.3020134228187919,0.0,0,2023,2024,22838,johann berg gudmundsson,burnley,89231.0,exact_normalized_unique,A,2024-08-15,2024-08-14,duckdb_big5_first_game,no_summer_event,0,0,,Burnley,Premier League,England,0,0,0,,,,,,,,,,,,,,,0,burnley,0,1,0,0,0,0,,,,,0,0,,,1000000.0,2024-05-27,10000000.0,1000000.0,2023-12-19,10000000.0,1200000.0,2023-06-01,10000000.0,1000000.0,historical_valuation,1,13.815511557963774,1000000.0,1200000.0,0.0,-200000.0,0.0,-0.1666666666666666,10000000.0,0.1,79.0,0.0319025522041763,0.0833333333333333,Burnley,0.0526315789473684,0.631578947368421,-0.9736842105263158,Burnley,1.0,,,same_team_copy_old,Premier League,0.0526315789473684,0.631578947368421,-0.9736842105263158,0,0.0,0.0,0.0,johann berg gumundsson,burnley,STABLE_BIG5_REVIEW,0.2494019138755981
Islam Slimani,dz ALG,Brest,Ligue 1,2022-2023,2023-2024,FW,FW,34.0,False,11.0,986.0,1.0,1.0,1.0,0.0,1.0,0.0912778904665314,0.0912778904665314,0.1825557809330628,0.0,0,2022,2023,21866,islam slimani,brest,174915.0,exact_normalized_unique,A,2023-08-11,2023-08-10,duckdb_big5_first_game,no_summer_event,0,0,,Brest,Ligue 1,France,0,0,0,,,,,,,,,,,,,,,0,brest,0,1,0,0,0,0,,,,,0,0,,,1500000.0,2023-06-09,25000000.0,1500000.0,2022-11-02,25000000.0,1500000.0,2022-05-31,25000000.0,1500000.0,historical_valuation,1,14.220976332738882,1500000.0,1500000.0,0.0,0.0,0.0,0.0,25000000.0,0.06,62.0,0.0699658703071672,0.1363636363636363,Brest,0.3157894736842105,1.1578947368421053,-0.2631578947368421,Brest,1.0,,,same_team_copy_old,Ligue 1,0.3157894736842105,1.1578947368421053,-0.2631578947368421,0,0.0,0.0,0.0,islam slimani,brest,STABLE_BIG5_REVIEW,0.24808612440191385
Mathias Autret,fr FRA,Auxerre,Ligue 1,2022-2023,2023-2024,"MF,FW",FW,31.0,False,16.0,1290.0,2.0,2.0,1.0,1.0,1.0,0.1395348837209302,0.1395348837209302,0.2790697674418604,0.0,0,2022,2023,22088,mathias autret,auxerre,138171.0,exact_normalized_unique,A,2023-08-11,2023-08-10,duckdb_big5_first_game,no_summer_event,0,0,,Auxerre,Ligue 1,France,0,0,0,,,,,,,,,,,,,,,0,auxerre,0,1,0,0,0,0,,,,,0,0,,,800000.0,2023-06-27,2500000.0,1000000.0,2022-11-02,2500000.0,1200000.0,2022-06-02,2500000.0,800000.0,historical_valuation,1,13.592368256649284,1000000.0,1200000.0,-200000.0,-400000.0,-0.1999999999999999,-0.3333333333333333,2500000.0,0.32,44.0,0.0216154721274175,0.0727272727272727,Auxerre,0.1578947368421053,0.9210526315789472,-0.7368421052631579,Auxerre,1.0,,,same_team_copy_old,Ligue 1,0.1578947368421053,0.9210526315789472,-0.7368421052631579,0,0.0,0.0,0.0,mathias autret,auxerre,STABLE_BIG5_REVIEW,0.24688995215311005
Walid Mesloub,dz ALG,Lorient,Ligue 1,2016-2017,2017-2018,MF,MF,30.0,False,11.0,1181.0,0.0,1.0,0.0,0.0,0.0,0.0,0.0762066045723962,0.0762066045723962,0.0,0,2016,2017,16733,walid mesloub,lorient,98315.0,exact_normalized_unique,A,2017-08-04,2017-08-03,duckdb_big5_first_game,no_summer_event,0,0,,Lorient,Ligue 1,France,0,0,0,,,,,,,,,,,,,,,0,lorient,0,1,0,0,0,0,,,,,0,0,,,1000000.0,2017-06-01,1500000.0,1500000.0,2017-01-16,1500000.0,1500000.0,2016-07-13,1500000.0,1000000.0,historical_valuation,1,13.815511557963774,1500000.0,1500000.0,-500000.0,-500000.0,-0.3333333333333333,-0.3333333333333333,1500000.0,0.6666666666666666,63.0,0.0724101479915433,0.25,Lorient,0.1052631578947368,0.9473684210526316,-0.6842105263157895,Lorient,1.0,,,same_team_copy_old,Ligue 1,0.1052631578947368,0.9473684210526316,-0.6842105263157895,0,0.0,0.0,0.0,walid mesloub,lorient,STABLE_BIG5_REVIEW,0.24653110047846893
Mouhamadou Diarra,fr FRA,Strasbourg,Ligue 1,2022-2023,2023-2024,"MF,FW",FW,18.0,False,18.0,1626.0,3.0,2.0,3.0,0.0,0.0,0.1660516605166051,0.1107011070110701,0.2767527675276753,0.0,0,2022,2023,22137,mouhamadou diarra,strasbourg,,unmatched,UNMATCHED,2023-08-11,2023-08-10,duckdb_big5_first_game,no_player_id,0,0,,Strasbourg,Ligue 1,France,0,0,0,,,,,,,,,,,,,,,0,strasbourg,0,1,0,0,0,0,,,,,0,0,,,,,,,,,,,,,missing,0,,,,,,,,,,,,,Strasbourg,0.2631578947368421,1.0526315789473684,-0.2105263157894736,Strasbourg,1.0,,,same_team_copy_old,Ligue 1,0.2631578947368421,1.0526315789473684,-0.2105263157894736,0,0.0,0.0,0.0,mouhamadou diarra,strasbourg,STABLE_BIG5_REVIEW,0.24533492822966507
Bryan Dabo,bf BFA,Benevento,Serie A,2020-2021,2021-2022,MF,MF,28.0,False,12.0,1117.0,0.0,0.0,0.0,0.0,0.0,0.0,0.0,0.0,0.0,0,2020,2021,19727,bryan dabo,benevento,149446.0,exact_normalized_unique,A,2021-08-06,2021-08-05,duckdb_big5_first_game,no_summer_event,0,0,,Benevento,Serie A,Italy,0,0,0,,,,,,,,,,,,,,,0,benevento,0,1,0,0,0,0,,,,,0,0,,,1200000.0,2021-06-03,4500000.0,2000000.0,2020-12-29,4500000.0,2000000.0,2020-04-08,4500000.0,1200000.0,historical_valuation,1,13.997832948091215,2000000.0,2000000.0,-800000.0,-800000.0,-0.4,-0.4,4500000.0,0.2666666666666666,63.0,0.0489548954895489,0.15,Benevento,0.1052631578947368,0.868421052631579,-0.9210526315789472,Benevento,1.0,,,same_team_copy_old,Serie A,0.1052631578947368,0.868421052631579,-0.9210526315789472,0,0.0,0.0,0.0,bryan dabo,benevento,STABLE_BIG5_REVIEW,0.24521531100478472
Pierrick Capelle,fr FRA,Angers,Ligue 1,2022-2023,2023-2024,"MF,DF",MF,35.0,False,15.0,1428.0,0.0,3.0,0.0,0.0,0.0,0.0,0.1890756302521008,0.1890756302521008,0.0,0,2022,2023,22219,pierrick capelle,angers,214532.0,exact_normalized_unique,A,2023-08-11,2023-08-10,duckdb_big5_first_game,no_summer_event,0,0,,Angers,Ligue 1,France,0,0,0,,,,,,,,,,,,,,,0,angers,0,1,0,0,0,0,,,,,0,0,,,250000.0,2023-06-27,2000000.0,300000.0,2022-11-02,2000000.0,500000.0,2022-05-30,2000000.0,250000.0,historical_valuation,1,12.429220196836384,300000.0,500000.0,-50000.0,-250000.0,-0.1666666666666666,-0.5,2000000.0,0.125,44.0,0.005688282138794,0.03125,Angers,0.0,0.4736842105263157,-1.263157894736842,Angers,1.0,,,same_team_copy_old,Ligue 1,0.0,0.4736842105263157,-1.263157894736842,0,0.0,0.0,0.0,pierrick capelle,angers,STABLE_BIG5_REVIEW,0.2431818181818182
Antonio Čolak,hr CRO,Darmstadt 98,Bundesliga,2016-2017,2017-2018,FW,FW,22.0,False,12.0,1276.0,4.0,1.0,3.0,1.0,2.0,0.2821316614420062,0.0705329153605015,0.3526645768025078,0.0,0,2016,2017,15878,antonio colak,darmstadt 98,160668.0,exact_normalized_unique,A,2017-08-04,2017-08-03,duckdb_big5_first_game,no_confirmed_pre_cutoff_event,0,0,,Darmstadt 98,Bundesliga,Germany,0,0,1,,,,,,,,,,,,,,,0,darmstadt 98,0,1,0,0,0,0,,,,,0,0,,,800000.0,2017-06-19,1000000.0,1000000.0,2016-10-13,1000000.0,500000.0,2016-07-22,600000.0,800000.0,historical_valuation,1,13.592368256649284,1000000.0,500000.0,-200000.0,300000.0,-0.1999999999999999,0.6000000000000001,1000000.0,0.8,45.0,0.0412262156448203,0.1142857142857142,Darmstadt,0.0,0.7352941176470589,-1.0294117647058822,Darmstadt,1.0,,,same_team_copy_old,Bundesliga,0.0,0.7352941176470589,-1.0294117647058822,0,0.0,0.0,0.0,antonio colak,darmstadt 98,STABLE_BIG5_REVIEW,0.24306220095693779
Mirko Valdifiori,it ITA,SPAL,Serie A,2019-2020,2020-2021,MF,MF,33.0,False,15.0,1400.0,0.0,3.0,0.0,0.0,0.0,0.0,0.1928571428571428,0.1928571428571428,0.0,0,2019,2020,19300,mirko valdifiori,spal,84903.0,exact_normalized_unique,A,2020-08-21,2020-08-20,duckdb_big5_first_game,no_summer_event,0,0,,SPAL,Serie A,Italy,0,0,0,,,,,,,,,,,,,,,0,spal,0,1,0,0,0,0,,,,,0,0,,,400000.0,2020-04-08,6000000.0,500000.0,2019-12-12,6000000.0,500000.0,2019-06-06,6000000.0,400000.0,historical_valuation,1,12.899222326086994,500000.0,500000.0,-100000.0,-100000.0,-0.1999999999999999,-0.1999999999999999,6000000.0,0.0666666666666666,134.0,0.0075231481481481,0.0533333333333333,Spal,0.0,0.5263157894736842,-1.3157894736842106,Spal,1.0,,,same_team_copy_old,Serie A,0.0,0.5263157894736842,-1.3157894736842106,0,0.0,0.0,0.0,mirko valdifiori,spal,STABLE_BIG5_REVIEW,0.24031100478468903
Michael Krohn-Dehli,dk DEN,La Coruña,La Liga,2017-2018,2018-2019,MF,MF,34.0,False,15.0,1264.0,1.0,1.0,1.0,0.0,0.0,0.0712025316455696,0.0712025316455696,0.1424050632911392,0.0,0,2017,2018,17411,michael krohn dehli,la coruna,18006.0,exact_normalized_unique,A,2018-08-10,2018-08-09,duckdb_big5_first_game,no_summer_event,0,0,,La Coruña,La Liga,Spain,0,0,0,,,,,,,,,,,,,,,0,la coruna,0,1,0,0,0,0,,,,,0,0,,,800000.0,2018-05-30,3750000.0,1500000.0,2018-01-01,3750000.0,1500000.0,2017-06-05,3750000.0,800000.0,historical_valuation,1,13.592368256649284,1500000.0,1500000.0,-700000.0,-700000.0,-0.4666666666666667,-0.4666666666666667,3750000.0,0.2133333333333333,71.0,0.032560706401766,0.1333333333333333,La Coruna,0.1052631578947368,0.7631578947368421,-1.0,La Coruna,1.0,,,same_team_copy_old,La Liga,0.1052631578947368,0.7631578947368421,-1.0,0,0.0,0.0,0.0,michael krohn dehli,la coruna,STABLE_BIG5_REVIEW,0.2394736842105263
Ledian Memushaj,al ALB,Benevento,Serie A,2017-2018,2018-2019,MF,MF,30.0,False,15.0,1258.0,0.0,0.0,0.0,0.0,0.0,0.0,0.0,0.0,0.0,0,2017,2018,17279,ledian memushaj,benevento,139634.0,exact_normalized_unique,A,2018-08-10,2018-08-09,duckdb_big5_first_game,no_summer_event,0,0,,Benevento,Serie A,Italy,0,0,0,,,,,,,,,,,,,,,0,benevento,0,1,0,0,0,0,,,,,0,0,,,800000.0,2018-06-07,2500000.0,1000000.0,2017-12-29,2500000.0,2000000.0,2017-06-08,2500000.0,800000.0,historical_valuation,1,13.592368256649284,1000000.0,2000000.0,-200000.0,-1200000.0,-0.1999999999999999,-0.6,2500000.0,0.32,63.0,0.032560706401766,0.1333333333333333,Benevento,0.0,0.5526315789473685,-1.3421052631578947,Benevento,1.0,,,same_team_copy_old,Serie A,0.0,0.5526315789473685,-1.3421052631578947,0,0.0,0.0,0.0,ledian memushaj,benevento,STABLE_BIG5_REVIEW,0.2375598086124402
Alberto Aquilani,it ITA,Las Palmas,La Liga,2017-2018,2018-2019,MF,MF,33.0,False,15.0,1297.0,0.0,0.0,0.0,0.0,0.0,0.0,0.0,0.0,0.0,0,2017,2018,16795,alberto aquilani,las palmas,5957.0,exact_normalized_unique,A,2018-08-10,2018-08-09,duckdb_big5_first_game,no_summer_event,0,0,,Las Palmas,La Liga,Spain,0,0,0,,,,,,,,,,,,,,,0,las palmas,0,1,0,0,0,0,,,,,0,0,,,700000.0,2018-05-30,18000000.0,800000.0,2018-01-01,18000000.0,1000000.0,2017-06-08,18000000.0,700000.0,historical_valuation,1,13.45883704259595,800000.0,1000000.0,-100000.0,-300000.0,-0.125,-0.3,18000000.0,0.0388888888888888,71.0,0.0220750551876379,0.1166666666666666,Las Palmas,0.0526315789473684,0.5789473684210527,-1.3157894736842106,Las Palmas,1.0,,,same_team_copy_old,La Liga,0.0526315789473684,0.5789473684210527,-1.3157894736842106,0,0.0,0.0,0.0,alberto aquilani,las palmas,STABLE_BIG5_REVIEW,0.23576555023923446
Maxime Gonalons,FRA,Clermont Foot,Ligue 1,2023-2024,2024-2025,MF,MF,34.0,False,17.0,1296.0,1.0,0.0,1.0,0.0,0.0,0.0694444444444444,0.0,0.0694444444444444,0.0,0,2023,2024,23034,maxime gonalons,clermont foot,60542.0,exact_normalized_unique,A,2024-08-15,2024-08-14,duckdb_big5_first_game,no_summer_event,0,0,,Clermont Foot,Ligue 1,France,0,0,0,,,,,,,,,,,,,,,0,clermont foot,0,1,0,0,0,0,,,,,0,0,,,700000.0,2024-06-03,16000000.0,800000.0,2023-12-18,16000000.0,900000.0,2023-06-27,16000000.0,700000.0,historical_valuation,1,13.45883704259595,800000.0,900000.0,-100000.0,-200000.0,-0.125,-0.2222222222222222,16000000.0,0.04375,72.0,0.0133410672853828,0.0875,Clermont,0.0,0.7352941176470589,-1.0,Clermont,1.0,,,same_team_copy_old,Ligue 1,0.0,0.7352941176470589,-1.0,0,0.0,0.0,0.0,maxime gonalons,clermont foot,STABLE_BIG5_REVIEW,0.23528708133971293
Tobias Kempe,GER,Darmstadt 98,Bundesliga,2023-2024,2024-2025,MF,MF,34.0,False,15.0,1350.0,3.0,2.0,0.0,3.0,3.0,0.2,0.1333333333333333,0.3333333333333333,0.0,0,2023,2024,23286,tobias kempe,darmstadt 98,42072.0,exact_normalized_unique,A,2024-08-15,2024-08-14,duckdb_big5_first_game,no_summer_event,0,0,,Darmstadt 98,Bundesliga,Germany,0,0,0,,,,,,,,,,,,,,,0,darmstadt 98,0,1,0,0,0,0,,,,,0,0,,,500000.0,2024-05-29,1250000.0,500000.0,2023-12-14,1250000.0,500000.0,2023-06-28,1250000.0,500000.0,historical_valuation,1,13.122365377402328,500000.0,500000.0,0.0,0.0,0.0,0.0,1250000.0,0.4,77.0,0.0087006960556844,0.0625,Darmstadt,0.0,0.5,-1.6470588235294117,Darmstadt,1.0,,,same_team_copy_old,Bundesliga,0.0,0.5,-1.6470588235294117,0,0.0,0.0,0.0,tobias kempe,darmstadt 98,STABLE_BIG5_REVIEW,0.23516746411483253
William Rémy,fr FRA,Montpellier,Ligue 1,2016-2017,2017-2018,"DF,MF",MF,25.0,False,8.0,946.0,0.0,1.0,0.0,0.0,0.0,0.0,0.095137420718816,0.095137420718816,0.0,0,2016,2017,16740,william remy,montpellier,89637.0,exact_normalized_unique,A,2017-08-04,2017-08-03,duckdb_big5_first_game,no_summer_event,0,0,,Montpellier,Ligue 1,France,0,0,0,,,,,,,,,,,,,,,0,montpellier,0,1,0,0,0,0,,,,,0,0,,,1500000.0,2017-06-01,2000000.0,1500000.0,2017-01-16,2000000.0,2000000.0,2016-07-13,2000000.0,1500000.0,historical_valuation,1,14.220976332738882,1500000.0,2000000.0,0.0,-500000.0,0.0,-0.25,2000000.0,0.75,63.0,0.1289640591966173,0.375,Montpellier,0.2631578947368421,1.0263157894736843,-0.4736842105263157,Montpellier,1.0,,,same_team_copy_old,Ligue 1,0.2631578947368421,1.0263157894736843,-0.4736842105263157,0,0.0,0.0,0.0,william remy,montpellier,STABLE_BIG5_REVIEW,0.2332535885167464
Gerrit Holtmann,ph PHI,Paderborn 07,Bundesliga,2019-2020,2020-2021,"MF,DF",MF,24.0,False,13.0,1065.0,1.0,0.0,1.0,0.0,0.0,0.0845070422535211,0.0,0.0845070422535211,0.0,0,2019,2020,18981,gerrit holtmann,paderborn 07,190289.0,exact_normalized_unique,A,2020-08-21,2020-08-20,duckdb_big5_first_game,no_confirmed_pre_cutoff_event,0,0,,Paderborn 07,Bundesliga,Germany,0,0,0,,,,,,,,,,,,,,,0,paderborn 07,0,1,0,0,0,0,,,,,0,0,,,1200000.0,2020-04-08,2500000.0,1500000.0,2019-12-17,2500000.0,1500000.0,2019-06-05,2500000.0,1200000.0,historical_valuation,1,13.997832948091215,1500000.0,1500000.0,-300000.0,-300000.0,-0.1999999999999999,-0.1999999999999999,2500000.0,0.48,134.0,0.0480324074074074,0.16,Paderborn,0.0,0.5882352941176471,-1.088235294117647,Paderborn,1.0,,,same_team_copy_old,Bundesliga,0.0,0.5882352941176471,-1.088235294117647,0,0.0,0.0,0.0,gerrit holtmann,paderborn 07,STABLE_BIG5_REVIEW,0.2291866028708134
Theo Walcott,eng ENG,Southampton,Premier League,2022-2023,2023-2024,"FW,MF",FW,33.0,False,13.0,1129.0,2.0,2.0,2.0,0.0,0.0,0.1594331266607617,0.1594331266607617,0.3188662533215234,0.0,0,2022,2023,22358,theo walcott,southampton,33713.0,exact_normalized_unique,A,2023-08-11,2023-08-10,duckdb_big5_first_game,no_summer_event,0,0,,Southampton,Premier League,England,0,0,0,,,,,,,,,,,,,,,0,southampton,0,1,0,0,0,0,,,,,0,0,,,1000000.0,2023-06-20,28000000.0,1800000.0,2022-11-03,28000000.0,1800000.0,2022-06-15,28000000.0,1000000.0,historical_valuation,1,13.815511557963774,1800000.0,1800000.0,-800000.0,-800000.0,-0.4444444444444444,-0.4444444444444444,28000000.0,0.0357142857142857,51.0,0.0352673492605233,0.0909090909090909,Southampton,0.0,0.6578947368421053,-0.9736842105263158,Southampton,1.0,,,same_team_copy_old,Premier League,0.0,0.6578947368421053,-0.9736842105263158,0,0.0,0.0,0.0,theo walcott,southampton,STABLE_BIG5_REVIEW,0.22906698564593303
Klaus Gjasula,ALB,Darmstadt 98,Bundesliga,2023-2024,2024-2025,"DF,MF",MF,33.0,False,17.0,1363.0,0.0,0.0,0.0,0.0,0.0,0.0,0.0,0.0,0.0,0,2023,2024,22909,klaus gjasula,darmstadt 98,57598.0,exact_normalized_unique,A,2024-08-15,2024-08-14,duckdb_big5_first_game,no_summer_event,0,0,,Darmstadt 98,Bundesliga,Germany,0,0,0,,,,,,,,,,,,,,,0,darmstadt 98,0,1,0,0,0,0,,,,,0,0,,,400000.0,2024-05-29,900000.0,500000.0,2023-12-14,900000.0,500000.0,2023-06-28,900000.0,400000.0,historical_valuation,1,12.899222326086994,500000.0,500000.0,-100000.0,-100000.0,-0.1999999999999999,-0.1999999999999999,900000.0,0.4444444444444444,77.0,0.0034802784222737,0.05,Darmstadt,0.0,0.5,-1.6470588235294117,Darmstadt,1.0,,,same_team_copy_old,Bundesliga,0.0,0.5,-1.6470588235294117,0,0.0,0.0,0.0,klaus gjasula,darmstadt 98,STABLE_BIG5_REVIEW,0.2288277511961722
Efthimis Koulouris,gr GRE,Toulouse,Ligue 1,2019-2020,2020-2021,FW,FW,23.0,False,17.0,1541.0,4.0,2.0,4.0,0.0,0.0,0.2336145360155742,0.1168072680077871,0.3504218040233615,0.0,0,2019,2020,18909,efthimis koulouris,toulouse,,unmatched,UNMATCHED,2020-08-21,2020-08-20,duckdb_big5_first_game,no_player_id,0,0,,Toulouse,Ligue 1,France,0,0,0,,,,,,,,,,,,,,,0,toulouse,0,1,0,0,0,0,,,,,0,0,,,,,,,,,,,,,missing,0,,,,,,,,,,,,,Toulouse,0.0,0.4642857142857143,-1.2857142857142858,Toulouse,1.0,,,same_team_copy_old,Ligue 1,0.0,0.4642857142857143,-1.2857142857142858,0,0.0,0.0,0.0,efthimis koulouris,toulouse,STABLE_BIG5_REVIEW,0.22834928229665075
Shinji Okazaki,jp JPN,Huesca,La Liga,2020-2021,2021-2022,"FW,MF",FW,34.0,False,14.0,1128.0,1.0,1.0,1.0,0.0,0.0,0.0797872340425532,0.0797872340425532,0.1595744680851064,0.0,0,2020,2021,20445,shinji okazaki,huesca,79642.0,exact_normalized_unique,A,2021-08-06,2021-08-05,duckdb_big5_first_game,no_summer_event,0,0,,Huesca,La Liga,Spain,0,0,0,,,,,,,,,,,,,,,0,huesca,0,1,0,0,0,0,,,,,0,0,,,1000000.0,2021-06-10,10000000.0,1200000.0,2021-01-05,10000000.0,1600000.0,2020-04-08,10000000.0,1000000.0,historical_valuation,1,13.815511557963774,1200000.0,1600000.0,-200000.0,-600000.0,-0.1666666666666666,-0.375,10000000.0,0.1,56.0,0.0368536853685368,0.1,Huesca,0.1052631578947368,0.8947368421052632,-0.5,Huesca,1.0,,,same_team_copy_old,La Liga,0.1052631578947368,0.8947368421052632,-0.5,0,0.0,0.0,0.0,shinji okazaki,huesca,STABLE_BIG5_REVIEW,0.22787081339712922
Álex Gallar,es ESP,Huesca,La Liga,2018-2019,2019-2020,"MF,FW",FW,26.0,False,10.0,1009.0,4.0,1.0,3.0,1.0,1.0,0.3567888999008919,0.0891972249752229,0.4459861248761149,0.0,0,2018,2019,17761,alex gallar,huesca,210143.0,exact_normalized_unique,A,2019-08-09,2019-08-08,duckdb_big5_first_game,no_summer_event,0,0,,Huesca,La Liga,Spain,0,0,0,,,,,,,,,,,,,,,0,huesca,0,1,0,0,0,0,,,,,0,0,,,1400000.0,2019-06-11,1500000.0,1500000.0,2018-12-21,1500000.0,800000.0,2018-05-30,800000.0,1400000.0,historical_valuation,1,14.151983508870948,1500000.0,800000.0,-100000.0,600000.0,-0.0666666666666666,0.75,1500000.0,0.9333333333333332,58.0,0.0562913907284768,0.14,Huesca,0.0526315789473684,0.868421052631579,-0.5789473684210527,Huesca,1.0,,,same_team_copy_old,La Liga,0.0526315789473684,0.868421052631579,-0.5789473684210527,0,0.0,0.0,0.0,alex gallar,huesca,STABLE_BIG5_REVIEW,0.2272727272727273
Keko,es ESP,Valladolid,La Liga,2018-2019,2019-2020,"MF,FW",FW,26.0,False,20.0,1533.0,2.0,1.0,2.0,0.0,0.0,0.1174168297455968,0.0587084148727984,0.1761252446183953,0.0,0,2018,2019,18205,keko,valladolid,,unmatched,UNMATCHED,2019-08-09,2019-08-08,duckdb_big5_first_game,no_player_id,0,0,,Valladolid,La Liga,Spain,0,0,0,,,,,,,,,,,,,,,0,valladolid,0,1,0,0,0,0,,,,,0,0,,,,,,,,,,,,,missing,0,,,,,,,,,,,,,Valladolid,0.1578947368421053,1.0789473684210529,-0.5,Valladolid,1.0,,,same_team_copy_old,La Liga,0.1578947368421053,1.0789473684210529,-0.5,0,0.0,0.0,0.0,keko,valladolid,STABLE_BIG5_REVIEW,0.2271531100478469
Sada Thioub,sn SEN,Angers,Ligue 1,2022-2023,2023-2024,"DF,FW",FW,27.0,False,11.0,1060.0,1.0,2.0,1.0,0.0,0.0,0.0849056603773584,0.1698113207547169,0.2547169811320754,0.0,0,2022,2023,22288,sada thioub,angers,290593.0,exact_normalized_unique,A,2023-08-11,2023-08-10,duckdb_big5_first_game,no_summer_event,0,0,,Angers,Ligue 1,France,0,0,0,,,,,,,,,,,,,,,0,angers,0,1,0,0,0,0,,,,,0,0,,,1200000.0,2023-06-27,5500000.0,2000000.0,2022-11-02,5500000.0,2000000.0,2022-05-30,5500000.0,1200000.0,historical_valuation,1,13.997832948091215,2000000.0,2000000.0,-800000.0,-800000.0,-0.4,-0.4,5500000.0,0.2181818181818181,44.0,0.0483503981797497,0.109090909090909,Angers,0.0,0.4736842105263157,-1.263157894736842,Angers,1.0,,,same_team_copy_old,Ligue 1,0.0,0.4736842105263157,-1.263157894736842,0,0.0,0.0,0.0,sada thioub,angers,STABLE_BIG5_REVIEW,0.22703349282296653
Frank Tsadjout,it ITA,Cremonese,Serie A,2022-2023,2023-2024,FW,FW,23.0,False,14.0,1051.0,3.0,1.0,3.0,0.0,0.0,0.2568981921979067,0.0856327307326356,0.3425309229305424,0.0,0,2022,2023,21789,frank tsadjout,cremonese,392545.0,exact_normalized_unique,A,2023-08-11,2023-08-10,duckdb_big5_first_game,no_summer_event,0,0,,Cremonese,Serie A,Italy,0,0,0,,,,,,,,,,,,,,,0,cremonese,0,1,0,0,0,0,,,,,0,0,,,1200000.0,2023-06-15,1200000.0,900000.0,2022-11-11,900000.0,900000.0,2022-06-06,900000.0,1200000.0,historical_valuation,1,13.997832948091215,900000.0,900000.0,300000.0,300000.0,0.3333333333333332,0.3333333333333332,1200000.0,1.0,56.0,0.0483503981797497,0.109090909090909,Cremonese,0.0526315789473684,0.7105263157894737,-0.868421052631579,Cremonese,1.0,,,same_team_copy_old,Serie A,0.0526315789473684,0.7105263157894737,-0.868421052631579,0,0.0,0.0,0.0,frank tsadjout,cremonese,STABLE_BIG5_REVIEW,0.2244019138755981
Thomas Mangani,fr FRA,Ajaccio,Ligue 1,2022-2023,2023-2024,MF,MF,35.0,False,14.0,1332.0,1.0,1.0,0.0,1.0,2.0,0.0675675675675675,0.0675675675675675,0.1351351351351351,0.0,0,2022,2023,22366,thomas mangani,ajaccio,18934.0,exact_normalized_unique,A,2023-08-11,2023-08-10,duckdb_big5_first_game,no_summer_event,0,0,,Ajaccio,Ligue 1,France,0,0,0,,,,,,,,,,,,,,,0,ajaccio,0,1,0,0,0,0,,,,,0,0,,,400000.0,2023-06-27,3500000.0,600000.0,2022-11-02,3500000.0,600000.0,2022-05-30,3500000.0,400000.0,historical_valuation,1,12.899222326086994,600000.0,600000.0,-200000.0,-200000.0,-0.3333333333333333,-0.3333333333333333,3500000.0,0.1142857142857142,44.0,0.0073947667804323,0.05,Ajaccio,0.1052631578947368,0.6842105263157895,-1.3421052631578947,Ajaccio,1.0,,,same_team_copy_old,Ligue 1,0.1052631578947368,0.6842105263157895,-1.3421052631578947,0,0.0,0.0,0.0,thomas mangani,ajaccio,STABLE_BIG5_REVIEW,0.2230861244019139
Benjamin Nivet,fr FRA,Troyes,Ligue 1,2017-2018,2018-2019,"MF,FW",FW,40.0,False,16.0,1369.0,2.0,2.0,2.0,0.0,0.0,0.1314828341855368,0.1314828341855368,0.2629656683710737,0.0,0,2017,2018,16883,benjamin nivet,troyes,33927.0,exact_normalized_unique,A,2018-08-10,2018-08-09,duckdb_big5_first_game,no_summer_event,0,0,,Troyes,Ligue 1,France,0,0,0,,,,,,,,,,,,,,,0,troyes,0,1,0,0,0,0,,,,,0,0,,,250000.0,2018-06-04,2400000.0,250000.0,2018-01-24,2400000.0,250000.0,2017-06-15,2400000.0,250000.0,historical_valuation,1,12.429220196836384,250000.0,250000.0,0.0,0.0,0.0,0.0,2400000.0,0.1041666666666666,66.0,0.0022075055187637,0.0333333333333333,Troyes,0.0526315789473684,0.868421052631579,-0.7105263157894737,Troyes,1.0,,,same_team_copy_old,Ligue 1,0.0526315789473684,0.868421052631579,-0.7105263157894737,0,0.0,0.0,0.0,benjamin nivet,troyes,STABLE_BIG5_REVIEW,0.22236842105263158
Hamit Altıntop,tr TUR,Darmstadt 98,Bundesliga,2016-2017,2017-2018,MF,MF,33.0,False,15.0,1362.0,0.0,0.0,0.0,0.0,1.0,0.0,0.0,0.0,0.0,0,2016,2017,16143,hamit alt ntop,darmstadt 98,1792.0,exact_normalized_unique,A,2017-08-04,2017-08-03,duckdb_big5_first_game,no_summer_event,0,0,,Darmstadt 98,Bundesliga,Germany,0,0,0,,,,,,,,,,,,,,,0,darmstadt 98,0,1,0,0,0,0,,,,,0,0,,,300000.0,2017-06-19,11000000.0,300000.0,2017-01-10,11000000.0,600000.0,2016-07-15,11000000.0,300000.0,historical_valuation,1,12.611541086966117,300000.0,600000.0,0.0,-300000.0,0.0,-0.5,11000000.0,0.0272727272727272,45.0,0.0105708245243128,0.075,Darmstadt,0.0,0.7352941176470589,-1.0294117647058822,Darmstadt,1.0,,,same_team_copy_old,Bundesliga,0.0,0.7352941176470589,-1.0294117647058822,0,0.0,0.0,0.0,hamit altntop,darmstadt 98,STABLE_BIG5_REVIEW,0.2222488038277512
Kenan Karaman,tr TUR,Schalke 04,Bundesliga,2022-2023,2023-2024,FW,FW,28.0,False,10.0,976.0,1.0,2.0,1.0,0.0,0.0,0.0922131147540983,0.1844262295081967,0.2766393442622951,0.0,0,2022,2023,21967,kenan karaman,schalke 04,119557.0,exact_normalized_unique,A,2023-08-11,2023-08-10,duckdb_big5_first_game,no_summer_event,0,0,,Schalke 04,Bundesliga,Germany,0,0,0,,,,,,,,,,,,,,,0,schalke 04,0,1,0,0,0,0,,,,,0,0,,,1400000.0,2023-06-22,3500000.0,1400000.0,2022-11-09,3500000.0,1400000.0,2022-06-01,3500000.0,1400000.0,historical_valuation,1,14.151983508870948,1400000.0,1400000.0,0.0,0.0,0.0,0.0,3500000.0,0.4,49.0,0.0574516496018202,0.1272727272727272,Schalke 04,0.0588235294117647,0.9117647058823528,-1.0588235294117647,Schalke 04,1.0,,,same_team_copy_old,Bundesliga,0.0588235294117647,0.9117647058823528,-1.0588235294117647,0,0.0,0.0,0.0,kenan karaman,schalke 04,STABLE_BIG5_REVIEW,0.219377990430622
Abdessamad Ezzalzouli,ma MAR,Osasuna,La Liga,2022-2023,2023-2024,"FW,MF",FW,20.0,False,19.0,1504.0,4.0,2.0,4.0,0.0,0.0,0.2393617021276595,0.1196808510638297,0.3590425531914893,0.0,0,2022,2023,21495,abdessamad ezzalzouli,osasuna,,unmatched,UNMATCHED,2023-08-11,2023-08-10,duckdb_big5_first_game,no_player_id,0,0,,Osasuna,La Liga,Spain,0,0,0,,,,,,,,,,,,,,,0,osasuna,0,1,0,0,0,0,,,,,0,0,,,,,,,,,,,,,missing,0,,,,,,,,,,,,,Osasuna,0.6842105263157895,1.394736842105263,-0.131578947368421,Osasuna,1.0,,,same_team_copy_old,La Liga,0.6842105263157895,1.394736842105263,-0.131578947368421,0,0.0,0.0,0.0,abdessamad ezzalzouli,osasuna,STABLE_BIG5_REVIEW,0.2190191387559809
Zakaria Bakkali,be BEL,La Coruña,La Liga,2017-2018,2018-2019,"FW,MF",FW,21.0,False,10.0,909.0,0.0,0.0,0.0,0.0,0.0,0.0,0.0,0.0,0.0,0,2017,2018,17726,zakaria bakkali,la coruna,203378.0,exact_normalized_unique,A,2018-08-10,2018-08-09,duckdb_big5_first_game,no_confirmed_pre_cutoff_event,0,0,,La Coruña,La Liga,Spain,0,0,1,,,,,,,,,,,,,,,0,la coruna,0,1,0,0,0,0,,,,,0,0,,,1500000.0,2018-05-30,4000000.0,1800000.0,2018-01-01,4000000.0,2000000.0,2017-06-05,4000000.0,1500000.0,historical_valuation,1,14.220976332738882,1800000.0,2000000.0,-300000.0,-500000.0,-0.1666666666666666,-0.25,4000000.0,0.375,71.0,0.1015452538631346,0.2,La Coruna,0.1052631578947368,0.7631578947368421,-1.0,La Coruna,1.0,,,same_team_copy_old,La Liga,0.1052631578947368,0.7631578947368421,-1.0,0,0.0,0.0,0.0,zakaria bakkali,la coruna,STABLE_BIG5_REVIEW,0.21818181818181817
John Donald,es ESP,Elche,La Liga,2022-2023,2023-2024,"MF,DF",MF,21.0,False,13.0,1092.0,0.0,0.0,0.0,0.0,0.0,0.0,0.0,0.0,0.0,0,2022,2023,21923,john donald,elche,627290.0,exact_normalized_unique,A,2023-08-11,2023-08-10,duckdb_big5_first_game,no_summer_event,0,0,,Elche,La Liga,Spain,0,0,0,,,,,,,,,,,,,,,0,elche,0,1,0,0,0,0,,,,,0,0,,,1000000.0,2023-06-13,1000000.0,400000.0,2022-11-07,400000.0,,,,1000000.0,historical_valuation,1,13.815511557963774,400000.0,,600000.0,,1.5,,1000000.0,1.0,58.0,0.0352673492605233,0.125,Elche,0.0,0.6578947368421053,-0.9736842105263158,Elche,1.0,,,same_team_copy_old,La Liga,0.0,0.6578947368421053,-0.9736842105263158,0,0.0,0.0,0.0,john donald,elche,STABLE_BIG5_REVIEW,0.2139952153110048
Seb Larsson,se SWE,Sunderland,Premier League,2016-2017,2017-2018,MF,MF,31.0,False,17.0,1469.0,0.0,1.0,0.0,0.0,0.0,0.0,0.0612661674608577,0.0612661674608577,0.0,0,2016,2017,16632,seb larsson,sunderland,,unmatched,UNMATCHED,2017-08-04,2017-08-03,duckdb_big5_first_game,no_player_id,0,0,,Sunderland,Premier League,England,0,0,0,,,,,,,,,,,,,,,0,sunderland,0,1,0,0,0,0,,,,,0,0,,,,,,,,,,,,,missing,0,,,,,,,,,,,,,Sunderland,0.0,0.631578947368421,-1.0526315789473684,Sunderland,1.0,,,same_team_copy_old,Premier League,0.0,0.631578947368421,-1.0526315789473684,0,0.0,0.0,0.0,seb larsson,sunderland,STABLE_BIG5_REVIEW,0.21160287081339715
Ben Zolinski,de GER,Paderborn 07,Bundesliga,2019-2020,2020-2021,"FW,MF",FW,27.0,False,14.0,1210.0,3.0,2.0,3.0,0.0,0.0,0.2231404958677686,0.1487603305785124,0.371900826446281,0.0,0,2019,2020,18787,ben zolinski,paderborn 07,93841.0,exact_normalized_unique,A,2020-08-21,2020-08-20,duckdb_big5_first_game,no_summer_event,0,0,,Paderborn 07,Bundesliga,Germany,0,0,0,,,,,,,,,,,,,,,0,paderborn 07,0,1,0,0,0,0,,,,,0,0,,,725000.0,2020-04-08,900000.0,900000.0,2019-12-17,900000.0,750000.0,2019-06-12,750000.0,725000.0,historical_valuation,1,13.493928313146206,900000.0,750000.0,-175000.0,-25000.0,-0.1944444444444444,-0.0333333333333333,900000.0,0.8055555555555556,134.0,0.0162037037037037,0.0659090909090909,Paderborn,0.0,0.5882352941176471,-1.088235294117647,Paderborn,1.0,,,same_team_copy_old,Bundesliga,0.0,0.5882352941176471,-1.088235294117647,0,0.0,0.0,0.0,ben zolinski,paderborn 07,STABLE_BIG5_REVIEW,0.21100478468899522
Dennis Srbeny,de GER,Paderborn 07,Bundesliga,2019-2020,2020-2021,"FW,MF",FW,25.0,False,14.0,1166.0,6.0,1.0,6.0,0.0,0.0,0.4631217838765009,0.0771869639794168,0.5403087478559176,0.0,0,2019,2020,18879,dennis srbeny,paderborn 07,159239.0,exact_normalized_unique,A,2020-08-21,2020-08-20,duckdb_big5_first_game,no_summer_event,0,0,,Paderborn 07,Bundesliga,Germany,0,0,0,,,,,,,,,,,,,,,0,paderborn 07,0,1,0,0,0,0,,,,,0,0,,,800000.0,2020-04-08,1500000.0,1000000.0,2019-12-10,1500000.0,1250000.0,2019-06-28,1500000.0,800000.0,historical_valuation,1,13.592368256649284,1000000.0,1250000.0,-200000.0,-450000.0,-0.1999999999999999,-0.36,1500000.0,0.5333333333333333,134.0,0.0248842592592592,0.0727272727272727,Paderborn,0.0,0.5882352941176471,-1.088235294117647,Paderborn,1.0,,,same_team_copy_old,Bundesliga,0.0,0.5882352941176471,-1.088235294117647,0,0.0,0.0,0.0,dennis srbeny,paderborn 07,STABLE_BIG5_REVIEW,0.21076555023923443
Josan,es ESP,Elche,La Liga,2022-2023,2023-2024,"DF,MF",MF,32.0,False,9.0,1078.0,1.0,3.0,1.0,0.0,0.0,0.0834879406307977,0.2504638218923933,0.3339517625231911,0.0,0,2022,2023,21939,josan,elche,277533.0,exact_normalized_unique,A,2023-08-11,2023-08-10,duckdb_big5_first_game,no_summer_event,0,0,,Elche,La Liga,Spain,0,0,0,,,,,,,,,,,,,,,0,elche,0,1,0,0,0,0,,,,,0,0,,,1000000.0,2023-06-13,1000000.0,1000000.0,2022-11-07,1000000.0,1000000.0,2022-06-03,1000000.0,1000000.0,historical_valuation,1,13.815511557963774,1000000.0,1000000.0,0.0,0.0,0.0,0.0,1000000.0,1.0,58.0,0.0352673492605233,0.125,Elche,0.0,0.6578947368421053,-0.9736842105263158,Elche,1.0,,,same_team_copy_old,La Liga,0.0,0.6578947368421053,-0.9736842105263158,0,0.0,0.0,0.0,josan,elche,STABLE_BIG5_REVIEW,0.20873205741626796
Lukas Hinterseer,at AUT,Ingolstadt 04,Bundesliga,2016-2017,2017-2018,"FW,MF",FW,25.0,False,8.0,967.0,3.0,1.0,1.0,2.0,2.0,0.2792140641158221,0.093071354705274,0.3722854188210962,0.0,0,2016,2017,16355,lukas hinterseer,ingolstadt 04,59054.0,exact_normalized_unique,A,2017-08-04,2017-08-03,duckdb_big5_first_game,no_summer_event,0,0,,Ingolstadt 04,Bundesliga,Germany,0,0,0,,,,,,,,,,,,,,,0,ingolstadt 04,0,1,0,0,0,0,,,,,0,0,,,1250000.0,2017-06-19,2000000.0,2000000.0,2016-07-22,2000000.0,2000000.0,2016-07-22,2000000.0,1250000.0,historical_valuation,1,14.038654909278163,2000000.0,2000000.0,-750000.0,-750000.0,-0.375,-0.375,2000000.0,0.625,45.0,0.0977801268498942,0.1785714285714285,Ingolstadt,0.0588235294117647,0.9411764705882352,-0.6176470588235294,Ingolstadt,1.0,,,same_team_copy_old,Bundesliga,0.0588235294117647,0.9411764705882352,-0.6176470588235294,0,0.0,0.0,0.0,lukas hinterseer,ingolstadt 04,STABLE_BIG5_REVIEW,0.20789473684210524
Fernando Marçal,br BRA,Wolves,Premier League,2021-2022,2022-2023,"MF,DF",MF,32.0,False,17.0,1449.0,0.0,0.0,0.0,0.0,0.0,0.0,0.0,0.0,0.0,0,2021,2022,20801,fernando marcal,wolves,,unmatched,UNMATCHED,2022-08-05,2022-08-04,duckdb_big5_first_game,no_player_id,0,0,,Wolves,Premier League,England,0,0,0,,,,,,,,,,,,,,,0,wolves,0,1,0,0,0,0,,,,,0,0,,,,,,,,,,,,,missing,0,,,,,,,,,,,,,Wolves,0.5263157894736843,1.3421052631578947,-0.131578947368421,Wolves,1.0,,,same_team_copy_old,Premier League,0.5263157894736843,1.3421052631578947,-0.131578947368421,0,0.0,0.0,0.0,fernando marcal,wolves,STABLE_BIG5_REVIEW,0.2077751196172249
Jacopo Petriccione,it ITA,Crotone,Serie A,2020-2021,2021-2022,MF,MF,25.0,False,11.0,958.0,0.0,0.0,0.0,0.0,0.0,0.0,0.0,0.0,0.0,0,2020,2021,19962,jacopo petriccione,crotone,218067.0,exact_normalized_unique,A,2021-08-06,2021-08-05,duckdb_big5_first_game,no_summer_event,0,0,,Crotone,Serie A,Italy,0,0,0,,,,,,,,,,,,,,,0,crotone,0,1,0,0,0,0,,,,,0,0,,,1300000.0,2021-06-03,3000000.0,1800000.0,2020-12-29,3000000.0,2400000.0,2020-04-08,3000000.0,1300000.0,historical_valuation,1,14.077875591662238,1800000.0,2400000.0,-500000.0,-1100000.0,-0.2777777777777778,-0.4583333333333333,3000000.0,0.4333333333333333,63.0,0.0566556655665566,0.1625,Crotone,0.0526315789473684,0.6052631578947368,-1.236842105263158,Crotone,1.0,,,same_team_copy_old,Serie A,0.0526315789473684,0.6052631578947368,-1.236842105263158,0,0.0,0.0,0.0,jacopo petriccione,crotone,STABLE_BIG5_REVIEW,0.2076555023923445
Fausto Tienza,es ESP,Osasuna,La Liga,2016-2017,2017-2018,MF,MF,26.0,False,16.0,1224.0,0.0,0.0,0.0,0.0,0.0,0.0,0.0,0.0,0.0,0,2016,2017,16068,fausto tienza,osasuna,174859.0,exact_normalized_unique,A,2017-08-04,2017-08-03,duckdb_big5_first_game,no_summer_event,0,0,,Osasuna,La Liga,Spain,0,0,0,,,,,,,,,,,,,,,0,osasuna,0,1,0,0,0,0,,,,,0,0,,,600000.0,2017-06-05,600000.0,300000.0,2017-01-24,400000.0,300000.0,2016-07-15,400000.0,600000.0,historical_valuation,1,13.304686600863562,300000.0,300000.0,300000.0,300000.0,1.0,1.0,600000.0,1.0,59.0,0.0301268498942917,0.15,Osasuna,0.0526315789473684,0.5789473684210527,-1.4210526315789471,Osasuna,1.0,,,same_team_copy_old,La Liga,0.0526315789473684,0.5789473684210527,-1.4210526315789471,0,0.0,0.0,0.0,fausto tienza,osasuna,STABLE_BIG5_REVIEW,0.20669856459330144
Tomás Pina Isla,es ESP,Alavés,La Liga,2021-2022,2022-2023,MF,MF,33.0,False,16.0,1444.0,0.0,0.0,0.0,0.0,0.0,0.0,0.0,0.0,0.0,0,2021,2022,21433,tomas pina isla,alaves,,unmatched,UNMATCHED,2022-08-05,2022-08-04,duckdb_big5_first_game,no_player_id,0,0,,Alavés,La Liga,Spain,0,0,0,,,,,,,,,,,,,,,0,alaves,0,1,0,0,0,0,,,,,0,0,,,,,,,,,,,,,missing,0,,,,,,,,,,,,,Alaves,0.0,0.8157894736842105,-0.8947368421052632,Alaves,1.0,,,same_team_copy_old,La Liga,0.0,0.8157894736842105,-0.8947368421052632,0,0.0,0.0,0.0,tomas pina isla,alaves,STABLE_BIG5_REVIEW,0.20657894736842106
Iván Sánchez,es ESP,Valladolid,La Liga,2022-2023,2023-2024,"MF,FW",FW,29.0,False,13.0,1154.0,1.0,1.0,1.0,0.0,0.0,0.0779896013864818,0.0779896013864818,0.1559792027729636,0.0,0,2022,2023,21875,ivan sanchez,valladolid,221311.0,exact_normalized_unique,A,2023-08-11,2023-08-10,duckdb_big5_first_game,no_summer_event,0,0,,Valladolid,La Liga,Spain,0,0,0,,,,,,,,,,,,,,,0,valladolid,0,1,0,0,0,0,,,,,0,0,,,800000.0,2023-06-13,1200000.0,800000.0,2022-11-07,1200000.0,800000.0,2022-06-29,1200000.0,800000.0,historical_valuation,1,13.592368256649284,800000.0,800000.0,0.0,0.0,0.0,0.0,1200000.0,0.6666666666666666,58.0,0.0216154721274175,0.0727272727272727,Valladolid,0.1052631578947368,1.0526315789473684,-0.7894736842105263,Valladolid,1.0,,,same_team_copy_old,La Liga,0.1052631578947368,1.0526315789473684,-0.7894736842105263,0,0.0,0.0,0.0,ivan sanchez,valladolid,STABLE_BIG5_REVIEW,0.20574162679425836
Youssouf Hadji,ma MAR,Nancy,Ligue 1,2016-2017,2017-2018,FW,FW,36.0,False,14.0,1299.0,0.0,1.0,0.0,0.0,1.0,0.0,0.069284064665127,0.069284064665127,0.0,0,2016,2017,16768,youssouf hadji,nancy,5345.0,exact_normalized_unique,A,2017-08-04,2017-08-03,duckdb_big5_first_game,no_summer_event,0,0,,Nancy,Ligue 1,France,0,0,0,,,,,,,,,,,,,,,0,nancy,0,1,0,0,0,0,,,,,0,0,,,250000.0,2017-06-01,5500000.0,250000.0,2017-01-16,5500000.0,250000.0,2016-07-13,5500000.0,250000.0,historical_valuation,1,12.429220196836384,250000.0,250000.0,0.0,0.0,0.0,0.0,5500000.0,0.0454545454545454,63.0,0.0079281183932346,0.0357142857142857,Nancy,0.0526315789473684,0.9210526315789472,-0.6052631578947368,Nancy,1.0,,,same_team_copy_old,Ligue 1,0.0526315789473684,0.9210526315789472,-0.6052631578947368,0,0.0,0.0,0.0,youssouf hadji,nancy,STABLE_BIG5_REVIEW,0.20394736842105263
Julian Green,us USA,Greuther Fürth,Bundesliga,2021-2022,2022-2023,MF,MF,26.0,False,12.0,1054.0,0.0,0.0,0.0,0.0,0.0,0.0,0.0,0.0,0.0,0,2021,2022,21005,julian green,greuther furth,161204.0,exact_normalized_unique,A,2022-08-05,2022-08-04,duckdb_big5_first_game,no_summer_event,0,0,,Greuther Fürth,Bundesliga,Germany,0,0,0,,,,,,,,,,,,,,,0,greuther furth,0,1,0,0,0,0,,,,,0,0,,,1000000.0,2022-06-09,2000000.0,1500000.0,2021-12-22,2000000.0,1500000.0,2021-06-16,2000000.0,1000000.0,historical_valuation,1,13.815511557963774,1500000.0,1500000.0,-500000.0,-500000.0,-0.3333333333333333,-0.3333333333333333,2000000.0,0.5,56.0,0.0329479768786127,0.1176470588235294,Greuther Furth,0.0,0.5294117647058824,-1.588235294117647,Greuther Furth,1.0,,,same_team_copy_old,Bundesliga,0.0,0.5294117647058824,-1.588235294117647,0,0.0,0.0,0.0,julian green,greuther furth,STABLE_BIG5_REVIEW,0.20203349282296654
Bobby Reid,jm JAM,Cardiff City,Premier League,2018-2019,2019-2020,"FW,MF",FW,25.0,False,16.0,1424.0,5.0,2.0,4.0,1.0,1.0,0.3160112359550561,0.1264044943820224,0.4424157303370786,0.0,0,2018,2019,17849,bobby reid,cardiff city,,unmatched,UNMATCHED,2019-08-09,2019-08-08,duckdb_big5_first_game,no_player_id,0,0,,Cardiff City,Premier League,England,0,0,0,,,,,,,,,,,,,,,0,cardiff city,0,1,0,0,0,0,,,,,0,0,,,,,,,,,,,,,missing,0,,,,,,,,,,,,,Cardiff,0.1052631578947368,0.8947368421052632,-0.9210526315789472,Cardiff,1.0,,,same_team_copy_old,Premier League,0.1052631578947368,0.8947368421052632,-0.9210526315789472,0,0.0,0.0,0.0,bobby reid,cardiff city,STABLE_BIG5_REVIEW,0.20179425837320578
Mehdi Zeffane,ALG,Clermont Foot,Ligue 1,2023-2024,2024-2025,"DF,MF",MF,31.0,False,15.0,1231.0,0.0,0.0,0.0,0.0,0.0,0.0,0.0,0.0,0.0,0,2023,2024,23041,mehdi zeffane,clermont foot,118303.0,exact_normalized_unique,A,2024-08-15,2024-08-14,duckdb_big5_first_game,no_summer_event,0,0,,Clermont Foot,Ligue 1,France,0,0,0,,,,,,,,,,,,,,,0,clermont foot,0,1,0,0,0,0,,,,,0,0,,,500000.0,2024-06-03,2000000.0,600000.0,2023-12-18,2000000.0,450000.0,2023-06-27,2000000.0,500000.0,historical_valuation,1,13.122365377402328,600000.0,450000.0,-100000.0,50000.0,-0.1666666666666666,0.1111111111111111,2000000.0,0.25,72.0,0.0087006960556844,0.0625,Clermont,0.0,0.7352941176470589,-1.0,Clermont,1.0,,,same_team_copy_old,Ligue 1,0.0,0.7352941176470589,-1.0,0,0.0,0.0,0.0,mehdi zeffane,clermont foot,STABLE_BIG5_REVIEW,0.20167464114832534
Jannik Müller,GER,Darmstadt 98,Bundesliga,2023-2024,2024-2025,"DF,MF",MF,29.0,False,12.0,1134.0,0.0,0.0,0.0,0.0,0.0,0.0,0.0,0.0,0.0,0,2023,2024,22816,jannik muller,darmstadt 98,119286.0,exact_normalized_unique,A,2024-08-15,2024-08-14,duckdb_big5_first_game,no_summer_event,0,0,,Darmstadt 98,Bundesliga,Germany,0,0,0,,,,,,,,,,,,,,,0,darmstadt 98,0,1,0,0,0,0,,,,,0,0,,,800000.0,2024-05-29,1000000.0,1000000.0,2023-12-14,1000000.0,1000000.0,2023-06-28,1000000.0,800000.0,historical_valuation,1,13.592368256649284,1000000.0,1000000.0,-200000.0,-200000.0,-0.1999999999999999,-0.1999999999999999,1000000.0,0.8,77.0,0.0168213457076566,0.1,Darmstadt,0.0,0.5,-1.6470588235294117,Darmstadt,1.0,,,same_team_copy_old,Bundesliga,0.0,0.5,-1.6470588235294117,0,0.0,0.0,0.0,jannik muller,darmstadt 98,STABLE_BIG5_REVIEW,0.2007177033492823
Alou Diarra,fr FRA,Nancy,Ligue 1,2016-2017,2017-2018,MF,MF,35.0,False,16.0,1291.0,2.0,0.0,2.0,0.0,0.0,0.139426800929512,0.0,0.139426800929512,0.0,0,2016,2017,15840,alou diarra,nancy,1327.0,exact_normalized_unique,A,2017-08-04,2017-08-03,duckdb_big5_first_game,no_summer_event,0,0,,Nancy,Ligue 1,France,0,0,0,,,,,,,,,,,,,,,0,nancy,0,1,0,0,0,0,,,,,0,0,,,250000.0,2017-06-01,14500000.0,400000.0,2017-01-16,14500000.0,500000.0,2016-04-20,14500000.0,250000.0,historical_valuation,1,12.429220196836384,400000.0,500000.0,-150000.0,-250000.0,-0.375,-0.5,14500000.0,0.0172413793103448,63.0,0.0079281183932346,0.0625,Nancy,0.0526315789473684,0.9210526315789472,-0.6052631578947368,Nancy,1.0,,,same_team_copy_old,Ligue 1,0.0526315789473684,0.9210526315789472,-0.6052631578947368,0,0.0,0.0,0.0,alou diarra,nancy,STABLE_BIG5_REVIEW,0.20011961722488036
Gil Bastião Dias,pt POR,Monaco,Ligue 1,2019-2020,2020-2021,"DF,MF",MF,22.0,False,15.0,1413.0,0.0,1.0,0.0,0.0,0.0,0.0,0.0636942675159235,0.0636942675159235,0.0,0,2019,2020,18987,gil bastiao dias,monaco,,unmatched,UNMATCHED,2020-08-21,2020-08-20,duckdb_big5_first_game,no_player_id,0,0,,Monaco,Ligue 1,France,0,0,0,,,,,,,,,,,,,,,0,monaco,0,1,0,0,0,0,,,,,0,0,,,,,,,,,,,,,missing,0,,,,,,,,,,,,,Monaco,0.5789473684210527,1.4285714285714286,0.0,Monaco,1.0,,,same_team_copy_old,Ligue 1,0.5789473684210527,1.4285714285714286,0.0,0,0.0,0.0,0.0,gil bastiao dias,monaco,STABLE_BIG5_REVIEW,0.19700956937799047
David Pereira da Costa,pt POR,Lens,Ligue 1,2022-2023,2023-2024,"MF,FW",FW,21.0,False,16.0,1407.0,1.0,3.0,1.0,0.0,0.0,0.0639658848614072,0.1918976545842217,0.255863539445629,0.0,0,2022,2023,21684,david pereira da costa,lens,,unmatched,UNMATCHED,2023-08-11,2023-08-10,duckdb_big5_first_game,no_player_id,0,0,,Lens,Ligue 1,France,0,0,0,,,,,,,,,,,,,,,0,lens,0,1,0,0,0,0,,,,,0,0,,,,,,,,,,,,,missing,0,,,,,,,,,,,,,Lens,0.9473684210526316,2.210526315789474,1.0263157894736843,Lens,1.0,,,same_team_copy_old,Ligue 1,0.9473684210526316,2.210526315789474,1.0263157894736843,0,0.0,0.0,0.0,david pereira da costa,lens,STABLE_BIG5_REVIEW,0.19485645933014356
Anthony Ujah,ng NGA,Union Berlin,Bundesliga,2019-2020,2020-2021,"FW,MF",FW,28.0,False,10.0,949.0,3.0,2.0,3.0,0.0,0.0,0.2845100105374078,0.1896733403582718,0.4741833508956796,0.0,0,2019,2020,18764,anthony ujah,union berlin,142281.0,exact_normalized_unique,A,2020-08-21,2020-08-20,duckdb_big5_first_game,no_summer_event,0,0,,Union Berlin,Bundesliga,Germany,0,0,0,,,,,,,,,,,,,,,0,union berlin,0,1,0,0,0,0,,,,,0,0,,,1200000.0,2020-04-08,5500000.0,1500000.0,2019-12-17,5500000.0,1500000.0,2019-06-05,5500000.0,1200000.0,historical_valuation,1,13.997832948091215,1500000.0,1500000.0,-300000.0,-300000.0,-0.1999999999999999,-0.1999999999999999,5500000.0,0.2181818181818181,134.0,0.0480324074074074,0.109090909090909,Union Berlin,0.4117647058823529,1.2058823529411764,-0.5,Union Berlin,1.0,,,same_team_copy_old,Bundesliga,0.4117647058823529,1.2058823529411764,-0.5,0,0.0,0.0,0.0,anthony ujah,union berlin,STABLE_BIG5_REVIEW,0.19425837320574163
Nicolás González,es ESP,Valencia,La Liga,2022-2023,2023-2024,MF,MF,20.0,False,18.0,1405.0,1.0,1.0,1.0,0.0,0.0,0.0640569395017793,0.0640569395017793,0.1281138790035587,0.0,0,2022,2023,22161,nicolas gonzalez,valencia,,unmatched,UNMATCHED,2023-08-11,2023-08-10,duckdb_big5_first_game,no_player_id,0,0,,Valencia,La Liga,Spain,0,0,0,,,,,,,,,,,,,,,0,valencia,0,1,0,0,0,0,,,,,0,0,,,,,,,,,,,,,missing,0,,,,,,,,,,,,,Valencia,0.3157894736842105,1.105263157894737,-0.0789473684210526,Valencia,1.0,,,same_team_copy_old,La Liga,0.3157894736842105,1.105263157894737,-0.0789473684210526,0,0.0,0.0,0.0,nicolas gonzalez,valencia,STABLE_BIG5_REVIEW,0.1931818181818182
Mehdi Lacen,dz ALG,Málaga,La Liga,2017-2018,2018-2019,MF,MF,33.0,False,12.0,1118.0,0.0,0.0,0.0,0.0,0.0,0.0,0.0,0.0,0.0,0,2017,2018,17406,mehdi lacen,malaga,35539.0,exact_normalized_unique,A,2018-08-10,2018-08-09,duckdb_big5_first_game,no_summer_event,0,0,,Málaga,La Liga,Spain,0,0,0,,,,,,,,,,,,,,,0,malaga,0,1,0,0,0,0,,,,,0,0,,,800000.0,2018-05-30,3500000.0,800000.0,2018-01-01,3500000.0,1500000.0,2017-06-29,3500000.0,800000.0,historical_valuation,1,13.592368256649284,800000.0,1500000.0,0.0,-700000.0,0.0,-0.4666666666666667,3500000.0,0.2285714285714285,71.0,0.032560706401766,0.1333333333333333,Malaga,0.0,0.5263157894736842,-0.9736842105263158,Malaga,1.0,,,same_team_copy_old,La Liga,0.0,0.5263157894736842,-0.9736842105263158,0,0.0,0.0,0.0,mehdi lacen,malaga,STABLE_BIG5_REVIEW,0.19186602870813396
Jota,es ESP,Alavés,La Liga,2020-2021,2021-2022,MF,MF,29.0,False,18.0,1398.0,0.0,2.0,0.0,0.0,0.0,0.0,0.1287553648068669,0.1287553648068669,0.0,0,2020,2021,20045,jota,alaves,,unmatched,UNMATCHED,2021-08-06,2021-08-05,duckdb_big5_first_game,no_player_id,0,0,,Alavés,La Liga,Spain,0,0,0,,,,,,,,,,,,,,,0,alaves,0,1,0,0,0,0,,,,,0,0,,,,,,,,,,,,,missing,0,,,,,,,,,,,,,Alaves,0.2105263157894736,1.0,-0.5526315789473685,Alaves,1.0,,,same_team_copy_old,La Liga,0.2105263157894736,1.0,-0.5526315789473685,0,0.0,0.0,0.0,jota,alaves,STABLE_BIG5_REVIEW,0.19031100478468901
Youssouf M'Changama,km COM,Auxerre,Ligue 1,2022-2023,2023-2024,MF,MF,31.0,False,11.0,1081.0,0.0,0.0,0.0,0.0,0.0,0.0,0.0,0.0,0.0,0,2022,2023,22425,youssouf m changama,auxerre,167472.0,exact_normalized_unique,A,2023-08-11,2023-08-10,duckdb_big5_first_game,no_summer_event,0,0,,Auxerre,Ligue 1,France,0,0,0,,,,,,,,,,,,,,,0,auxerre,0,1,0,0,0,0,,,,,0,0,,,900000.0,2023-06-27,1500000.0,1000000.0,2022-11-02,1500000.0,1500000.0,2022-06-02,1500000.0,900000.0,historical_valuation,1,13.71015115341694,1000000.0,1500000.0,-100000.0,-600000.0,-0.0999999999999999,-0.4,1500000.0,0.6,44.0,0.027872582480091,0.1125,Auxerre,0.1578947368421053,0.9210526315789472,-0.7368421052631579,Auxerre,1.0,,,same_team_copy_old,Ligue 1,0.1578947368421053,0.9210526315789472,-0.7368421052631579,0,0.0,0.0,0.0,youssouf m changama,auxerre,STABLE_BIG5_REVIEW,0.18887559808612442
Cristiano Lombardi,it ITA,Benevento,Serie A,2017-2018,2018-2019,"MF,DF",MF,21.0,False,13.0,1112.0,0.0,2.0,0.0,0.0,0.0,0.0,0.1618705035971223,0.1618705035971223,0.0,0,2017,2018,16944,cristiano lombardi,benevento,240349.0,exact_normalized_unique,A,2018-08-10,2018-08-09,duckdb_big5_first_game,no_summer_event,0,0,,Benevento,Serie A,Italy,0,0,0,,,,,,,,,,,,,,,0,benevento,0,1,0,0,0,0,,,,,0,0,,,800000.0,2018-06-07,800000.0,800000.0,2017-12-29,800000.0,700000.0,2017-06-08,700000.0,800000.0,historical_valuation,1,13.592368256649284,800000.0,700000.0,0.0,100000.0,0.0,0.1428571428571428,800000.0,1.0,63.0,0.032560706401766,0.1333333333333333,Benevento,0.0,0.5526315789473685,-1.3421052631578947,Benevento,1.0,,,same_team_copy_old,Serie A,0.0,0.5526315789473685,-1.3421052631578947,0,0.0,0.0,0.0,cristiano lombardi,benevento,STABLE_BIG5_REVIEW,0.1882775119617225
Cheikh Tidiane Sabaly,SEN,Metz,Ligue 1,2023-2024,2024-2025,"FW,MF",FW,24.0,False,17.0,1379.0,3.0,1.0,3.0,0.0,0.0,0.1957940536620739,0.0652646845540246,0.2610587382160986,0.0,0,2023,2024,22585,cheikh tidiane sabaly,metz,,unmatched,UNMATCHED,2024-08-15,2024-08-14,duckdb_big5_first_game,no_player_id,0,0,,Metz,Ligue 1,France,0,0,0,,,,,,,,,,,,,,,0,metz,0,1,0,0,0,0,,,,,0,0,,,,,,,,,,,,,missing,0,,,,,,,,,,,,,Metz,0.0588235294117647,0.8529411764705882,-0.6764705882352942,Metz,1.0,,,same_team_copy_old,Ligue 1,0.0588235294117647,0.8529411764705882,-0.6764705882352942,0,0.0,0.0,0.0,cheikh tidiane sabaly,metz,STABLE_BIG5_REVIEW,0.1855263157894737
Adri Embarba,es ESP,Espanyol,La Liga,2019-2020,2020-2021,"MF,FW",FW,27.0,False,17.0,1371.0,2.0,4.0,1.0,1.0,1.0,0.1312910284463894,0.2625820568927789,0.3938730853391685,0.0,0,2019,2020,18699,adri embarba,espanyol,,unmatched,UNMATCHED,2020-08-21,2020-08-20,duckdb_big5_first_game,no_player_id,0,0,,Espanyol,La Liga,Spain,0,0,0,,,,,,,,,,,,,,,0,espanyol,0,1,0,0,0,0,,,,,0,0,,,,,,,,,,,,,missing,0,,,,,,,,,,,,,Espanol,0.0,0.6578947368421053,-0.8157894736842105,Espanol,1.0,,,same_team_copy_old,La Liga,0.0,0.6578947368421053,-0.8157894736842105,0,0.0,0.0,0.0,adri embarba,espanyol,STABLE_BIG5_REVIEW,0.1836124401913876
Georges Mandjeck,cm CMR,Metz,Ligue 1,2017-2018,2018-2019,"MF,DF",MF,28.0,False,11.0,968.0,0.0,1.0,0.0,0.0,0.0,0.0,0.0929752066115702,0.0929752066115702,0.0,0,2017,2018,17081,georges mandjeck,metz,52112.0,exact_normalized_unique,A,2018-08-10,2018-08-09,duckdb_big5_first_game,no_summer_event,0,0,,Metz,Ligue 1,France,0,0,0,,,,,,,,,,,,,,,0,metz,0,1,0,0,0,0,,,,,0,0,,,1000000.0,2018-06-04,2000000.0,1000000.0,2018-01-24,2000000.0,1250000.0,2017-06-01,2000000.0,1000000.0,historical_valuation,1,13.815511557963774,1000000.0,1250000.0,0.0,-250000.0,0.0,-0.1999999999999999,2000000.0,0.5,66.0,0.053532008830022,0.1666666666666666,Metz,0.0,0.6842105263157895,-1.105263157894737,Metz,1.0,,,same_team_copy_old,Ligue 1,0.0,0.6842105263157895,-1.105263157894737,0,0.0,0.0,0.0,georges mandjeck,metz,STABLE_BIG5_REVIEW,0.1771531100478469
Degnand Gnonto,it ITA,Leeds United,Premier League,2022-2023,2023-2024,"FW,MF",FW,18.0,False,14.0,1354.0,2.0,4.0,2.0,0.0,0.0,0.1329394387001477,0.2658788774002954,0.3988183161004431,0.0,0,2022,2023,21690,degnand gnonto,leeds united,,unmatched,UNMATCHED,2023-08-11,2023-08-10,duckdb_big5_first_game,no_player_id,0,0,,Leeds United,Premier League,England,0,0,0,,,,,,,,,,,,,,,0,leeds united,0,1,0,0,0,0,,,,,0,0,,,,,,,,,,,,,missing,0,,,,,,,,,,,,,Leeds,0.0526315789473684,0.8157894736842105,-0.7894736842105263,Leeds,1.0,,,same_team_copy_old,Premier League,0.0526315789473684,0.8157894736842105,-0.7894736842105263,0,0.0,0.0,0.0,degnand gnonto,leeds united,STABLE_BIG5_REVIEW,0.1771531100478469
Roland Sallai,hu HUN,Palermo,Serie A,2016-2017,2017-2018,"FW,MF",FW,19.0,False,11.0,957.0,1.0,0.0,1.0,0.0,0.0,0.0940438871473354,0.0,0.0940438871473354,0.0,0,2016,2017,16594,roland sallai,palermo,332798.0,exact_normalized_unique,A,2017-08-04,2017-08-03,duckdb_big5_first_game,no_summer_event,0,0,,Palermo,Serie A,Italy,0,0,0,,,,,,,,,,,,,,,0,palermo,0,1,0,0,0,0,,,,,0,0,,,1000000.0,2017-07-31,1000000.0,1000000.0,2017-01-02,1000000.0,450000.0,2016-06-01,450000.0,1000000.0,historical_valuation,1,13.815511557963774,1000000.0,450000.0,0.0,550000.0,0.0,1.2222222222222223,1000000.0,1.0,3.0,0.0724101479915433,0.1428571428571428,Palermo,0.0526315789473684,0.6842105263157895,-1.1578947368421053,Palermo,1.0,,,same_team_copy_old,Serie A,0.0526315789473684,0.6842105263157895,-1.1578947368421053,0,0.0,0.0,0.0,roland sallai,palermo,STABLE_BIG5_REVIEW,0.17260765550239238
Mickaël Barreto,fr FRA,Ajaccio,Ligue 1,2022-2023,2023-2024,MF,MF,31.0,False,15.0,1325.0,1.0,1.0,1.0,0.0,0.0,0.0679245283018867,0.0679245283018867,0.1358490566037735,0.0,0,2022,2023,22113,mickael barreto,ajaccio,,unmatched,UNMATCHED,2023-08-11,2023-08-10,duckdb_big5_first_game,no_player_id,0,0,,Ajaccio,Ligue 1,France,0,0,0,,,,,,,,,,,,,,,0,ajaccio,0,1,0,0,0,0,,,,,0,0,,,,,,,,,,,,,missing,0,,,,,,,,,,,,,Ajaccio,0.1052631578947368,0.6842105263157895,-1.3421052631578947,Ajaccio,1.0,,,same_team_copy_old,Ligue 1,0.1052631578947368,0.6842105263157895,-1.3421052631578947,0,0.0,0.0,0.0,mickael barreto,ajaccio,STABLE_BIG5_REVIEW,0.17260765550239235
Federico Cartabia,ar ARG,La Coruña,La Liga,2017-2018,2018-2019,"FW,MF",FW,24.0,False,16.0,1324.0,2.0,1.0,2.0,0.0,0.0,0.1359516616314199,0.0679758308157099,0.2039274924471299,0.0,0,2017,2018,17040,federico cartabia,la coruna,,unmatched,UNMATCHED,2018-08-10,2018-08-09,duckdb_big5_first_game,no_player_id,0,0,,La Coruña,La Liga,Spain,0,0,0,,,,,,,,,,,,,,,0,la coruna,0,1,0,0,0,0,,,,,0,0,,,,,,,,,,,,,missing,0,,,,,,,,,,,,,La Coruna,0.1052631578947368,0.7631578947368421,-1.0,La Coruna,1.0,,,same_team_copy_old,La Liga,0.1052631578947368,0.7631578947368421,-1.0,0,0.0,0.0,0.0,federico cartabia,la coruna,STABLE_BIG5_REVIEW,0.17188995215311006
Oliver McBurnie,sct SCO,Sheffield Utd,Premier League,2020-2021,2021-2022,FW,FW,24.0,False,12.0,1324.0,1.0,0.0,1.0,0.0,0.0,0.0679758308157099,0.0,0.0679758308157099,0.0,0,2020,2021,20285,oliver mcburnie,sheffield utd,,unmatched,UNMATCHED,2021-08-06,2021-08-05,duckdb_big5_first_game,no_player_id,0,0,,Sheffield Utd,Premier League,England,0,0,0,,,,,,,,,,,,,,,0,sheffield utd,0,1,0,0,0,0,,,,,0,0,,,,,,,,,,,,,missing,0,,,,,,,,,,,,,Sheffield United,0.0,0.6052631578947368,-1.131578947368421,Sheffield United,1.0,,,same_team_copy_old,Premier League,0.0,0.6052631578947368,-1.131578947368421,0,0.0,0.0,0.0,oliver mcburnie,sheffield utd,STABLE_BIG5_REVIEW,0.17188995215311006
Adam Zreľák,sk SVK,Nürnberg,Bundesliga,2018-2019,2019-2020,FW,FW,24.0,False,10.0,941.0,2.0,1.0,2.0,0.0,0.0,0.1912858660998937,0.0956429330499468,0.2869287991498406,0.0,0,2018,2019,17739,adam zrelak,nurnberg,261155.0,exact_normalized_unique,A,2019-08-09,2019-08-08,duckdb_big5_first_game,no_summer_event,0,0,,Nürnberg,Bundesliga,Germany,0,0,0,,,,,,,,,,,,,,,0,nurnberg,0,1,0,0,0,0,,,,,0,0,,,1000000.0,2019-06-05,1000000.0,1000000.0,2018-12-18,1000000.0,900000.0,2018-06-19,900000.0,1000000.0,historical_valuation,1,13.815511557963774,1000000.0,900000.0,0.0,100000.0,0.0,0.1111111111111111,1000000.0,1.0,64.0,0.0413907284768211,0.1,Nurnberg,0.0,0.5588235294117647,-1.2352941176470589,Nurnberg,1.0,,,same_team_copy_old,Bundesliga,0.0,0.5588235294117647,-1.2352941176470589,0,0.0,0.0,0.0,adam zrelak,nurnberg,STABLE_BIG5_REVIEW,0.16566985645933016
Charles,br BRA,Eibar,La Liga,2019-2020,2020-2021,FW,FW,35.0,False,13.0,1301.0,6.0,0.0,5.0,1.0,2.0,0.415065334358186,0.0,0.415065334358186,0.0,0,2019,2020,18817,charles,eibar,,unmatched,UNMATCHED,2020-08-21,2020-08-20,duckdb_big5_first_game,no_player_id,0,0,,Eibar,La Liga,Spain,0,0,0,,,,,,,,,,,,,,,0,eibar,0,1,0,0,0,0,,,,,0,0,,,,,,,,,,,,,missing,0,,,,,,,,,,,,,Eibar,0.3157894736842105,1.105263157894737,-0.4473684210526316,Eibar,1.0,,,same_team_copy_old,La Liga,0.3157894736842105,1.105263157894737,-0.4473684210526316,0,0.0,0.0,0.0,charles,eibar,STABLE_BIG5_REVIEW,0.1654306220095694
Pedro León,es ESP,Eibar,La Liga,2020-2021,2021-2022,"MF,FW",FW,33.0,False,10.0,935.0,1.0,2.0,1.0,0.0,0.0,0.0962566844919786,0.1925133689839572,0.2887700534759358,0.0,0,2020,2021,20321,pedro leon,eibar,51587.0,exact_normalized_unique,A,2021-08-06,2021-08-05,duckdb_big5_first_game,no_summer_event,0,0,,Eibar,La Liga,Spain,0,0,0,,,,,,,,,,,,,,,0,eibar,0,1,0,0,0,0,,,,,0,0,,,1000000.0,2021-06-10,10000000.0,1000000.0,2021-01-05,10000000.0,1400000.0,2020-04-08,10000000.0,1000000.0,historical_valuation,1,13.815511557963774,1000000.0,1400000.0,0.0,-400000.0,0.0,-0.2857142857142857,10000000.0,0.1,56.0,0.0368536853685368,0.1,Eibar,0.0,0.7894736842105263,-0.6052631578947368,Eibar,1.0,,,same_team_copy_old,La Liga,0.0,0.7894736842105263,-0.6052631578947368,0,0.0,0.0,0.0,pedro leon,eibar,STABLE_BIG5_REVIEW,0.16375598086124404
Cristian Molinaro,it ITA,Frosinone,Serie A,2018-2019,2019-2020,"DF,MF",MF,35.0,False,13.0,1159.0,0.0,0.0,0.0,0.0,0.0,0.0,0.0,0.0,0.0,0,2018,2019,17895,cristian molinaro,frosinone,21972.0,exact_normalized_unique,A,2019-08-09,2019-08-08,duckdb_big5_first_game,no_summer_event,0,0,,Frosinone,Serie A,Italy,0,0,0,,,,,,,,,,,,,,,0,frosinone,0,1,0,0,0,0,,,,,0,0,,,300000.0,2019-06-06,7000000.0,300000.0,2018-12-20,7000000.0,300000.0,2018-06-07,7000000.0,300000.0,historical_valuation,1,12.611541086966117,300000.0,300000.0,0.0,0.0,0.0,0.0,7000000.0,0.0428571428571428,63.0,0.0077262693156732,0.0375,Frosinone,0.0526315789473684,0.6578947368421053,-1.0526315789473684,Frosinone,1.0,,,same_team_copy_old,Serie A,0.0526315789473684,0.6578947368421053,-1.0526315789473684,0,0.0,0.0,0.0,cristian molinaro,frosinone,STABLE_BIG5_REVIEW,0.1631578947368421
Christophe Mandanne,fr FRA,Nancy,Ligue 1,2016-2017,2017-2018,FW,FW,31.0,False,9.0,932.0,1.0,1.0,1.0,0.0,0.0,0.0965665236051502,0.0965665236051502,0.1931330472103004,0.0,0,2016,2017,15953,christophe mandanne,nancy,23952.0,exact_normalized_unique,A,2017-08-04,2017-08-03,duckdb_big5_first_game,no_summer_event,0,0,,Nancy,Ligue 1,France,0,0,0,,,,,,,,,,,,,,,0,nancy,0,1,0,0,0,0,,,,,0,0,,,1000000.0,2017-06-01,2000000.0,1000000.0,2017-01-16,2000000.0,1500000.0,2016-07-13,2000000.0,1000000.0,historical_valuation,1,13.815511557963774,1000000.0,1500000.0,0.0,-500000.0,0.0,-0.3333333333333333,2000000.0,0.5,63.0,0.0724101479915433,0.1428571428571428,Nancy,0.0526315789473684,0.9210526315789472,-0.6052631578947368,Nancy,1.0,,,same_team_copy_old,Ligue 1,0.0526315789473684,0.9210526315789472,-0.6052631578947368,0,0.0,0.0,0.0,christophe mandanne,nancy,STABLE_BIG5_REVIEW,0.16232057416267945
Luciano,br BRA,Leganés,La Liga,2016-2017,2017-2018,FW,FW,23.0,False,11.0,1177.0,4.0,2.0,3.0,1.0,1.0,0.3058623619371283,0.1529311809685641,0.4587935429056924,0.0,0,2016,2017,16345,luciano,leganes,6233.0,exact_name_age_resolved,B,2017-08-04,2017-08-03,duckdb_big5_first_game,no_summer_event,0,0,,Leganés,La Liga,Spain,0,0,0,,,,,,,,,,,,,,,0,leganes,0,1,0,0,0,0,,,,,0,0,,,200000.0,2013-06-19,7000000.0,200000.0,2013-06-19,7000000.0,200000.0,2013-06-19,7000000.0,200000.0,historical_valuation,1,12.206077645517674,200000.0,200000.0,0.0,0.0,0.0,0.0,7000000.0,0.0285714285714285,1506.0,0.0042283298097251,0.0285714285714285,Leganes,0.1578947368421053,0.9210526315789472,-0.5,Leganes,1.0,,,same_team_copy_old,La Liga,0.1578947368421053,0.9210526315789472,-0.5,0,0.0,0.0,0.0,luciano,leganes,STABLE_BIG5_REVIEW,0.16196172248803828
Vincent Marchetti,fr FRA,Nancy,Ligue 1,2016-2017,2017-2018,MF,MF,19.0,False,10.0,977.0,0.0,1.0,0.0,0.0,0.0,0.0,0.0921187308085977,0.0921187308085977,0.0,0,2016,2017,16727,vincent marchetti,nancy,374040.0,exact_normalized_unique,A,2017-08-04,2017-08-03,duckdb_big5_first_game,no_summer_event,0,0,,Nancy,Ligue 1,France,0,0,0,,,,,,,,,,,,,,,0,nancy,0,1,0,0,0,0,,,,,0,0,,,900000.0,2017-06-01,900000.0,800000.0,2017-01-16,800000.0,800000.0,2016-07-13,800000.0,900000.0,historical_valuation,1,13.71015115341694,800000.0,800000.0,100000.0,100000.0,0.125,0.125,900000.0,1.0,63.0,0.0496828752642706,0.225,Nancy,0.0526315789473684,0.9210526315789472,-0.6052631578947368,Nancy,1.0,,,same_team_copy_old,Ligue 1,0.0526315789473684,0.9210526315789472,-0.6052631578947368,0,0.0,0.0,0.0,vincent marchetti,nancy,STABLE_BIG5_REVIEW,0.16160287081339714
Peter Niemeyer,de GER,Darmstadt 98,Bundesliga,2016-2017,2017-2018,"DF,MF",MF,32.0,False,13.0,1108.0,0.0,0.0,0.0,0.0,0.0,0.0,0.0,0.0,0.0,0,2016,2017,16546,peter niemeyer,darmstadt 98,4691.0,exact_normalized_unique,A,2017-08-04,2017-08-03,duckdb_big5_first_game,no_summer_event,0,0,,Darmstadt 98,Bundesliga,Germany,0,0,0,,,,,,,,,,,,,,,0,darmstadt 98,0,1,0,0,0,0,,,,,0,0,,,500000.0,2017-06-19,2500000.0,750000.0,2016-07-22,2500000.0,750000.0,2016-07-22,2500000.0,500000.0,historical_valuation,1,13.122365377402328,750000.0,750000.0,-250000.0,-250000.0,-0.3333333333333333,-0.3333333333333333,2500000.0,0.2,45.0,0.0216701902748414,0.125,Darmstadt,0.0,0.7352941176470589,-1.0294117647058822,Darmstadt,1.0,,,same_team_copy_old,Bundesliga,0.0,0.7352941176470589,-1.0294117647058822,0,0.0,0.0,0.0,peter niemeyer,darmstadt 98,STABLE_BIG5_REVIEW,0.15909090909090906
Álex Fernández,ESP,Cádiz,La Liga,2023-2024,2024-2025,MF,MF,30.0,False,14.0,1285.0,0.0,1.0,0.0,0.0,0.0,0.0,0.0700389105058365,0.0700389105058365,0.0,0,2023,2024,22463,alex fernandez,cadiz,,unmatched,UNMATCHED,2024-08-15,2024-08-14,duckdb_big5_first_game,no_player_id,0,0,,Cádiz,La Liga,Spain,0,0,0,,,,,,,,,,,,,,,0,cadiz,0,1,0,0,0,0,,,,,0,0,,,,,,,,,,,,,missing,0,,,,,,,,,,,,,Cadiz,0.1052631578947368,0.868421052631579,-0.7631578947368421,Cadiz,1.0,,,same_team_copy_old,La Liga,0.1052631578947368,0.868421052631579,-0.7631578947368421,0,0.0,0.0,0.0,alex fernandez,cadiz,STABLE_BIG5_REVIEW,0.15825358851674642
Kevin Spadanuda,ch SUI,Ajaccio,Ligue 1,2022-2023,2023-2024,"MF,FW",FW,25.0,False,13.0,1063.0,0.0,1.0,0.0,0.0,0.0,0.0,0.0846660395108184,0.0846660395108184,0.0,0,2022,2023,21976,kevin spadanuda,ajaccio,371554.0,exact_normalized_unique,A,2023-08-11,2023-08-10,duckdb_big5_first_game,no_summer_event,0,0,,Ajaccio,Ligue 1,France,0,0,0,,,,,,,,,,,,,,,0,ajaccio,0,1,0,0,0,0,,,,,0,0,,,700000.0,2023-06-27,800000.0,800000.0,2022-11-02,800000.0,550000.0,2022-06-08,550000.0,700000.0,historical_valuation,1,13.45883704259595,800000.0,550000.0,-100000.0,150000.0,-0.125,0.2727272727272727,800000.0,0.875,44.0,0.0147895335608646,0.0636363636363636,Ajaccio,0.1052631578947368,0.6842105263157895,-1.3421052631578947,Ajaccio,1.0,,,same_team_copy_old,Ligue 1,0.1052631578947368,0.6842105263157895,-1.3421052631578947,0,0.0,0.0,0.0,kevin spadanuda,ajaccio,STABLE_BIG5_REVIEW,0.1582535885167464
Wakaso,gh GHA,Alavés,La Liga,2019-2020,2020-2021,MF,MF,29.0,False,15.0,1283.0,0.0,0.0,0.0,0.0,0.0,0.0,0.0,0.0,0.0,0,2019,2020,19560,wakaso,alaves,,unmatched,UNMATCHED,2020-08-21,2020-08-20,duckdb_big5_first_game,no_player_id,0,0,,Alavés,La Liga,Spain,0,0,0,,,,,,,,,,,,,,,0,alaves,0,1,0,0,0,0,,,,,0,0,,,,,,,,,,,,,missing,0,,,,,,,,,,,,,Alaves,0.2105263157894736,1.0263157894736843,-0.6578947368421053,Alaves,1.0,,,same_team_copy_old,La Liga,0.2105263157894736,1.0263157894736843,-0.6578947368421053,0,0.0,0.0,0.0,wakaso,alaves,STABLE_BIG5_REVIEW,0.1577751196172249
Frédéric Sammaritano,fr FRA,Dijon,Ligue 1,2020-2021,2021-2022,"FW,MF",FW,34.0,False,10.0,1130.0,0.0,2.0,0.0,0.0,0.0,0.0,0.1592920353982301,0.1592920353982301,0.0,0,2020,2021,19878,frederic sammaritano,dijon,80173.0,exact_normalized_unique,A,2021-08-06,2021-08-05,duckdb_big5_first_game,no_summer_event,0,0,,Dijon,Ligue 1,France,0,0,0,,,,,,,,,,,,,,,0,dijon,0,1,0,0,0,0,,,,,0,0,,,300000.0,2021-06-04,1500000.0,325000.0,2020-10-15,1500000.0,325000.0,2020-04-08,1500000.0,300000.0,historical_valuation,1,12.611541086966117,325000.0,325000.0,-25000.0,-25000.0,-0.0769230769230768,-0.0769230769230768,1500000.0,0.2,62.0,0.0038503850385038,0.03,Dijon,0.0,0.5526315789473685,-1.263157894736842,Dijon,1.0,,,same_team_copy_old,Ligue 1,0.0,0.5526315789473685,-1.263157894736842,0,0.0,0.0,0.0,frederic sammaritano,dijon,STABLE_BIG5_REVIEW,0.15526315789473683
Victor Perea,es ESP,Espanyol,La Liga,2019-2020,2020-2021,"DF,FW",FW,19.0,False,14.0,1270.0,0.0,0.0,0.0,0.0,0.0,0.0,0.0,0.0,0.0,0,2019,2020,19552,victor perea,espanyol,,unmatched,UNMATCHED,2020-08-21,2020-08-20,duckdb_big5_first_game,no_player_id,0,0,,Espanyol,La Liga,Spain,0,0,0,,,,,,,,,,,,,,,0,espanyol,0,1,0,0,0,0,,,,,0,0,,,,,,,,,,,,,missing,0,,,,,,,,,,,,,Espanol,0.0,0.6578947368421053,-0.8157894736842105,Espanol,1.0,,,same_team_copy_old,La Liga,0.0,0.6578947368421053,-0.8157894736842105,0,0.0,0.0,0.0,victor perea,espanyol,STABLE_BIG5_REVIEW,0.1549043062200957
Cristian Buonaiuto,it ITA,Cremonese,Serie A,2022-2023,2023-2024,"MF,FW",FW,29.0,False,7.0,980.0,1.0,0.0,0.0,1.0,1.0,0.0918367346938775,0.0,0.0918367346938775,0.0,0,2022,2023,21658,cristian buonaiuto,cremonese,187384.0,exact_normalized_unique,A,2023-08-11,2023-08-10,duckdb_big5_first_game,no_summer_event,0,0,,Cremonese,Serie A,Italy,0,0,0,,,,,,,,,,,,,,,0,cremonese,0,1,0,0,0,0,,,,,0,0,,,800000.0,2023-06-15,1000000.0,800000.0,2022-11-11,1000000.0,800000.0,2022-06-06,1000000.0,800000.0,historical_valuation,1,13.592368256649284,800000.0,800000.0,0.0,0.0,0.0,0.0,1000000.0,0.8,56.0,0.0216154721274175,0.0727272727272727,Cremonese,0.0526315789473684,0.7105263157894737,-0.868421052631579,Cremonese,1.0,,,same_team_copy_old,Serie A,0.0526315789473684,0.7105263157894737,-0.868421052631579,0,0.0,0.0,0.0,cristian buonaiuto,cremonese,STABLE_BIG5_REVIEW,0.15167464114832535
Szabolcs Huszti,hu HUN,Eint Frankfurt,Bundesliga,2016-2017,2017-2018,MF,MF,33.0,False,14.0,1039.0,2.0,2.0,2.0,0.0,0.0,0.1732435033686236,0.1732435033686236,0.3464870067372473,0.0,0,2016,2017,16679,szabolcs huszti,eintracht frankfurt,18331.0,exact_normalized_unique,A,2017-08-04,2017-08-03,duckdb_big5_first_game,no_summer_event,0,0,,Eint Frankfurt,Bundesliga,Germany,0,0,0,,,,,,,,,,,,,,,0,eintracht frankfurt,0,1,0,0,0,0,,,,,0,0,,,700000.0,2017-06-19,7500000.0,1000000.0,2016-07-22,7500000.0,1000000.0,2016-07-22,7500000.0,700000.0,historical_valuation,1,13.45883704259595,1000000.0,1000000.0,-300000.0,-300000.0,-0.3,-0.3,7500000.0,0.0933333333333333,45.0,0.0327695560253699,0.175,Ein Frankfurt,0.4117647058823529,1.2352941176470589,-0.2058823529411764,Ein Frankfurt,1.0,,,same_team_copy_old,Bundesliga,0.4117647058823529,1.2352941176470589,-0.2058823529411764,0,0.0,0.0,0.0,szabolcs huszti,eint frankfurt,STABLE_BIG5_REVIEW,0.15155502392344497
Nico Ribaudo,es ESP,Espanyol,La Liga,2022-2023,2023-2024,"MF,FW",FW,21.0,False,16.0,1248.0,1.0,2.0,1.0,0.0,0.0,0.0721153846153846,0.1442307692307692,0.2163461538461538,0.0,0,2022,2023,22157,nico ribaudo,espanyol,,unmatched,UNMATCHED,2023-08-11,2023-08-10,duckdb_big5_first_game,no_player_id,0,0,,Espanyol,La Liga,Spain,0,0,0,,,,,,,,,,,,,,,0,espanyol,0,1,0,0,0,0,,,,,0,0,,,,,,,,,,,,,missing,0,,,,,,,,,,,,,Espanol,0.0526315789473684,0.9736842105263158,-0.4473684210526316,Espanol,1.0,,,same_team_copy_old,La Liga,0.0526315789473684,0.9736842105263158,-0.4473684210526316,0,0.0,0.0,0.0,nico ribaudo,espanyol,STABLE_BIG5_REVIEW,0.14772727272727273
Aitor Buñuel,es ESP,Osasuna,La Liga,2016-2017,2017-2018,"DF,MF",MF,18.0,False,10.0,1030.0,0.0,0.0,0.0,0.0,0.0,0.0,0.0,0.0,0.0,0,2016,2017,15808,aitor bunuel,osasuna,374081.0,exact_normalized_unique,A,2017-08-04,2017-08-03,duckdb_big5_first_game,no_summer_event,0,0,,Osasuna,La Liga,Spain,0,0,0,,,,,,,,,,,,,,,0,osasuna,0,1,0,0,0,0,,,,,0,0,,,600000.0,2017-06-05,600000.0,300000.0,2017-01-24,300000.0,300000.0,2016-08-01,300000.0,600000.0,historical_valuation,1,13.304686600863562,300000.0,300000.0,300000.0,300000.0,1.0,1.0,600000.0,1.0,59.0,0.0301268498942917,0.15,Osasuna,0.0526315789473684,0.5789473684210527,-1.4210526315789471,Osasuna,1.0,,,same_team_copy_old,La Liga,0.0526315789473684,0.5789473684210527,-1.4210526315789471,0,0.0,0.0,0.0,aitor bunuel,osasuna,STABLE_BIG5_REVIEW,0.1452153110047847
Nacho Gil,es ESP,Las Palmas,La Liga,2017-2018,2018-2019,"FW,MF",FW,21.0,False,10.0,958.0,0.0,1.0,0.0,0.0,0.0,0.0,0.0939457202505219,0.0939457202505219,0.0,0,2017,2018,17445,nacho gil,las palmas,336731.0,exact_normalized_unique,A,2018-08-10,2018-08-09,duckdb_big5_first_game,no_confirmed_pre_cutoff_event,0,0,,Las Palmas,La Liga,Spain,0,0,0,,,,,,,,,,,,,,,0,las palmas,0,1,0,0,0,0,,,,,0,0,,,800000.0,2018-05-30,800000.0,300000.0,2018-01-01,300000.0,300000.0,2017-06-29,300000.0,800000.0,historical_valuation,1,13.592368256649284,300000.0,300000.0,500000.0,500000.0,1.6666666666666663,1.6666666666666663,800000.0,1.0,71.0,0.032560706401766,0.1066666666666666,Las Palmas,0.0526315789473684,0.5789473684210527,-1.3157894736842106,Las Palmas,1.0,,,same_team_copy_old,La Liga,0.0526315789473684,0.5789473684210527,-1.3157894736842106,0,0.0,0.0,0.0,nacho gil,las palmas,STABLE_BIG5_REVIEW,0.1423444976076555
Romain Hamouma,fr FRA,Ajaccio,Ligue 1,2022-2023,2023-2024,"FW,MF",FW,35.0,False,14.0,1079.0,2.0,2.0,2.0,0.0,0.0,0.1668211306765523,0.1668211306765523,0.3336422613531047,0.0,0,2022,2023,22270,romain hamouma,ajaccio,98349.0,exact_normalized_unique,A,2023-08-11,2023-08-10,duckdb_big5_first_game,no_summer_event,0,0,,Ajaccio,Ligue 1,France,0,0,0,,,,,,,,,,,,,,,0,ajaccio,0,1,0,0,0,0,,,,,0,0,,,400000.0,2023-06-27,7000000.0,600000.0,2022-11-02,7000000.0,1000000.0,2022-05-30,7000000.0,400000.0,historical_valuation,1,12.899222326086994,600000.0,1000000.0,-200000.0,-600000.0,-0.3333333333333333,-0.6,7000000.0,0.0571428571428571,44.0,0.0073947667804323,0.0363636363636363,Ajaccio,0.1052631578947368,0.6842105263157895,-1.3421052631578947,Ajaccio,1.0,,,same_team_copy_old,Ligue 1,0.1052631578947368,0.6842105263157895,-1.3421052631578947,0,0.0,0.0,0.0,romain hamouma,ajaccio,STABLE_BIG5_REVIEW,0.140311004784689
Manu García,es ESP,Alavés,La Liga,2021-2022,2022-2023,MF,MF,23.0,False,10.0,1077.0,0.0,1.0,0.0,0.0,0.0,0.0,0.0835654596100278,0.0835654596100278,0.0,0,2021,2022,21096,manu garcia,alaves,76273.0,exact_name_age_resolved,B,2022-08-05,2022-08-04,duckdb_big5_first_game,no_summer_event,0,0,,Alavés,La Liga,Spain,0,0,0,,,,,,,,,,,,,,,0,alaves,0,1,0,0,0,0,,,,,0,0,,,400000.0,2022-06-20,2000000.0,500000.0,2022-01-11,2000000.0,800000.0,2021-06-10,2000000.0,400000.0,historical_valuation,1,12.899222326086994,500000.0,800000.0,-100000.0,-400000.0,-0.1999999999999999,-0.5,2000000.0,0.2,45.0,0.0046242774566473,0.0470588235294117,Alaves,0.0,0.8157894736842105,-0.8947368421052632,Alaves,1.0,,,same_team_copy_old,La Liga,0.0,0.8157894736842105,-0.8947368421052632,0,0.0,0.0,0.0,manu garcia,alaves,STABLE_BIG5_REVIEW,0.13935406698564592
Simeon Nwankwo,ng NGA,Crotone,Serie A,2017-2018,2018-2019,FW,FW,25.0,False,11.0,1219.0,7.0,1.0,7.0,0.0,0.0,0.51681706316653,0.07383100902379,0.59064807219032,0.0,0,2017,2018,17613,simeon nwankwo,crotone,,unmatched,UNMATCHED,2018-08-10,2018-08-09,duckdb_big5_first_game,no_player_id,0,0,,Crotone,Serie A,Italy,0,0,0,,,,,,,,,,,,,,,0,crotone,0,1,0,0,0,0,,,,,0,0,,,,,,,,,,,,,missing,0,,,,,,,,,,,,,Crotone,0.1052631578947368,0.9210526315789472,-0.6842105263157895,Crotone,1.0,,,same_team_copy_old,Serie A,0.1052631578947368,0.9210526315789472,-0.6842105263157895,0,0.0,0.0,0.0,simeon nwankwo,crotone,STABLE_BIG5_REVIEW,0.13839712918660288
Levan Mchedlidze,ge GEO,Empoli,Serie A,2016-2017,2017-2018,FW,FW,26.0,False,11.0,944.0,6.0,0.0,6.0,0.0,0.0,0.5720338983050848,0.0,0.5720338983050848,0.0,0,2016,2017,16324,levan mchedlidze,empoli,56912.0,exact_normalized_unique,A,2017-08-04,2017-08-03,duckdb_big5_first_game,no_summer_event,0,0,,Empoli,Serie A,Italy,0,0,0,,,,,,,,,,,,,,,0,empoli,0,1,0,0,0,0,,,,,0,0,,,800000.0,2017-06-08,1500000.0,500000.0,2017-01-02,1500000.0,500000.0,2016-07-15,1500000.0,800000.0,historical_valuation,1,13.592368256649284,500000.0,500000.0,300000.0,300000.0,0.6000000000000001,0.6000000000000001,1500000.0,0.5333333333333333,56.0,0.0412262156448203,0.1142857142857142,Empoli,0.1052631578947368,0.8421052631578947,-0.8421052631578947,Empoli,1.0,,,same_team_copy_old,Serie A,0.1052631578947368,0.8421052631578947,-0.8421052631578947,0,0.0,0.0,0.0,levan mchedlidze,empoli,STABLE_BIG5_REVIEW,0.13779904306220095
Oghenekaro Etebo,ng NGA,Las Palmas,La Liga,2017-2018,2018-2019,MF,MF,21.0,False,14.0,1215.0,0.0,1.0,0.0,0.0,0.0,0.0,0.074074074074074,0.074074074074074,0.0,0,2017,2018,17472,oghenekaro etebo,las palmas,,unmatched,UNMATCHED,2018-08-10,2018-08-09,duckdb_big5_first_game,no_player_id,0,0,,Las Palmas,La Liga,Spain,0,0,0,,,,,,,,,,,,,,,0,las palmas,0,1,0,0,0,0,,,,,0,0,,,,,,,,,,,,,missing,0,,,,,,,,,,,,,Las Palmas,0.0526315789473684,0.5789473684210527,-1.3157894736842106,Las Palmas,1.0,,,same_team_copy_old,La Liga,0.0526315789473684,0.5789473684210527,-1.3157894736842106,0,0.0,0.0,0.0,oghenekaro etebo,las palmas,STABLE_BIG5_REVIEW,0.13720095693779905
Stéphane Sessègnon,bj BEN,Montpellier,Ligue 1,2017-2018,2018-2019,"MF,FW",FW,33.0,False,11.0,985.0,1.0,2.0,1.0,0.0,0.0,0.0913705583756345,0.182741116751269,0.2741116751269035,0.0,0,2017,2018,17633,stephane sessegnon,montpellier,37157.0,exact_normalized_unique,A,2018-08-10,2018-08-09,duckdb_big5_first_game,no_summer_event,0,0,,Montpellier,Ligue 1,France,0,0,0,,,,,,,,,,,,,,,0,montpellier,0,1,0,0,0,0,,,,,0,0,,,700000.0,2018-05-29,15000000.0,1000000.0,2018-01-24,15000000.0,1000000.0,2017-06-01,15000000.0,700000.0,historical_valuation,1,13.45883704259595,1000000.0,1000000.0,-300000.0,-300000.0,-0.3,-0.3,15000000.0,0.0466666666666666,72.0,0.0220750551876379,0.0933333333333333,Montpellier,0.5263157894736843,1.3421052631578947,0.0789473684210526,Montpellier,1.0,,,same_team_copy_old,Ligue 1,0.5263157894736843,1.3421052631578947,0.0789473684210526,0,0.0,0.0,0.0,stephane sessegnon,montpellier,STABLE_BIG5_REVIEW,0.13696172248803828
Andrea Tabanelli,it ITA,Lecce,Serie A,2019-2020,2020-2021,MF,MF,29.0,False,11.0,964.0,1.0,0.0,1.0,0.0,0.0,0.0933609958506224,0.0,0.0933609958506224,0.0,0,2019,2020,18745,andrea tabanelli,lecce,134369.0,exact_normalized_unique,A,2020-08-21,2020-08-20,duckdb_big5_first_game,no_summer_event,0,0,,Lecce,Serie A,Italy,0,0,0,,,,,,,,,,,,,,,0,lecce,0,1,0,0,0,0,,,,,0,0,,,725000.0,2020-04-08,900000.0,900000.0,2019-12-12,900000.0,600000.0,2019-06-05,600000.0,725000.0,historical_valuation,1,13.493928313146206,900000.0,600000.0,-175000.0,125000.0,-0.1944444444444444,0.2083333333333332,900000.0,0.8055555555555556,134.0,0.0162037037037037,0.0966666666666666,Lecce,0.1052631578947368,0.9210526315789472,-0.868421052631579,Lecce,1.0,,,same_team_copy_old,Serie A,0.1052631578947368,0.9210526315789472,-0.868421052631579,0,0.0,0.0,0.0,andrea tabanelli,lecce,STABLE_BIG5_REVIEW,0.1339712918660287
Juan Ferney Otero,co COL,Amiens,Ligue 1,2019-2020,2020-2021,"FW,MF",FW,24.0,False,14.0,1202.0,1.0,2.0,1.0,0.0,0.0,0.0748752079866888,0.1497504159733777,0.2246256239600665,0.0,0,2019,2020,19123,juan ferney otero,amiens,,unmatched,UNMATCHED,2020-08-21,2020-08-20,duckdb_big5_first_game,no_player_id,0,0,,Amiens,Ligue 1,France,0,0,0,,,,,,,,,,,,,,,0,amiens,0,1,0,0,0,0,,,,,0,0,,,,,,,,,,,,,missing,0,,,,,,,,,,,,,Amiens,0.0526315789473684,0.8214285714285714,-0.6785714285714286,Amiens,1.0,,,same_team_copy_old,Ligue 1,0.0526315789473684,0.8214285714285714,-0.6785714285714286,0,0.0,0.0,0.0,juan ferney otero,amiens,STABLE_BIG5_REVIEW,0.1333732057416268
Axel Ngando,fr FRA,Bastia,Ligue 1,2016-2017,2017-2018,"MF,FW",FW,23.0,False,10.0,907.0,0.0,1.0,0.0,0.0,0.0,0.0,0.0992282249173098,0.0992282249173098,0.0,0,2016,2017,15893,axel ngando,bastia,170478.0,exact_normalized_unique,A,2017-08-04,2017-08-03,duckdb_big5_first_game,no_summer_event,0,0,,Bastia,Ligue 1,France,0,0,0,,,,,,,,,,,,,,,0,bastia,0,1,0,0,0,0,,,,,0,0,,,900000.0,2017-06-01,1250000.0,1000000.0,2017-01-16,1250000.0,1250000.0,2016-07-13,1250000.0,900000.0,historical_valuation,1,13.71015115341694,1000000.0,1250000.0,-100000.0,-350000.0,-0.0999999999999999,-0.28,1250000.0,0.72,63.0,0.0496828752642706,0.1285714285714285,Bastia,0.0,0.8947368421052632,-0.7368421052631579,Bastia,1.0,,,same_team_copy_old,Ligue 1,0.0,0.8947368421052632,-0.7368421052631579,0,0.0,0.0,0.0,axel ngando,bastia,STABLE_BIG5_REVIEW,0.13313397129186602
Gil Bastião Dias,pt POR,Fiorentina,Serie A,2017-2018,2018-2019,"FW,MF",FW,20.0,False,9.0,1198.0,2.0,3.0,2.0,0.0,0.0,0.1502504173622704,0.2253756260434056,0.3756260434056761,0.0,0,2017,2018,17095,gil bastiao dias,fiorentina,,unmatched,UNMATCHED,2018-08-10,2018-08-09,duckdb_big5_first_game,no_player_id,0,0,,Fiorentina,Serie A,Italy,0,0,0,,,,,,,,,,,,,,,0,fiorentina,0,1,0,0,0,0,,,,,0,0,,,,,,,,,,,,,missing,0,,,,,,,,,,,,,Fiorentina,0.631578947368421,1.5,0.2105263157894736,Fiorentina,1.0,,,same_team_copy_old,Serie A,0.631578947368421,1.5,0.2105263157894736,0,0.0,0.0,0.0,gil bastiao dias,fiorentina,STABLE_BIG5_REVIEW,0.1328947368421053
Ângelo,BRA,Strasbourg,Ligue 1,2023-2024,2024-2025,"FW,MF",FW,18.0,False,11.0,1094.0,0.0,3.0,0.0,0.0,0.0,0.0,0.2468007312614259,0.2468007312614259,0.0,0,2023,2024,22502,angelo,strasbourg,32966.0,exact_name_age_resolved,B,2024-08-15,2024-08-14,duckdb_big5_first_game,no_summer_event,0,0,,Strasbourg,Ligue 1,France,0,0,0,,,,,,,,,,,,,,,0,strasbourg,0,1,0,0,0,0,,,,,0,0,,,50000.0,2018-06-21,1500000.0,50000.0,2018-06-21,1500000.0,50000.0,2018-06-21,1500000.0,50000.0,historical_valuation,1,10.819798284210286,50000.0,50000.0,0.0,0.0,0.0,0.0,1500000.0,0.0333333333333333,2246.0,0.0011600928074245,0.0041666666666666,Strasbourg,0.2941176470588235,1.1470588235294117,-0.3529411764705882,Strasbourg,1.0,,,same_team_copy_old,Ligue 1,0.2941176470588235,1.1470588235294117,-0.3529411764705882,0,0.0,0.0,0.0,angelo,strasbourg,STABLE_BIG5_REVIEW,0.12882775119617224
Moritz Hartmann,de GER,Ingolstadt 04,Bundesliga,2016-2017,2017-2018,"MF,FW",FW,30.0,False,12.0,942.0,1.0,0.0,1.0,0.0,1.0,0.0955414012738853,0.0,0.0955414012738853,0.0,0,2016,2017,16465,moritz hartmann,ingolstadt 04,42952.0,exact_normalized_unique,A,2017-08-04,2017-08-03,duckdb_big5_first_game,no_summer_event,0,0,,Ingolstadt 04,Bundesliga,Germany,0,0,0,,,,,,,,,,,,,,,0,ingolstadt 04,0,1,0,0,0,0,,,,,0,0,,,750000.0,2017-06-19,1500000.0,1500000.0,2016-07-22,1500000.0,1500000.0,2016-07-22,1500000.0,750000.0,historical_valuation,1,13.527829818844936,1500000.0,1500000.0,-750000.0,-750000.0,-0.5,-0.5,1500000.0,0.5,45.0,0.0348837209302325,0.1071428571428571,Ingolstadt,0.0588235294117647,0.9411764705882352,-0.6176470588235294,Ingolstadt,1.0,,,same_team_copy_old,Bundesliga,0.0588235294117647,0.9411764705882352,-0.6176470588235294,0,0.0,0.0,0.0,moritz hartmann,ingolstadt 04,STABLE_BIG5_REVIEW,0.1270334928229665
Aleksei Miranchuk,RUS,Atalanta,Serie A,2023-2024,2024-2025,"MF,FW",FW,27.0,False,12.0,1176.0,3.0,5.0,3.0,0.0,0.0,0.2295918367346938,0.3826530612244898,0.6122448979591837,0.0,0,2023,2024,22459,aleksei miranchuk,atalanta,,unmatched,UNMATCHED,2024-08-15,2024-08-14,duckdb_big5_first_game,no_player_id,0,0,,Atalanta,Serie A,Italy,0,0,0,,,,,,,,,,,,,,,0,atalanta,0,1,0,0,0,0,,,,,0,0,,,,,,,,,,,,,missing,0,,,,,,,,,,,,,Atalanta,0.8421052631578947,1.8157894736842104,0.7894736842105263,Atalanta,1.0,,,same_team_copy_old,Serie A,0.8421052631578947,1.8157894736842104,0.7894736842105263,0,0.0,0.0,0.0,aleksei miranchuk,atalanta,STABLE_BIG5_REVIEW,0.1257177033492823
Elba Rashani,KVX,Clermont Foot,Ligue 1,2023-2024,2024-2025,"MF,FW",FW,30.0,False,14.0,1175.0,2.0,0.0,2.0,0.0,0.0,0.1531914893617021,0.0,0.1531914893617021,0.0,0,2023,2024,22660,elba rashani,clermont foot,,unmatched,UNMATCHED,2024-08-15,2024-08-14,duckdb_big5_first_game,no_player_id,0,0,,Clermont Foot,Ligue 1,France,0,0,0,,,,,,,,,,,,,,,0,clermont foot,0,1,0,0,0,0,,,,,0,0,,,,,,,,,,,,,missing,0,,,,,,,,,,,,,Clermont,0.0,0.7352941176470589,-1.0,Clermont,1.0,,,same_team_copy_old,Ligue 1,0.0,0.7352941176470589,-1.0,0,0.0,0.0,0.0,elba rashani,clermont foot,STABLE_BIG5_REVIEW,0.12523923444976076
Tom Lacoux,fr FRA,Bordeaux,Ligue 1,2021-2022,2022-2023,"DF,MF",MF,19.0,False,11.0,907.0,0.0,0.0,0.0,0.0,0.0,0.0,0.0,0.0,0.0,0,2021,2022,21430,tom lacoux,bordeaux,847759.0,exact_normalized_unique,A,2022-08-05,2022-08-04,duckdb_big5_first_game,no_summer_event,0,0,,Bordeaux,Ligue 1,France,0,0,0,,,,,,,,,,,,,,,0,bordeaux,0,1,0,0,0,0,,,,,0,0,,,800000.0,2022-05-30,800000.0,800000.0,2021-12-16,800000.0,800000.0,2021-06-04,800000.0,800000.0,historical_valuation,1,13.592368256649284,800000.0,800000.0,0.0,0.0,0.0,0.0,800000.0,1.0,66.0,0.0190751445086705,0.0941176470588235,Bordeaux,0.0,0.8157894736842105,-1.0263157894736843,Bordeaux,1.0,,,same_team_copy_old,Ligue 1,0.0,0.8157894736842105,-1.0263157894736843,0,0.0,0.0,0.0,tom lacoux,bordeaux,STABLE_BIG5_REVIEW,0.12272727272727273
Antony Robic,fr FRA,Nancy,Ligue 1,2016-2017,2017-2018,"FW,MF",FW,30.0,False,13.0,1162.0,0.0,0.0,0.0,0.0,1.0,0.0,0.0,0.0,0.0,0,2016,2017,15880,antony robic,nancy,,unmatched,UNMATCHED,2017-08-04,2017-08-03,duckdb_big5_first_game,no_player_id,0,0,,Nancy,Ligue 1,France,0,0,0,,,,,,,,,,,,,,,0,nancy,0,1,0,0,0,0,,,,,0,0,,,,,,,,,,,,,missing,0,,,,,,,,,,,,,Nancy,0.0526315789473684,0.9210526315789472,-0.6052631578947368,Nancy,1.0,,,same_team_copy_old,Ligue 1,0.0526315789473684,0.9210526315789472,-0.6052631578947368,0,0.0,0.0,0.0,antony robic,nancy,STABLE_BIG5_REVIEW,0.12212918660287081
Daniel Ciofani,it ITA,Cremonese,Serie A,2022-2023,2023-2024,FW,FW,37.0,False,10.0,1060.0,8.0,0.0,5.0,3.0,4.0,0.6792452830188679,0.0,0.6792452830188679,0.0,0,2022,2023,21671,daniel ciofani,cremonese,29605.0,exact_normalized_unique,A,2023-08-11,2023-08-10,duckdb_big5_first_game,no_summer_event,0,0,,Cremonese,Serie A,Italy,0,0,0,,,,,,,,,,,,,,,0,cremonese,0,1,0,0,0,0,,,,,0,0,,,200000.0,2023-06-15,1500000.0,200000.0,2022-11-11,1500000.0,200000.0,2022-06-06,1500000.0,200000.0,historical_valuation,1,12.206077645517674,200000.0,200000.0,0.0,0.0,0.0,0.0,1500000.0,0.1333333333333333,56.0,0.002844141069397,0.0181818181818181,Cremonese,0.0526315789473684,0.7105263157894737,-0.868421052631579,Cremonese,1.0,,,same_team_copy_old,Serie A,0.0526315789473684,0.7105263157894737,-0.868421052631579,0,0.0,0.0,0.0,daniel ciofani,cremonese,STABLE_BIG5_REVIEW,0.1208133971291866
Jozabed,es ESP,Celta Vigo,La Liga,2018-2019,2019-2020,MF,MF,27.0,False,14.0,1155.0,0.0,0.0,0.0,0.0,0.0,0.0,0.0,0.0,0.0,0,2018,2019,18178,jozabed,celta vigo,,unmatched,UNMATCHED,2019-08-09,2019-08-08,duckdb_big5_first_game,no_player_id,0,0,,Celta Vigo,La Liga,Spain,0,0,0,,,,,,,,,,,,,,,0,celta vigo,0,1,0,0,0,0,,,,,0,0,,,,,,,,,,,,,missing,0,,,,,,,,,,,,,Celta,0.2105263157894736,1.0789473684210529,-0.2368421052631578,Celta,1.0,,,same_team_copy_old,La Liga,0.2105263157894736,1.0789473684210529,-0.2368421052631578,0,0.0,0.0,0.0,jozabed,celta vigo,STABLE_BIG5_REVIEW,0.11901913875598086
Cucho,co COL,Watford,Premier League,2021-2022,2022-2023,"FW,MF",FW,22.0,False,11.0,1147.0,5.0,2.0,5.0,0.0,0.0,0.3923278116826503,0.1569311246730601,0.5492589363557105,0.0,0,2021,2022,20706,cucho,watford,,unmatched,UNMATCHED,2022-08-05,2022-08-04,duckdb_big5_first_game,no_player_id,0,0,,Watford,Premier League,England,0,0,0,,,,,,,,,,,,,,,0,watford,0,1,0,0,0,0,,,,,0,0,,,,,,,,,,,,,missing,0,,,,,,,,,,,,,Watford,0.0526315789473684,0.6052631578947368,-1.131578947368421,Watford,1.0,,,same_team_copy_old,Premier League,0.0526315789473684,0.6052631578947368,-1.131578947368421,0,0.0,0.0,0.0,cucho,watford,STABLE_BIG5_REVIEW,0.11686602870813398
Otávio,br BRA,Bordeaux,Ligue 1,2021-2022,2022-2023,MF,MF,27.0,False,13.0,1147.0,0.0,0.0,0.0,0.0,0.0,0.0,0.0,0.0,0.0,0,2021,2022,21241,otavio,bordeaux,,unmatched,UNMATCHED,2022-08-05,2022-08-04,duckdb_big5_first_game,no_player_id,0,0,,Bordeaux,Ligue 1,France,0,0,0,,,,,,,,,,,,,,,0,bordeaux,0,1,0,0,0,0,,,,,0,0,,,,,,,,,,,,,missing,0,,,,,,,,,,,,,Bordeaux,0.0,0.8157894736842105,-1.0263157894736843,Bordeaux,1.0,,,same_team_copy_old,Ligue 1,0.0,0.8157894736842105,-1.0263157894736843,0,0.0,0.0,0.0,otavio,bordeaux,STABLE_BIG5_REVIEW,0.11686602870813398
Luca Mora,it ITA,SPAL,Serie A,2017-2018,2018-2019,MF,MF,29.0,False,10.0,934.0,0.0,1.0,0.0,0.0,0.0,0.0,0.0963597430406852,0.0963597430406852,0.0,0,2017,2018,17298,luca mora,spal,110338.0,exact_normalized_unique,A,2018-08-10,2018-08-09,duckdb_big5_first_game,no_summer_event,0,0,,SPAL,Serie A,Italy,0,0,0,,,,,,,,,,,,,,,0,spal,0,1,0,0,0,0,,,,,0,0,,,700000.0,2018-06-18,800000.0,800000.0,2017-12-29,800000.0,800000.0,2017-06-09,800000.0,700000.0,historical_valuation,1,13.45883704259595,800000.0,800000.0,-100000.0,-100000.0,-0.125,-0.125,800000.0,0.875,52.0,0.0220750551876379,0.1166666666666666,Spal,0.1578947368421053,1.0,-0.5263157894736842,Spal,1.0,,,same_team_copy_old,Serie A,0.1578947368421053,1.0,-0.5263157894736842,0,0.0,0.0,0.0,luca mora,spal,STABLE_BIG5_REVIEW,0.1166267942583732
José Arnaiz,es ESP,Osasuna,La Liga,2019-2020,2020-2021,"FW,MF",FW,24.0,False,10.0,1128.0,2.0,1.0,2.0,0.0,0.0,0.1595744680851064,0.0797872340425532,0.2393617021276595,0.0,0,2019,2020,19110,jose arnaiz,osasuna,,unmatched,UNMATCHED,2020-08-21,2020-08-20,duckdb_big5_first_game,no_player_id,0,0,,Osasuna,La Liga,Spain,0,0,0,,,,,,,,,,,,,,,0,osasuna,0,1,0,0,0,0,,,,,0,0,,,,,,,,,,,,,missing,0,,,,,,,,,,,,,Osasuna,0.5263157894736843,1.368421052631579,-0.2105263157894736,Osasuna,1.0,,,same_team_copy_old,La Liga,0.5263157894736843,1.368421052631579,-0.2105263157894736,0,0.0,0.0,0.0,jose arnaiz,osasuna,STABLE_BIG5_REVIEW,0.10944976076555024
Luca Cigarini,it ITA,Crotone,Serie A,2020-2021,2021-2022,MF,MF,34.0,False,13.0,929.0,0.0,0.0,0.0,0.0,0.0,0.0,0.0,0.0,0.0,0,2020,2021,20108,luca cigarini,crotone,33218.0,exact_normalized_unique,A,2021-08-06,2021-08-05,duckdb_big5_first_game,no_summer_event,0,0,,Crotone,Serie A,Italy,0,0,0,,,,,,,,,,,,,,,0,crotone,0,1,0,0,0,0,,,,,0,0,,,600000.0,2021-06-03,8000000.0,800000.0,2020-12-29,8000000.0,800000.0,2020-04-08,8000000.0,600000.0,historical_valuation,1,13.304686600863562,800000.0,800000.0,-200000.0,-200000.0,-0.25,-0.25,8000000.0,0.075,63.0,0.0143014301430143,0.075,Crotone,0.0526315789473684,0.6052631578947368,-1.236842105263158,Crotone,1.0,,,same_team_copy_old,Serie A,0.0526315789473684,0.6052631578947368,-1.236842105263158,0,0.0,0.0,0.0,luca cigarini,crotone,STABLE_BIG5_REVIEW,0.10933014354066985
Guido Marilungo,it ITA,Empoli,Serie A,2016-2017,2017-2018,FW,FW,26.0,False,11.0,942.0,0.0,4.0,0.0,0.0,0.0,0.0,0.3821656050955413,0.3821656050955413,0.0,0,2016,2017,16136,guido marilungo,empoli,61786.0,exact_normalized_unique,A,2017-08-04,2017-08-03,duckdb_big5_first_game,no_confirmed_pre_cutoff_event,0,0,,Empoli,Serie A,Italy,0,0,0,,,,,,,,,,,,,,,0,empoli,0,1,0,0,0,0,,,,,0,0,,,500000.0,2017-06-08,4400000.0,600000.0,2017-01-02,4400000.0,600000.0,2016-06-13,4400000.0,500000.0,historical_valuation,1,13.122365377402328,600000.0,600000.0,-100000.0,-100000.0,-0.1666666666666666,-0.1666666666666666,4400000.0,0.1136363636363636,56.0,0.0216701902748414,0.0714285714285714,Empoli,0.1052631578947368,0.8421052631578947,-0.8421052631578947,Empoli,1.0,,,same_team_copy_old,Serie A,0.1052631578947368,0.8421052631578947,-0.8421052631578947,0,0.0,0.0,0.0,guido marilungo,empoli,STABLE_BIG5_REVIEW,0.10765550239234448
Oliver Arblaster,ENG,Sheffield Utd,Premier League,2023-2024,2024-2025,MF,MF,19.0,False,11.0,943.0,0.0,0.0,0.0,0.0,0.0,0.0,0.0,0.0,0.0,0,2023,2024,23115,oliver arblaster,sheffield utd,874066.0,exact_normalized_unique,A,2024-08-15,2024-08-14,duckdb_big5_first_game,no_summer_event,0,0,,Sheffield Utd,Premier League,England,0,0,0,,,,,,,,,,,,,,,0,sheffield utd,0,1,0,0,0,0,,,,,0,0,,,450000.0,2024-05-27,450000.0,450000.0,2023-12-27,450000.0,,,,450000.0,historical_valuation,1,13.017005083966255,450000.0,,0.0,,0.0,,450000.0,1.0,79.0,0.0046403712296983,0.05625,Sheffield United,0.0,0.4210526315789473,-1.8157894736842104,Sheffield United,1.0,,,same_team_copy_old,Premier League,0.0,0.4210526315789473,-1.8157894736842104,0,0.0,0.0,0.0,oliver arblaster,sheffield utd,STABLE_BIG5_REVIEW,0.1033492822966507
Jaime Romero,es ESP,Osasuna,La Liga,2016-2017,2017-2018,"MF,FW",FW,26.0,False,8.0,904.0,0.0,4.0,0.0,0.0,0.0,0.0,0.3982300884955752,0.3982300884955752,0.0,0,2016,2017,16181,jaime romero,osasuna,81998.0,exact_normalized_unique,A,2017-08-04,2017-08-03,duckdb_big5_first_game,no_summer_event,0,0,,Osasuna,La Liga,Spain,0,0,0,,,,,,,,,,,,,,,0,osasuna,0,1,0,0,0,0,,,,,0,0,,,600000.0,2017-06-05,1500000.0,600000.0,2017-01-24,1500000.0,500000.0,2016-07-15,1500000.0,600000.0,historical_valuation,1,13.304686600863562,600000.0,500000.0,0.0,100000.0,0.0,0.1999999999999999,1500000.0,0.4,59.0,0.0301268498942917,0.0857142857142857,Osasuna,0.0526315789473684,0.5789473684210527,-1.4210526315789471,Osasuna,1.0,,,same_team_copy_old,La Liga,0.0526315789473684,0.5789473684210527,-1.4210526315789471,0,0.0,0.0,0.0,jaime romero,osasuna,STABLE_BIG5_REVIEW,0.10095693779904305
Alessandro Bruno,it ITA,Pescara,Serie A,2016-2017,2017-2018,"MF,DF",MF,33.0,False,10.0,974.0,0.0,0.0,0.0,0.0,0.0,0.0,0.0,0.0,0.0,0,2016,2017,15816,alessandro bruno,pescara,77910.0,exact_normalized_unique,A,2017-08-04,2017-08-03,duckdb_big5_first_game,no_summer_event,0,0,,Pescara,Serie A,Italy,0,0,0,,,,,,,,,,,,,,,0,pescara,0,1,0,0,0,0,,,,,0,0,,,100000.0,2017-06-08,400000.0,100000.0,2017-01-02,400000.0,100000.0,2016-06-13,400000.0,100000.0,historical_valuation,1,11.51293546492023,100000.0,100000.0,0.0,0.0,0.0,0.0,400000.0,0.25,56.0,0.0015856236786469,0.025,Pescara,0.0,0.4736842105263157,-1.1578947368421053,Pescara,1.0,,,same_team_copy_old,Serie A,0.0,0.4736842105263157,-1.1578947368421053,0,0.0,0.0,0.0,alessandro bruno,pescara,STABLE_BIG5_REVIEW,0.09521531100478468
Pape Cheikh Diop,sn SEN,Dijon,Ligue 1,2020-2021,2021-2022,MF,MF,22.0,False,13.0,1089.0,0.0,0.0,0.0,0.0,0.0,0.0,0.0,0.0,0.0,0,2020,2021,20305,pape cheikh diop,dijon,,unmatched,UNMATCHED,2021-08-06,2021-08-05,duckdb_big5_first_game,no_player_id,0,0,,Dijon,Ligue 1,France,0,0,0,,,,,,,,,,,,,,,0,dijon,0,1,0,0,0,0,,,,,0,0,,,,,,,,,,,,,missing,0,,,,,,,,,,,,,Dijon,0.0,0.5526315789473685,-1.263157894736842,Dijon,1.0,,,same_team_copy_old,Ligue 1,0.0,0.5526315789473685,-1.263157894736842,0,0.0,0.0,0.0,pape cheikh diop,dijon,STABLE_BIG5_REVIEW,0.0946172248803828
Pedrosa,es ESP,Espanyol,La Liga,2019-2020,2020-2021,"DF,MF",MF,21.0,False,11.0,1087.0,1.0,0.0,1.0,0.0,0.0,0.0827966881324747,0.0,0.0827966881324747,0.0,0,2019,2020,19377,pedrosa,espanyol,,unmatched,UNMATCHED,2020-08-21,2020-08-20,duckdb_big5_first_game,no_player_id,0,0,,Espanyol,La Liga,Spain,0,0,0,,,,,,,,,,,,,,,0,espanyol,0,1,0,0,0,0,,,,,0,0,,,,,,,,,,,,,missing,0,,,,,,,,,,,,,Espanol,0.0,0.6578947368421053,-0.8157894736842105,Espanol,1.0,,,same_team_copy_old,La Liga,0.0,0.6578947368421053,-0.8157894736842105,0,0.0,0.0,0.0,pedrosa,espanyol,STABLE_BIG5_REVIEW,0.09413875598086124
Yevhen Shakhov,ua UKR,Lecce,Serie A,2019-2020,2020-2021,"MF,FW",FW,28.0,False,9.0,1085.0,1.0,2.0,1.0,0.0,0.0,0.0829493087557603,0.1658986175115207,0.2488479262672811,0.0,0,2019,2020,19585,yevhen shakhov,lecce,,unmatched,UNMATCHED,2020-08-21,2020-08-20,duckdb_big5_first_game,no_player_id,0,0,,Lecce,Serie A,Italy,0,0,0,,,,,,,,,,,,,,,0,lecce,0,1,0,0,0,0,,,,,0,0,,,,,,,,,,,,,missing,0,,,,,,,,,,,,,Lecce,0.1052631578947368,0.9210526315789472,-0.868421052631579,Lecce,1.0,,,same_team_copy_old,Serie A,0.1052631578947368,0.9210526315789472,-0.868421052631579,0,0.0,0.0,0.0,yevhen shakhov,lecce,STABLE_BIG5_REVIEW,0.09366028708133972
Maranhão,br BRA,Valencia,La Liga,2021-2022,2022-2023,"FW,MF",FW,24.0,False,8.0,973.0,1.0,3.0,1.0,0.0,0.0,0.092497430626927,0.277492291880781,0.3699897225077081,0.0,0,2021,2022,21102,maranhao,valencia,642591.0,exact_normalized_unique,A,2022-08-05,2022-08-04,duckdb_big5_first_game,no_summer_event,0,0,,Valencia,La Liga,Spain,0,0,0,,,,,,,,,,,,,,,0,valencia,0,1,0,0,0,0,,,,,0,0,,,50000.0,2020-09-09,50000.0,50000.0,2020-09-09,50000.0,50000.0,2020-09-09,50000.0,50000.0,historical_valuation,1,10.819798284210286,50000.0,50000.0,0.0,0.0,0.0,0.0,50000.0,1.0,694.0,0.0011560693641618,0.0043478260869565,Valencia,0.5789473684210527,1.263157894736842,-0.131578947368421,Valencia,1.0,,,same_team_copy_old,La Liga,0.5789473684210527,1.263157894736842,-0.131578947368421,0,0.0,0.0,0.0,maranhao,valencia,STABLE_BIG5_REVIEW,0.09342105263157895
Eli Junior Kroupi,FRA,Lorient,Ligue 1,2023-2024,2024-2025,"FW,MF",FW,17.0,False,11.0,1084.0,5.0,3.0,5.0,0.0,0.0,0.4151291512915129,0.2490774907749077,0.6642066420664207,0.0,0,2023,2024,22662,eli junior kroupi,lorient,,unmatched,UNMATCHED,2024-08-15,2024-08-14,duckdb_big5_first_game,no_player_id,0,0,,Lorient,Ligue 1,France,0,0,0,,,,,,,,,,,,,,,0,lorient,0,1,0,0,0,0,,,,,0,0,,,,,,,,,,,,,missing,0,,,,,,,,,,,,,Lorient,0.1176470588235294,0.8529411764705882,-0.6764705882352942,Lorient,1.0,,,same_team_copy_old,Ligue 1,0.1176470588235294,0.8529411764705882,-0.6764705882352942,0,0.0,0.0,0.0,eli junior kroupi,lorient,STABLE_BIG5_REVIEW,0.09318181818181819
João Mário,pt POR,Inter,Serie A,2018-2019,2019-2020,"MF,FW",FW,25.0,False,12.0,1082.0,1.0,2.0,1.0,0.0,0.0,0.0831792975970425,0.166358595194085,0.2495378927911275,0.0,0,2018,2019,18138,joao mario,inter,,unmatched,UNMATCHED,2019-08-09,2019-08-08,duckdb_big5_first_game,no_player_id,0,0,,Inter,Serie A,Italy,0,0,0,,,,,,,,,,,,,,,0,inter,0,1,0,0,0,0,,,,,0,0,,,,,,,,,,,,,missing,0,,,,,,,,,,,,,Inter,0.8421052631578947,1.8157894736842104,0.631578947368421,Inter,1.0,,,same_team_copy_old,Serie A,0.8421052631578947,1.8157894736842104,0.631578947368421,0,0.0,0.0,0.0,joao mario,inter,STABLE_BIG5_REVIEW,0.09198564593301436
Sergio Floccari,it ITA,SPAL,Serie A,2019-2020,2020-2021,FW,FW,37.0,False,9.0,942.0,1.0,0.0,1.0,0.0,0.0,0.0955414012738853,0.0,0.0955414012738853,0.0,0,2019,2020,19486,sergio floccari,spal,30638.0,exact_normalized_unique,A,2020-08-21,2020-08-20,duckdb_big5_first_game,no_summer_event,0,0,,SPAL,Serie A,Italy,0,0,0,,,,,,,,,,,,,,,0,spal,0,1,0,0,0,0,,,,,0,0,,,300000.0,2019-12-12,11000000.0,300000.0,2019-12-12,11000000.0,300000.0,2019-06-06,11000000.0,300000.0,historical_valuation,1,12.611541086966117,300000.0,300000.0,0.0,0.0,0.0,0.0,11000000.0,0.0272727272727272,252.0,0.0011574074074074,0.0272727272727272,Spal,0.0,0.5263157894736842,-1.3157894736842106,Spal,1.0,,,same_team_copy_old,Serie A,0.0,0.5263157894736842,-1.3157894736842106,0,0.0,0.0,0.0,sergio floccari,spal,STABLE_BIG5_REVIEW,0.09186602870813396
Sergio Pellissier,it ITA,Chievo,Serie A,2018-2019,2019-2020,FW,FW,39.0,False,12.0,953.0,4.0,1.0,3.0,1.0,2.0,0.3777544596012592,0.0944386149003148,0.4721930745015739,0.0,0,2018,2019,18582,sergio pellissier,chievo,5928.0,exact_normalized_unique,A,2019-08-09,2019-08-08,duckdb_big5_first_game,no_summer_event,0,0,,Chievo,Serie A,Italy,0,0,0,,,,,,,,,,,,,,,0,chievo,0,1,0,0,0,0,,,,,0,0,,,200000.0,2019-06-06,7000000.0,200000.0,2018-12-20,7000000.0,200000.0,2018-06-07,7000000.0,200000.0,historical_valuation,1,12.206077645517674,200000.0,200000.0,0.0,0.0,0.0,0.0,7000000.0,0.0285714285714285,63.0,0.0011037527593818,0.02,Chievo,0.0,0.5263157894736842,-1.3157894736842106,Chievo,1.0,,,same_team_copy_old,Serie A,0.0,0.5263157894736842,-1.3157894736842106,0,0.0,0.0,0.0,sergio pellissier,chievo,STABLE_BIG5_REVIEW,0.08851674641148324
Antonio Vacca,it ITA,Venezia,Serie A,2021-2022,2022-2023,MF,MF,31.0,False,15.0,1064.0,0.0,0.0,0.0,0.0,0.0,0.0,0.0,0.0,0.0,0,2021,2022,20635,antonio vacca,venezia,,unmatched,UNMATCHED,2022-08-05,2022-08-04,duckdb_big5_first_game,no_player_id,0,0,,Venezia,Serie A,Italy,0,0,0,,,,,,,,,,,,,,,0,venezia,0,1,0,0,0,0,,,,,0,0,,,,,,,,,,,,,missing,0,,,,,,,,,,,,,Venezia,0.0,0.7105263157894737,-0.9210526315789472,Venezia,1.0,,,same_team_copy_old,Serie A,0.0,0.7105263157894737,-0.9210526315789472,0,0.0,0.0,0.0,antonio vacca,venezia,STABLE_BIG5_REVIEW,0.08696172248803828
Kostas Stafylidis,gr GRE,Bochum,Bundesliga,2022-2023,2023-2024,"DF,MF",MF,28.0,False,11.0,1043.0,0.0,2.0,0.0,0.0,0.0,0.0,0.1725790987535954,0.1725790987535954,0.0,0,2022,2023,21991,kostas stafylidis,bochum,,unmatched,UNMATCHED,2023-08-11,2023-08-10,duckdb_big5_first_game,no_player_id,0,0,,Bochum,Bundesliga,Germany,0,0,0,,,,,,,,,,,,,,,0,bochum,0,1,0,0,0,0,,,,,0,0,,,,,,,,,,,,,missing,0,,,,,,,,,,,,,Bochum,0.2352941176470588,1.0294117647058822,-0.9411764705882352,Bochum,1.0,,,same_team_copy_old,Bundesliga,0.2352941176470588,1.0294117647058822,-0.9411764705882352,0,0.0,0.0,0.0,kostas stafylidis,bochum,STABLE_BIG5_REVIEW,0.08026315789473684
Antoñito,es ESP,Valladolid,La Liga,2019-2020,2020-2021,"DF,MF",MF,31.0,False,11.0,1029.0,0.0,0.0,0.0,0.0,0.0,0.0,0.0,0.0,0.0,0,2019,2020,18771,antonito,valladolid,,unmatched,UNMATCHED,2020-08-21,2020-08-20,duckdb_big5_first_game,no_player_id,0,0,,Valladolid,La Liga,Spain,0,0,0,,,,,,,,,,,,,,,0,valladolid,0,1,0,0,0,0,,,,,0,0,,,,,,,,,,,,,missing,0,,,,,,,,,,,,,Valladolid,0.368421052631579,1.105263157894737,-0.2894736842105263,Valladolid,1.0,,,same_team_copy_old,La Liga,0.368421052631579,1.105263157894737,-0.2894736842105263,0,0.0,0.0,0.0,antonito,valladolid,STABLE_BIG5_REVIEW,0.07834928229665072
Sehrou Guirassy,gn GUI,Rennes,Ligue 1,2021-2022,2022-2023,FW,FW,25.0,False,7.0,1016.0,9.0,0.0,9.0,0.0,0.0,0.797244094488189,0.0,0.797244094488189,0.0,0,2021,2022,21364,sehrou guirassy,rennes,,unmatched,UNMATCHED,2022-08-05,2022-08-04,duckdb_big5_first_game,no_player_id,0,0,,Rennes,Ligue 1,France,0,0,0,,,,,,,,,,,,,,,0,rennes,0,1,0,0,0,0,,,,,0,0,,,,,,,,,,,,,missing,0,,,,,,,,,,,,,Rennes,0.7894736842105263,1.736842105263158,1.105263157894737,Rennes,1.0,,,same_team_copy_old,Ligue 1,0.7894736842105263,1.736842105263158,1.105263157894737,0,0.0,0.0,0.0,sehrou guirassy,rennes,STABLE_BIG5_REVIEW,0.07308612440191388
Banzouzi Locko,fr FRA,Reims,Ligue 1,2021-2022,2022-2023,"MF,DF",MF,19.0,False,11.0,1011.0,1.0,1.0,1.0,0.0,0.0,0.0890207715133531,0.0890207715133531,0.1780415430267062,0.0,0,2021,2022,20653,banzouzi locko,reims,,unmatched,UNMATCHED,2022-08-05,2022-08-04,duckdb_big5_first_game,no_player_id,0,0,,Reims,Ligue 1,France,0,0,0,,,,,,,,,,,,,,,0,reims,0,1,0,0,0,0,,,,,0,0,,,,,,,,,,,,,missing,0,,,,,,,,,,,,,Reims,0.4210526315789473,1.2105263157894737,-0.0263157894736842,Reims,1.0,,,same_team_copy_old,Ligue 1,0.4210526315789473,1.2105263157894737,-0.0263157894736842,0,0.0,0.0,0.0,banzouzi locko,reims,STABLE_BIG5_REVIEW,0.07212918660287082
Florentino Luís,pt POR,Getafe,La Liga,2021-2022,2022-2023,MF,MF,21.0,False,9.0,992.0,0.0,1.0,0.0,0.0,0.0,0.0,0.0907258064516129,0.0907258064516129,0.0,0,2021,2022,20809,florentino luis,getafe,,unmatched,UNMATCHED,2022-08-05,2022-08-04,duckdb_big5_first_game,no_player_id,0,0,,Getafe,La Liga,Spain,0,0,0,,,,,,,,,,,,,,,0,getafe,0,1,0,0,0,0,,,,,0,0,,,,,,,,,,,,,missing,0,,,,,,,,,,,,,Getafe,0.2631578947368421,1.0263157894736843,-0.2105263157894736,Getafe,1.0,,,same_team_copy_old,La Liga,0.2631578947368421,1.0263157894736843,-0.2105263157894736,0,0.0,0.0,0.0,florentino luis,getafe,STABLE_BIG5_REVIEW,0.06758373205741627
Alejandro Pozo Pozo,ESP,Almería,La Liga,2023-2024,2024-2025,"DF,MF",MF,24.0,False,9.0,976.0,0.0,0.0,0.0,0.0,0.0,0.0,0.0,0.0,0.0,0,2023,2024,22456,alejandro pozo pozo,almeria,,unmatched,UNMATCHED,2024-08-15,2024-08-14,duckdb_big5_first_game,no_player_id,0,0,,Almería,La Liga,Spain,0,0,0,,,,,,,,,,,,,,,0,almeria,0,1,0,0,0,0,,,,,0,0,,,,,,,,,,,,,missing,0,,,,,,,,,,,,,Almeria,0.0526315789473684,0.5526315789473685,-0.8421052631578947,Almeria,1.0,,,same_team_copy_old,La Liga,0.0526315789473684,0.5526315789473685,-0.8421052631578947,0,0.0,0.0,0.0,alejandro pozo pozo,almeria,STABLE_BIG5_REVIEW,0.06327751196172249
Fernandinho,br BRA,Manchester City,Premier League,2021-2022,2022-2023,"MF,DF",MF,36.0,False,10.0,964.0,2.0,1.0,2.0,0.0,0.0,0.1867219917012448,0.0933609958506224,0.2800829875518672,0.0,0,2021,2022,20799,fernandinho,manchester city,,unmatched,UNMATCHED,2022-08-05,2022-08-04,duckdb_big5_first_game,no_player_id,0,0,,Manchester City,Premier League,England,0,0,0,,,,,,,,,,,,,,,0,manchester city,0,1,0,0,0,0,,,,,0,0,,,,,,,,,,,,,missing,0,,,,,,,,,,,,,Man City,1.0,2.4473684210526314,1.921052631578948,Man City,1.0,,,same_team_copy_old,Premier League,1.0,2.4473684210526314,1.921052631578948,0,0.0,0.0,0.0,fernandinho,manchester city,STABLE_BIG5_REVIEW,0.05753588516746412
Míchel,es ESP,Valladolid,La Liga,2020-2021,2021-2022,MF,MF,32.0,False,10.0,946.0,2.0,0.0,2.0,0.0,0.0,0.1902748414376321,0.0,0.1902748414376321,0.0,0,2020,2021,20217,michel,valladolid,,unmatched,UNMATCHED,2021-08-06,2021-08-05,duckdb_big5_first_game,no_player_id,0,0,,Valladolid,La Liga,Spain,0,0,0,,,,,,,,,,,,,,,0,valladolid,0,1,0,0,0,0,,,,,0,0,,,,,,,,,,,,,missing,0,,,,,,,,,,,,,Valladolid,0.0526315789473684,0.8157894736842105,-0.6052631578947368,Valladolid,1.0,,,same_team_copy_old,La Liga,0.0526315789473684,0.8157894736842105,-0.6052631578947368,0,0.0,0.0,0.0,michel,valladolid,STABLE_BIG5_REVIEW,0.05131578947368422
Mbwana Samatta,tz TAN,Aston Villa,Premier League,2019-2020,2020-2021,FW,FW,26.0,False,11.0,943.0,1.0,0.0,1.0,0.0,0.0,0.0954400848356309,0.0,0.0954400848356309,0.0,0,2019,2020,19283,mbwana samatta,aston villa,,unmatched,UNMATCHED,2020-08-21,2020-08-20,duckdb_big5_first_game,no_player_id,0,0,,Aston Villa,Premier League,England,0,0,0,,,,,,,,,,,,,,,0,aston villa,0,1,0,0,0,0,,,,,0,0,,,,,,,,,,,,,missing,0,,,,,,,,,,,,,Aston Villa,0.1578947368421053,0.9210526315789472,-0.6842105263157895,Aston Villa,1.0,,,same_team_copy_old,Premier League,0.1578947368421053,0.9210526315789472,-0.6842105263157895,0,0.0,0.0,0.0,mbwana samatta,aston villa,STABLE_BIG5_REVIEW,0.04988038277511962
Federico Palacios Martínez,de GER,Nürnberg,Bundesliga,2018-2019,2019-2020,"MF,FW",FW,23.0,False,9.0,942.0,2.0,0.0,2.0,0.0,0.0,0.1910828025477706,0.0,0.1910828025477706,0.0,0,2018,2019,17996,federico palacios martinez,nurnberg,,unmatched,UNMATCHED,2019-08-09,2019-08-08,duckdb_big5_first_game,no_player_id,0,0,,Nürnberg,Bundesliga,Germany,0,0,0,,,,,,,,,,,,,,,0,nurnberg,0,1,0,0,0,0,,,,,0,0,,,,,,,,,,,,,missing,0,,,,,,,,,,,,,Nurnberg,0.0,0.5588235294117647,-1.2352941176470589,Nurnberg,1.0,,,same_team_copy_old,Bundesliga,0.0,0.5588235294117647,-1.2352941176470589,0,0.0,0.0,0.0,federico palacios martinez,nurnberg,STABLE_BIG5_REVIEW,0.04844497607655503
Moanes Dabbur,il ISR,Hoffenheim,Bundesliga,2022-2023,2023-2024,FW,FW,30.0,False,8.0,933.0,6.0,2.0,6.0,0.0,0.0,0.5787781350482315,0.1929260450160771,0.7717041800643086,0.0,0,2022,2023,22124,moanes dabbur,hoffenheim,,unmatched,UNMATCHED,2023-08-11,2023-08-10,duckdb_big5_first_game,no_player_id,0,0,,Hoffenheim,Bundesliga,Germany,0,0,0,,,,,,,,,,,,,,,0,hoffenheim,0,1,0,0,0,0,,,,,0,0,,,,,,,,,,,,,missing,0,,,,,,,,,,,,,Hoffenheim,0.3529411764705882,1.0588235294117647,-0.2647058823529412,Hoffenheim,1.0,,,same_team_copy_old,Bundesliga,0.3529411764705882,1.0588235294117647,-0.2647058823529412,0,0.0,0.0,0.0,moanes dabbur,hoffenheim,STABLE_BIG5_REVIEW,0.04437799043062201
Luis Javier Suárez,COL,Almería,La Liga,2023-2024,2024-2025,FW,FW,25.0,False,10.0,917.0,6.0,0.0,5.0,1.0,1.0,0.5888767720828789,0.0,0.5888767720828789,0.0,0,2023,2024,22966,luis javier suarez,almeria,,unmatched,UNMATCHED,2024-08-15,2024-08-14,duckdb_big5_first_game,no_player_id,0,0,,Almería,La Liga,Spain,0,0,0,,,,,,,,,,,,,,,0,almeria,0,1,0,0,0,0,,,,,0,0,,,,,,,,,,,,,missing,0,,,,,,,,,,,,,Almeria,0.0526315789473684,0.5526315789473685,-0.8421052631578947,Almeria,1.0,,,same_team_copy_old,La Liga,0.0526315789473684,0.5526315789473685,-0.8421052631578947,0,0.0,0.0,0.0,luis javier suarez,almeria,STABLE_BIG5_REVIEW,0.038636363636363635
Tosin Aiyegun,BEN,Lorient,Ligue 1,2023-2024,2024-2025,"MF,FW",FW,25.0,False,10.0,902.0,2.0,0.0,2.0,0.0,0.0,0.1995565410199556,0.0,0.1995565410199556,0.0,0,2023,2024,23295,tosin aiyegun,lorient,,unmatched,UNMATCHED,2024-08-15,2024-08-14,duckdb_big5_first_game,no_player_id,0,0,,Lorient,Ligue 1,France,0,0,0,,,,,,,,,,,,,,,0,lorient,0,1,0,0,0,0,,,,,0,0,,,,,,,,,,,,,missing,0,,,,,,,,,,,,,Lorient,0.1176470588235294,0.8529411764705882,-0.6764705882352942,Lorient,1.0,,,same_team_copy_old,Ligue 1,0.1176470588235294,0.8529411764705882,-0.6764705882352942,0,0.0,0.0,0.0,tosin aiyegun,lorient,STABLE_BIG5_REVIEW,0.0333732057416268
Silas Katompa,COD,Stuttgart,Bundesliga,2023-2024,2024-2025,"FW,MF",FW,24.0,False,8.0,900.0,5.0,2.0,5.0,0.0,1.0,0.5,0.2,0.7,0.0,0,2023,2024,23252,silas katompa,stuttgart,,unmatched,UNMATCHED,2024-08-15,2024-08-14,duckdb_big5_first_game,no_player_id,0,0,,Stuttgart,Bundesliga,Germany,0,0,0,,,,,,,,,,,,,,,0,stuttgart,0,1,0,0,0,0,,,,,0,0,,,,,,,,,,,,,missing,0,,,,,,,,,,,,,Stuttgart,0.9411764705882352,2.147058823529412,1.1470588235294117,Stuttgart,1.0,,,same_team_copy_old,Bundesliga,0.9411764705882352,2.147058823529412,1.1470588235294117,0,0.0,0.0,0.0,silas katompa,stuttgart,STABLE_BIG5_REVIEW,0.03241626794258373
