league,season,team_name,position,played,wins,draws,losses,goals_for,goals_against,goal_difference,points,team_goals_per_game,team_goals_against_per_game,team_points_per_game,team_goal_diff_per_game,team_win_rate,league_team_count,team_rank_pct,league_avg_goals_per_game,team_attack_strength,team_defense_strength
Bundesliga,2000-2001,Bayern Munich,1,34,19,6,9,62,37,25,63,1.8235294117647058,1.088235294117647,1.8529411764705883,0.7352941176470589,0.5588235294117647,18,1.0,1.465686274509804,1.2441471571906353,1.346846846846847
Bundesliga,2000-2001,Schalke 04,2,34,18,8,8,65,35,30,62,1.911764705882353,1.0294117647058822,1.8235294117647058,0.8823529411764706,0.5294117647058824,18,0.9411764705882353,1.465686274509804,1.3043478260869565,1.423809523809524
Bundesliga,2000-2001,Dortmund,3,34,16,10,8,62,42,20,58,1.8235294117647058,1.2352941176470589,1.7058823529411764,0.5882352941176471,0.47058823529411764,18,0.8823529411764706,1.465686274509804,1.2441471571906353,1.1865079365079365
Bundesliga,2000-2001,Leverkusen,4,34,17,6,11,54,40,14,57,1.588235294117647,1.1764705882352942,1.6764705882352942,0.4117647058823529,0.5,18,0.8235294117647058,1.465686274509804,1.0836120401337792,1.2458333333333333
Bundesliga,2000-2001,Hertha,5,34,18,2,14,58,52,6,56,1.7058823529411764,1.5294117647058822,1.6470588235294117,0.17647058823529413,0.5294117647058824,18,0.7647058823529411,1.465686274509804,1.1638795986622072,0.9583333333333335
Bundesliga,2000-2001,Freiburg,6,34,15,10,9,54,37,17,55,1.588235294117647,1.088235294117647,1.6176470588235294,0.5,0.4411764705882353,18,0.7058823529411764,1.465686274509804,1.0836120401337792,1.346846846846847
Bundesliga,2000-2001,Werder Bremen,7,34,15,8,11,53,48,5,53,1.5588235294117647,1.411764705882353,1.5588235294117647,0.14705882352941177,0.4411764705882353,18,0.6470588235294117,1.465686274509804,1.0635451505016722,1.0381944444444444
Bundesliga,2000-2001,Kaiserslautern,8,34,15,5,14,49,54,-5,50,1.4411764705882353,1.588235294117647,1.4705882352941178,-0.14705882352941177,0.4411764705882353,18,0.5882352941176471,1.465686274509804,0.983277591973244,0.9228395061728396
Bundesliga,2000-2001,Wolfsburg,9,34,12,11,11,60,45,15,47,1.7647058823529411,1.3235294117647058,1.3823529411764706,0.4411764705882353,0.35294117647058826,18,0.5294117647058824,1.465686274509804,1.2040133779264213,1.1074074074074076
Bundesliga,2000-2001,FC Koln,10,34,12,10,12,59,52,7,46,1.7352941176470589,1.5294117647058822,1.3529411764705883,0.20588235294117646,0.35294117647058826,18,0.47058823529411764,1.465686274509804,1.1839464882943143,0.9583333333333335
Bundesliga,2000-2001,Munich 1860,11,34,12,8,14,43,55,-12,44,1.2647058823529411,1.6176470588235294,1.2941176470588236,-0.35294117647058826,0.35294117647058826,18,0.4117647058823529,1.465686274509804,0.8628762541806019,0.9060606060606061
Bundesliga,2000-2001,Hansa Rostock,12,34,12,7,15,34,47,-13,43,1.0,1.3823529411764706,1.2647058823529411,-0.38235294117647056,0.35294117647058826,18,0.3529411764705882,1.465686274509804,0.6822742474916388,1.0602836879432624
Bundesliga,2000-2001,Hamburg,13,34,10,11,13,58,58,0,41,1.7058823529411764,1.7058823529411764,1.2058823529411764,0.0,0.29411764705882354,18,0.2941176470588235,1.465686274509804,1.1638795986622072,0.8591954022988507
Bundesliga,2000-2001,Cottbus,14,34,12,3,19,38,52,-14,39,1.1176470588235294,1.5294117647058822,1.1470588235294117,-0.4117647058823529,0.35294117647058826,18,0.23529411764705888,1.465686274509804,0.7625418060200668,0.9583333333333335
Bundesliga,2000-2001,Stuttgart,15,34,9,11,14,42,49,-7,38,1.2352941176470589,1.4411764705882353,1.1176470588235294,-0.20588235294117646,0.2647058823529412,18,0.17647058823529416,1.465686274509804,0.842809364548495,1.0170068027210886
Bundesliga,2000-2001,Unterhaching,16,34,8,11,15,35,59,-24,35,1.0294117647058822,1.7352941176470589,1.0294117647058822,-0.7058823529411765,0.23529411764705882,18,0.11764705882352944,1.465686274509804,0.7023411371237457,0.844632768361582
Bundesliga,2000-2001,Ein Frankfurt,17,34,10,5,19,41,68,-27,35,1.2058823529411764,2.0,1.0294117647058822,-0.7941176470588235,0.29411764705882354,18,0.05882352941176472,1.465686274509804,0.8227424749163879,0.732843137254902
Bundesliga,2000-2001,Bochum,18,34,7,6,21,30,67,-37,27,0.8823529411764706,1.9705882352941178,0.7941176470588235,-1.088235294117647,0.20588235294117646,18,0.0,1.465686274509804,0.6020066889632106,0.7437810945273632
La Liga,2000-2001,Real Madrid,1,38,24,8,6,81,40,41,80,2.1315789473684212,1.0526315789473684,2.1052631578947367,1.0789473684210527,0.631578947368421,20,1.0,1.4407894736842106,1.4794520547945207,1.3687500000000001
La Liga,2000-2001,La Coruna,2,38,22,7,9,73,44,29,73,1.9210526315789473,1.1578947368421053,1.9210526315789473,0.7631578947368421,0.5789473684210527,20,0.9473684210526316,1.4407894736842106,1.3333333333333333,1.2443181818181819
La Liga,2000-2001,Mallorca,3,38,20,11,7,61,43,18,71,1.605263157894737,1.131578947368421,1.868421052631579,0.47368421052631576,0.5263157894736842,20,0.8947368421052632,1.4407894736842106,1.1141552511415524,1.2732558139534884
La Liga,2000-2001,Barcelona,4,38,17,12,9,80,57,23,63,2.1052631578947367,1.5,1.6578947368421053,0.6052631578947368,0.4473684210526316,20,0.8421052631578947,1.4407894736842106,1.461187214611872,0.9605263157894738
La Liga,2000-2001,Valencia,5,38,18,9,11,55,34,21,63,1.4473684210526316,0.8947368421052632,1.6578947368421053,0.5526315789473685,0.47368421052631576,20,0.7894736842105263,1.4407894736842106,1.004566210045662,1.6102941176470589
La Liga,2000-2001,Celta,6,38,16,11,11,51,49,2,59,1.3421052631578947,1.2894736842105263,1.5526315789473684,0.05263157894736842,0.42105263157894735,20,0.736842105263158,1.4407894736842106,0.9315068493150684,1.1173469387755102
La Liga,2000-2001,Villarreal,7,38,16,9,13,58,52,6,57,1.5263157894736843,1.368421052631579,1.5,0.15789473684210525,0.42105263157894735,20,0.6842105263157895,1.4407894736842106,1.0593607305936072,1.0528846153846154
La Liga,2000-2001,Malaga,8,38,16,8,14,60,61,-1,56,1.5789473684210527,1.605263157894737,1.4736842105263157,-0.02631578947368421,0.42105263157894735,20,0.631578947368421,1.4407894736842106,1.095890410958904,0.8975409836065574
La Liga,2000-2001,Espanol,9,38,14,8,16,46,44,2,50,1.2105263157894737,1.1578947368421053,1.3157894736842106,0.05263157894736842,0.3684210526315789,20,0.5789473684210527,1.4407894736842106,0.8401826484018264,1.2443181818181819
La Liga,2000-2001,Alaves,10,38,14,7,17,58,59,-1,49,1.5263157894736843,1.5526315789473684,1.2894736842105263,-0.02631578947368421,0.3684210526315789,20,0.5263157894736843,1.4407894736842106,1.0593607305936072,0.9279661016949153
La Liga,2000-2001,Las Palmas,11,38,13,7,18,42,62,-20,46,1.105263157894737,1.631578947368421,1.2105263157894737,-0.5263157894736842,0.34210526315789475,20,0.4736842105263158,1.4407894736842106,0.767123287671233,0.8830645161290324
La Liga,2000-2001,Vallecano,12,38,10,13,15,56,68,-12,43,1.4736842105263157,1.7894736842105263,1.131578947368421,-0.3157894736842105,0.2631578947368421,20,0.42105263157894735,1.4407894736842106,1.0228310502283104,0.8051470588235294
La Liga,2000-2001,Sociedad,13,38,11,10,17,52,68,-16,43,1.368421052631579,1.7894736842105263,1.131578947368421,-0.42105263157894735,0.2894736842105263,20,0.368421052631579,1.4407894736842106,0.9497716894977168,0.8051470588235294
La Liga,2000-2001,Ath Bilbao,14,38,11,10,17,44,60,-16,43,1.1578947368421053,1.5789473684210527,1.131578947368421,-0.42105263157894735,0.2894736842105263,20,0.3157894736842105,1.4407894736842106,0.8036529680365296,0.9125000000000001
La Liga,2000-2001,Zaragoza,15,38,9,15,14,54,57,-3,42,1.4210526315789473,1.5,1.105263157894737,-0.07894736842105263,0.23684210526315788,20,0.26315789473684215,1.4407894736842106,0.9863013698630136,0.9605263157894738
La Liga,2000-2001,Valladolid,16,38,9,15,14,42,50,-8,42,1.105263157894737,1.3157894736842106,1.105263157894737,-0.21052631578947367,0.23684210526315788,20,0.21052631578947367,1.4407894736842106,0.767123287671233,1.095
La Liga,2000-2001,Osasuna,17,38,10,12,16,43,54,-11,42,1.131578947368421,1.4210526315789473,1.105263157894737,-0.2894736842105263,0.2631578947368421,20,0.1578947368421053,1.4407894736842106,0.7853881278538812,1.013888888888889
La Liga,2000-2001,Oviedo,18,38,11,8,19,51,67,-16,41,1.3421052631578947,1.763157894736842,1.0789473684210527,-0.42105263157894735,0.2894736842105263,20,0.10526315789473684,1.4407894736842106,0.9315068493150684,0.8171641791044777
La Liga,2000-2001,Santander,19,38,10,9,19,48,62,-14,39,1.263157894736842,1.631578947368421,1.0263157894736843,-0.3684210526315789,0.2631578947368421,20,0.052631578947368474,1.4407894736842106,0.8767123287671231,0.8830645161290324
La Liga,2000-2001,Numancia,20,38,10,9,19,40,64,-24,39,1.0526315789473684,1.6842105263157894,1.0263157894736843,-0.631578947368421,0.2631578947368421,20,0.0,1.4407894736842106,0.730593607305936,0.8554687500000001
Ligue 1,2000-2001,Nantes,1,34,21,5,8,58,36,22,68,1.7058823529411764,1.0588235294117647,2.0,0.6470588235294118,0.6176470588235294,18,1.0,1.2532679738562091,1.3611473272490222,1.183641975308642
Ligue 1,2000-2001,Lyon,2,34,17,13,4,57,30,27,64,1.6764705882352942,0.8823529411764706,1.8823529411764706,0.7941176470588235,0.5,18,0.9411764705882353,1.2532679738562091,1.3376792698826598,1.4203703703703705
Ligue 1,2000-2001,Lille,3,34,16,11,7,43,27,16,59,1.2647058823529411,0.7941176470588235,1.7352941176470589,0.47058823529411764,0.47058823529411764,18,0.8823529411764706,1.2532679738562091,1.0091264667535853,1.5781893004115226
Ligue 1,2000-2001,Bordeaux,4,34,15,12,7,48,33,15,57,1.411764705882353,0.9705882352941176,1.6764705882352942,0.4411764705882353,0.4411764705882353,18,0.8235294117647058,1.2532679738562091,1.1264667535853978,1.2912457912457913
Ligue 1,2000-2001,Sedan,5,34,14,10,10,47,40,7,52,1.3823529411764706,1.1764705882352942,1.5294117647058822,0.20588235294117646,0.4117647058823529,18,0.7647058823529411,1.2532679738562091,1.1029986962190352,1.0652777777777778
Ligue 1,2000-2001,Rennes,6,34,14,6,14,46,39,7,48,1.3529411764705883,1.1470588235294117,1.411764705882353,0.20588235294117646,0.4117647058823529,18,0.7058823529411764,1.2532679738562091,1.0795306388526729,1.0925925925925926
Ligue 1,2000-2001,Troyes,7,34,11,13,10,45,47,-2,46,1.3235294117647058,1.3823529411764706,1.3529411764705883,-0.058823529411764705,0.3235294117647059,18,0.6470588235294117,1.2532679738562091,1.0560625814863103,0.9066193853427896
Ligue 1,2000-2001,Bastia,8,34,13,6,15,45,41,4,45,1.3235294117647058,1.2058823529411764,1.3235294117647058,0.11764705882352941,0.38235294117647056,18,0.5882352941176471,1.2532679738562091,1.0560625814863103,1.0392953929539295
Ligue 1,2000-2001,Paris SG,9,34,12,8,14,44,45,-1,44,1.2941176470588236,1.3235294117647058,1.2941176470588236,-0.029411764705882353,0.35294117647058826,18,0.5294117647058824,1.2532679738562091,1.032594524119948,0.9469135802469136
Ligue 1,2000-2001,Guingamp,10,34,11,11,12,40,48,-8,44,1.1764705882352942,1.411764705882353,1.2941176470588236,-0.23529411764705882,0.3235294117647059,18,0.47058823529411764,1.2532679738562091,0.9387222946544981,0.8877314814814814
Ligue 1,2000-2001,Monaco,11,34,12,7,15,53,50,3,43,1.5588235294117647,1.4705882352941178,1.2647058823529411,0.08823529411764706,0.35294117647058826,18,0.4117647058823529,1.2532679738562091,1.24380704041721,0.8522222222222221
Ligue 1,2000-2001,Metz,12,34,11,10,13,37,44,-7,43,1.088235294117647,1.2941176470588236,1.2647058823529411,-0.20588235294117646,0.3235294117647059,18,0.3529411764705882,1.2532679738562091,0.8683181225554106,0.9684343434343434
Ligue 1,2000-2001,Auxerre,13,34,11,8,15,31,41,-10,41,0.9117647058823529,1.2058823529411764,1.2058823529411764,-0.29411764705882354,0.3235294117647059,18,0.2941176470588235,1.2532679738562091,0.727509778357236,1.0392953929539295
Ligue 1,2000-2001,Lens,14,34,9,13,12,37,39,-2,40,1.088235294117647,1.1470588235294117,1.1764705882352942,-0.058823529411764705,0.2647058823529412,18,0.23529411764705888,1.2532679738562091,0.8683181225554106,1.0925925925925926
Ligue 1,2000-2001,Marseille,15,34,11,7,16,31,40,-9,40,0.9117647058823529,1.1764705882352942,1.1764705882352942,-0.2647058823529412,0.3235294117647059,18,0.17647058823529416,1.2532679738562091,0.727509778357236,1.0652777777777778
Ligue 1,2000-2001,St Etienne,16,34,9,10,15,43,56,-13,37,1.2647058823529411,1.6470588235294117,1.088235294117647,-0.38235294117647056,0.2647058823529412,18,0.11764705882352944,1.2532679738562091,1.0091264667535853,0.7609126984126985
Ligue 1,2000-2001,Toulouse,17,34,8,10,16,34,50,-16,34,1.0,1.4705882352941178,1.0,-0.47058823529411764,0.23529411764705882,18,0.05882352941176472,1.2532679738562091,0.7979139504563233,0.8522222222222221
Ligue 1,2000-2001,Strasbourg,18,34,7,8,19,28,61,-33,29,0.8235294117647058,1.7941176470588236,0.8529411764705882,-0.9705882352941176,0.20588235294117646,18,0.0,1.2532679738562091,0.6571056062581486,0.6985428051001821
Premier League,2000-2001,Man United,1,38,24,8,6,79,31,48,80,2.0789473684210527,0.8157894736842105,2.1052631578947367,1.263157894736842,0.631578947368421,20,1.0,1.305263157894737,1.592741935483871,1.6
Premier League,2000-2001,Arsenal,2,38,20,10,8,63,38,25,70,1.6578947368421053,1.0,1.8421052631578947,0.6578947368421053,0.5263157894736842,20,0.9473684210526316,1.305263157894737,1.2701612903225805,1.305263157894737
Premier League,2000-2001,Liverpool,3,38,20,9,9,71,39,32,69,1.868421052631579,1.0263157894736843,1.8157894736842106,0.8421052631578947,0.5263157894736842,20,0.8947368421052632,1.305263157894737,1.4314516129032258,1.2717948717948717
Premier League,2000-2001,Leeds,4,38,20,8,10,64,43,21,68,1.6842105263157894,1.131578947368421,1.7894736842105263,0.5526315789473685,0.5263157894736842,20,0.8421052631578947,1.305263157894737,1.2903225806451613,1.1534883720930234
Premier League,2000-2001,Ipswich,5,38,20,6,12,57,42,15,66,1.5,1.105263157894737,1.736842105263158,0.39473684210526316,0.5263157894736842,20,0.7894736842105263,1.305263157894737,1.1491935483870968,1.180952380952381
Premier League,2000-2001,Chelsea,6,38,17,10,11,68,45,23,61,1.7894736842105263,1.1842105263157894,1.605263157894737,0.6052631578947368,0.4473684210526316,20,0.736842105263158,1.305263157894737,1.3709677419354838,1.1022222222222224
Premier League,2000-2001,Sunderland,7,38,15,12,11,46,41,5,57,1.2105263157894737,1.0789473684210527,1.5,0.13157894736842105,0.39473684210526316,20,0.6842105263157895,1.305263157894737,0.9274193548387096,1.2097560975609756
Premier League,2000-2001,Aston Villa,8,38,13,15,10,46,43,3,54,1.2105263157894737,1.131578947368421,1.4210526315789473,0.07894736842105263,0.34210526315789475,20,0.631578947368421,1.305263157894737,0.9274193548387096,1.1534883720930234
Premier League,2000-2001,Charlton,9,38,14,10,14,50,57,-7,52,1.3157894736842106,1.5,1.368421052631579,-0.18421052631578946,0.3684210526315789,20,0.5789473684210527,1.305263157894737,1.0080645161290323,0.8701754385964913
Premier League,2000-2001,Southampton,10,38,14,10,14,40,48,-8,52,1.0526315789473684,1.263157894736842,1.368421052631579,-0.21052631578947367,0.3684210526315789,20,0.5263157894736843,1.305263157894737,0.8064516129032258,1.0333333333333334
Premier League,2000-2001,Newcastle,11,38,14,9,15,44,50,-6,51,1.1578947368421053,1.3157894736842106,1.3421052631578947,-0.15789473684210525,0.3684210526315789,20,0.4736842105263158,1.305263157894737,0.8870967741935484,0.992
Premier League,2000-2001,Tottenham,12,38,13,10,15,47,54,-7,49,1.236842105263158,1.4210526315789473,1.2894736842105263,-0.18421052631578946,0.34210526315789475,20,0.42105263157894735,1.305263157894737,0.9475806451612904,0.9185185185185186
Premier League,2000-2001,Leicester,13,38,14,6,18,39,51,-12,48,1.0263157894736843,1.3421052631578947,1.263157894736842,-0.3157894736842105,0.3684210526315789,20,0.368421052631579,1.305263157894737,0.7862903225806452,0.9725490196078432
Premier League,2000-2001,Middlesbrough,14,38,9,15,14,44,44,0,42,1.1578947368421053,1.1578947368421053,1.105263157894737,0.0,0.23684210526315788,20,0.3157894736842105,1.305263157894737,0.8870967741935484,1.1272727272727272
Premier League,2000-2001,West Ham,15,38,10,12,16,45,50,-5,42,1.1842105263157894,1.3157894736842106,1.105263157894737,-0.13157894736842105,0.2631578947368421,20,0.26315789473684215,1.305263157894737,0.9072580645161289,0.992
Premier League,2000-2001,Everton,16,38,11,9,18,45,59,-14,42,1.1842105263157894,1.5526315789473684,1.105263157894737,-0.3684210526315789,0.2894736842105263,20,0.21052631578947367,1.305263157894737,0.9072580645161289,0.840677966101695
Premier League,2000-2001,Derby,17,38,10,12,16,37,59,-22,42,0.9736842105263158,1.5526315789473684,1.105263157894737,-0.5789473684210527,0.2631578947368421,20,0.1578947368421053,1.305263157894737,0.7459677419354839,0.840677966101695
Premier League,2000-2001,Man City,18,38,8,10,20,41,65,-24,34,1.0789473684210527,1.7105263157894737,0.8947368421052632,-0.631578947368421,0.21052631578947367,20,0.10526315789473684,1.305263157894737,0.8266129032258064,0.7630769230769231
Premier League,2000-2001,Coventry,19,38,8,10,20,36,63,-27,34,0.9473684210526315,1.6578947368421053,0.8947368421052632,-0.7105263157894737,0.21052631578947367,20,0.052631578947368474,1.305263157894737,0.7258064516129031,0.7873015873015873
Premier League,2000-2001,Bradford,20,38,5,11,22,30,70,-40,26,0.7894736842105263,1.8421052631578947,0.6842105263157895,-1.0526315789473684,0.13157894736842105,20,0.0,1.305263157894737,0.6048387096774194,0.7085714285714286
Serie A,2000-2001,Roma,1,34,22,9,3,68,33,35,75,2.0,0.9705882352941176,2.2058823529411766,1.0294117647058822,0.6470588235294118,18,1.0,1.380718954248366,1.4485207100591717,1.4225589225589226
Serie A,2000-2001,Juventus,2,34,21,10,3,61,27,34,73,1.7941176470588236,0.7941176470588235,2.1470588235294117,1.0,0.6176470588235294,18,0.9411764705882353,1.380718954248366,1.2994082840236687,1.7386831275720165
Serie A,2000-2001,Lazio,3,34,21,6,7,65,36,29,69,1.911764705882353,1.0588235294117647,2.0294117647058822,0.8529411764705882,0.6176470588235294,18,0.8823529411764706,1.380718954248366,1.3846153846153848,1.3040123456790123
Serie A,2000-2001,Parma,4,34,16,8,10,51,31,20,56,1.5,0.9117647058823529,1.6470588235294117,0.5882352941176471,0.47058823529411764,18,0.8235294117647058,1.380718954248366,1.0863905325443788,1.514336917562724
Serie A,2000-2001,Inter,5,34,14,9,11,47,47,0,51,1.3823529411764706,1.3823529411764706,1.5,0.0,0.4117647058823529,18,0.7647058823529411,1.380718954248366,1.0011834319526627,0.9988179669030733
Serie A,2000-2001,Milan,6,34,12,13,9,56,46,10,49,1.6470588235294117,1.3529411764705883,1.4411764705882353,0.29411764705882354,0.35294117647058826,18,0.7058823529411764,1.380718954248366,1.1928994082840236,1.0205314009661834
Serie A,2000-2001,Atalanta,7,34,10,14,10,38,34,4,44,1.1176470588235294,1.0,1.2941176470588236,0.11764705882352941,0.29411764705882354,18,0.6470588235294117,1.380718954248366,0.8094674556213018,1.380718954248366
Serie A,2000-2001,Brescia,8,34,10,14,10,44,42,2,44,1.2941176470588236,1.2352941176470589,1.2941176470588236,0.058823529411764705,0.29411764705882354,18,0.5882352941176471,1.380718954248366,0.9372781065088758,1.1177248677248677
Serie A,2000-2001,Fiorentina,9,34,10,13,11,53,52,1,43,1.5588235294117647,1.5294117647058822,1.2647058823529411,0.029411764705882353,0.29411764705882354,18,0.5294117647058824,1.380718954248366,1.1289940828402367,0.9027777777777778
Serie A,2000-2001,Bologna,10,34,11,10,13,49,53,-4,43,1.4411764705882353,1.5588235294117647,1.2647058823529411,-0.11764705882352941,0.3235294117647059,18,0.47058823529411764,1.380718954248366,1.0437869822485206,0.8857442348008385
Serie A,2000-2001,Perugia,11,34,10,12,12,49,53,-4,42,1.4411764705882353,1.5588235294117647,1.2352941176470589,-0.11764705882352941,0.29411764705882354,18,0.4117647058823529,1.380718954248366,1.0437869822485206,0.8857442348008385
Serie A,2000-2001,Udinese,12,34,11,5,18,49,59,-10,38,1.4411764705882353,1.7352941176470589,1.1176470588235294,-0.29411764705882354,0.3235294117647059,18,0.3529411764705882,1.380718954248366,1.0437869822485206,0.795668549905838
Serie A,2000-2001,Lecce,13,34,8,13,13,40,54,-14,37,1.1764705882352942,1.588235294117647,1.088235294117647,-0.4117647058823529,0.23529411764705882,18,0.2941176470588235,1.380718954248366,0.8520710059171598,0.8693415637860082
Serie A,2000-2001,Reggina,14,34,10,7,17,32,49,-17,37,0.9411764705882353,1.4411764705882353,1.088235294117647,-0.5,0.29411764705882354,18,0.23529411764705888,1.380718954248366,0.6816568047337278,0.9580498866213152
Serie A,2000-2001,Verona,15,34,10,7,17,40,59,-19,37,1.1764705882352942,1.7352941176470589,1.088235294117647,-0.5588235294117647,0.29411764705882354,18,0.17647058823529416,1.380718954248366,0.8520710059171598,0.795668549905838
Serie A,2000-2001,Vicenza,16,34,9,9,16,37,51,-14,36,1.088235294117647,1.5,1.0588235294117647,-0.4117647058823529,0.2647058823529412,18,0.11764705882352944,1.380718954248366,0.7881656804733728,0.920479302832244
Serie A,2000-2001,Napoli,17,34,8,12,14,35,51,-16,36,1.0294117647058822,1.5,1.0588235294117647,-0.47058823529411764,0.23529411764705882,18,0.05882352941176472,1.380718954248366,0.7455621301775147,0.920479302832244
Serie A,2000-2001,Bari,18,34,5,5,24,31,68,-37,20,0.9117647058823529,2.0,0.5882352941176471,-1.088235294117647,0.14705882352941177,18,0.0,1.380718954248366,0.6603550295857988,0.690359477124183
Bundesliga,2001-2002,Dortmund,1,34,21,7,6,62,33,29,70,1.8235294117647058,0.9705882352941176,2.0588235294117645,0.8529411764705882,0.6176470588235294,18,1.0,1.4591503267973858,1.249720044792833,1.5033670033670035
Bundesliga,2001-2002,Leverkusen,2,34,21,6,7,77,38,39,69,2.264705882352941,1.1176470588235294,2.0294117647058822,1.1470588235294117,0.6176470588235294,18,0.9411764705882353,1.4591503267973858,1.5520716685330345,1.3055555555555556
Bundesliga,2001-2002,Bayern Munich,3,34,20,8,6,65,25,40,68,1.911764705882353,0.7352941176470589,2.0,1.1764705882352942,0.5882352941176471,18,0.8823529411764706,1.4591503267973858,1.3101903695408734,1.9844444444444445
Bundesliga,2001-2002,Hertha,4,34,18,7,9,61,38,23,61,1.7941176470588236,1.1176470588235294,1.7941176470588236,0.6764705882352942,0.5294117647058824,18,0.8235294117647058,1.4591503267973858,1.2295632698768197,1.3055555555555556
Bundesliga,2001-2002,Schalke 04,5,34,18,7,9,52,36,16,61,1.5294117647058822,1.0588235294117647,1.7941176470588236,0.47058823529411764,0.5294117647058824,18,0.7647058823529411,1.4591503267973858,1.0481522956326985,1.3780864197530864
Bundesliga,2001-2002,Werder Bremen,6,34,17,5,12,54,43,11,56,1.588235294117647,1.2647058823529411,1.6470588235294117,0.3235294117647059,0.5,18,0.7058823529411764,1.4591503267973858,1.0884658454647256,1.15374677002584
Bundesliga,2001-2002,Kaiserslautern,7,34,17,5,12,62,53,9,56,1.8235294117647058,1.5588235294117647,1.6470588235294117,0.2647058823529412,0.5,18,0.6470588235294117,1.4591503267973858,1.249720044792833,0.9360587002096437
Bundesliga,2001-2002,Stuttgart,8,34,13,11,10,47,43,4,50,1.3823529411764706,1.2647058823529411,1.4705882352941178,0.11764705882352941,0.38235294117647056,18,0.5882352941176471,1.4591503267973858,0.9473684210526314,1.15374677002584
Bundesliga,2001-2002,Munich 1860,9,34,15,5,14,59,59,0,50,1.7352941176470589,1.7352941176470589,1.4705882352941178,0.0,0.4411764705882353,18,0.5294117647058824,1.4591503267973858,1.1892497200447927,0.8408662900188324
Bundesliga,2001-2002,Wolfsburg,10,34,13,7,14,57,49,8,46,1.6764705882352942,1.4411764705882353,1.3529411764705883,0.23529411764705882,0.38235294117647056,18,0.47058823529411764,1.4591503267973858,1.1489361702127658,1.0124716553287982
Bundesliga,2001-2002,Hamburg,11,34,10,10,14,51,57,-6,40,1.5,1.6764705882352942,1.1764705882352942,-0.17647058823529413,0.29411764705882354,18,0.4117647058823529,1.4591503267973858,1.0279955207166853,0.8703703703703705
Bundesliga,2001-2002,M'gladbach,12,34,9,12,13,41,53,-12,39,1.2058823529411764,1.5588235294117647,1.1470588235294117,-0.35294117647058826,0.2647058823529412,18,0.3529411764705882,1.4591503267973858,0.8264277715565508,0.9360587002096437
Bundesliga,2001-2002,Cottbus,13,34,9,8,17,36,60,-24,35,1.0588235294117647,1.7647058823529411,1.0294117647058822,-0.7058823529411765,0.2647058823529412,18,0.2941176470588235,1.4591503267973858,0.7256438969764837,0.826851851851852
Bundesliga,2001-2002,Hansa Rostock,14,34,9,7,18,35,54,-19,34,1.0294117647058822,1.588235294117647,1.0,-0.5588235294117647,0.2647058823529412,18,0.23529411764705888,1.4591503267973858,0.7054871220604702,0.9187242798353911
Bundesliga,2001-2002,Nurnberg,15,34,10,4,20,34,57,-23,34,1.0,1.6764705882352942,1.0,-0.6764705882352942,0.29411764705882354,18,0.17647058823529416,1.4591503267973858,0.6853303471444568,0.8703703703703705
Bundesliga,2001-2002,Freiburg,16,34,7,9,18,37,64,-27,30,1.088235294117647,1.8823529411764706,0.8823529411764706,-0.7941176470588235,0.20588235294117646,18,0.11764705882352944,1.4591503267973858,0.7458006718924971,0.7751736111111112
Bundesliga,2001-2002,FC Koln,17,34,7,8,19,26,61,-35,29,0.7647058823529411,1.7941176470588236,0.8529411764705882,-1.0294117647058822,0.20588235294117646,18,0.05882352941176472,1.4591503267973858,0.5240761478163493,0.8132969034608379
Bundesliga,2001-2002,St Pauli,18,34,4,10,20,37,70,-33,22,1.088235294117647,2.0588235294117645,0.6470588235294118,-0.9705882352941176,0.11764705882352941,18,0.0,1.4591503267973858,0.7458006718924971,0.7087301587301589
La Liga,2001-2002,Valencia,1,38,21,12,5,51,27,24,75,1.3421052631578947,0.7105263157894737,1.9736842105263157,0.631578947368421,0.5526315789473685,20,1.0,1.2644736842105264,1.0613943808532778,1.77962962962963
La Liga,2001-2002,La Coruna,2,38,20,8,10,65,41,24,68,1.7105263157894737,1.0789473684210527,1.7894736842105263,0.631578947368421,0.5263157894736842,20,0.9473684210526316,1.2644736842105264,1.3527575442247657,1.1719512195121953
La Liga,2001-2002,Real Madrid,3,38,19,9,10,69,44,25,66,1.8157894736842106,1.1578947368421053,1.736842105263158,0.6578947368421053,0.5,20,0.8947368421052632,1.2644736842105264,1.4360041623309052,1.0920454545454545
La Liga,2001-2002,Barcelona,4,38,18,10,10,65,37,28,64,1.7105263157894737,0.9736842105263158,1.6842105263157894,0.7368421052631579,0.47368421052631576,20,0.8421052631578947,1.2644736842105264,1.3527575442247657,1.2986486486486488
La Liga,2001-2002,Celta,5,38,16,12,10,64,46,18,60,1.6842105263157894,1.2105263157894737,1.5789473684210527,0.47368421052631576,0.42105263157894735,20,0.7894736842105263,1.2644736842105264,1.3319458896982308,1.0445652173913045
La Liga,2001-2002,Betis,6,38,15,14,9,42,34,8,59,1.105263157894737,0.8947368421052632,1.5526315789473684,0.21052631578947367,0.39473684210526316,20,0.736842105263158,1.2644736842105264,0.8740894901144641,1.4132352941176471
La Liga,2001-2002,Alaves,7,38,17,3,18,41,44,-3,54,1.0789473684210527,1.1578947368421053,1.4210526315789473,-0.07894736842105263,0.4473684210526316,20,0.6842105263157895,1.2644736842105264,0.8532778355879292,1.0920454545454545
La Liga,2001-2002,Sevilla,8,38,14,11,13,51,40,11,53,1.3421052631578947,1.0526315789473684,1.394736842105263,0.2894736842105263,0.3684210526315789,20,0.631578947368421,1.2644736842105264,1.0613943808532778,1.2012500000000002
La Liga,2001-2002,Malaga,9,38,13,14,11,44,44,0,53,1.1578947368421053,1.1578947368421053,1.394736842105263,0.0,0.34210526315789475,20,0.5789473684210527,1.2644736842105264,0.9157127991675338,1.0920454545454545
La Liga,2001-2002,Ath Bilbao,10,38,14,11,13,54,66,-12,53,1.4210526315789473,1.736842105263158,1.394736842105263,-0.3157894736842105,0.3684210526315789,20,0.5263157894736843,1.2644736842105264,1.1238293444328824,0.728030303030303
La Liga,2001-2002,Vallecano,11,38,13,10,15,46,52,-6,49,1.2105263157894737,1.368421052631579,1.2894736842105263,-0.15789473684210525,0.34210526315789475,20,0.4736842105263158,1.2644736842105264,0.9573361082206034,0.9240384615384616
La Liga,2001-2002,Valladolid,12,38,13,9,16,45,58,-13,48,1.1842105263157894,1.5263157894736843,1.263157894736842,-0.34210526315789475,0.34210526315789475,20,0.42105263157894735,1.2644736842105264,0.9365244536940686,0.828448275862069
La Liga,2001-2002,Sociedad,13,38,13,8,17,48,54,-6,47,1.263157894736842,1.4210526315789473,1.236842105263158,-0.15789473684210525,0.34210526315789475,20,0.368421052631579,1.2644736842105264,0.9989594172736731,0.889814814814815
La Liga,2001-2002,Espanol,14,38,13,8,17,47,56,-9,47,1.236842105263158,1.4736842105263157,1.236842105263158,-0.23684210526315788,0.34210526315789475,20,0.3157894736842105,1.2644736842105264,0.9781477627471383,0.8580357142857145
La Liga,2001-2002,Villarreal,15,38,11,10,17,46,55,-9,43,1.2105263157894737,1.4473684210526316,1.131578947368421,-0.23684210526315788,0.2894736842105263,20,0.26315789473684215,1.2644736842105264,0.9573361082206034,0.8736363636363637
La Liga,2001-2002,Mallorca,16,38,11,10,17,40,52,-12,43,1.0526315789473684,1.368421052631579,1.131578947368421,-0.3157894736842105,0.2894736842105263,20,0.21052631578947367,1.2644736842105264,0.8324661810613943,0.9240384615384616
La Liga,2001-2002,Osasuna,17,38,10,12,16,36,49,-13,42,0.9473684210526315,1.2894736842105263,1.105263157894737,-0.34210526315789475,0.2631578947368421,20,0.1578947368421053,1.2644736842105264,0.7492195629552548,0.9806122448979593
La Liga,2001-2002,Las Palmas,18,38,9,13,16,40,50,-10,40,1.0526315789473684,1.3157894736842106,1.0526315789473684,-0.2631578947368421,0.23684210526315788,20,0.10526315789473684,1.2644736842105264,0.8324661810613943,0.961
La Liga,2001-2002,Tenerife,19,38,10,8,20,32,58,-26,38,0.8421052631578947,1.5263157894736843,1.0,-0.6842105263157895,0.2631578947368421,20,0.052631578947368474,1.2644736842105264,0.6659729448491154,0.828448275862069
La Liga,2001-2002,Zaragoza,20,38,9,10,19,35,54,-19,37,0.9210526315789473,1.4210526315789473,0.9736842105263158,-0.5,0.23684210526315788,20,0.0,1.2644736842105264,0.72840790842872,0.889814814814815
Ligue 1,2001-2002,Lyon,1,34,20,6,8,62,32,30,66,1.8235294117647058,0.9411764705882353,1.9411764705882353,0.8823529411764706,0.5882352941176471,18,1.0,1.1699346405228759,1.5586592178770948,1.2430555555555556
Ligue 1,2001-2002,Lens,2,34,18,10,6,55,30,25,64,1.6176470588235294,0.8823529411764706,1.8823529411764706,0.7352941176470589,0.5294117647058824,18,0.9411764705882353,1.1699346405228759,1.38268156424581,1.325925925925926
Ligue 1,2001-2002,Auxerre,3,34,16,11,7,48,38,10,59,1.411764705882353,1.1176470588235294,1.7352941176470589,0.29411764705882354,0.47058823529411764,18,0.8823529411764706,1.1699346405228759,1.2067039106145252,1.0467836257309941
Ligue 1,2001-2002,Paris SG,4,34,15,13,6,43,24,19,58,1.2647058823529411,0.7058823529411765,1.7058823529411764,0.5588235294117647,0.4411764705882353,18,0.8235294117647058,1.1699346405228759,1.0810055865921786,1.6574074074074074
Ligue 1,2001-2002,Lille,5,34,15,11,8,39,32,7,56,1.1470588235294117,0.9411764705882353,1.6470588235294117,0.20588235294117646,0.4411764705882353,18,0.7647058823529411,1.1699346405228759,0.9804469273743015,1.2430555555555556
Ligue 1,2001-2002,Bordeaux,6,34,14,8,12,34,31,3,50,1.0,0.9117647058823529,1.4705882352941178,0.08823529411764706,0.4117647058823529,18,0.7058823529411764,1.1699346405228759,0.8547486033519552,1.2831541218637994
Ligue 1,2001-2002,Troyes,7,34,13,8,13,40,35,5,47,1.1764705882352942,1.0294117647058822,1.3823529411764706,0.14705882352941177,0.38235294117647056,18,0.6470588235294117,1.1699346405228759,1.005586592178771,1.1365079365079367
Ligue 1,2001-2002,Sochaux,8,34,12,10,12,41,40,1,46,1.2058823529411764,1.1764705882352942,1.3529411764705883,0.029411764705882353,0.35294117647058826,18,0.5882352941176471,1.1699346405228759,1.03072625698324,0.9944444444444445
Ligue 1,2001-2002,Marseille,9,34,11,11,12,34,39,-5,44,1.0,1.1470588235294117,1.2941176470588236,-0.14705882352941177,0.3235294117647059,18,0.5294117647058824,1.1699346405228759,0.8547486033519552,1.0199430199430202
Ligue 1,2001-2002,Nantes,10,34,12,7,15,35,41,-6,43,1.0294117647058822,1.2058823529411764,1.2647058823529411,-0.17647058823529413,0.35294117647058826,18,0.47058823529411764,1.1699346405228759,0.8798882681564244,0.970189701897019
Ligue 1,2001-2002,Bastia,11,34,12,5,17,38,44,-6,41,1.1176470588235294,1.2941176470588236,1.2058823529411764,-0.17647058823529413,0.35294117647058826,18,0.4117647058823529,1.1699346405228759,0.9553072625698323,0.9040404040404041
Ligue 1,2001-2002,Rennes,12,34,11,8,15,40,51,-11,41,1.1764705882352942,1.5,1.2058823529411764,-0.3235294117647059,0.3235294117647059,18,0.3529411764705882,1.1699346405228759,1.005586592178771,0.7799564270152506
Ligue 1,2001-2002,Montpellier,13,34,9,13,12,28,31,-3,40,0.8235294117647058,0.9117647058823529,1.1764705882352942,-0.08823529411764706,0.2647058823529412,18,0.2941176470588235,1.1699346405228759,0.7039106145251396,1.2831541218637994
Ligue 1,2001-2002,Sedan,14,34,8,15,11,35,39,-4,39,1.0294117647058822,1.1470588235294117,1.1470588235294117,-0.11764705882352941,0.23529411764705882,18,0.23529411764705888,1.1699346405228759,0.8798882681564244,1.0199430199430202
Ligue 1,2001-2002,Monaco,15,34,9,12,13,36,41,-5,39,1.0588235294117647,1.2058823529411764,1.1470588235294117,-0.14705882352941177,0.2647058823529412,18,0.17647058823529416,1.1699346405228759,0.9050279329608938,0.970189701897019
Ligue 1,2001-2002,Guingamp,16,34,9,8,17,34,57,-23,35,1.0,1.6764705882352942,1.0294117647058822,-0.6764705882352942,0.2647058823529412,18,0.11764705882352944,1.1699346405228759,0.8547486033519552,0.6978557504873295
Ligue 1,2001-2002,Metz,17,34,9,6,19,31,47,-16,33,0.9117647058823529,1.3823529411764706,0.9705882352941176,-0.47058823529411764,0.2647058823529412,18,0.05882352941176472,1.1699346405228759,0.7793296089385474,0.8463356973995273
Ligue 1,2001-2002,Lorient,18,34,7,10,17,43,64,-21,31,1.2647058823529411,1.8823529411764706,0.9117647058823529,-0.6176470588235294,0.20588235294117646,18,0.0,1.1699346405228759,1.0810055865921786,0.6215277777777778
Premier League,2001-2002,Arsenal,1,38,26,9,3,79,36,43,87,2.0789473684210527,0.9473684210526315,2.289473684210526,1.131578947368421,0.6842105263157895,20,1.0,1.3171052631578948,1.5784215784215785,1.390277777777778
Premier League,2001-2002,Liverpool,2,38,24,8,6,67,30,37,80,1.763157894736842,0.7894736842105263,2.1052631578947367,0.9736842105263158,0.631578947368421,20,0.9473684210526316,1.3171052631578948,1.3386613386613386,1.6683333333333334
Premier League,2001-2002,Man United,3,38,24,5,9,87,45,42,77,2.289473684210526,1.1842105263157894,2.026315789473684,1.105263157894737,0.631578947368421,20,0.8947368421052632,1.3171052631578948,1.738261738261738,1.1122222222222224
Premier League,2001-2002,Newcastle,4,38,21,8,9,74,52,22,71,1.9473684210526316,1.368421052631579,1.868421052631579,0.5789473684210527,0.5526315789473685,20,0.8421052631578947,1.3171052631578948,1.4785214785214784,0.9625
Premier League,2001-2002,Leeds,5,38,18,12,8,53,37,16,66,1.394736842105263,0.9736842105263158,1.736842105263158,0.42105263157894735,0.47368421052631576,20,0.7894736842105263,1.3171052631578948,1.0589410589410588,1.3527027027027028
Premier League,2001-2002,Chelsea,6,38,17,13,8,66,38,28,64,1.736842105263158,1.0,1.6842105263157894,0.7368421052631579,0.4473684210526316,20,0.736842105263158,1.3171052631578948,1.3186813186813187,1.3171052631578948
Premier League,2001-2002,West Ham,7,38,15,8,15,48,57,-9,53,1.263157894736842,1.5,1.394736842105263,-0.23684210526315788,0.39473684210526316,20,0.6842105263157895,1.3171052631578948,0.959040959040959,0.8780701754385966
Premier League,2001-2002,Aston Villa,8,38,12,14,12,46,47,-1,50,1.2105263157894737,1.236842105263158,1.3157894736842106,-0.02631578947368421,0.3157894736842105,20,0.631578947368421,1.3171052631578948,0.919080919080919,1.0648936170212766
Premier League,2001-2002,Tottenham,9,38,14,8,16,49,53,-4,50,1.2894736842105263,1.394736842105263,1.3157894736842106,-0.10526315789473684,0.3684210526315789,20,0.5789473684210527,1.3171052631578948,0.979020979020979,0.9443396226415095
Premier League,2001-2002,Blackburn,10,38,12,10,16,55,51,4,46,1.4473684210526316,1.3421052631578947,1.2105263157894737,0.10526315789473684,0.3157894736842105,20,0.5263157894736843,1.3171052631578948,1.098901098901099,0.9813725490196079
Premier League,2001-2002,Southampton,11,38,12,9,17,46,54,-8,45,1.2105263157894737,1.4210526315789473,1.1842105263157894,-0.21052631578947367,0.3157894736842105,20,0.4736842105263158,1.3171052631578948,0.919080919080919,0.9268518518518519
Premier League,2001-2002,Middlesbrough,12,38,12,9,17,35,47,-12,45,0.9210526315789473,1.236842105263158,1.1842105263157894,-0.3157894736842105,0.3157894736842105,20,0.42105263157894735,1.3171052631578948,0.6993006993006993,1.0648936170212766
Premier League,2001-2002,Fulham,13,38,10,14,14,36,44,-8,44,0.9473684210526315,1.1578947368421053,1.1578947368421053,-0.21052631578947367,0.2631578947368421,20,0.368421052631579,1.3171052631578948,0.7192807192807192,1.1375
Premier League,2001-2002,Charlton,14,38,10,14,14,38,49,-11,44,1.0,1.2894736842105263,1.1578947368421053,-0.2894736842105263,0.2631578947368421,20,0.3157894736842105,1.3171052631578948,0.7592407592407592,1.0214285714285714
Premier League,2001-2002,Everton,15,38,11,10,17,45,57,-12,43,1.1842105263157894,1.5,1.131578947368421,-0.3157894736842105,0.2894736842105263,20,0.26315789473684215,1.3171052631578948,0.899100899100899,0.8780701754385966
Premier League,2001-2002,Bolton,16,38,9,13,16,44,62,-18,40,1.1578947368421053,1.631578947368421,1.0526315789473684,-0.47368421052631576,0.23684210526315788,20,0.21052631578947367,1.3171052631578948,0.8791208791208791,0.807258064516129
Premier League,2001-2002,Sunderland,17,38,10,10,18,29,51,-22,40,0.7631578947368421,1.3421052631578947,1.0526315789473684,-0.5789473684210527,0.2631578947368421,20,0.1578947368421053,1.3171052631578948,0.5794205794205795,0.9813725490196079
Premier League,2001-2002,Ipswich,18,38,9,9,20,41,64,-23,36,1.0789473684210527,1.6842105263157894,0.9473684210526315,-0.6052631578947368,0.23684210526315788,20,0.10526315789473684,1.3171052631578948,0.8191808191808192,0.7820312500000001
Premier League,2001-2002,Derby,19,38,8,6,24,33,63,-30,30,0.868421052631579,1.6578947368421053,0.7894736842105263,-0.7894736842105263,0.21052631578947367,20,0.052631578947368474,1.3171052631578948,0.6593406593406593,0.7944444444444444
Premier League,2001-2002,Leicester,20,38,5,13,20,30,64,-34,28,0.7894736842105263,1.6842105263157894,0.7368421052631579,-0.8947368421052632,0.13157894736842105,20,0.0,1.3171052631578948,0.5994005994005994,0.7820312500000001
Serie A,2001-2002,Juventus,1,34,20,11,3,64,23,41,71,1.8823529411764706,0.6764705882352942,2.088235294117647,1.2058823529411764,0.5882352941176471,18,1.0,1.3169934640522876,1.4292803970223324,1.9468599033816423
Serie A,2001-2002,Roma,2,34,19,13,2,58,24,34,70,1.7058823529411764,0.7058823529411765,2.0588235294117645,1.0,0.5588235294117647,18,0.9411764705882353,1.3169934640522876,1.2952853598014888,1.8657407407407407
Serie A,2001-2002,Inter,3,34,20,9,5,62,35,27,69,1.8235294117647058,1.0294117647058822,2.0294117647058822,0.7941176470588235,0.5882352941176471,18,0.8823529411764706,1.3169934640522876,1.3846153846153846,1.2793650793650795
Serie A,2001-2002,Milan,4,34,14,13,7,47,33,14,55,1.3823529411764706,0.9705882352941176,1.6176470588235294,0.4117647058823529,0.4117647058823529,18,0.8235294117647058,1.3169934640522876,1.0496277915632755,1.3569023569023568
Serie A,2001-2002,Chievo,5,34,14,12,8,57,52,5,54,1.6764705882352942,1.5294117647058822,1.588235294117647,0.14705882352941177,0.4117647058823529,18,0.7647058823529411,1.3169934640522876,1.272952853598015,0.8611111111111112
Serie A,2001-2002,Lazio,6,34,14,11,9,50,37,13,53,1.4705882352941178,1.088235294117647,1.5588235294117647,0.38235294117647056,0.4117647058823529,18,0.7058823529411764,1.3169934640522876,1.1166253101736974,1.2102102102102104
Serie A,2001-2002,Bologna,7,34,15,7,12,40,40,0,52,1.1764705882352942,1.1764705882352942,1.5294117647058822,0.0,0.4411764705882353,18,0.6470588235294117,1.3169934640522876,0.8933002481389578,1.1194444444444445
Serie A,2001-2002,Perugia,8,34,13,7,14,38,46,-8,46,1.1176470588235294,1.3529411764705883,1.3529411764705883,-0.23529411764705882,0.38235294117647056,18,0.5882352941176471,1.3169934640522876,0.8486352357320099,0.9734299516908211
Serie A,2001-2002,Atalanta,9,34,12,9,13,41,50,-9,45,1.2058823529411764,1.4705882352941178,1.3235294117647058,-0.2647058823529412,0.35294117647058826,18,0.5294117647058824,1.3169934640522876,0.9156327543424317,0.8955555555555554
Serie A,2001-2002,Parma,10,34,12,8,14,43,47,-4,44,1.2647058823529411,1.3823529411764706,1.2941176470588236,-0.11764705882352941,0.35294117647058826,18,0.47058823529411764,1.3169934640522876,0.9602977667493796,0.9527186761229315
Serie A,2001-2002,Torino,11,34,10,13,11,37,39,-2,43,1.088235294117647,1.1470588235294117,1.2647058823529411,-0.058823529411764705,0.29411764705882354,18,0.4117647058823529,1.3169934640522876,0.8263027295285359,1.1481481481481481
Serie A,2001-2002,Piacenza,12,34,11,9,14,49,43,6,42,1.4411764705882353,1.2647058823529411,1.2352941176470589,0.17647058823529413,0.3235294117647059,18,0.3529411764705882,1.3169934640522876,1.0942928039702233,1.041343669250646
Serie A,2001-2002,Brescia,13,34,9,13,12,43,52,-9,40,1.2647058823529411,1.5294117647058822,1.1764705882352942,-0.2647058823529412,0.2647058823529412,18,0.2941176470588235,1.3169934640522876,0.9602977667493796,0.8611111111111112
Serie A,2001-2002,Udinese,14,34,11,7,16,41,52,-11,40,1.2058823529411764,1.5294117647058822,1.1764705882352942,-0.3235294117647059,0.3235294117647059,18,0.23529411764705888,1.3169934640522876,0.9156327543424317,0.8611111111111112
Serie A,2001-2002,Verona,15,34,11,6,17,41,53,-12,39,1.2058823529411764,1.5588235294117647,1.1470588235294117,-0.35294117647058826,0.3235294117647059,18,0.17647058823529416,1.3169934640522876,0.9156327543424317,0.8448637316561844
Serie A,2001-2002,Lecce,16,34,6,10,18,36,56,-20,28,1.0588235294117647,1.6470588235294117,0.8235294117647058,-0.5882352941176471,0.17647058823529413,18,0.11764705882352944,1.3169934640522876,0.8039702233250621,0.7996031746031746
Serie A,2001-2002,Fiorentina,17,34,5,7,22,29,63,-34,22,0.8529411764705882,1.8529411764705883,0.6470588235294118,-1.0,0.14705882352941177,18,0.05882352941176472,1.3169934640522876,0.6476426799007444,0.7107583774250441
Serie A,2001-2002,Venezia,18,34,3,9,22,30,61,-31,18,0.8823529411764706,1.7941176470588236,0.5294117647058824,-0.9117647058823529,0.08823529411764706,18,0.0,1.3169934640522876,0.6699751861042184,0.7340619307832422
Bundesliga,2002-2003,Bayern Munich,1,34,23,6,5,70,25,45,75,2.0588235294117645,0.7352941176470589,2.2058823529411766,1.3235294117647058,0.6764705882352942,18,1.0,1.3415032679738563,1.5347137637028012,1.8244444444444445
Bundesliga,2002-2003,Stuttgart,2,34,17,8,9,53,39,14,59,1.5588235294117647,1.1470588235294117,1.7352941176470589,0.4117647058823529,0.5,18,0.9411764705882353,1.3415032679738563,1.1619975639464066,1.1695156695156697
Bundesliga,2002-2003,Dortmund,3,34,15,13,6,51,27,24,58,1.5,0.7941176470588235,1.7058823529411764,0.7058823529411765,0.4411764705882353,18,0.8823529411764706,1.3415032679738563,1.1181485992691838,1.689300411522634
Bundesliga,2002-2003,Hamburg,4,34,15,11,8,46,36,10,56,1.3529411764705883,1.0588235294117647,1.6470588235294117,0.29411764705882354,0.4411764705882353,18,0.8235294117647058,1.3415032679738563,1.0085261875761267,1.2669753086419755
Bundesliga,2002-2003,Hertha,5,34,16,6,12,52,43,9,54,1.5294117647058822,1.2647058823529411,1.588235294117647,0.2647058823529412,0.47058823529411764,18,0.7647058823529411,1.3415032679738563,1.1400730816077953,1.0607235142118865
Bundesliga,2002-2003,Werder Bremen,6,34,16,4,14,51,50,1,52,1.5,1.4705882352941178,1.5294117647058822,0.029411764705882353,0.47058823529411764,18,0.7058823529411764,1.3415032679738563,1.1181485992691838,0.9122222222222223
Bundesliga,2002-2003,Schalke 04,7,34,12,13,9,46,40,6,49,1.3529411764705883,1.1764705882352942,1.4411764705882353,0.17647058823529413,0.35294117647058826,18,0.6470588235294117,1.3415032679738563,1.0085261875761267,1.140277777777778
Bundesliga,2002-2003,Wolfsburg,8,34,13,7,14,39,42,-3,46,1.1470588235294117,1.2352941176470589,1.3529411764705883,-0.08823529411764706,0.38235294117647056,18,0.5882352941176471,1.3415032679738563,0.8550548112058464,1.085978835978836
Bundesliga,2002-2003,Bochum,9,34,12,9,13,55,56,-1,45,1.6176470588235294,1.6470588235294117,1.3235294117647058,-0.029411764705882353,0.35294117647058826,18,0.5294117647058824,1.3415032679738563,1.2058465286236297,0.8144841269841271
Bundesliga,2002-2003,Munich 1860,10,34,12,9,13,44,52,-8,45,1.2941176470588236,1.5294117647058822,1.3235294117647058,-0.23529411764705882,0.35294117647058826,18,0.47058823529411764,1.3415032679738563,0.9646772228989038,0.8771367521367522
Bundesliga,2002-2003,Hannover,11,34,12,7,15,47,57,-10,43,1.3823529411764706,1.6764705882352942,1.2647058823529411,-0.29411764705882354,0.35294117647058826,18,0.4117647058823529,1.3415032679738563,1.030450669914738,0.8001949317738792
Bundesliga,2002-2003,M'gladbach,12,34,11,9,14,43,45,-2,42,1.2647058823529411,1.3235294117647058,1.2352941176470589,-0.058823529411764705,0.3235294117647059,18,0.3529411764705882,1.3415032679738563,0.9427527405602922,1.0135802469135804
Bundesliga,2002-2003,Hansa Rostock,13,34,11,8,15,35,41,-6,41,1.0294117647058822,1.2058823529411764,1.2058823529411764,-0.17647058823529413,0.3235294117647059,18,0.2941176470588235,1.3415032679738563,0.7673568818514006,1.1124661246612468
Bundesliga,2002-2003,Kaiserslautern,14,34,10,10,14,40,42,-2,40,1.1764705882352942,1.2352941176470589,1.1764705882352942,-0.058823529411764705,0.29411764705882354,18,0.23529411764705888,1.3415032679738563,0.8769792935444579,1.085978835978836
Bundesliga,2002-2003,Leverkusen,15,34,11,7,16,47,56,-9,40,1.3823529411764706,1.6470588235294117,1.1764705882352942,-0.2647058823529412,0.3235294117647059,18,0.17647058823529416,1.3415032679738563,1.030450669914738,0.8144841269841271
Bundesliga,2002-2003,Bielefeld,16,34,8,12,14,35,46,-11,36,1.0294117647058822,1.3529411764705883,1.0588235294117647,-0.3235294117647059,0.23529411764705882,18,0.11764705882352944,1.3415032679738563,0.7673568818514006,0.9915458937198068
Bundesliga,2002-2003,Nurnberg,17,34,8,6,20,33,60,-27,30,0.9705882352941176,1.7647058823529411,0.8823529411764706,-0.7941176470588235,0.23529411764705882,18,0.05882352941176472,1.3415032679738563,0.7235079171741777,0.7601851851851853
Bundesliga,2002-2003,Cottbus,18,34,7,9,18,34,64,-30,30,1.0,1.8823529411764706,0.8823529411764706,-0.8823529411764706,0.20588235294117646,18,0.0,1.3415032679738563,0.7454323995127892,0.7126736111111112
La Liga,2002-2003,Real Madrid,1,38,22,12,4,86,42,44,78,2.263157894736842,1.105263157894737,2.0526315789473686,1.1578947368421053,0.5789473684210527,20,1.0,1.3368421052631578,1.6929133858267718,1.2095238095238094
La Liga,2002-2003,Sociedad,2,38,22,10,6,71,45,26,76,1.868421052631579,1.1842105263157894,2.0,0.6842105263157895,0.5789473684210527,20,0.9473684210526316,1.3368421052631578,1.3976377952755907,1.1288888888888888
La Liga,2002-2003,La Coruna,3,38,22,6,10,67,47,20,72,1.763157894736842,1.236842105263158,1.894736842105263,0.5263157894736842,0.5789473684210527,20,0.8947368421052632,1.3368421052631578,1.3188976377952757,1.080851063829787
La Liga,2002-2003,Celta,4,38,17,10,11,45,36,9,61,1.1842105263157894,0.9473684210526315,1.605263157894737,0.23684210526315788,0.4473684210526316,20,0.8421052631578947,1.3368421052631578,0.8858267716535433,1.4111111111111112
La Liga,2002-2003,Valencia,5,38,17,9,12,56,35,21,60,1.4736842105263157,0.9210526315789473,1.5789473684210527,0.5526315789473685,0.4473684210526316,20,0.7894736842105263,1.3368421052631578,1.1023622047244095,1.4514285714285713
La Liga,2002-2003,Barcelona,6,38,15,11,12,63,47,16,56,1.6578947368421053,1.236842105263158,1.4736842105263157,0.42105263157894735,0.39473684210526316,20,0.736842105263158,1.3368421052631578,1.2401574803149606,1.080851063829787
La Liga,2002-2003,Ath Bilbao,7,38,15,10,13,63,61,2,55,1.6578947368421053,1.605263157894737,1.4473684210526316,0.05263157894736842,0.39473684210526316,20,0.6842105263157895,1.3368421052631578,1.2401574803149606,0.8327868852459015
La Liga,2002-2003,Betis,8,38,14,12,12,56,53,3,54,1.4736842105263157,1.394736842105263,1.4210526315789473,0.07894736842105263,0.3684210526315789,20,0.631578947368421,1.3368421052631578,1.1023622047244095,0.9584905660377359
La Liga,2002-2003,Mallorca,9,38,14,10,14,49,56,-7,52,1.2894736842105263,1.4736842105263157,1.368421052631579,-0.18421052631578946,0.3684210526315789,20,0.5789473684210527,1.3368421052631578,0.9645669291338583,0.9071428571428571
La Liga,2002-2003,Sevilla,10,38,13,11,14,38,39,-1,50,1.0,1.0263157894736843,1.3157894736842106,-0.02631578947368421,0.34210526315789475,20,0.5263157894736843,1.3368421052631578,0.7480314960629921,1.3025641025641024
La Liga,2002-2003,Ath Madrid,11,38,12,11,15,51,56,-5,47,1.3421052631578947,1.4736842105263157,1.236842105263158,-0.13157894736842105,0.3157894736842105,20,0.4736842105263158,1.3368421052631578,1.0039370078740157,0.9071428571428571
La Liga,2002-2003,Osasuna,12,38,12,11,15,40,48,-8,47,1.0526315789473684,1.263157894736842,1.236842105263158,-0.21052631578947367,0.3157894736842105,20,0.42105263157894735,1.3368421052631578,0.7874015748031497,1.0583333333333333
La Liga,2002-2003,Valladolid,13,38,12,10,16,37,40,-3,46,0.9736842105263158,1.0526315789473684,1.2105263157894737,-0.07894736842105263,0.3157894736842105,20,0.368421052631579,1.3368421052631578,0.7283464566929134,1.27
La Liga,2002-2003,Malaga,14,38,11,13,14,44,49,-5,46,1.1578947368421053,1.2894736842105263,1.2105263157894737,-0.13157894736842105,0.2894736842105263,20,0.3157894736842105,1.3368421052631578,0.8661417322834647,1.036734693877551
La Liga,2002-2003,Villarreal,15,38,11,12,15,44,53,-9,45,1.1578947368421053,1.394736842105263,1.1842105263157894,-0.23684210526315788,0.2894736842105263,20,0.26315789473684215,1.3368421052631578,0.8661417322834647,0.9584905660377359
La Liga,2002-2003,Santander,16,38,13,5,20,54,64,-10,44,1.4210526315789473,1.6842105263157894,1.1578947368421053,-0.2631578947368421,0.34210526315789475,20,0.21052631578947367,1.3368421052631578,1.062992125984252,0.79375
La Liga,2002-2003,Espanol,17,38,10,13,15,48,54,-6,43,1.263157894736842,1.4210526315789473,1.131578947368421,-0.15789473684210525,0.2631578947368421,20,0.1578947368421053,1.3368421052631578,0.9448818897637795,0.9407407407407408
La Liga,2002-2003,Recreativo,18,38,8,12,18,35,61,-26,36,0.9210526315789473,1.605263157894737,0.9473684210526315,-0.6842105263157895,0.21052631578947367,20,0.10526315789473684,1.3368421052631578,0.6889763779527559,0.8327868852459015
La Liga,2002-2003,Alaves,19,38,8,11,19,38,68,-30,35,1.0,1.7894736842105263,0.9210526315789473,-0.7894736842105263,0.21052631578947367,20,0.052631578947368474,1.3368421052631578,0.7480314960629921,0.7470588235294118
La Liga,2002-2003,Vallecano,20,38,7,11,20,31,62,-31,32,0.8157894736842105,1.631578947368421,0.8421052631578947,-0.8157894736842105,0.18421052631578946,20,0.0,1.3368421052631578,0.610236220472441,0.8193548387096774
Ligue 1,2002-2003,Lyon,1,38,19,11,8,63,41,22,68,1.6578947368421053,1.0789473684210527,1.7894736842105263,0.5789473684210527,0.5,20,1.0,1.1013157894736842,1.5053763440860215,1.0207317073170732
Ligue 1,2002-2003,Monaco,2,38,19,10,9,66,33,33,67,1.736842105263158,0.868421052631579,1.763157894736842,0.868421052631579,0.5,20,0.9473684210526316,1.1013157894736842,1.5770609318996416,1.268181818181818
Ligue 1,2002-2003,Marseille,3,38,19,8,11,41,36,5,65,1.0789473684210527,0.9473684210526315,1.7105263157894737,0.13157894736842105,0.5,20,0.8947368421052632,1.1013157894736842,0.9796893667861409,1.1625
Ligue 1,2002-2003,Bordeaux,4,38,18,10,10,57,36,21,64,1.5,0.9473684210526315,1.6842105263157894,0.5526315789473685,0.47368421052631576,20,0.8421052631578947,1.1013157894736842,1.3620071684587813,1.1625
Ligue 1,2002-2003,Sochaux,5,38,17,13,8,46,31,15,64,1.2105263157894737,0.8157894736842105,1.6842105263157894,0.39473684210526316,0.4473684210526316,20,0.7894736842105263,1.1013157894736842,1.099163679808841,1.35
Ligue 1,2002-2003,Auxerre,6,38,18,10,10,38,29,9,64,1.0,0.7631578947368421,1.6842105263157894,0.23684210526315788,0.47368421052631576,20,0.736842105263158,1.1013157894736842,0.9080047789725209,1.443103448275862
Ligue 1,2002-2003,Guingamp,7,38,19,5,14,59,46,13,62,1.5526315789473684,1.2105263157894737,1.631578947368421,0.34210526315789475,0.5,20,0.6842105263157895,1.1013157894736842,1.4097968936678613,0.9097826086956522
Ligue 1,2002-2003,Lens,8,38,14,15,9,43,31,12,57,1.131578947368421,0.8157894736842105,1.5,0.3157894736842105,0.3684210526315789,20,0.631578947368421,1.1013157894736842,1.027479091995221,1.35
Ligue 1,2002-2003,Nantes,9,38,16,8,14,37,39,-2,56,0.9736842105263158,1.0263157894736843,1.4736842105263157,-0.05263157894736842,0.42105263157894735,20,0.5789473684210527,1.1013157894736842,0.8841099163679809,1.073076923076923
Ligue 1,2002-2003,Nice,10,38,13,16,9,39,31,8,55,1.0263157894736843,0.8157894736842105,1.4473684210526316,0.21052631578947367,0.34210526315789475,20,0.5263157894736843,1.1013157894736842,0.931899641577061,1.35
Ligue 1,2002-2003,Paris SG,11,38,14,12,12,47,36,11,54,1.236842105263158,0.9473684210526315,1.4210526315789473,0.2894736842105263,0.3684210526315789,20,0.4736842105263158,1.1013157894736842,1.1230585424133812,1.1625
Ligue 1,2002-2003,Bastia,12,38,12,11,15,40,48,-8,47,1.0526315789473684,1.263157894736842,1.236842105263158,-0.21052631578947367,0.3157894736842105,20,0.42105263157894735,1.1013157894736842,0.9557945041816008,0.8718750000000001
Ligue 1,2002-2003,Strasbourg,13,38,11,12,15,40,54,-14,45,1.0526315789473684,1.4210526315789473,1.1842105263157894,-0.3684210526315789,0.2894736842105263,20,0.368421052631579,1.1013157894736842,0.9557945041816008,0.775
Ligue 1,2002-2003,Lille,14,38,10,12,16,29,44,-15,42,0.7631578947368421,1.1578947368421053,1.105263157894737,-0.39473684210526316,0.2631578947368421,20,0.3157894736842105,1.1013157894736842,0.6929510155316607,0.9511363636363637
Ligue 1,2002-2003,Rennes,15,38,10,10,18,35,45,-10,40,0.9210526315789473,1.1842105263157894,1.0526315789473684,-0.2631578947368421,0.2631578947368421,20,0.26315789473684215,1.1013157894736842,0.8363201911589008,0.9300000000000002
Ligue 1,2002-2003,Montpellier,16,38,10,10,18,37,54,-17,40,0.9736842105263158,1.4210526315789473,1.0526315789473684,-0.4473684210526316,0.2631578947368421,20,0.21052631578947367,1.1013157894736842,0.8841099163679809,0.775
Ligue 1,2002-2003,Ajaccio,17,38,9,12,17,29,49,-20,39,0.7631578947368421,1.2894736842105263,1.0263157894736843,-0.5263157894736842,0.23684210526315788,20,0.1578947368421053,1.1013157894736842,0.6929510155316607,0.8540816326530613
Ligue 1,2002-2003,Le Havre,18,38,10,8,20,27,47,-20,38,0.7105263157894737,1.236842105263158,1.0,-0.5263157894736842,0.2631578947368421,20,0.10526315789473684,1.1013157894736842,0.6451612903225806,0.8904255319148936
Ligue 1,2002-2003,Sedan,19,38,9,9,20,41,59,-18,36,1.0789473684210527,1.5526315789473684,0.9473684210526315,-0.47368421052631576,0.23684210526315788,20,0.052631578947368474,1.1013157894736842,0.9796893667861409,0.7093220338983052
Ligue 1,2002-2003,Troyes,20,38,7,10,21,23,48,-25,31,0.6052631578947368,1.263157894736842,0.8157894736842105,-0.6578947368421053,0.18421052631578946,20,0.0,1.1013157894736842,0.5495818399044206,0.8718750000000001
Premier League,2002-2003,Man United,1,38,25,8,5,74,34,40,83,1.9473684210526316,0.8947368421052632,2.1842105263157894,1.0526315789473684,0.6578947368421053,20,1.0,1.3157894736842106,1.48,1.4705882352941178
Premier League,2002-2003,Arsenal,2,38,23,9,6,85,42,43,78,2.236842105263158,1.105263157894737,2.0526315789473686,1.131578947368421,0.6052631578947368,20,0.9473684210526316,1.3157894736842106,1.7,1.1904761904761905
Premier League,2002-2003,Newcastle,3,38,21,6,11,63,48,15,69,1.6578947368421053,1.263157894736842,1.8157894736842106,0.39473684210526316,0.5526315789473685,20,0.8947368421052632,1.3157894736842106,1.26,1.0416666666666667
Premier League,2002-2003,Chelsea,4,38,19,10,9,68,38,30,67,1.7894736842105263,1.0,1.763157894736842,0.7894736842105263,0.5,20,0.8421052631578947,1.3157894736842106,1.3599999999999999,1.3157894736842106
Premier League,2002-2003,Liverpool,5,38,18,10,10,61,41,20,64,1.605263157894737,1.0789473684210527,1.6842105263157894,0.5263157894736842,0.47368421052631576,20,0.7894736842105263,1.3157894736842106,1.22,1.2195121951219512
Premier League,2002-2003,Blackburn,6,38,16,12,10,52,43,9,60,1.368421052631579,1.131578947368421,1.5789473684210527,0.23684210526315788,0.42105263157894735,20,0.736842105263158,1.3157894736842106,1.04,1.1627906976744187
Premier League,2002-2003,Everton,7,38,17,8,13,48,49,-1,59,1.263157894736842,1.2894736842105263,1.5526315789473684,-0.02631578947368421,0.4473684210526316,20,0.6842105263157895,1.3157894736842106,0.9599999999999999,1.0204081632653061
Premier League,2002-2003,Southampton,8,38,13,13,12,43,46,-3,52,1.131578947368421,1.2105263157894737,1.368421052631579,-0.07894736842105263,0.34210526315789475,20,0.631578947368421,1.3157894736842106,0.8599999999999999,1.0869565217391306
Premier League,2002-2003,Man City,9,38,15,6,17,47,54,-7,51,1.236842105263158,1.4210526315789473,1.3421052631578947,-0.18421052631578946,0.39473684210526316,20,0.5789473684210527,1.3157894736842106,0.94,0.925925925925926
Premier League,2002-2003,Tottenham,10,38,14,8,16,51,62,-11,50,1.3421052631578947,1.631578947368421,1.3157894736842106,-0.2894736842105263,0.3684210526315789,20,0.5263157894736843,1.3157894736842106,1.0199999999999998,0.8064516129032259
Premier League,2002-2003,Middlesbrough,11,38,13,10,15,48,44,4,49,1.263157894736842,1.1578947368421053,1.2894736842105263,0.10526315789473684,0.34210526315789475,20,0.4736842105263158,1.3157894736842106,0.9599999999999999,1.1363636363636365
Premier League,2002-2003,Charlton,12,38,14,7,17,45,56,-11,49,1.1842105263157894,1.4736842105263157,1.2894736842105263,-0.2894736842105263,0.3684210526315789,20,0.42105263157894735,1.3157894736842106,0.8999999999999999,0.892857142857143
Premier League,2002-2003,Birmingham,13,38,13,9,16,41,49,-8,48,1.0789473684210527,1.2894736842105263,1.263157894736842,-0.21052631578947367,0.34210526315789475,20,0.368421052631579,1.3157894736842106,0.82,1.0204081632653061
Premier League,2002-2003,Fulham,14,38,13,9,16,41,50,-9,48,1.0789473684210527,1.3157894736842106,1.263157894736842,-0.23684210526315788,0.34210526315789475,20,0.3157894736842105,1.3157894736842106,0.82,1.0
Premier League,2002-2003,Leeds,15,38,14,5,19,58,57,1,47,1.5263157894736843,1.5,1.236842105263158,0.02631578947368421,0.3684210526315789,20,0.26315789473684215,1.3157894736842106,1.16,0.8771929824561404
Premier League,2002-2003,Aston Villa,16,38,12,9,17,42,47,-5,45,1.105263157894737,1.236842105263158,1.1842105263157894,-0.13157894736842105,0.3157894736842105,20,0.21052631578947367,1.3157894736842106,0.84,1.0638297872340425
Premier League,2002-2003,Bolton,17,38,10,14,14,41,51,-10,44,1.0789473684210527,1.3421052631578947,1.1578947368421053,-0.2631578947368421,0.2631578947368421,20,0.1578947368421053,1.3157894736842106,0.82,0.9803921568627452
Premier League,2002-2003,West Ham,18,38,10,12,16,42,59,-17,42,1.105263157894737,1.5526315789473684,1.105263157894737,-0.4473684210526316,0.2631578947368421,20,0.10526315789473684,1.3157894736842106,0.84,0.8474576271186441
Premier League,2002-2003,West Brom,19,38,6,8,24,29,65,-36,26,0.7631578947368421,1.7105263157894737,0.6842105263157895,-0.9473684210526315,0.15789473684210525,20,0.052631578947368474,1.3157894736842106,0.58,0.7692307692307693
Premier League,2002-2003,Sunderland,20,38,4,7,27,21,65,-44,19,0.5526315789473685,1.7105263157894737,0.5,-1.1578947368421053,0.10526315789473684,20,0.0,1.3157894736842106,0.42,0.7692307692307693
Serie A,2002-2003,Juventus,1,34,21,9,4,64,29,35,72,1.8823529411764706,0.8529411764705882,2.1176470588235294,1.0294117647058822,0.6176470588235294,18,1.0,1.2892156862745099,1.4600760456273763,1.5114942528735633
Serie A,2002-2003,Inter,2,34,19,8,7,64,38,26,65,1.8823529411764706,1.1176470588235294,1.911764705882353,0.7647058823529411,0.5588235294117647,18,0.9411764705882353,1.2892156862745099,1.4600760456273763,1.1535087719298247
Serie A,2002-2003,Milan,3,34,18,7,9,55,30,25,61,1.6176470588235294,0.8823529411764706,1.7941176470588236,0.7352941176470589,0.5294117647058824,18,0.8823529411764706,1.2892156862745099,1.2547528517110265,1.4611111111111112
Serie A,2002-2003,Lazio,4,34,15,15,4,57,32,25,60,1.6764705882352942,0.9411764705882353,1.7647058823529411,0.7352941176470589,0.4411764705882353,18,0.8235294117647058,1.2892156862745099,1.3003802281368821,1.3697916666666667
Serie A,2002-2003,Parma,5,34,15,11,8,55,36,19,56,1.6176470588235294,1.0588235294117647,1.6470588235294117,0.5588235294117647,0.4411764705882353,18,0.7647058823529411,1.2892156862745099,1.2547528517110265,1.2175925925925926
Serie A,2002-2003,Udinese,6,34,16,8,10,38,35,3,56,1.1176470588235294,1.0294117647058822,1.6470588235294117,0.08823529411764706,0.47058823529411764,18,0.7058823529411764,1.2892156862745099,0.8669201520912547,1.2523809523809526
Serie A,2002-2003,Chievo,7,34,16,7,11,51,39,12,55,1.5,1.1470588235294117,1.6176470588235294,0.35294117647058826,0.47058823529411764,18,0.6470588235294117,1.2892156862745099,1.1634980988593155,1.1239316239316242
Serie A,2002-2003,Roma,8,34,13,10,11,55,46,9,49,1.6176470588235294,1.3529411764705883,1.4411764705882353,0.2647058823529412,0.38235294117647056,18,0.5882352941176471,1.2892156862745099,1.2547528517110265,0.9528985507246377
Serie A,2002-2003,Brescia,9,34,9,15,10,36,38,-2,42,1.0588235294117647,1.1176470588235294,1.2352941176470589,-0.058823529411764705,0.2647058823529412,18,0.5294117647058824,1.2892156862745099,0.8212927756653992,1.1535087719298247
Serie A,2002-2003,Perugia,10,34,10,12,12,40,48,-8,42,1.1764705882352942,1.411764705882353,1.2352941176470589,-0.23529411764705882,0.29411764705882354,18,0.47058823529411764,1.2892156862745099,0.9125475285171102,0.9131944444444444
Serie A,2002-2003,Bologna,11,34,10,11,13,39,47,-8,41,1.1470588235294117,1.3823529411764706,1.2058823529411764,-0.23529411764705882,0.29411764705882354,18,0.4117647058823529,1.2892156862745099,0.8897338403041823,0.9326241134751774
Serie A,2002-2003,Empoli,12,34,9,11,14,36,46,-10,38,1.0588235294117647,1.3529411764705883,1.1176470588235294,-0.29411764705882354,0.2647058823529412,18,0.3529411764705882,1.2892156862745099,0.8212927756653992,0.9528985507246377
Serie A,2002-2003,Atalanta,13,34,8,14,12,35,47,-12,38,1.0294117647058822,1.3823529411764706,1.1176470588235294,-0.35294117647058826,0.23529411764705882,18,0.2941176470588235,1.2892156862745099,0.7984790874524713,0.9326241134751774
Serie A,2002-2003,Reggina,14,34,10,8,16,38,53,-15,38,1.1176470588235294,1.5588235294117647,1.1176470588235294,-0.4411764705882353,0.29411764705882354,18,0.23529411764705888,1.2892156862745099,0.8669201520912547,0.8270440251572327
Serie A,2002-2003,Modena,15,34,9,11,14,30,48,-18,38,0.8823529411764706,1.411764705882353,1.1176470588235294,-0.5294117647058824,0.2647058823529412,18,0.17647058823529416,1.2892156862745099,0.6844106463878327,0.9131944444444444
Serie A,2002-2003,Piacenza,16,34,8,6,20,44,62,-18,30,1.2941176470588236,1.8235294117647058,0.8823529411764706,-0.5294117647058824,0.23529411764705882,18,0.11764705882352944,1.2892156862745099,1.0038022813688212,0.706989247311828
Serie A,2002-2003,Como,17,34,4,12,18,29,57,-28,24,0.8529411764705882,1.6764705882352942,0.7058823529411765,-0.8235294117647058,0.11764705882352941,18,0.05882352941176472,1.2892156862745099,0.6615969581749048,0.7690058479532164
Serie A,2002-2003,Torino,18,34,4,9,21,23,58,-35,21,0.6764705882352942,1.7058823529411764,0.6176470588235294,-1.0294117647058822,0.11764705882352941,18,0.0,1.2892156862745099,0.5247148288973384,0.7557471264367817
Bundesliga,2003-2004,Werder Bremen,1,34,22,8,4,79,38,41,74,2.323529411764706,1.1176470588235294,2.176470588235294,1.2058823529411764,0.6470588235294118,18,1.0,1.4852941176470589,1.5643564356435644,1.3289473684210527
Bundesliga,2003-2004,Bayern Munich,2,34,20,8,6,70,39,31,68,2.0588235294117645,1.1470588235294117,2.0,0.9117647058823529,0.5882352941176471,18,0.9411764705882353,1.4852941176470589,1.386138613861386,1.294871794871795
Bundesliga,2003-2004,Leverkusen,3,34,19,8,7,73,39,34,65,2.1470588235294117,1.1470588235294117,1.911764705882353,1.0,0.5588235294117647,18,0.8823529411764706,1.4852941176470589,1.4455445544554455,1.294871794871795
Bundesliga,2003-2004,Stuttgart,4,34,18,10,6,52,24,28,64,1.5294117647058822,0.7058823529411765,1.8823529411764706,0.8235294117647058,0.5294117647058824,18,0.8235294117647058,1.4852941176470589,1.0297029702970295,2.1041666666666665
Bundesliga,2003-2004,Bochum,5,34,15,11,8,57,39,18,56,1.6764705882352942,1.1470588235294117,1.6470588235294117,0.5294117647058824,0.4411764705882353,18,0.7647058823529411,1.4852941176470589,1.1287128712871286,1.294871794871795
Bundesliga,2003-2004,Dortmund,6,34,16,7,11,59,48,11,55,1.7352941176470589,1.411764705882353,1.6176470588235294,0.3235294117647059,0.47058823529411764,18,0.7058823529411764,1.4852941176470589,1.1683168316831682,1.0520833333333333
Bundesliga,2003-2004,Schalke 04,7,34,13,11,10,49,42,7,50,1.4411764705882353,1.2352941176470589,1.4705882352941178,0.20588235294117646,0.38235294117647056,18,0.6470588235294117,1.4852941176470589,0.9702970297029703,1.2023809523809523
Bundesliga,2003-2004,Hamburg,8,34,14,7,13,47,60,-13,49,1.3823529411764706,1.7647058823529411,1.4411764705882353,-0.38235294117647056,0.4117647058823529,18,0.5882352941176471,1.4852941176470589,0.9306930693069306,0.8416666666666667
Bundesliga,2003-2004,Hansa Rostock,9,34,12,8,14,55,54,1,44,1.6176470588235294,1.588235294117647,1.2941176470588236,0.029411764705882353,0.35294117647058826,18,0.5294117647058824,1.4852941176470589,1.0891089108910892,0.9351851851851852
Bundesliga,2003-2004,Wolfsburg,10,34,13,3,18,56,61,-5,42,1.6470588235294117,1.7941176470588236,1.2352941176470589,-0.14705882352941177,0.38235294117647056,18,0.47058823529411764,1.4852941176470589,1.1089108910891088,0.8278688524590164
Bundesliga,2003-2004,M'gladbach,11,34,10,9,15,40,49,-9,39,1.1764705882352942,1.4411764705882353,1.1470588235294117,-0.2647058823529412,0.29411764705882354,18,0.4117647058823529,1.4852941176470589,0.7920792079207921,1.0306122448979593
Bundesliga,2003-2004,Hertha,12,34,9,12,13,42,59,-17,39,1.2352941176470589,1.7352941176470589,1.1470588235294117,-0.5,0.2647058823529412,18,0.3529411764705882,1.4852941176470589,0.8316831683168316,0.8559322033898306
Bundesliga,2003-2004,Kaiserslautern,13,34,11,6,17,39,62,-23,39,1.1470588235294117,1.8235294117647058,1.1470588235294117,-0.6764705882352942,0.3235294117647059,18,0.2941176470588235,1.4852941176470589,0.7722772277227722,0.8145161290322581
Bundesliga,2003-2004,Freiburg,14,34,10,8,16,42,67,-25,38,1.2352941176470589,1.9705882352941178,1.1176470588235294,-0.7352941176470589,0.29411764705882354,18,0.23529411764705888,1.4852941176470589,0.8316831683168316,0.753731343283582
Bundesliga,2003-2004,Hannover,15,34,9,10,15,49,63,-14,37,1.4411764705882353,1.8529411764705883,1.088235294117647,-0.4117647058823529,0.2647058823529412,18,0.17647058823529416,1.4852941176470589,0.9702970297029703,0.8015873015873016
Bundesliga,2003-2004,Ein Frankfurt,16,34,9,5,20,36,53,-17,32,1.0588235294117647,1.5588235294117647,0.9411764705882353,-0.5,0.2647058823529412,18,0.11764705882352944,1.4852941176470589,0.7128712871287128,0.9528301886792453
Bundesliga,2003-2004,Munich 1860,17,34,8,8,18,32,55,-23,32,0.9411764705882353,1.6176470588235294,0.9411764705882353,-0.6764705882352942,0.23529411764705882,18,0.05882352941176472,1.4852941176470589,0.6336633663366337,0.9181818181818182
Bundesliga,2003-2004,FC Koln,18,34,6,5,23,32,57,-25,23,0.9411764705882353,1.6764705882352942,0.6764705882352942,-0.7352941176470589,0.17647058823529413,18,0.0,1.4852941176470589,0.6336633663366337,0.8859649122807017
La Liga,2003-2004,Valencia,1,38,23,8,7,71,27,44,77,1.868421052631579,0.7105263157894737,2.026315789473684,1.1578947368421053,0.6052631578947368,20,1.0,1.3355263157894737,1.3990147783251232,1.8796296296296295
La Liga,2003-2004,Barcelona,2,38,21,9,8,63,39,24,72,1.6578947368421053,1.0263157894736843,1.894736842105263,0.631578947368421,0.5526315789473685,20,0.9473684210526316,1.3355263157894737,1.2413793103448276,1.301282051282051
La Liga,2003-2004,La Coruna,3,38,21,8,9,60,34,26,71,1.5789473684210527,0.8947368421052632,1.868421052631579,0.6842105263157895,0.5526315789473685,20,0.8947368421052632,1.3355263157894737,1.1822660098522169,1.4926470588235294
La Liga,2003-2004,Real Madrid,4,38,21,7,10,72,54,18,70,1.894736842105263,1.4210526315789473,1.8421052631578947,0.47368421052631576,0.5526315789473685,20,0.8421052631578947,1.3355263157894737,1.4187192118226601,0.9398148148148148
La Liga,2003-2004,Ath Bilbao,5,38,15,11,12,53,49,4,56,1.394736842105263,1.2894736842105263,1.4736842105263157,0.10526315789473684,0.39473684210526316,20,0.7894736842105263,1.3355263157894737,1.044334975369458,1.0357142857142856
La Liga,2003-2004,Sevilla,6,38,15,10,13,56,45,11,55,1.4736842105263157,1.1842105263157894,1.4473684210526316,0.2894736842105263,0.39473684210526316,20,0.736842105263158,1.3355263157894737,1.103448275862069,1.1277777777777778
La Liga,2003-2004,Ath Madrid,7,38,15,10,13,51,53,-2,55,1.3421052631578947,1.394736842105263,1.4473684210526316,-0.05263157894736842,0.39473684210526316,20,0.6842105263157895,1.3355263157894737,1.0049261083743841,0.9575471698113208
La Liga,2003-2004,Villarreal,8,38,15,9,14,47,49,-2,54,1.236842105263158,1.2894736842105263,1.4210526315789473,-0.05263157894736842,0.39473684210526316,20,0.631578947368421,1.3355263157894737,0.9261083743842365,1.0357142857142856
La Liga,2003-2004,Betis,9,38,13,13,12,46,43,3,52,1.2105263157894737,1.131578947368421,1.368421052631579,0.07894736842105263,0.34210526315789475,20,0.5789473684210527,1.3355263157894737,0.9064039408866995,1.180232558139535
La Liga,2003-2004,Malaga,10,38,15,6,17,50,55,-5,51,1.3157894736842106,1.4473684210526316,1.3421052631578947,-0.13157894736842105,0.39473684210526316,20,0.5263157894736843,1.3355263157894737,0.9852216748768474,0.9227272727272727
La Liga,2003-2004,Mallorca,11,38,15,6,17,54,66,-12,51,1.4210526315789473,1.736842105263158,1.3421052631578947,-0.3157894736842105,0.39473684210526316,20,0.4736842105263158,1.3355263157894737,1.064039408866995,0.7689393939393939
La Liga,2003-2004,Osasuna,12,38,11,15,12,38,37,1,48,1.0,0.9736842105263158,1.263157894736842,0.02631578947368421,0.2894736842105263,20,0.42105263157894735,1.3355263157894737,0.7487684729064039,1.3716216216216215
La Liga,2003-2004,Zaragoza,13,38,13,9,16,46,55,-9,48,1.2105263157894737,1.4473684210526316,1.263157894736842,-0.23684210526315788,0.34210526315789475,20,0.368421052631579,1.3355263157894737,0.9064039408866995,0.9227272727272727
La Liga,2003-2004,Albacete,14,38,13,8,17,40,48,-8,47,1.0526315789473684,1.263157894736842,1.236842105263158,-0.21052631578947367,0.34210526315789475,20,0.3157894736842105,1.3355263157894737,0.7881773399014778,1.0572916666666667
La Liga,2003-2004,Sociedad,15,38,11,13,14,49,53,-4,46,1.2894736842105263,1.394736842105263,1.2105263157894737,-0.10526315789473684,0.2894736842105263,20,0.26315789473684215,1.3355263157894737,0.9655172413793104,0.9575471698113208
La Liga,2003-2004,Santander,16,38,11,10,17,48,63,-15,43,1.263157894736842,1.6578947368421053,1.131578947368421,-0.39473684210526316,0.2894736842105263,20,0.21052631578947367,1.3355263157894737,0.9458128078817734,0.8055555555555556
La Liga,2003-2004,Espanol,17,38,13,4,21,48,64,-16,43,1.263157894736842,1.6842105263157894,1.131578947368421,-0.42105263157894735,0.34210526315789475,20,0.1578947368421053,1.3355263157894737,0.9458128078817734,0.79296875
La Liga,2003-2004,Valladolid,18,38,10,11,17,46,56,-10,41,1.2105263157894737,1.4736842105263157,1.0789473684210527,-0.2631578947368421,0.2631578947368421,20,0.10526315789473684,1.3355263157894737,0.9064039408866995,0.90625
La Liga,2003-2004,Celta,19,38,9,12,17,48,68,-20,39,1.263157894736842,1.7894736842105263,1.0263157894736843,-0.5263157894736842,0.23684210526315788,20,0.052631578947368474,1.3355263157894737,0.9458128078817734,0.7463235294117647
La Liga,2003-2004,Murcia,20,38,5,11,22,29,57,-28,26,0.7631578947368421,1.5,0.6842105263157895,-0.7368421052631579,0.13157894736842105,20,0.0,1.3355263157894737,0.5714285714285715,0.8903508771929824
Ligue 1,2003-2004,Lyon,1,38,24,7,7,64,26,38,79,1.6842105263157894,0.6842105263157895,2.0789473684210527,1.0,0.631578947368421,20,1.0,1.1631578947368422,1.4479638009049771,1.7
Ligue 1,2003-2004,Paris SG,2,38,22,10,6,50,28,22,76,1.3157894736842106,0.7368421052631579,2.0,0.5789473684210527,0.5789473684210527,20,0.9473684210526316,1.1631578947368422,1.1312217194570136,1.5785714285714287
Ligue 1,2003-2004,Monaco,3,38,21,12,5,59,30,29,75,1.5526315789473684,0.7894736842105263,1.9736842105263157,0.7631578947368421,0.5526315789473685,20,0.8947368421052632,1.1631578947368422,1.334841628959276,1.4733333333333334
Ligue 1,2003-2004,Auxerre,4,38,19,8,11,60,34,26,65,1.5789473684210527,0.8947368421052632,1.7105263157894737,0.6842105263157895,0.5,20,0.8421052631578947,1.1631578947368422,1.3574660633484161,1.3
Ligue 1,2003-2004,Sochaux,5,38,18,9,11,54,42,12,63,1.4210526315789473,1.105263157894737,1.6578947368421053,0.3157894736842105,0.47368421052631576,20,0.7894736842105263,1.1631578947368422,1.2217194570135745,1.0523809523809524
Ligue 1,2003-2004,Nantes,6,38,17,9,12,47,35,12,60,1.236842105263158,0.9210526315789473,1.5789473684210527,0.3157894736842105,0.4473684210526316,20,0.736842105263158,1.1631578947368422,1.0633484162895928,1.262857142857143
Ligue 1,2003-2004,Marseille,7,38,17,6,15,51,45,6,57,1.3421052631578947,1.1842105263157894,1.5,0.15789473684210525,0.4473684210526316,20,0.6842105263157895,1.1631578947368422,1.1538461538461537,0.9822222222222223
Ligue 1,2003-2004,Lens,8,38,15,8,15,34,48,-14,53,0.8947368421052632,1.263157894736842,1.394736842105263,-0.3684210526315789,0.39473684210526316,20,0.631578947368421,1.1631578947368422,0.7692307692307692,0.9208333333333334
Ligue 1,2003-2004,Rennes,9,38,14,10,14,56,44,12,52,1.4736842105263157,1.1578947368421053,1.368421052631579,0.3157894736842105,0.3684210526315789,20,0.5789473684210527,1.1631578947368422,1.2669683257918551,1.0045454545454546
Ligue 1,2003-2004,Lille,10,38,14,9,15,41,41,0,51,1.0789473684210527,1.0789473684210527,1.3421052631578947,0.0,0.3684210526315789,20,0.5263157894736843,1.1631578947368422,0.927601809954751,1.078048780487805
Ligue 1,2003-2004,Nice,11,38,11,17,10,42,39,3,50,1.105263157894737,1.0263157894736843,1.3157894736842106,0.07894736842105263,0.2894736842105263,20,0.4736842105263158,1.1631578947368422,0.9502262443438915,1.1333333333333333
Ligue 1,2003-2004,Bordeaux,12,38,13,11,14,40,43,-3,50,1.0526315789473684,1.131578947368421,1.3157894736842106,-0.07894736842105263,0.34210526315789475,20,0.42105263157894735,1.1631578947368422,0.9049773755656108,1.0279069767441862
Ligue 1,2003-2004,Strasbourg,13,38,10,13,15,43,50,-7,43,1.131578947368421,1.3157894736842106,1.131578947368421,-0.18421052631578946,0.2631578947368421,20,0.368421052631579,1.1631578947368422,0.9728506787330315,0.884
Ligue 1,2003-2004,Metz,14,38,11,9,18,34,42,-8,42,0.8947368421052632,1.105263157894737,1.105263157894737,-0.21052631578947367,0.2894736842105263,20,0.3157894736842105,1.1631578947368422,0.7692307692307692,1.0523809523809524
Ligue 1,2003-2004,Ajaccio,15,38,10,10,18,33,55,-22,40,0.868421052631579,1.4473684210526316,1.0526315789473684,-0.5789473684210527,0.2631578947368421,20,0.26315789473684215,1.1631578947368422,0.746606334841629,0.8036363636363636
Ligue 1,2003-2004,Toulouse,16,38,9,12,17,31,44,-13,39,0.8157894736842105,1.1578947368421053,1.0263157894736843,-0.34210526315789475,0.23684210526315788,20,0.21052631578947367,1.1631578947368422,0.7013574660633484,1.0045454545454546
Ligue 1,2003-2004,Bastia,17,38,9,12,17,33,49,-16,39,0.868421052631579,1.2894736842105263,1.0263157894736843,-0.42105263157894735,0.23684210526315788,20,0.1578947368421053,1.1631578947368422,0.746606334841629,0.9020408163265307
Ligue 1,2003-2004,Guingamp,18,38,10,8,20,36,58,-22,38,0.9473684210526315,1.5263157894736843,1.0,-0.5789473684210527,0.2631578947368421,20,0.10526315789473684,1.1631578947368422,0.8144796380090497,0.7620689655172413
Ligue 1,2003-2004,Le Mans,19,38,9,11,18,35,57,-22,38,0.9210526315789473,1.5,1.0,-0.5789473684210527,0.23684210526315788,20,0.052631578947368474,1.1631578947368422,0.7918552036199095,0.7754385964912281
Ligue 1,2003-2004,Montpellier,20,38,8,7,23,41,74,-33,31,1.0789473684210527,1.9473684210526316,0.8157894736842105,-0.868421052631579,0.21052631578947367,20,0.0,1.1631578947368422,0.927601809954751,0.5972972972972973
Premier League,2003-2004,Arsenal,1,38,26,12,0,73,26,47,90,1.9210526315789473,0.6842105263157895,2.3684210526315788,1.236842105263158,0.6842105263157895,20,1.0,1.331578947368421,1.4426877470355732,1.946153846153846
Premier League,2003-2004,Chelsea,2,38,24,7,7,67,30,37,79,1.763157894736842,0.7894736842105263,2.0789473684210527,0.9736842105263158,0.631578947368421,20,0.9473684210526316,1.331578947368421,1.324110671936759,1.6866666666666665
Premier League,2003-2004,Man United,3,38,23,6,9,64,35,29,75,1.6842105263157894,0.9210526315789473,1.9736842105263157,0.7631578947368421,0.6052631578947368,20,0.8947368421052632,1.331578947368421,1.2648221343873518,1.4457142857142857
Premier League,2003-2004,Liverpool,4,38,16,12,10,55,37,18,60,1.4473684210526316,0.9736842105263158,1.5789473684210527,0.47368421052631576,0.42105263157894735,20,0.8421052631578947,1.331578947368421,1.0869565217391306,1.3675675675675674
Premier League,2003-2004,Newcastle,5,38,13,17,8,52,40,12,56,1.368421052631579,1.0526315789473684,1.4736842105263157,0.3157894736842105,0.34210526315789475,20,0.7894736842105263,1.331578947368421,1.0276679841897234,1.265
Premier League,2003-2004,Aston Villa,6,38,15,11,12,48,44,4,56,1.263157894736842,1.1578947368421053,1.4736842105263157,0.10526315789473684,0.39473684210526316,20,0.736842105263158,1.331578947368421,0.9486166007905138,1.15
Premier League,2003-2004,Charlton,7,38,14,11,13,51,51,0,53,1.3421052631578947,1.3421052631578947,1.394736842105263,0.0,0.3684210526315789,20,0.6842105263157895,1.331578947368421,1.007905138339921,0.9921568627450981
Premier League,2003-2004,Bolton,8,38,14,11,13,48,56,-8,53,1.263157894736842,1.4736842105263157,1.394736842105263,-0.21052631578947367,0.3684210526315789,20,0.631578947368421,1.331578947368421,0.9486166007905138,0.9035714285714286
Premier League,2003-2004,Fulham,9,38,14,10,14,52,46,6,52,1.368421052631579,1.2105263157894737,1.368421052631579,0.15789473684210525,0.3684210526315789,20,0.5789473684210527,1.331578947368421,1.0276679841897234,1.0999999999999999
Premier League,2003-2004,Birmingham,10,38,12,14,12,43,48,-5,50,1.131578947368421,1.263157894736842,1.3157894736842106,-0.13157894736842105,0.3157894736842105,20,0.5263157894736843,1.331578947368421,0.849802371541502,1.0541666666666667
Premier League,2003-2004,Middlesbrough,11,38,13,9,16,44,52,-8,48,1.1578947368421053,1.368421052631579,1.263157894736842,-0.21052631578947367,0.34210526315789475,20,0.4736842105263158,1.331578947368421,0.8695652173913044,0.973076923076923
Premier League,2003-2004,Southampton,12,38,12,11,15,44,45,-1,47,1.1578947368421053,1.1842105263157894,1.236842105263158,-0.02631578947368421,0.3157894736842105,20,0.42105263157894735,1.331578947368421,0.8695652173913044,1.1244444444444444
Premier League,2003-2004,Portsmouth,13,38,12,9,17,47,54,-7,45,1.236842105263158,1.4210526315789473,1.1842105263157894,-0.18421052631578946,0.3157894736842105,20,0.368421052631579,1.331578947368421,0.9288537549407115,0.937037037037037
Premier League,2003-2004,Tottenham,14,38,13,6,19,47,57,-10,45,1.236842105263158,1.5,1.1842105263157894,-0.2631578947368421,0.34210526315789475,20,0.3157894736842105,1.331578947368421,0.9288537549407115,0.887719298245614
Premier League,2003-2004,Blackburn,15,38,12,8,18,51,59,-8,44,1.3421052631578947,1.5526315789473684,1.1578947368421053,-0.21052631578947367,0.3157894736842105,20,0.26315789473684215,1.331578947368421,1.007905138339921,0.8576271186440678
Premier League,2003-2004,Man City,16,38,9,14,15,55,54,1,41,1.4473684210526316,1.4210526315789473,1.0789473684210527,0.02631578947368421,0.23684210526315788,20,0.21052631578947367,1.331578947368421,1.0869565217391306,0.937037037037037
Premier League,2003-2004,Everton,17,38,9,12,17,45,57,-12,39,1.1842105263157894,1.5,1.0263157894736843,-0.3157894736842105,0.23684210526315788,20,0.1578947368421053,1.331578947368421,0.8893280632411067,0.887719298245614
Premier League,2003-2004,Leicester,18,38,6,15,17,48,65,-17,33,1.263157894736842,1.7105263157894737,0.868421052631579,-0.4473684210526316,0.15789473684210525,20,0.10526315789473684,1.331578947368421,0.9486166007905138,0.7784615384615384
Premier League,2003-2004,Leeds,19,38,8,9,21,40,79,-39,33,1.0526315789473684,2.0789473684210527,0.868421052631579,-1.0263157894736843,0.21052631578947367,20,0.052631578947368474,1.331578947368421,0.7905138339920948,0.640506329113924
Premier League,2003-2004,Wolves,20,38,7,12,19,38,77,-39,33,1.0,2.026315789473684,0.868421052631579,-1.0263157894736843,0.18421052631578946,20,0.0,1.331578947368421,0.7509881422924901,0.6571428571428571
Serie A,2003-2004,Milan,1,34,25,7,2,65,24,41,82,1.911764705882353,0.7058823529411765,2.411764705882353,1.2058823529411764,0.7352941176470589,18,1.0,1.3333333333333333,1.433823529411765,1.8888888888888886
Serie A,2003-2004,Roma,2,34,21,8,5,68,19,49,71,2.0,0.5588235294117647,2.088235294117647,1.4411764705882353,0.6176470588235294,18,0.9411764705882353,1.3333333333333333,1.5,2.3859649122807016
Serie A,2003-2004,Juventus,3,34,21,6,7,67,42,25,69,1.9705882352941178,1.2352941176470589,2.0294117647058822,0.7352941176470589,0.6176470588235294,18,0.8823529411764706,1.3333333333333333,1.4779411764705883,1.0793650793650793
Serie A,2003-2004,Inter,4,34,17,8,9,59,37,22,59,1.7352941176470589,1.088235294117647,1.7352941176470589,0.6470588235294118,0.5,18,0.8235294117647058,1.3333333333333333,1.3014705882352942,1.2252252252252254
Serie A,2003-2004,Parma,5,34,16,10,8,57,46,11,58,1.6764705882352942,1.3529411764705883,1.7058823529411764,0.3235294117647059,0.47058823529411764,18,0.7647058823529411,1.3333333333333333,1.2573529411764708,0.9855072463768115
Serie A,2003-2004,Lazio,6,34,16,8,10,52,38,14,56,1.5294117647058822,1.1176470588235294,1.6470588235294117,0.4117647058823529,0.47058823529411764,18,0.7058823529411764,1.3333333333333333,1.1470588235294117,1.1929824561403508
Serie A,2003-2004,Udinese,7,34,13,11,10,44,40,4,50,1.2941176470588236,1.1764705882352942,1.4705882352941178,0.11764705882352941,0.38235294117647056,18,0.6470588235294117,1.3333333333333333,0.9705882352941178,1.1333333333333333
Serie A,2003-2004,Sampdoria,8,34,11,13,10,40,42,-2,46,1.1764705882352942,1.2352941176470589,1.3529411764705883,-0.058823529411764705,0.3235294117647059,18,0.5882352941176471,1.3333333333333333,0.8823529411764707,1.0793650793650793
Serie A,2003-2004,Chievo,9,34,11,11,12,36,37,-1,44,1.0588235294117647,1.088235294117647,1.2941176470588236,-0.029411764705882353,0.3235294117647059,18,0.5294117647058824,1.3333333333333333,0.7941176470588236,1.2252252252252254
Serie A,2003-2004,Lecce,10,34,11,8,15,43,56,-13,41,1.2647058823529411,1.6470588235294117,1.2058823529411764,-0.38235294117647056,0.3235294117647059,18,0.47058823529411764,1.3333333333333333,0.9485294117647058,0.8095238095238095
Serie A,2003-2004,Brescia,11,34,9,13,12,52,57,-5,40,1.5294117647058822,1.6764705882352942,1.1764705882352942,-0.14705882352941177,0.2647058823529412,18,0.4117647058823529,1.3333333333333333,1.1470588235294117,0.7953216374269005
Serie A,2003-2004,Bologna,12,34,10,9,15,45,53,-8,39,1.3235294117647058,1.5588235294117647,1.1470588235294117,-0.23529411764705882,0.29411764705882354,18,0.3529411764705882,1.3333333333333333,0.9926470588235294,0.8553459119496855
Serie A,2003-2004,Siena,13,34,8,10,16,41,54,-13,34,1.2058823529411764,1.588235294117647,1.0,-0.38235294117647056,0.23529411764705882,18,0.2941176470588235,1.3333333333333333,0.9044117647058824,0.8395061728395061
Serie A,2003-2004,Reggina,14,34,6,16,12,29,45,-16,34,0.8529411764705882,1.3235294117647058,1.0,-0.47058823529411764,0.17647058823529413,18,0.23529411764705888,1.3333333333333333,0.6397058823529412,1.0074074074074073
Serie A,2003-2004,Perugia,15,34,6,14,14,44,56,-12,32,1.2941176470588236,1.6470588235294117,0.9411764705882353,-0.35294117647058826,0.17647058823529413,18,0.17647058823529416,1.3333333333333333,0.9705882352941178,0.8095238095238095
Serie A,2003-2004,Modena,16,34,6,12,16,27,46,-19,30,0.7941176470588235,1.3529411764705883,0.8823529411764706,-0.5588235294117647,0.17647058823529413,18,0.11764705882352944,1.3333333333333333,0.5955882352941176,0.9855072463768115
Serie A,2003-2004,Empoli,17,34,7,9,18,26,54,-28,30,0.7647058823529411,1.588235294117647,0.8823529411764706,-0.8235294117647058,0.20588235294117646,18,0.05882352941176472,1.3333333333333333,0.5735294117647058,0.8395061728395061
Serie A,2003-2004,Ancona,18,34,2,7,25,21,70,-49,13,0.6176470588235294,2.0588235294117645,0.38235294117647056,-1.4411764705882353,0.058823529411764705,18,0.0,1.3333333333333333,0.4632352941176471,0.6476190476190476
Bundesliga,2004-2005,Bayern Munich,1,34,24,5,5,75,33,42,77,2.2058823529411766,0.9705882352941176,2.264705882352941,1.2352941176470589,0.7058823529411765,18,1.0,1.4542483660130718,1.5168539325842698,1.4983164983164983
Bundesliga,2004-2005,Schalke 04,2,34,20,3,11,56,46,10,63,1.6470588235294117,1.3529411764705883,1.8529411764705883,0.29411764705882354,0.5882352941176471,18,0.9411764705882353,1.4542483660130718,1.1325842696629214,1.07487922705314
Bundesliga,2004-2005,Werder Bremen,3,34,18,5,11,68,37,31,59,2.0,1.088235294117647,1.7352941176470589,0.9117647058823529,0.5294117647058824,18,0.8823529411764706,1.4542483660130718,1.3752808988764045,1.3363363363363363
Bundesliga,2004-2005,Hertha,4,34,15,13,6,59,31,28,58,1.7352941176470589,0.9117647058823529,1.7058823529411764,0.8235294117647058,0.4411764705882353,18,0.8235294117647058,1.4542483660130718,1.1932584269662923,1.5949820788530467
Bundesliga,2004-2005,Stuttgart,5,34,17,7,10,54,40,14,58,1.588235294117647,1.1764705882352942,1.7058823529411764,0.4117647058823529,0.5,18,0.7647058823529411,1.4542483660130718,1.0921348314606742,1.236111111111111
Bundesliga,2004-2005,Leverkusen,6,34,16,9,9,65,44,21,57,1.911764705882353,1.2941176470588236,1.6764705882352942,0.6176470588235294,0.47058823529411764,18,0.7058823529411764,1.4542483660130718,1.3146067415730338,1.1237373737373737
Bundesliga,2004-2005,Dortmund,7,34,15,10,9,47,44,3,55,1.3823529411764706,1.2941176470588236,1.6176470588235294,0.08823529411764706,0.4411764705882353,18,0.6470588235294117,1.4542483660130718,0.950561797752809,1.1237373737373737
Bundesliga,2004-2005,Hamburg,8,34,16,3,15,55,50,5,51,1.6176470588235294,1.4705882352941178,1.5,0.14705882352941177,0.47058823529411764,18,0.5882352941176471,1.4542483660130718,1.1123595505617978,0.9888888888888888
Bundesliga,2004-2005,Wolfsburg,9,34,15,3,16,49,51,-2,48,1.4411764705882353,1.5,1.411764705882353,-0.058823529411764705,0.4411764705882353,18,0.5294117647058824,1.4542483660130718,0.9910112359550562,0.9694989106753812
Bundesliga,2004-2005,Hannover,10,34,13,6,15,34,36,-2,45,1.0,1.0588235294117647,1.3235294117647058,-0.058823529411764705,0.38235294117647056,18,0.47058823529411764,1.4542483660130718,0.6876404494382022,1.3734567901234567
Bundesliga,2004-2005,Mainz,11,34,12,7,15,50,55,-5,43,1.4705882352941178,1.6176470588235294,1.2647058823529411,-0.14705882352941177,0.35294117647058826,18,0.4117647058823529,1.4542483660130718,1.0112359550561798,0.8989898989898989
Bundesliga,2004-2005,Kaiserslautern,12,34,12,6,16,43,52,-9,42,1.2647058823529411,1.5294117647058822,1.2352941176470589,-0.2647058823529412,0.35294117647058826,18,0.3529411764705882,1.4542483660130718,0.8696629213483146,0.9508547008547009
Bundesliga,2004-2005,Bielefeld,13,34,11,7,16,37,49,-12,40,1.088235294117647,1.4411764705882353,1.1764705882352942,-0.35294117647058826,0.3235294117647059,18,0.2941176470588235,1.4542483660130718,0.748314606741573,1.0090702947845804
Bundesliga,2004-2005,Nurnberg,14,34,10,8,16,55,63,-8,38,1.6176470588235294,1.8529411764705883,1.1176470588235294,-0.23529411764705882,0.29411764705882354,18,0.23529411764705888,1.4542483660130718,1.1123595505617978,0.7848324514991181
Bundesliga,2004-2005,M'gladbach,15,34,8,12,14,35,51,-16,36,1.0294117647058822,1.5,1.0588235294117647,-0.47058823529411764,0.23529411764705882,18,0.17647058823529416,1.4542483660130718,0.7078651685393258,0.9694989106753812
Bundesliga,2004-2005,Bochum,16,34,9,8,17,47,68,-21,35,1.3823529411764706,2.0,1.0294117647058822,-0.6176470588235294,0.2647058823529412,18,0.11764705882352944,1.4542483660130718,0.950561797752809,0.7271241830065359
Bundesliga,2004-2005,Hansa Rostock,17,34,7,9,18,31,65,-34,30,0.9117647058823529,1.911764705882353,0.8823529411764706,-1.0,0.20588235294117646,18,0.05882352941176472,1.4542483660130718,0.6269662921348315,0.7606837606837606
Bundesliga,2004-2005,Freiburg,18,34,3,9,22,30,75,-45,18,0.8823529411764706,2.2058823529411766,0.5294117647058824,-1.3235294117647058,0.08823529411764706,18,0.0,1.4542483660130718,0.6067415730337079,0.6592592592592592
La Liga,2004-2005,Barcelona,1,38,25,9,4,73,29,44,84,1.9210526315789473,0.7631578947368421,2.210526315789474,1.1578947368421053,0.6578947368421053,20,1.0,1.2894736842105263,1.4897959183673468,1.689655172413793
La Liga,2004-2005,Real Madrid,2,38,25,5,8,71,32,39,80,1.868421052631579,0.8421052631578947,2.1052631578947367,1.0263157894736843,0.6578947368421053,20,0.9473684210526316,1.2894736842105263,1.4489795918367347,1.53125
La Liga,2004-2005,Villarreal,3,38,18,11,9,69,37,32,65,1.8157894736842106,0.9736842105263158,1.7105263157894737,0.8421052631578947,0.47368421052631576,20,0.8947368421052632,1.2894736842105263,1.4081632653061225,1.3243243243243243
La Liga,2004-2005,Betis,4,38,16,14,8,62,50,12,62,1.631578947368421,1.3157894736842106,1.631578947368421,0.3157894736842105,0.42105263157894735,20,0.8421052631578947,1.2894736842105263,1.2653061224489794,0.98
La Liga,2004-2005,Espanol,5,38,17,10,11,54,46,8,61,1.4210526315789473,1.2105263157894737,1.605263157894737,0.21052631578947367,0.4473684210526316,20,0.7894736842105263,1.2894736842105263,1.1020408163265305,1.065217391304348
La Liga,2004-2005,Sevilla,6,38,17,9,12,44,41,3,60,1.1578947368421053,1.0789473684210527,1.5789473684210527,0.07894736842105263,0.4473684210526316,20,0.736842105263158,1.2894736842105263,0.8979591836734694,1.1951219512195121
La Liga,2004-2005,Valencia,7,38,14,16,8,54,39,15,58,1.4210526315789473,1.0263157894736843,1.5263157894736843,0.39473684210526316,0.3684210526315789,20,0.6842105263157895,1.2894736842105263,1.1020408163265305,1.2564102564102564
La Liga,2004-2005,Ath Bilbao,8,38,14,9,15,59,54,5,51,1.5526315789473684,1.4210526315789473,1.3421052631578947,0.13157894736842105,0.3684210526315789,20,0.631578947368421,1.2894736842105263,1.2040816326530612,0.9074074074074074
La Liga,2004-2005,La Coruna,9,38,12,15,11,46,50,-4,51,1.2105263157894737,1.3157894736842106,1.3421052631578947,-0.10526315789473684,0.3157894736842105,20,0.5789473684210527,1.2894736842105263,0.9387755102040816,0.98
La Liga,2004-2005,Malaga,10,38,15,6,17,40,48,-8,51,1.0526315789473684,1.263157894736842,1.3421052631578947,-0.21052631578947367,0.39473684210526316,20,0.5263157894736843,1.2894736842105263,0.8163265306122448,1.0208333333333335
La Liga,2004-2005,Ath Madrid,11,38,13,11,14,40,34,6,50,1.0526315789473684,0.8947368421052632,1.3157894736842106,0.15789473684210525,0.34210526315789475,20,0.4736842105263158,1.2894736842105263,0.8163265306122448,1.4411764705882353
La Liga,2004-2005,Zaragoza,12,38,14,8,16,52,57,-5,50,1.368421052631579,1.5,1.3157894736842106,-0.13157894736842105,0.3684210526315789,20,0.42105263157894735,1.2894736842105263,1.0612244897959184,0.8596491228070176
La Liga,2004-2005,Getafe,13,38,12,11,15,38,46,-8,47,1.0,1.2105263157894737,1.236842105263158,-0.21052631578947367,0.3157894736842105,20,0.368421052631579,1.2894736842105263,0.7755102040816326,1.065217391304348
La Liga,2004-2005,Sociedad,14,38,13,8,17,47,56,-9,47,1.236842105263158,1.4736842105263157,1.236842105263158,-0.23684210526315788,0.34210526315789475,20,0.3157894736842105,1.2894736842105263,0.9591836734693878,0.8750000000000001
La Liga,2004-2005,Osasuna,15,38,12,10,16,46,65,-19,46,1.2105263157894737,1.7105263157894737,1.2105263157894737,-0.5,0.3157894736842105,20,0.26315789473684215,1.2894736842105263,0.9387755102040816,0.7538461538461538
La Liga,2004-2005,Santander,16,38,12,8,18,41,58,-17,44,1.0789473684210527,1.5263157894736843,1.1578947368421053,-0.4473684210526316,0.3157894736842105,20,0.21052631578947367,1.2894736842105263,0.8367346938775511,0.8448275862068965
La Liga,2004-2005,Mallorca,17,38,10,9,19,42,63,-21,39,1.105263157894737,1.6578947368421053,1.0263157894736843,-0.5526315789473685,0.2631578947368421,20,0.1578947368421053,1.2894736842105263,0.8571428571428572,0.7777777777777778
La Liga,2004-2005,Levante,18,38,9,10,19,39,58,-19,37,1.0263157894736843,1.5263157894736843,0.9736842105263158,-0.5,0.23684210526315788,20,0.10526315789473684,1.2894736842105263,0.7959183673469389,0.8448275862068965
La Liga,2004-2005,Numancia,19,38,6,11,21,30,61,-31,29,0.7894736842105263,1.605263157894737,0.7631578947368421,-0.8157894736842105,0.15789473684210525,20,0.052631578947368474,1.2894736842105263,0.6122448979591837,0.8032786885245902
La Liga,2004-2005,Albacete,20,38,6,10,22,33,56,-23,28,0.868421052631579,1.4736842105263157,0.7368421052631579,-0.6052631578947368,0.15789473684210525,20,0.0,1.2894736842105263,0.673469387755102,0.8750000000000001
Ligue 1,2004-2005,Lyon,1,38,22,13,3,56,22,34,79,1.4736842105263157,0.5789473684210527,2.0789473684210527,0.8947368421052632,0.5789473684210527,20,1.0,1.0868421052631578,1.3559322033898304,1.877272727272727
Ligue 1,2004-2005,Lille,2,38,18,13,7,52,29,23,67,1.368421052631579,0.7631578947368421,1.763157894736842,0.6052631578947368,0.47368421052631576,20,0.9473684210526316,1.0868421052631578,1.2590799031476998,1.4241379310344826
Ligue 1,2004-2005,Monaco,3,38,15,18,5,52,35,17,63,1.368421052631579,0.9210526315789473,1.6578947368421053,0.4473684210526316,0.39473684210526316,20,0.8947368421052632,1.0868421052631578,1.2590799031476998,1.18
Ligue 1,2004-2005,Rennes,4,38,15,10,13,49,42,7,55,1.2894736842105263,1.105263157894737,1.4473684210526316,0.18421052631578946,0.39473684210526316,20,0.8421052631578947,1.0868421052631578,1.1864406779661019,0.9833333333333332
Ligue 1,2004-2005,Marseille,5,38,15,10,13,47,42,5,55,1.236842105263158,1.105263157894737,1.4473684210526316,0.13157894736842105,0.39473684210526316,20,0.7894736842105263,1.0868421052631578,1.1380145278450364,0.9833333333333332
Ligue 1,2004-2005,St Etienne,6,38,12,17,9,47,34,13,53,1.236842105263158,0.8947368421052632,1.394736842105263,0.34210526315789475,0.3157894736842105,20,0.736842105263158,1.0868421052631578,1.1380145278450364,1.214705882352941
Ligue 1,2004-2005,Lens,7,38,13,13,12,45,39,6,52,1.1842105263157894,1.0263157894736843,1.368421052631579,0.15789473684210525,0.34210526315789475,20,0.6842105263157895,1.0868421052631578,1.089588377723971,1.0589743589743588
Ligue 1,2004-2005,Auxerre,8,38,14,10,14,48,47,1,52,1.263157894736842,1.236842105263158,1.368421052631579,0.02631578947368421,0.3684210526315789,20,0.631578947368421,1.0868421052631578,1.162227602905569,0.878723404255319
Ligue 1,2004-2005,Paris SG,9,38,12,15,11,40,41,-1,51,1.0526315789473684,1.0789473684210527,1.3421052631578947,-0.02631578947368421,0.3157894736842105,20,0.5789473684210527,1.0868421052631578,0.9685230024213075,1.0073170731707317
Ligue 1,2004-2005,Sochaux,10,38,13,11,14,42,41,1,50,1.105263157894737,1.0789473684210527,1.3157894736842106,0.02631578947368421,0.34210526315789475,20,0.5263157894736843,1.0868421052631578,1.016949152542373,1.0073170731707317
Ligue 1,2004-2005,Strasbourg,11,38,12,12,14,42,43,-1,48,1.105263157894737,1.131578947368421,1.263157894736842,-0.02631578947368421,0.3157894736842105,20,0.4736842105263158,1.0868421052631578,1.016949152542373,0.9604651162790697
Ligue 1,2004-2005,Nice,12,38,10,16,12,38,45,-7,46,1.0,1.1842105263157894,1.2105263157894737,-0.18421052631578946,0.2631578947368421,20,0.42105263157894735,1.0868421052631578,0.9200968523002422,0.9177777777777778
Ligue 1,2004-2005,Toulouse,13,38,12,10,16,36,43,-7,46,0.9473684210526315,1.131578947368421,1.2105263157894737,-0.18421052631578946,0.3157894736842105,20,0.368421052631579,1.0868421052631578,0.8716707021791767,0.9604651162790697
Ligue 1,2004-2005,Ajaccio,14,38,10,15,13,36,40,-4,45,0.9473684210526315,1.0526315789473684,1.1842105263157894,-0.10526315789473684,0.2631578947368421,20,0.3157894736842105,1.0868421052631578,0.8716707021791767,1.0325
Ligue 1,2004-2005,Bordeaux,15,38,8,20,10,37,41,-4,44,0.9736842105263158,1.0789473684210527,1.1578947368421053,-0.10526315789473684,0.21052631578947367,20,0.26315789473684215,1.0868421052631578,0.8958837772397095,1.0073170731707317
Ligue 1,2004-2005,Metz,16,38,10,14,14,33,45,-12,44,0.868421052631579,1.1842105263157894,1.1578947368421053,-0.3157894736842105,0.2631578947368421,20,0.21052631578947367,1.0868421052631578,0.7990314769975788,0.9177777777777778
Ligue 1,2004-2005,Nantes,17,38,10,13,15,33,38,-5,43,0.868421052631579,1.0,1.131578947368421,-0.13157894736842105,0.2631578947368421,20,0.1578947368421053,1.0868421052631578,0.7990314769975788,1.0868421052631578
Ligue 1,2004-2005,Caen,18,38,10,12,16,36,60,-24,42,0.9473684210526315,1.5789473684210527,1.105263157894737,-0.631578947368421,0.2631578947368421,20,0.10526315789473684,1.0868421052631578,0.8716707021791767,0.6883333333333332
Ligue 1,2004-2005,Bastia,19,38,11,8,19,32,48,-16,41,0.8421052631578947,1.263157894736842,1.0789473684210527,-0.42105263157894735,0.2894736842105263,20,0.052631578947368474,1.0868421052631578,0.774818401937046,0.8604166666666667
Ligue 1,2004-2005,Istres,20,38,6,14,18,25,51,-26,32,0.6578947368421053,1.3421052631578947,0.8421052631578947,-0.6842105263157895,0.15789473684210525,20,0.0,1.0868421052631578,0.6053268765133173,0.8098039215686275
Premier League,2004-2005,Chelsea,1,38,29,8,1,72,15,57,95,1.894736842105263,0.39473684210526316,2.5,1.5,0.7631578947368421,20,1.0,1.2828947368421053,1.4769230769230768,3.25
Premier League,2004-2005,Arsenal,2,38,25,8,5,87,36,51,83,2.289473684210526,0.9473684210526315,2.1842105263157894,1.3421052631578947,0.6578947368421053,20,0.9473684210526316,1.2828947368421053,1.7846153846153845,1.3541666666666667
Premier League,2004-2005,Man United,3,38,22,11,5,58,26,32,77,1.5263157894736843,0.6842105263157895,2.026315789473684,0.8421052631578947,0.5789473684210527,20,0.8947368421052632,1.2828947368421053,1.1897435897435897,1.875
Premier League,2004-2005,Everton,4,38,18,7,13,45,46,-1,61,1.1842105263157894,1.2105263157894737,1.605263157894737,-0.02631578947368421,0.47368421052631576,20,0.8421052631578947,1.2828947368421053,0.923076923076923,1.0597826086956523
Premier League,2004-2005,Liverpool,5,38,17,7,14,52,41,11,58,1.368421052631579,1.0789473684210527,1.5263157894736843,0.2894736842105263,0.4473684210526316,20,0.7894736842105263,1.2828947368421053,1.0666666666666667,1.1890243902439024
Premier League,2004-2005,Bolton,6,38,16,10,12,49,44,5,58,1.2894736842105263,1.1578947368421053,1.5263157894736843,0.13157894736842105,0.42105263157894735,20,0.736842105263158,1.2828947368421053,1.005128205128205,1.1079545454545454
Premier League,2004-2005,Middlesbrough,7,38,14,13,11,53,46,7,55,1.394736842105263,1.2105263157894737,1.4473684210526316,0.18421052631578946,0.3684210526315789,20,0.6842105263157895,1.2828947368421053,1.087179487179487,1.0597826086956523
Premier League,2004-2005,Man City,8,38,13,13,12,47,39,8,52,1.236842105263158,1.0263157894736843,1.368421052631579,0.21052631578947367,0.34210526315789475,20,0.631578947368421,1.2828947368421053,0.9641025641025641,1.25
Premier League,2004-2005,Tottenham,9,38,14,10,14,47,41,6,52,1.236842105263158,1.0789473684210527,1.368421052631579,0.15789473684210525,0.3684210526315789,20,0.5789473684210527,1.2828947368421053,0.9641025641025641,1.1890243902439024
Premier League,2004-2005,Aston Villa,10,38,12,11,15,45,52,-7,47,1.1842105263157894,1.368421052631579,1.236842105263158,-0.18421052631578946,0.3157894736842105,20,0.5263157894736843,1.2828947368421053,0.923076923076923,0.9375
Premier League,2004-2005,Charlton,11,38,12,10,16,42,58,-16,46,1.105263157894737,1.5263157894736843,1.2105263157894737,-0.42105263157894735,0.3157894736842105,20,0.4736842105263158,1.2828947368421053,0.8615384615384616,0.8405172413793103
Premier League,2004-2005,Birmingham,12,38,11,12,15,40,46,-6,45,1.0526315789473684,1.2105263157894737,1.1842105263157894,-0.15789473684210525,0.2894736842105263,20,0.42105263157894735,1.2828947368421053,0.8205128205128205,1.0597826086956523
Premier League,2004-2005,Fulham,13,38,12,8,18,52,60,-8,44,1.368421052631579,1.5789473684210527,1.1578947368421053,-0.21052631578947367,0.3157894736842105,20,0.368421052631579,1.2828947368421053,1.0666666666666667,0.8125
Premier League,2004-2005,Newcastle,14,38,10,14,14,47,57,-10,44,1.236842105263158,1.5,1.1578947368421053,-0.2631578947368421,0.2631578947368421,20,0.3157894736842105,1.2828947368421053,0.9641025641025641,0.8552631578947368
Premier League,2004-2005,Blackburn,15,38,9,15,14,32,43,-11,42,0.8421052631578947,1.131578947368421,1.105263157894737,-0.2894736842105263,0.23684210526315788,20,0.26315789473684215,1.2828947368421053,0.6564102564102563,1.1337209302325582
Premier League,2004-2005,Portsmouth,16,38,10,9,19,43,59,-16,39,1.131578947368421,1.5526315789473684,1.0263157894736843,-0.42105263157894735,0.2631578947368421,20,0.21052631578947367,1.2828947368421053,0.882051282051282,0.826271186440678
Premier League,2004-2005,West Brom,17,38,6,16,16,36,61,-25,34,0.9473684210526315,1.605263157894737,0.8947368421052632,-0.6578947368421053,0.15789473684210525,20,0.1578947368421053,1.2828947368421053,0.7384615384615384,0.7991803278688524
Premier League,2004-2005,Crystal Palace,18,38,7,12,19,41,62,-21,33,1.0789473684210527,1.631578947368421,0.868421052631579,-0.5526315789473685,0.18421052631578946,20,0.10526315789473684,1.2828947368421053,0.841025641025641,0.7862903225806452
Premier League,2004-2005,Norwich,19,38,7,12,19,42,77,-35,33,1.105263157894737,2.026315789473684,0.868421052631579,-0.9210526315789473,0.18421052631578946,20,0.052631578947368474,1.2828947368421053,0.8615384615384616,0.6331168831168832
Premier League,2004-2005,Southampton,20,38,6,14,18,45,66,-21,32,1.1842105263157894,1.736842105263158,0.8421052631578947,-0.5526315789473685,0.15789473684210525,20,0.0,1.2828947368421053,0.923076923076923,0.7386363636363636
Serie A,2004-2005,Juventus,1,38,26,8,4,67,27,40,86,1.763157894736842,0.7105263157894737,2.263157894736842,1.0526315789473684,0.6842105263157895,20,1.0,1.263157894736842,1.3958333333333333,1.7777777777777777
Serie A,2004-2005,Milan,2,38,23,10,5,63,28,35,79,1.6578947368421053,0.7368421052631579,2.0789473684210527,0.9210526315789473,0.6052631578947368,20,0.9473684210526316,1.263157894736842,1.3125,1.7142857142857142
Serie A,2004-2005,Inter,3,38,18,18,2,65,37,28,72,1.7105263157894737,0.9736842105263158,1.894736842105263,0.7368421052631579,0.47368421052631576,20,0.8947368421052632,1.263157894736842,1.3541666666666667,1.2972972972972971
Serie A,2004-2005,Udinese,4,38,17,11,10,56,40,16,62,1.4736842105263157,1.0526315789473684,1.631578947368421,0.42105263157894735,0.4473684210526316,20,0.8421052631578947,1.263157894736842,1.1666666666666667,1.2
Serie A,2004-2005,Sampdoria,5,38,17,10,11,42,29,13,61,1.105263157894737,0.7631578947368421,1.605263157894737,0.34210526315789475,0.4473684210526316,20,0.7894736842105263,1.263157894736842,0.8750000000000001,1.6551724137931032
Serie A,2004-2005,Palermo,6,38,12,17,9,48,44,4,53,1.263157894736842,1.1578947368421053,1.394736842105263,0.10526315789473684,0.3157894736842105,20,0.736842105263158,1.263157894736842,1.0,1.0909090909090908
Serie A,2004-2005,Messina,7,38,12,12,14,44,52,-8,48,1.1578947368421053,1.368421052631579,1.263157894736842,-0.21052631578947367,0.3157894736842105,20,0.6842105263157895,1.263157894736842,0.9166666666666667,0.923076923076923
Serie A,2004-2005,Roma,8,38,11,12,15,55,58,-3,45,1.4473684210526316,1.5263157894736843,1.1842105263157894,-0.07894736842105263,0.2894736842105263,20,0.631578947368421,1.263157894736842,1.1458333333333335,0.8275862068965516
Serie A,2004-2005,Livorno,9,38,11,12,15,49,60,-11,45,1.2894736842105263,1.5789473684210527,1.1842105263157894,-0.2894736842105263,0.2894736842105263,20,0.5789473684210527,1.263157894736842,1.0208333333333335,0.7999999999999999
Serie A,2004-2005,Lazio,10,38,11,11,16,48,53,-5,44,1.263157894736842,1.394736842105263,1.1578947368421053,-0.13157894736842105,0.2894736842105263,20,0.5263157894736843,1.263157894736842,1.0,0.9056603773584906
Serie A,2004-2005,Lecce,11,38,10,14,14,66,73,-7,44,1.736842105263158,1.9210526315789473,1.1578947368421053,-0.18421052631578946,0.2631578947368421,20,0.4736842105263158,1.263157894736842,1.3750000000000002,0.6575342465753424
Serie A,2004-2005,Cagliari,12,38,10,14,14,51,60,-9,44,1.3421052631578947,1.5789473684210527,1.1578947368421053,-0.23684210526315788,0.2631578947368421,20,0.42105263157894735,1.263157894736842,1.0625,0.7999999999999999
Serie A,2004-2005,Reggina,13,38,10,14,14,36,45,-9,44,0.9473684210526315,1.1842105263157894,1.1578947368421053,-0.23684210526315788,0.2631578947368421,20,0.368421052631579,1.263157894736842,0.75,1.0666666666666667
Serie A,2004-2005,Siena,14,38,9,16,13,44,55,-11,43,1.1578947368421053,1.4473684210526316,1.131578947368421,-0.2894736842105263,0.23684210526315788,20,0.3157894736842105,1.263157894736842,0.9166666666666667,0.8727272727272727
Serie A,2004-2005,Chievo,15,38,11,10,17,32,49,-17,43,0.8421052631578947,1.2894736842105263,1.131578947368421,-0.4473684210526316,0.2894736842105263,20,0.26315789473684215,1.263157894736842,0.6666666666666666,0.9795918367346939
Serie A,2004-2005,Bologna,16,38,9,15,14,33,36,-3,42,0.868421052631579,0.9473684210526315,1.105263157894737,-0.07894736842105263,0.23684210526315788,20,0.21052631578947367,1.263157894736842,0.6875000000000001,1.3333333333333333
Serie A,2004-2005,Fiorentina,17,38,9,15,14,42,50,-8,42,1.105263157894737,1.3157894736842106,1.105263157894737,-0.21052631578947367,0.23684210526315788,20,0.1578947368421053,1.263157894736842,0.8750000000000001,0.9599999999999999
Serie A,2004-2005,Parma,18,38,10,12,16,48,65,-17,42,1.263157894736842,1.7105263157894737,1.105263157894737,-0.4473684210526316,0.2631578947368421,20,0.10526315789473684,1.263157894736842,1.0,0.7384615384615384
Serie A,2004-2005,Brescia,19,38,11,8,19,37,54,-17,41,0.9736842105263158,1.4210526315789473,1.0789473684210527,-0.4473684210526316,0.2894736842105263,20,0.052631578947368474,1.263157894736842,0.7708333333333334,0.8888888888888888
Serie A,2004-2005,Atalanta,20,38,8,11,19,34,45,-11,35,0.8947368421052632,1.1842105263157894,0.9210526315789473,-0.2894736842105263,0.21052631578947367,20,0.0,1.263157894736842,0.7083333333333334,1.0666666666666667
Bundesliga,2005-2006,Bayern Munich,1,34,22,9,3,67,32,35,75,1.9705882352941178,0.9411764705882353,2.2058823529411766,1.0294117647058822,0.6470588235294118,18,1.0,1.4068627450980393,1.4006968641114983,1.4947916666666667
Bundesliga,2005-2006,Werder Bremen,2,34,21,7,6,79,37,42,70,2.323529411764706,1.088235294117647,2.0588235294117645,1.2352941176470589,0.6176470588235294,18,0.9411764705882353,1.4068627450980393,1.651567944250871,1.292792792792793
Bundesliga,2005-2006,Hamburg,3,34,21,5,8,53,30,23,68,1.5588235294117647,0.8823529411764706,2.0,0.6764705882352942,0.6176470588235294,18,0.8823529411764706,1.4068627450980393,1.10801393728223,1.5944444444444446
Bundesliga,2005-2006,Schalke 04,4,34,16,13,5,47,31,16,61,1.3823529411764706,0.9117647058823529,1.7941176470588236,0.47058823529411764,0.47058823529411764,18,0.8235294117647058,1.4068627450980393,0.9825783972125435,1.5430107526881722
Bundesliga,2005-2006,Leverkusen,5,34,14,10,10,64,49,15,52,1.8823529411764706,1.4411764705882353,1.5294117647058822,0.4411764705882353,0.4117647058823529,18,0.7647058823529411,1.4068627450980393,1.337979094076655,0.9761904761904763
Bundesliga,2005-2006,Hertha,6,34,12,12,10,52,48,4,48,1.5294117647058822,1.411764705882353,1.411764705882353,0.11764705882352941,0.35294117647058826,18,0.7058823529411764,1.4068627450980393,1.0871080139372822,0.9965277777777778
Bundesliga,2005-2006,Dortmund,7,34,11,13,10,45,42,3,46,1.3235294117647058,1.2352941176470589,1.3529411764705883,0.08823529411764706,0.3235294117647059,18,0.6470588235294117,1.4068627450980393,0.940766550522648,1.1388888888888888
Bundesliga,2005-2006,Nurnberg,8,34,12,8,14,49,51,-2,44,1.4411764705882353,1.5,1.2941176470588236,-0.058823529411764705,0.35294117647058826,18,0.5882352941176471,1.4068627450980393,1.024390243902439,0.9379084967320263
Bundesliga,2005-2006,Stuttgart,9,34,9,16,9,37,39,-2,43,1.088235294117647,1.1470588235294117,1.2647058823529411,-0.058823529411764705,0.2647058823529412,18,0.5294117647058824,1.4068627450980393,0.7735191637630661,1.2264957264957266
Bundesliga,2005-2006,M'gladbach,10,34,10,12,12,42,50,-8,42,1.2352941176470589,1.4705882352941178,1.2352941176470589,-0.23529411764705882,0.29411764705882354,18,0.47058823529411764,1.4068627450980393,0.8780487804878049,0.9566666666666667
Bundesliga,2005-2006,Mainz,11,34,9,11,14,46,47,-1,38,1.3529411764705883,1.3823529411764706,1.1176470588235294,-0.029411764705882353,0.2647058823529412,18,0.4117647058823529,1.4068627450980393,0.9616724738675958,1.017730496453901
Bundesliga,2005-2006,Hannover,12,34,7,17,10,43,47,-4,38,1.2647058823529411,1.3823529411764706,1.1176470588235294,-0.11764705882352941,0.20588235294117646,18,0.3529411764705882,1.4068627450980393,0.8989547038327526,1.017730496453901
Bundesliga,2005-2006,Bielefeld,13,34,10,7,17,32,47,-15,37,0.9411764705882353,1.3823529411764706,1.088235294117647,-0.4411764705882353,0.29411764705882354,18,0.2941176470588235,1.4068627450980393,0.6689895470383275,1.017730496453901
Bundesliga,2005-2006,Ein Frankfurt,14,34,9,9,16,42,51,-9,36,1.2352941176470589,1.5,1.0588235294117647,-0.2647058823529412,0.2647058823529412,18,0.23529411764705888,1.4068627450980393,0.8780487804878049,0.9379084967320263
Bundesliga,2005-2006,Wolfsburg,15,34,7,13,14,33,55,-22,34,0.9705882352941176,1.6176470588235294,1.0,-0.6470588235294118,0.20588235294117646,18,0.17647058823529416,1.4068627450980393,0.6898954703832753,0.8696969696969697
Bundesliga,2005-2006,Kaiserslautern,16,34,8,9,17,47,71,-24,33,1.3823529411764706,2.088235294117647,0.9705882352941176,-0.7058823529411765,0.23529411764705882,18,0.11764705882352944,1.4068627450980393,0.9825783972125435,0.6737089201877935
Bundesliga,2005-2006,FC Koln,17,34,7,9,18,49,71,-22,30,1.4411764705882353,2.088235294117647,0.8823529411764706,-0.6470588235294118,0.20588235294117646,18,0.05882352941176472,1.4068627450980393,1.024390243902439,0.6737089201877935
Bundesliga,2005-2006,Duisburg,18,34,5,12,17,34,63,-29,27,1.0,1.8529411764705883,0.7941176470588235,-0.8529411764705882,0.14705882352941177,18,0.0,1.4068627450980393,0.7108013937282229,0.7592592592592593
La Liga,2005-2006,Barcelona,1,38,25,7,6,80,35,45,82,2.1052631578947367,0.9210526315789473,2.1578947368421053,1.1842105263157894,0.6578947368421053,20,1.0,1.231578947368421,1.7094017094017093,1.3371428571428572
La Liga,2005-2006,Real Madrid,2,38,20,10,8,70,40,30,70,1.8421052631578947,1.0526315789473684,1.8421052631578947,0.7894736842105263,0.5263157894736842,20,0.9473684210526316,1.231578947368421,1.4957264957264955,1.1700000000000002
La Liga,2005-2006,Valencia,3,38,19,12,7,58,33,25,69,1.5263157894736843,0.868421052631579,1.8157894736842106,0.6578947368421053,0.5,20,0.8947368421052632,1.231578947368421,1.2393162393162394,1.4181818181818182
La Liga,2005-2006,Sevilla,4,38,20,8,10,54,39,15,68,1.4210526315789473,1.0263157894736843,1.7894736842105263,0.39473684210526316,0.5263157894736842,20,0.8421052631578947,1.231578947368421,1.1538461538461537,1.2
La Liga,2005-2006,Osasuna,5,38,21,5,12,49,43,6,68,1.2894736842105263,1.131578947368421,1.7894736842105263,0.15789473684210525,0.5526315789473685,20,0.7894736842105263,1.231578947368421,1.047008547008547,1.0883720930232559
La Liga,2005-2006,Celta,6,38,20,4,14,45,33,12,64,1.1842105263157894,0.868421052631579,1.6842105263157894,0.3157894736842105,0.5263157894736842,20,0.736842105263158,1.231578947368421,0.9615384615384615,1.4181818181818182
La Liga,2005-2006,Villarreal,7,38,14,15,9,50,39,11,57,1.3157894736842106,1.0263157894736843,1.5,0.2894736842105263,0.3684210526315789,20,0.6842105263157895,1.231578947368421,1.0683760683760684,1.2
La Liga,2005-2006,La Coruna,8,38,15,10,13,47,45,2,55,1.236842105263158,1.1842105263157894,1.4473684210526316,0.05263157894736842,0.39473684210526316,20,0.631578947368421,1.231578947368421,1.0042735042735043,1.04
La Liga,2005-2006,Getafe,9,38,15,9,14,54,49,5,54,1.4210526315789473,1.2894736842105263,1.4210526315789473,0.13157894736842105,0.39473684210526316,20,0.5789473684210527,1.231578947368421,1.1538461538461537,0.9551020408163265
La Liga,2005-2006,Ath Madrid,10,38,13,13,12,45,37,8,52,1.1842105263157894,0.9736842105263158,1.368421052631579,0.21052631578947367,0.34210526315789475,20,0.5263157894736843,1.231578947368421,0.9615384615384615,1.2648648648648648
La Liga,2005-2006,Zaragoza,11,38,10,16,12,46,51,-5,46,1.2105263157894737,1.3421052631578947,1.2105263157894737,-0.13157894736842105,0.2631578947368421,20,0.4736842105263158,1.231578947368421,0.9829059829059829,0.9176470588235295
La Liga,2005-2006,Ath Bilbao,12,38,11,12,15,40,46,-6,45,1.0526315789473684,1.2105263157894737,1.1842105263157894,-0.15789473684210525,0.2894736842105263,20,0.42105263157894735,1.231578947368421,0.8547008547008547,1.0173913043478262
La Liga,2005-2006,Mallorca,13,38,10,13,15,37,51,-14,43,0.9736842105263158,1.3421052631578947,1.131578947368421,-0.3684210526315789,0.2631578947368421,20,0.368421052631579,1.231578947368421,0.7905982905982906,0.9176470588235295
La Liga,2005-2006,Betis,14,38,10,12,16,34,51,-17,42,0.8947368421052632,1.3421052631578947,1.105263157894737,-0.4473684210526316,0.2631578947368421,20,0.3157894736842105,1.231578947368421,0.7264957264957265,0.9176470588235295
La Liga,2005-2006,Espanol,15,38,10,11,17,36,56,-20,41,0.9473684210526315,1.4736842105263157,1.0789473684210527,-0.5263157894736842,0.2631578947368421,20,0.26315789473684215,1.231578947368421,0.7692307692307692,0.8357142857142857
La Liga,2005-2006,Santander,16,38,9,13,16,36,49,-13,40,0.9473684210526315,1.2894736842105263,1.0526315789473684,-0.34210526315789475,0.23684210526315788,20,0.21052631578947367,1.231578947368421,0.7692307692307692,0.9551020408163265
La Liga,2005-2006,Sociedad,17,38,11,7,20,48,65,-17,40,1.263157894736842,1.7105263157894737,1.0526315789473684,-0.4473684210526316,0.2894736842105263,20,0.1578947368421053,1.231578947368421,1.0256410256410255,0.7200000000000001
La Liga,2005-2006,Alaves,18,38,9,12,17,35,54,-19,39,0.9210526315789473,1.4210526315789473,1.0263157894736843,-0.5,0.23684210526315788,20,0.10526315789473684,1.231578947368421,0.7478632478632478,0.8666666666666667
La Liga,2005-2006,Cadiz,19,38,8,12,18,36,52,-16,36,0.9473684210526315,1.368421052631579,0.9473684210526315,-0.42105263157894735,0.21052631578947367,20,0.052631578947368474,1.231578947368421,0.7692307692307692,0.9
La Liga,2005-2006,Malaga,20,38,5,9,24,36,68,-32,24,0.9473684210526315,1.7894736842105263,0.631578947368421,-0.8421052631578947,0.13157894736842105,20,0.0,1.231578947368421,0.7692307692307692,0.6882352941176471
Ligue 1,2005-2006,Lyon,1,38,25,9,4,73,31,42,84,1.9210526315789473,0.8157894736842105,2.210526315789474,1.105263157894737,0.6578947368421053,20,1.0,1.0671052631578948,1.8002466091245375,1.3080645161290323
Ligue 1,2005-2006,Bordeaux,2,38,18,15,5,43,25,18,69,1.131578947368421,0.6578947368421053,1.8157894736842106,0.47368421052631576,0.47368421052631576,20,0.9473684210526316,1.0671052631578948,1.060419235511714,1.6219999999999999
Ligue 1,2005-2006,Lille,3,38,16,14,8,56,31,25,62,1.4736842105263157,0.8157894736842105,1.631578947368421,0.6578947368421053,0.42105263157894735,20,0.8947368421052632,1.0671052631578948,1.381011097410604,1.3080645161290323
Ligue 1,2005-2006,Lens,4,38,14,18,6,48,34,14,60,1.263157894736842,0.8947368421052632,1.5789473684210527,0.3684210526315789,0.3684210526315789,20,0.8421052631578947,1.0671052631578948,1.1837237977805177,1.1926470588235294
Ligue 1,2005-2006,Marseille,5,38,16,12,10,44,35,9,60,1.1578947368421053,0.9210526315789473,1.5789473684210527,0.23684210526315788,0.42105263157894735,20,0.7894736842105263,1.0671052631578948,1.0850801479654748,1.1585714285714286
Ligue 1,2005-2006,Auxerre,6,38,17,8,13,50,39,11,59,1.3157894736842106,1.0263157894736843,1.5526315789473684,0.2894736842105263,0.4473684210526316,20,0.736842105263158,1.0671052631578948,1.2330456226880395,1.0397435897435896
Ligue 1,2005-2006,Rennes,7,38,18,5,15,48,49,-1,59,1.263157894736842,1.2894736842105263,1.5526315789473684,-0.02631578947368421,0.47368421052631576,20,0.6842105263157895,1.0671052631578948,1.1837237977805177,0.8275510204081633
Ligue 1,2005-2006,Nice,8,38,16,10,12,36,31,5,58,0.9473684210526315,0.8157894736842105,1.5263157894736843,0.13157894736842105,0.42105263157894735,20,0.631578947368421,1.0671052631578948,0.8877928483353883,1.3080645161290323
Ligue 1,2005-2006,Paris SG,9,38,13,13,12,44,38,6,52,1.1578947368421053,1.0,1.368421052631579,0.15789473684210525,0.34210526315789475,20,0.5789473684210527,1.0671052631578948,1.0850801479654748,1.0671052631578948
Ligue 1,2005-2006,Monaco,10,38,13,13,12,42,36,6,52,1.105263157894737,0.9473684210526315,1.368421052631579,0.15789473684210525,0.34210526315789475,20,0.5263157894736843,1.0671052631578948,1.0357583230579532,1.126388888888889
Ligue 1,2005-2006,Le Mans,11,38,13,13,12,33,36,-3,52,0.868421052631579,0.9473684210526315,1.368421052631579,-0.07894736842105263,0.34210526315789475,20,0.4736842105263158,1.0671052631578948,0.813810110974106,1.126388888888889
Ligue 1,2005-2006,Nancy,12,38,12,12,14,35,37,-2,48,0.9210526315789473,0.9736842105263158,1.263157894736842,-0.05263157894736842,0.3157894736842105,20,0.42105263157894735,1.0671052631578948,0.8631319358816275,1.095945945945946
Ligue 1,2005-2006,St Etienne,13,38,11,14,13,29,39,-10,47,0.7631578947368421,1.0263157894736843,1.236842105263158,-0.2631578947368421,0.2894736842105263,20,0.368421052631579,1.0671052631578948,0.7151664611590629,1.0397435897435896
Ligue 1,2005-2006,Nantes,14,38,11,12,15,37,41,-4,45,0.9736842105263158,1.0789473684210527,1.1842105263157894,-0.10526315789473684,0.2894736842105263,20,0.3157894736842105,1.0671052631578948,0.9124537607891492,0.9890243902439024
Ligue 1,2005-2006,Sochaux,15,38,11,11,16,34,47,-13,44,0.8947368421052632,1.236842105263158,1.1578947368421053,-0.34210526315789475,0.2894736842105263,20,0.26315789473684215,1.0671052631578948,0.8384710234278668,0.8627659574468085
Ligue 1,2005-2006,Toulouse,16,38,10,11,17,36,47,-11,41,0.9473684210526315,1.236842105263158,1.0789473684210527,-0.2894736842105263,0.2631578947368421,20,0.21052631578947367,1.0671052631578948,0.8877928483353883,0.8627659574468085
Ligue 1,2005-2006,Troyes,17,38,9,12,17,37,47,-10,39,0.9736842105263158,1.236842105263158,1.0263157894736843,-0.2631578947368421,0.23684210526315788,20,0.1578947368421053,1.0671052631578948,0.9124537607891492,0.8627659574468085
Ligue 1,2005-2006,Ajaccio,18,38,8,9,21,27,53,-26,33,0.7105263157894737,1.394736842105263,0.868421052631579,-0.6842105263157895,0.21052631578947367,20,0.10526315789473684,1.0671052631578948,0.6658446362515412,0.7650943396226416
Ligue 1,2005-2006,Strasbourg,19,38,5,14,19,33,56,-23,29,0.868421052631579,1.4736842105263157,0.7631578947368421,-0.6052631578947368,0.13157894736842105,20,0.052631578947368474,1.0671052631578948,0.813810110974106,0.724107142857143
Ligue 1,2005-2006,Metz,20,38,6,11,21,26,59,-33,29,0.6842105263157895,1.5526315789473684,0.7631578947368421,-0.868421052631579,0.15789473684210525,20,0.0,1.0671052631578948,0.6411837237977805,0.6872881355932204
Premier League,2005-2006,Chelsea,1,38,29,4,5,72,22,50,91,1.894736842105263,0.5789473684210527,2.3947368421052633,1.3157894736842106,0.7631578947368421,20,1.0,1.2421052631578946,1.5254237288135595,2.145454545454545
Premier League,2005-2006,Man United,2,38,25,8,5,72,34,38,83,1.894736842105263,0.8947368421052632,2.1842105263157894,1.0,0.6578947368421053,20,0.9473684210526316,1.2421052631578946,1.5254237288135595,1.3882352941176468
Premier League,2005-2006,Liverpool,3,38,25,7,6,57,25,32,82,1.5,0.6578947368421053,2.1578947368421053,0.8421052631578947,0.6578947368421053,20,0.8947368421052632,1.2421052631578946,1.207627118644068,1.8879999999999997
Premier League,2005-2006,Arsenal,4,38,20,7,11,68,31,37,67,1.7894736842105263,0.8157894736842105,1.763157894736842,0.9736842105263158,0.5263157894736842,20,0.8421052631578947,1.2421052631578946,1.440677966101695,1.5225806451612902
Premier League,2005-2006,Tottenham,5,38,18,11,9,53,38,15,65,1.394736842105263,1.0,1.7105263157894737,0.39473684210526316,0.47368421052631576,20,0.7894736842105263,1.2421052631578946,1.1228813559322035,1.2421052631578946
Premier League,2005-2006,Blackburn,6,38,19,6,13,51,42,9,63,1.3421052631578947,1.105263157894737,1.6578947368421053,0.23684210526315788,0.5,20,0.736842105263158,1.2421052631578946,1.0805084745762712,1.1238095238095236
Premier League,2005-2006,Newcastle,7,38,17,7,14,47,42,5,58,1.236842105263158,1.105263157894737,1.5263157894736843,0.13157894736842105,0.4473684210526316,20,0.6842105263157895,1.2421052631578946,0.9957627118644069,1.1238095238095236
Premier League,2005-2006,Bolton,8,38,15,11,12,49,41,8,56,1.2894736842105263,1.0789473684210527,1.4736842105263157,0.21052631578947367,0.39473684210526316,20,0.631578947368421,1.2421052631578946,1.038135593220339,1.1512195121951219
Premier League,2005-2006,West Ham,9,38,16,7,15,52,55,-3,55,1.368421052631579,1.4473684210526316,1.4473684210526316,-0.07894736842105263,0.42105263157894735,20,0.5789473684210527,1.2421052631578946,1.1016949152542375,0.858181818181818
Premier League,2005-2006,Wigan,10,38,15,6,17,45,52,-7,51,1.1842105263157894,1.368421052631579,1.3421052631578947,-0.18421052631578946,0.39473684210526316,20,0.5263157894736843,1.2421052631578946,0.9533898305084746,0.9076923076923076
Premier League,2005-2006,Everton,11,38,14,8,16,34,49,-15,50,0.8947368421052632,1.2894736842105263,1.3157894736842106,-0.39473684210526316,0.3684210526315789,20,0.4736842105263158,1.2421052631578946,0.7203389830508475,0.9632653061224489
Premier League,2005-2006,Fulham,12,38,14,6,18,48,58,-10,48,1.263157894736842,1.5263157894736843,1.263157894736842,-0.2631578947368421,0.3684210526315789,20,0.42105263157894735,1.2421052631578946,1.0169491525423728,0.8137931034482757
Premier League,2005-2006,Charlton,13,38,13,8,17,41,55,-14,47,1.0789473684210527,1.4473684210526316,1.236842105263158,-0.3684210526315789,0.34210526315789475,20,0.368421052631579,1.2421052631578946,0.8686440677966103,0.858181818181818
Premier League,2005-2006,Middlesbrough,14,38,12,9,17,48,58,-10,45,1.263157894736842,1.5263157894736843,1.1842105263157894,-0.2631578947368421,0.3157894736842105,20,0.3157894736842105,1.2421052631578946,1.0169491525423728,0.8137931034482757
Premier League,2005-2006,Man City,15,38,13,4,21,43,48,-5,43,1.131578947368421,1.263157894736842,1.131578947368421,-0.13157894736842105,0.34210526315789475,20,0.26315789473684215,1.2421052631578946,0.9110169491525425,0.9833333333333333
Premier League,2005-2006,Aston Villa,16,38,10,12,16,42,55,-13,42,1.105263157894737,1.4473684210526316,1.105263157894737,-0.34210526315789475,0.2631578947368421,20,0.21052631578947367,1.2421052631578946,0.8898305084745765,0.858181818181818
Premier League,2005-2006,Portsmouth,17,38,10,8,20,37,62,-25,38,0.9736842105263158,1.631578947368421,1.0,-0.6578947368421053,0.2631578947368421,20,0.1578947368421053,1.2421052631578946,0.7838983050847459,0.7612903225806451
Premier League,2005-2006,Birmingham,18,38,8,10,20,28,50,-22,34,0.7368421052631579,1.3157894736842106,0.8947368421052632,-0.5789473684210527,0.21052631578947367,20,0.10526315789473684,1.2421052631578946,0.5932203389830509,0.9439999999999998
Premier League,2005-2006,West Brom,19,38,7,9,22,31,58,-27,30,0.8157894736842105,1.5263157894736843,0.7894736842105263,-0.7105263157894737,0.18421052631578946,20,0.052631578947368474,1.2421052631578946,0.6567796610169492,0.8137931034482757
Premier League,2005-2006,Sunderland,20,38,3,6,29,26,69,-43,15,0.6842105263157895,1.8157894736842106,0.39473684210526316,-1.131578947368421,0.07894736842105263,20,0.0,1.2421052631578946,0.5508474576271187,0.6840579710144926
Serie A,2005-2006,Juventus,1,38,27,10,1,71,24,47,91,1.868421052631579,0.631578947368421,2.3947368421052633,1.236842105263158,0.7105263157894737,20,1.0,1.3039473684210525,1.4328960645812312,2.064583333333333
Serie A,2005-2006,Milan,2,38,28,4,6,85,31,54,88,2.236842105263158,0.8157894736842105,2.3157894736842106,1.4210526315789473,0.7368421052631579,20,0.9473684210526316,1.3039473684210525,1.7154389505549952,1.5983870967741935
Serie A,2005-2006,Inter,3,38,23,7,8,68,30,38,76,1.7894736842105263,0.7894736842105263,2.0,1.0,0.6052631578947368,20,0.8947368421052632,1.3039473684210525,1.3723511604439962,1.6516666666666664
Serie A,2005-2006,Fiorentina,4,38,22,8,8,66,41,25,74,1.736842105263158,1.0789473684210527,1.9473684210526316,0.6578947368421053,0.5789473684210527,20,0.8421052631578947,1.3039473684210525,1.3319878910191727,1.2085365853658536
Serie A,2005-2006,Roma,5,38,19,12,7,70,42,28,69,1.8421052631578947,1.105263157894737,1.8157894736842106,0.7368421052631579,0.5,20,0.7894736842105263,1.3039473684210525,1.4127144298688195,1.1797619047619046
Serie A,2005-2006,Lazio,6,38,16,14,8,57,47,10,62,1.5,1.236842105263158,1.631578947368421,0.2631578947368421,0.42105263157894735,20,0.736842105263158,1.3039473684210525,1.1503531786074672,1.054255319148936
Serie A,2005-2006,Chievo,7,38,13,15,10,54,49,5,54,1.4210526315789473,1.2894736842105263,1.4210526315789473,0.13157894736842105,0.34210526315789475,20,0.6842105263157895,1.3039473684210525,1.0898082744702322,1.0112244897959182
Serie A,2005-2006,Palermo,8,38,13,13,12,50,52,-2,52,1.3157894736842106,1.368421052631579,1.368421052631579,-0.05263157894736842,0.34210526315789475,20,0.631578947368421,1.3039473684210525,1.0090817356205855,0.9528846153846153
Serie A,2005-2006,Livorno,9,38,12,13,13,37,44,-7,49,0.9736842105263158,1.1578947368421053,1.2894736842105263,-0.18421052631578946,0.3157894736842105,20,0.5789473684210527,1.3039473684210525,0.7467204843592332,1.1261363636363635
Serie A,2005-2006,Parma,10,38,12,9,17,46,60,-14,45,1.2105263157894737,1.5789473684210527,1.1842105263157894,-0.3684210526315789,0.3157894736842105,20,0.5263157894736843,1.3039473684210525,0.9283551967709385,0.8258333333333332
Serie A,2005-2006,Empoli,11,38,13,6,19,46,62,-16,45,1.2105263157894737,1.631578947368421,1.1842105263157894,-0.42105263157894735,0.34210526315789475,20,0.4736842105263158,1.3039473684210525,0.9283551967709385,0.7991935483870968
Serie A,2005-2006,Ascoli,12,38,9,16,13,43,53,-10,43,1.131578947368421,1.394736842105263,1.131578947368421,-0.2631578947368421,0.23684210526315788,20,0.42105263157894735,1.3039473684210525,0.8678102926337034,0.9349056603773584
Serie A,2005-2006,Udinese,13,38,11,10,17,40,54,-14,43,1.0526315789473684,1.4210526315789473,1.131578947368421,-0.3684210526315789,0.2894736842105263,20,0.368421052631579,1.3039473684210525,0.8072653884964682,0.9175925925925925
Serie A,2005-2006,Sampdoria,14,38,10,11,17,47,51,-4,41,1.236842105263158,1.3421052631578947,1.0789473684210527,-0.10526315789473684,0.2631578947368421,20,0.3157894736842105,1.3039473684210525,0.9485368314833503,0.9715686274509804
Serie A,2005-2006,Reggina,15,38,11,8,19,39,65,-26,41,1.0263157894736843,1.7105263157894737,1.0789473684210527,-0.6842105263157895,0.2894736842105263,20,0.26315789473684215,1.3039473684210525,0.7870837537840566,0.7623076923076922
Serie A,2005-2006,Cagliari,16,38,8,15,15,42,55,-13,39,1.105263157894737,1.4473684210526316,1.0263157894736843,-0.34210526315789475,0.21052631578947367,20,0.21052631578947367,1.3039473684210525,0.8476286579212918,0.9009090909090908
Serie A,2005-2006,Siena,17,38,9,12,17,42,60,-18,39,1.105263157894737,1.5789473684210527,1.0263157894736843,-0.47368421052631576,0.23684210526315788,20,0.1578947368421053,1.3039473684210525,0.8476286579212918,0.8258333333333332
Serie A,2005-2006,Messina,18,38,6,13,19,34,58,-24,31,0.8947368421052632,1.5263157894736843,0.8157894736842105,-0.631578947368421,0.15789473684210525,20,0.10526315789473684,1.3039473684210525,0.6861755802219981,0.854310344827586
Serie A,2005-2006,Lecce,19,38,7,8,23,30,57,-27,29,0.7894736842105263,1.5,0.7631578947368421,-0.7105263157894737,0.18421052631578946,20,0.052631578947368474,1.3039473684210525,0.6054490413723512,0.869298245614035
Serie A,2005-2006,Treviso,20,38,3,12,23,24,56,-32,21,0.631578947368421,1.4736842105263157,0.5526315789473685,-0.8421052631578947,0.07894736842105263,20,0.0,1.3039473684210525,0.4843592330978809,0.8848214285714285
Bundesliga,2006-2007,Stuttgart,1,34,21,7,6,61,37,24,70,1.7941176470588236,1.088235294117647,2.0588235294117645,0.7058823529411765,0.6176470588235294,18,1.0,1.3676470588235294,1.3118279569892473,1.2567567567567568
Bundesliga,2006-2007,Schalke 04,2,34,21,5,8,53,32,21,68,1.5588235294117647,0.9411764705882353,2.0,0.6176470588235294,0.6176470588235294,18,0.9411764705882353,1.3676470588235294,1.1397849462365592,1.453125
Bundesliga,2006-2007,Werder Bremen,3,34,20,6,8,76,40,36,66,2.235294117647059,1.1764705882352942,1.9411764705882353,1.0588235294117647,0.5882352941176471,18,0.8823529411764706,1.3676470588235294,1.6344086021505377,1.1625
Bundesliga,2006-2007,Bayern Munich,4,34,18,6,10,55,40,15,60,1.6176470588235294,1.1764705882352942,1.7647058823529411,0.4411764705882353,0.5294117647058824,18,0.8235294117647058,1.3676470588235294,1.1827956989247312,1.1625
Bundesliga,2006-2007,Leverkusen,5,34,15,6,13,54,49,5,51,1.588235294117647,1.4411764705882353,1.5,0.14705882352941177,0.4411764705882353,18,0.7647058823529411,1.3676470588235294,1.161290322580645,0.9489795918367347
Bundesliga,2006-2007,Nurnberg,6,34,11,15,8,43,32,11,48,1.2647058823529411,0.9411764705882353,1.411764705882353,0.3235294117647059,0.3235294117647059,18,0.7058823529411764,1.3676470588235294,0.9247311827956989,1.453125
Bundesliga,2006-2007,Hamburg,7,34,10,15,9,43,37,6,45,1.2647058823529411,1.088235294117647,1.3235294117647058,0.17647058823529413,0.29411764705882354,18,0.6470588235294117,1.3676470588235294,0.9247311827956989,1.2567567567567568
Bundesliga,2006-2007,Bochum,8,34,13,6,15,49,50,-1,45,1.4411764705882353,1.4705882352941178,1.3235294117647058,-0.029411764705882353,0.38235294117647056,18,0.5882352941176471,1.3676470588235294,1.053763440860215,0.9299999999999999
Bundesliga,2006-2007,Dortmund,9,34,12,8,14,41,43,-2,44,1.2058823529411764,1.2647058823529411,1.2941176470588236,-0.058823529411764705,0.35294117647058826,18,0.5294117647058824,1.3676470588235294,0.8817204301075268,1.0813953488372094
Bundesliga,2006-2007,Hertha,10,34,12,8,14,50,55,-5,44,1.4705882352941178,1.6176470588235294,1.2941176470588236,-0.14705882352941177,0.35294117647058826,18,0.47058823529411764,1.3676470588235294,1.0752688172043012,0.8454545454545455
Bundesliga,2006-2007,Hannover,11,34,12,8,14,41,50,-9,44,1.2058823529411764,1.4705882352941178,1.2941176470588236,-0.2647058823529412,0.35294117647058826,18,0.4117647058823529,1.3676470588235294,0.8817204301075268,0.9299999999999999
Bundesliga,2006-2007,Bielefeld,12,34,11,9,14,47,49,-2,42,1.3823529411764706,1.4411764705882353,1.2352941176470589,-0.058823529411764705,0.3235294117647059,18,0.3529411764705882,1.3676470588235294,1.010752688172043,0.9489795918367347
Bundesliga,2006-2007,Cottbus,13,34,11,8,15,38,49,-11,41,1.1176470588235294,1.4411764705882353,1.2058823529411764,-0.3235294117647059,0.3235294117647059,18,0.2941176470588235,1.3676470588235294,0.8172043010752689,0.9489795918367347
Bundesliga,2006-2007,Ein Frankfurt,14,34,9,13,12,46,58,-12,40,1.3529411764705883,1.7058823529411764,1.1764705882352942,-0.35294117647058826,0.2647058823529412,18,0.23529411764705888,1.3676470588235294,0.989247311827957,0.8017241379310345
Bundesliga,2006-2007,Wolfsburg,15,34,8,13,13,37,45,-8,37,1.088235294117647,1.3235294117647058,1.088235294117647,-0.23529411764705882,0.23529411764705882,18,0.17647058823529416,1.3676470588235294,0.7956989247311828,1.0333333333333334
Bundesliga,2006-2007,Mainz,16,34,8,10,16,34,57,-23,34,1.0,1.6764705882352942,1.0,-0.6764705882352942,0.23529411764705882,18,0.11764705882352944,1.3676470588235294,0.7311827956989247,0.8157894736842105
Bundesliga,2006-2007,Aachen,17,34,9,7,18,46,70,-24,34,1.3529411764705883,2.0588235294117645,1.0,-0.7058823529411765,0.2647058823529412,18,0.05882352941176472,1.3676470588235294,0.989247311827957,0.6642857142857144
Bundesliga,2006-2007,M'gladbach,18,34,6,8,20,23,44,-21,26,0.6764705882352942,1.2941176470588236,0.7647058823529411,-0.6176470588235294,0.17647058823529413,18,0.0,1.3676470588235294,0.4946236559139785,1.0568181818181819
La Liga,2006-2007,Barcelona,1,38,22,10,6,78,33,45,76,2.0526315789473686,0.868421052631579,2.0,1.1842105263157894,0.5789473684210527,20,1.0,1.2394736842105263,1.6560509554140128,1.4272727272727272
La Liga,2006-2007,Real Madrid,2,38,23,7,8,66,40,26,76,1.736842105263158,1.0526315789473684,2.0,0.6842105263157895,0.6052631578947368,20,0.9473684210526316,1.2394736842105263,1.4012738853503186,1.1775
La Liga,2006-2007,Sevilla,3,38,21,8,9,64,35,29,71,1.6842105263157894,0.9210526315789473,1.868421052631579,0.7631578947368421,0.5526315789473685,20,0.8947368421052632,1.2394736842105263,1.3588110403397027,1.3457142857142856
La Liga,2006-2007,Valencia,4,38,20,6,12,57,42,15,66,1.5,1.105263157894737,1.736842105263158,0.39473684210526316,0.5263157894736842,20,0.8421052631578947,1.2394736842105263,1.2101910828025477,1.1214285714285712
La Liga,2006-2007,Villarreal,5,38,18,8,12,48,44,4,62,1.263157894736842,1.1578947368421053,1.631578947368421,0.10526315789473684,0.47368421052631576,20,0.7894736842105263,1.2394736842105263,1.019108280254777,1.0704545454545453
La Liga,2006-2007,Zaragoza,6,38,16,12,10,55,43,12,60,1.4473684210526316,1.131578947368421,1.5789473684210527,0.3157894736842105,0.42105263157894735,20,0.736842105263158,1.2394736842105263,1.1677282377919322,1.0953488372093023
La Liga,2006-2007,Ath Madrid,7,38,17,9,12,46,39,7,60,1.2105263157894737,1.0263157894736843,1.5789473684210527,0.18421052631578946,0.4473684210526316,20,0.6842105263157895,1.2394736842105263,0.9766454352441614,1.2076923076923076
La Liga,2006-2007,Recreativo,8,38,15,9,14,54,52,2,54,1.4210526315789473,1.368421052631579,1.4210526315789473,0.05263157894736842,0.39473684210526316,20,0.631578947368421,1.2394736842105263,1.1464968152866242,0.9057692307692308
La Liga,2006-2007,Getafe,9,38,14,10,14,39,33,6,52,1.0263157894736843,0.868421052631579,1.368421052631579,0.15789473684210525,0.3684210526315789,20,0.5789473684210527,1.2394736842105263,0.8280254777070064,1.4272727272727272
La Liga,2006-2007,Santander,10,38,12,14,12,42,48,-6,50,1.105263157894737,1.263157894736842,1.3157894736842106,-0.15789473684210525,0.3157894736842105,20,0.5263157894736843,1.2394736842105263,0.8917197452229301,0.9812500000000001
La Liga,2006-2007,Mallorca,11,38,14,7,17,41,47,-6,49,1.0789473684210527,1.236842105263158,1.2894736842105263,-0.15789473684210525,0.3684210526315789,20,0.4736842105263158,1.2394736842105263,0.8704883227176221,1.002127659574468
La Liga,2006-2007,Espanol,12,38,12,13,13,46,53,-7,49,1.2105263157894737,1.394736842105263,1.2894736842105263,-0.18421052631578946,0.3157894736842105,20,0.42105263157894735,1.2394736842105263,0.9766454352441614,0.8886792452830189
La Liga,2006-2007,La Coruna,13,38,12,11,15,32,45,-13,47,0.8421052631578947,1.1842105263157894,1.236842105263158,-0.34210526315789475,0.3157894736842105,20,0.368421052631579,1.2394736842105263,0.6794055201698513,1.0466666666666666
La Liga,2006-2007,Osasuna,14,38,13,7,18,51,49,2,46,1.3421052631578947,1.2894736842105263,1.2105263157894737,0.05263157894736842,0.34210526315789475,20,0.3157894736842105,1.2394736842105263,1.0828025477707006,0.9612244897959183
La Liga,2006-2007,Levante,15,38,10,12,16,37,53,-16,42,0.9736842105263158,1.394736842105263,1.105263157894737,-0.42105263157894735,0.2631578947368421,20,0.26315789473684215,1.2394736842105263,0.7855626326963907,0.8886792452830189
La Liga,2006-2007,Betis,16,38,8,16,14,36,49,-13,40,0.9473684210526315,1.2894736842105263,1.0526315789473684,-0.34210526315789475,0.21052631578947367,20,0.21052631578947367,1.2394736842105263,0.7643312101910827,0.9612244897959183
La Liga,2006-2007,Ath Bilbao,17,38,10,10,18,44,62,-18,40,1.1578947368421053,1.631578947368421,1.0526315789473684,-0.47368421052631576,0.2631578947368421,20,0.1578947368421053,1.2394736842105263,0.9341825902335457,0.7596774193548387
La Liga,2006-2007,Celta,18,38,10,9,19,40,59,-19,39,1.0526315789473684,1.5526315789473684,1.0263157894736843,-0.5,0.2631578947368421,20,0.10526315789473684,1.2394736842105263,0.8492569002123141,0.7983050847457627
La Liga,2006-2007,Sociedad,19,38,8,11,19,32,47,-15,35,0.8421052631578947,1.236842105263158,0.9210526315789473,-0.39473684210526316,0.21052631578947367,20,0.052631578947368474,1.2394736842105263,0.6794055201698513,1.002127659574468
La Liga,2006-2007,Gimnastic,20,38,7,7,24,34,69,-35,28,0.8947368421052632,1.8157894736842106,0.7368421052631579,-0.9210526315789473,0.18421052631578946,20,0.0,1.2394736842105263,0.7218683651804672,0.6826086956521739
Ligue 1,2006-2007,Lyon,1,38,24,9,5,64,27,37,81,1.6842105263157894,0.7105263157894737,2.1315789473684212,0.9736842105263158,0.631578947368421,20,1.0,1.125,1.4970760233918128,1.5833333333333333
Ligue 1,2006-2007,Marseille,2,38,19,7,12,53,38,15,64,1.394736842105263,1.0,1.6842105263157894,0.39473684210526316,0.5,20,0.9473684210526316,1.125,1.239766081871345,1.125
Ligue 1,2006-2007,Rennes,3,38,14,15,9,38,30,8,57,1.0,0.7894736842105263,1.5,0.21052631578947367,0.3684210526315789,20,0.8947368421052632,1.125,0.8888888888888888,1.425
Ligue 1,2006-2007,Lens,4,38,15,12,11,47,41,6,57,1.236842105263158,1.0789473684210527,1.5,0.15789473684210525,0.39473684210526316,20,0.8421052631578947,1.125,1.0994152046783627,1.0426829268292683
Ligue 1,2006-2007,Bordeaux,5,38,16,9,13,39,35,4,57,1.0263157894736843,0.9210526315789473,1.5,0.10526315789473684,0.42105263157894735,20,0.7894736842105263,1.125,0.912280701754386,1.2214285714285715
Ligue 1,2006-2007,Sochaux,6,38,15,12,11,46,48,-2,57,1.2105263157894737,1.263157894736842,1.5,-0.05263157894736842,0.39473684210526316,20,0.736842105263158,1.125,1.0760233918128654,0.890625
Ligue 1,2006-2007,Toulouse,7,38,16,8,14,44,43,1,56,1.1578947368421053,1.131578947368421,1.4736842105263157,0.02631578947368421,0.42105263157894735,20,0.6842105263157895,1.125,1.0292397660818713,0.9941860465116279
Ligue 1,2006-2007,Auxerre,8,38,13,15,10,41,41,0,54,1.0789473684210527,1.0789473684210527,1.4210526315789473,0.0,0.34210526315789475,20,0.631578947368421,1.125,0.9590643274853802,1.0426829268292683
Ligue 1,2006-2007,Monaco,9,38,13,12,13,45,38,7,51,1.1842105263157894,1.0,1.3421052631578947,0.18421052631578946,0.34210526315789475,20,0.5789473684210527,1.125,1.0526315789473684,1.125
Ligue 1,2006-2007,Lille,10,38,13,11,14,45,43,2,50,1.1842105263157894,1.131578947368421,1.3157894736842106,0.05263157894736842,0.34210526315789475,20,0.5263157894736843,1.125,1.0526315789473684,0.9941860465116279
Ligue 1,2006-2007,St Etienne,11,38,14,7,17,52,50,2,49,1.368421052631579,1.3157894736842106,1.2894736842105263,0.05263157894736842,0.3684210526315789,20,0.4736842105263158,1.125,1.2163742690058479,0.855
Ligue 1,2006-2007,Le Mans,12,38,11,16,11,45,46,-1,49,1.1842105263157894,1.2105263157894737,1.2894736842105263,-0.02631578947368421,0.2894736842105263,20,0.42105263157894735,1.125,1.0526315789473684,0.9293478260869565
Ligue 1,2006-2007,Nancy,13,38,13,10,15,37,44,-7,49,0.9736842105263158,1.1578947368421053,1.2894736842105263,-0.18421052631578946,0.34210526315789475,20,0.368421052631579,1.125,0.8654970760233919,0.9715909090909091
Ligue 1,2006-2007,Lorient,14,38,12,13,13,33,40,-7,49,0.868421052631579,1.0526315789473684,1.2894736842105263,-0.18421052631578946,0.3157894736842105,20,0.3157894736842105,1.125,0.7719298245614036,1.06875
Ligue 1,2006-2007,Paris SG,15,38,12,12,14,42,42,0,48,1.105263157894737,1.105263157894737,1.263157894736842,0.0,0.3157894736842105,20,0.26315789473684215,1.125,0.9824561403508772,1.0178571428571428
Ligue 1,2006-2007,Nice,16,38,9,16,13,34,40,-6,43,0.8947368421052632,1.0526315789473684,1.131578947368421,-0.15789473684210525,0.23684210526315788,20,0.21052631578947367,1.125,0.7953216374269005,1.06875
Ligue 1,2006-2007,Valenciennes,17,38,11,10,17,36,48,-12,43,0.9473684210526315,1.263157894736842,1.131578947368421,-0.3157894736842105,0.2894736842105263,20,0.1578947368421053,1.125,0.8421052631578947,0.890625
Ligue 1,2006-2007,Troyes,18,38,9,12,17,39,54,-15,39,1.0263157894736843,1.4210526315789473,1.0263157894736843,-0.39473684210526316,0.23684210526315788,20,0.10526315789473684,1.125,0.912280701754386,0.7916666666666666
Ligue 1,2006-2007,Sedan,19,38,7,14,17,46,58,-12,35,1.2105263157894737,1.5263157894736843,0.9210526315789473,-0.3157894736842105,0.18421052631578946,20,0.052631578947368474,1.125,1.0760233918128654,0.7370689655172413
Ligue 1,2006-2007,Nantes,20,38,7,14,17,29,49,-20,35,0.7631578947368421,1.2894736842105263,0.9210526315789473,-0.5263157894736842,0.18421052631578946,20,0.0,1.125,0.6783625730994153,0.8724489795918368
Premier League,2006-2007,Man United,1,38,28,5,5,83,27,56,89,2.1842105263157894,0.7105263157894737,2.3421052631578947,1.4736842105263157,0.7368421052631579,20,1.0,1.225,1.7830290010741137,1.7240740740740743
Premier League,2006-2007,Chelsea,2,38,24,11,3,64,24,40,83,1.6842105263157894,0.631578947368421,2.1842105263157894,1.0526315789473684,0.631578947368421,20,0.9473684210526316,1.225,1.3748657357679912,1.9395833333333337
Premier League,2006-2007,Liverpool,3,38,20,8,10,57,27,30,68,1.5,0.7105263157894737,1.7894736842105263,0.7894736842105263,0.5263157894736842,20,0.8947368421052632,1.225,1.2244897959183672,1.7240740740740743
Premier League,2006-2007,Arsenal,4,38,19,11,8,63,35,28,68,1.6578947368421053,0.9210526315789473,1.7894736842105263,0.7368421052631579,0.5,20,0.8421052631578947,1.225,1.3533834586466165,1.33
Premier League,2006-2007,Tottenham,5,38,17,9,12,57,54,3,60,1.5,1.4210526315789473,1.5789473684210527,0.07894736842105263,0.4473684210526316,20,0.7894736842105263,1.225,1.2244897959183672,0.8620370370370372
Premier League,2006-2007,Everton,6,38,15,13,10,52,36,16,58,1.368421052631579,0.9473684210526315,1.5263157894736843,0.42105263157894735,0.39473684210526316,20,0.736842105263158,1.225,1.117078410311493,1.2930555555555556
Premier League,2006-2007,Bolton,7,38,16,8,14,47,52,-5,56,1.236842105263158,1.368421052631579,1.4736842105263157,-0.13157894736842105,0.42105263157894735,20,0.6842105263157895,1.225,1.0096670247046187,0.8951923076923077
Premier League,2006-2007,Reading,8,38,16,7,15,52,47,5,55,1.368421052631579,1.236842105263158,1.4473684210526316,0.13157894736842105,0.42105263157894735,20,0.631578947368421,1.225,1.117078410311493,0.9904255319148937
Premier League,2006-2007,Portsmouth,9,38,14,12,12,45,42,3,54,1.1842105263157894,1.105263157894737,1.4210526315789473,0.07894736842105263,0.3684210526315789,20,0.5789473684210527,1.225,0.9667024704618689,1.1083333333333334
Premier League,2006-2007,Blackburn,10,38,15,7,16,52,54,-2,52,1.368421052631579,1.4210526315789473,1.368421052631579,-0.05263157894736842,0.39473684210526316,20,0.5263157894736843,1.225,1.117078410311493,0.8620370370370372
Premier League,2006-2007,Aston Villa,11,38,11,17,10,43,41,2,50,1.131578947368421,1.0789473684210527,1.3157894736842106,0.05263157894736842,0.2894736842105263,20,0.4736842105263158,1.225,0.9237379162191192,1.1353658536585367
Premier League,2006-2007,Middlesbrough,12,38,12,10,16,44,49,-5,46,1.1578947368421053,1.2894736842105263,1.2105263157894737,-0.13157894736842105,0.3157894736842105,20,0.42105263157894735,1.225,0.945220193340494,0.9500000000000001
Premier League,2006-2007,Newcastle,13,38,11,10,17,38,47,-9,43,1.0,1.236842105263158,1.131578947368421,-0.23684210526315788,0.2894736842105263,20,0.368421052631579,1.225,0.8163265306122448,0.9904255319148937
Premier League,2006-2007,Man City,14,38,11,9,18,29,44,-15,42,0.7631578947368421,1.1578947368421053,1.105263157894737,-0.39473684210526316,0.2894736842105263,20,0.3157894736842105,1.225,0.6229860365198711,1.0579545454545456
Premier League,2006-2007,West Ham,15,38,12,5,21,35,59,-24,41,0.9210526315789473,1.5526315789473684,1.0789473684210527,-0.631578947368421,0.3157894736842105,20,0.26315789473684215,1.225,0.7518796992481203,0.7889830508474577
Premier League,2006-2007,Fulham,16,38,8,15,15,38,60,-22,39,1.0,1.5789473684210527,1.0263157894736843,-0.5789473684210527,0.21052631578947367,20,0.21052631578947367,1.225,0.8163265306122448,0.7758333333333334
Premier League,2006-2007,Wigan,17,38,10,8,20,37,59,-22,38,0.9736842105263158,1.5526315789473684,1.0,-0.5789473684210527,0.2631578947368421,20,0.1578947368421053,1.225,0.79484425349087,0.7889830508474577
Premier League,2006-2007,Sheffield United,18,38,10,8,20,32,55,-23,38,0.8421052631578947,1.4473684210526316,1.0,-0.6052631578947368,0.2631578947368421,20,0.10526315789473684,1.225,0.6874328678839956,0.8463636363636364
Premier League,2006-2007,Charlton,19,38,8,10,20,34,60,-26,34,0.8947368421052632,1.5789473684210527,0.8947368421052632,-0.6842105263157895,0.21052631578947367,20,0.052631578947368474,1.225,0.7303974221267454,0.7758333333333334
Premier League,2006-2007,Watford,20,38,5,13,20,29,59,-30,28,0.7631578947368421,1.5526315789473684,0.7368421052631579,-0.7894736842105263,0.13157894736842105,20,0.0,1.225,0.6229860365198711,0.7889830508474577
Serie A,2006-2007,Inter,1,38,30,7,1,80,34,46,97,2.1052631578947367,0.8947368421052632,2.5526315789473686,1.2105263157894737,0.7894736842105263,20,1.0,1.275,1.651186790505676,1.4249999999999998
Serie A,2006-2007,Roma,2,38,22,9,7,74,34,40,75,1.9473684210526316,0.8947368421052632,1.9736842105263157,1.0526315789473684,0.5789473684210527,20,0.9473684210526316,1.275,1.5273477812177505,1.4249999999999998
Serie A,2006-2007,Fiorentina,3,38,21,10,7,62,31,31,73,1.631578947368421,0.8157894736842105,1.9210526315789473,0.8157894736842105,0.5526315789473685,20,0.8947368421052632,1.275,1.279669762641899,1.5629032258064515
Serie A,2006-2007,Milan,4,38,19,12,7,57,36,21,69,1.5,0.9473684210526315,1.8157894736842106,0.5526315789473685,0.5,20,0.8421052631578947,1.275,1.1764705882352942,1.3458333333333332
Serie A,2006-2007,Lazio,5,38,18,11,9,59,33,26,65,1.5526315789473684,0.868421052631579,1.7105263157894737,0.6842105263157895,0.47368421052631576,20,0.7894736842105263,1.275,1.217750257997936,1.468181818181818
Serie A,2006-2007,Palermo,6,38,16,10,12,58,51,7,58,1.5263157894736843,1.3421052631578947,1.5263157894736843,0.18421052631578946,0.42105263157894735,20,0.736842105263158,1.275,1.1971104231166152,0.95
Serie A,2006-2007,Empoli,7,38,14,12,12,42,43,-1,54,1.105263157894737,1.131578947368421,1.4210526315789473,-0.02631578947368421,0.3684210526315789,20,0.6842105263157895,1.275,0.86687306501548,1.1267441860465115
Serie A,2006-2007,Reggina,8,38,12,15,11,52,50,2,51,1.368421052631579,1.3157894736842106,1.3421052631578947,0.05263157894736842,0.3157894736842105,20,0.631578947368421,1.275,1.0732714138286894,0.9689999999999999
Serie A,2006-2007,Atalanta,9,38,12,14,12,56,54,2,50,1.4736842105263157,1.4210526315789473,1.3157894736842106,0.05263157894736842,0.3157894736842105,20,0.5789473684210527,1.275,1.1558307533539731,0.8972222222222221
Serie A,2006-2007,Sampdoria,10,38,13,10,15,44,48,-4,49,1.1578947368421053,1.263157894736842,1.2894736842105263,-0.10526315789473684,0.34210526315789475,20,0.5263157894736843,1.275,0.9081527347781219,1.009375
Serie A,2006-2007,Udinese,11,38,12,10,16,49,55,-6,46,1.2894736842105263,1.4473684210526316,1.2105263157894737,-0.15789473684210525,0.3157894736842105,20,0.4736842105263158,1.275,1.0113519091847265,0.8809090909090909
Serie A,2006-2007,Livorno,12,38,10,13,15,41,54,-13,43,1.0789473684210527,1.4210526315789473,1.131578947368421,-0.34210526315789475,0.2631578947368421,20,0.42105263157894735,1.275,0.846233230134159,0.8972222222222221
Serie A,2006-2007,Parma,13,38,10,12,16,41,56,-15,42,1.0789473684210527,1.4736842105263157,1.105263157894737,-0.39473684210526316,0.2631578947368421,20,0.368421052631579,1.275,0.846233230134159,0.8651785714285715
Serie A,2006-2007,Siena,14,38,9,14,15,35,45,-10,41,0.9210526315789473,1.1842105263157894,1.0789473684210527,-0.2631578947368421,0.23684210526315788,20,0.3157894736842105,1.275,0.7223942208462333,1.0766666666666667
Serie A,2006-2007,Catania,15,38,10,11,17,46,68,-22,41,1.2105263157894737,1.7894736842105263,1.0789473684210527,-0.5789473684210527,0.2631578947368421,20,0.26315789473684215,1.275,0.9494324045407637,0.7124999999999999
Serie A,2006-2007,Cagliari,16,38,9,13,16,35,46,-11,40,0.9210526315789473,1.2105263157894737,1.0526315789473684,-0.2894736842105263,0.23684210526315788,20,0.21052631578947367,1.275,0.7223942208462333,1.0532608695652173
Serie A,2006-2007,Torino,17,38,10,10,18,27,47,-20,40,0.7105263157894737,1.236842105263158,1.0526315789473684,-0.5263157894736842,0.2631578947368421,20,0.1578947368421053,1.275,0.5572755417956656,1.0308510638297872
Serie A,2006-2007,Chievo,18,38,9,12,17,38,48,-10,39,1.0,1.263157894736842,1.0263157894736843,-0.2631578947368421,0.23684210526315788,20,0.10526315789473684,1.275,0.7843137254901962,1.009375
Serie A,2006-2007,Ascoli,19,38,5,12,21,36,67,-31,27,0.9473684210526315,1.763157894736842,0.7105263157894737,-0.8157894736842105,0.13157894736842105,20,0.052631578947368474,1.275,0.7430340557275542,0.7231343283582089
Serie A,2006-2007,Messina,20,38,5,11,22,37,69,-32,26,0.9736842105263158,1.8157894736842106,0.6842105263157895,-0.8421052631578947,0.13157894736842105,20,0.0,1.275,0.7636738906088752,0.7021739130434782
Bundesliga,2007-2008,Bayern Munich,1,34,22,10,2,68,21,47,76,2.0,0.6176470588235294,2.235294117647059,1.3823529411764706,0.6470588235294118,18,1.0,1.4052287581699345,1.4232558139534885,2.275132275132275
Bundesliga,2007-2008,Werder Bremen,2,34,20,6,8,75,45,30,66,2.2058823529411766,1.3235294117647058,1.9411764705882353,0.8823529411764706,0.5882352941176471,18,0.9411764705882353,1.4052287581699345,1.5697674418604652,1.0617283950617284
Bundesliga,2007-2008,Schalke 04,3,34,18,10,6,55,32,23,64,1.6176470588235294,0.9411764705882353,1.8823529411764706,0.6764705882352942,0.5294117647058824,18,0.8823529411764706,1.4052287581699345,1.1511627906976745,1.4930555555555554
Bundesliga,2007-2008,Hamburg,4,34,14,12,8,47,26,21,54,1.3823529411764706,0.7647058823529411,1.588235294117647,0.6176470588235294,0.4117647058823529,18,0.8235294117647058,1.4052287581699345,0.9837209302325582,1.8376068376068375
Bundesliga,2007-2008,Wolfsburg,5,34,15,9,10,58,46,12,54,1.7058823529411764,1.3529411764705883,1.588235294117647,0.35294117647058826,0.4411764705882353,18,0.7647058823529411,1.4052287581699345,1.213953488372093,1.038647342995169
Bundesliga,2007-2008,Stuttgart,6,34,16,4,14,57,57,0,52,1.6764705882352942,1.6764705882352942,1.5294117647058822,0.0,0.47058823529411764,18,0.7058823529411764,1.4052287581699345,1.1930232558139535,0.8382066276803118
Bundesliga,2007-2008,Leverkusen,7,34,15,6,13,57,40,17,51,1.6764705882352942,1.1764705882352942,1.5,0.5,0.4411764705882353,18,0.6470588235294117,1.4052287581699345,1.1930232558139535,1.1944444444444444
Bundesliga,2007-2008,Hannover,8,34,13,10,11,54,56,-2,49,1.588235294117647,1.6470588235294117,1.4411764705882353,-0.058823529411764705,0.38235294117647056,18,0.5882352941176471,1.4052287581699345,1.130232558139535,0.8531746031746031
Bundesliga,2007-2008,Ein Frankfurt,9,34,12,10,12,43,50,-7,46,1.2647058823529411,1.4705882352941178,1.3529411764705883,-0.20588235294117646,0.35294117647058826,18,0.5294117647058824,1.4052287581699345,0.9,0.9555555555555554
Bundesliga,2007-2008,Hertha,10,34,12,8,14,39,44,-5,44,1.1470588235294117,1.2941176470588236,1.2941176470588236,-0.14705882352941177,0.35294117647058826,18,0.47058823529411764,1.4052287581699345,0.8162790697674419,1.0858585858585856
Bundesliga,2007-2008,Karlsruhe,11,34,11,10,13,38,53,-15,43,1.1176470588235294,1.5588235294117647,1.2647058823529411,-0.4411764705882353,0.3235294117647059,18,0.4117647058823529,1.4052287581699345,0.7953488372093024,0.9014675052410901
Bundesliga,2007-2008,Bochum,12,34,10,11,13,48,54,-6,41,1.411764705882353,1.588235294117647,1.2058823529411764,-0.17647058823529413,0.29411764705882354,18,0.3529411764705882,1.4052287581699345,1.0046511627906978,0.8847736625514403
Bundesliga,2007-2008,Dortmund,13,34,10,10,14,50,62,-12,40,1.4705882352941178,1.8235294117647058,1.1764705882352942,-0.35294117647058826,0.29411764705882354,18,0.2941176470588235,1.4052287581699345,1.0465116279069768,0.7706093189964157
Bundesliga,2007-2008,Cottbus,14,34,9,9,16,35,56,-21,36,1.0294117647058822,1.6470588235294117,1.0588235294117647,-0.6176470588235294,0.2647058823529412,18,0.23529411764705888,1.4052287581699345,0.7325581395348837,0.8531746031746031
Bundesliga,2007-2008,Bielefeld,15,34,8,10,16,35,60,-25,34,1.0294117647058822,1.7647058823529411,1.0,-0.7352941176470589,0.23529411764705882,18,0.17647058823529416,1.4052287581699345,0.7325581395348837,0.7962962962962963
Bundesliga,2007-2008,Nurnberg,16,34,7,10,17,35,51,-16,31,1.0294117647058822,1.5,0.9117647058823529,-0.47058823529411764,0.20588235294117646,18,0.11764705882352944,1.4052287581699345,0.7325581395348837,0.9368191721132897
Bundesliga,2007-2008,Hansa Rostock,17,34,8,6,20,30,52,-22,30,0.8823529411764706,1.5294117647058822,0.8823529411764706,-0.6470588235294118,0.23529411764705882,18,0.05882352941176472,1.4052287581699345,0.627906976744186,0.9188034188034188
Bundesliga,2007-2008,Duisburg,18,34,8,5,21,36,55,-19,29,1.0588235294117647,1.6176470588235294,0.8529411764705882,-0.5588235294117647,0.23529411764705882,18,0.0,1.4052287581699345,0.7534883720930233,0.8686868686868686
La Liga,2007-2008,Real Madrid,1,38,27,4,7,84,36,48,85,2.210526315789474,0.9473684210526315,2.236842105263158,1.263157894736842,0.7105263157894737,20,1.0,1.3434210526315788,1.6454456415279142,1.4180555555555556
La Liga,2007-2008,Villarreal,2,38,24,5,9,63,40,23,77,1.6578947368421053,1.0526315789473684,2.026315789473684,0.6052631578947368,0.631578947368421,20,0.9473684210526316,1.3434210526315788,1.2340842311459355,1.2762499999999999
La Liga,2007-2008,Barcelona,3,38,19,10,9,76,43,33,67,2.0,1.131578947368421,1.763157894736842,0.868421052631579,0.5,20,0.8947368421052632,1.3434210526315788,1.4887365328109698,1.1872093023255814
La Liga,2007-2008,Sevilla,4,38,20,4,14,75,49,26,64,1.9736842105263157,1.2894736842105263,1.6842105263157894,0.6842105263157895,0.5263157894736842,20,0.8421052631578947,1.3434210526315788,1.4691478942213516,1.0418367346938775
La Liga,2007-2008,Ath Madrid,5,38,19,7,12,66,47,19,64,1.736842105263158,1.236842105263158,1.6842105263157894,0.5,0.5,20,0.7894736842105263,1.3434210526315788,1.2928501469147895,1.0861702127659574
La Liga,2007-2008,Santander,6,38,17,9,12,42,41,1,60,1.105263157894737,1.0789473684210527,1.5789473684210527,0.02631578947368421,0.4473684210526316,20,0.736842105263158,1.3434210526315788,0.8227228207639571,1.245121951219512
La Liga,2007-2008,Mallorca,7,38,15,14,9,69,54,15,59,1.8157894736842106,1.4210526315789473,1.5526315789473684,0.39473684210526316,0.39473684210526316,20,0.6842105263157895,1.3434210526315788,1.3516160626836438,0.9453703703703703
La Liga,2007-2008,La Coruna,8,38,15,7,16,46,47,-1,52,1.2105263157894737,1.236842105263158,1.368421052631579,-0.02631578947368421,0.39473684210526316,20,0.631578947368421,1.3434210526315788,0.901077375122429,1.0861702127659574
La Liga,2007-2008,Almeria,9,38,14,10,14,42,45,-3,52,1.105263157894737,1.1842105263157894,1.368421052631579,-0.07894736842105263,0.3684210526315789,20,0.5789473684210527,1.3434210526315788,0.8227228207639571,1.1344444444444444
La Liga,2007-2008,Valencia,10,38,15,6,17,48,62,-14,51,1.263157894736842,1.631578947368421,1.3421052631578947,-0.3684210526315789,0.39473684210526316,20,0.5263157894736843,1.3434210526315788,0.940254652301665,0.8233870967741935
La Liga,2007-2008,Ath Bilbao,11,38,13,11,14,40,43,-3,50,1.0526315789473684,1.131578947368421,1.3157894736842106,-0.07894736842105263,0.34210526315789475,20,0.4736842105263158,1.3434210526315788,0.7835455435847208,1.1872093023255814
La Liga,2007-2008,Espanol,12,38,13,9,16,43,53,-10,48,1.131578947368421,1.394736842105263,1.263157894736842,-0.2631578947368421,0.34210526315789475,20,0.42105263157894735,1.3434210526315788,0.842311459353575,0.9632075471698113
La Liga,2007-2008,Getafe,13,38,12,11,15,44,48,-4,47,1.1578947368421053,1.263157894736842,1.236842105263158,-0.10526315789473684,0.3157894736842105,20,0.368421052631579,1.3434210526315788,0.861900097943193,1.0635416666666666
La Liga,2007-2008,Betis,14,38,12,11,15,45,51,-6,47,1.1842105263157894,1.3421052631578947,1.236842105263158,-0.15789473684210525,0.3157894736842105,20,0.3157894736842105,1.3434210526315788,0.881488736532811,1.0009803921568627
La Liga,2007-2008,Valladolid,15,38,11,12,15,42,57,-15,45,1.105263157894737,1.5,1.1842105263157894,-0.39473684210526316,0.2894736842105263,20,0.26315789473684215,1.3434210526315788,0.8227228207639571,0.8956140350877192
La Liga,2007-2008,Recreativo,16,38,11,11,16,40,60,-20,44,1.0526315789473684,1.5789473684210527,1.1578947368421053,-0.5263157894736842,0.2894736842105263,20,0.21052631578947367,1.3434210526315788,0.7835455435847208,0.8508333333333332
La Liga,2007-2008,Osasuna,17,38,12,7,19,37,44,-7,43,0.9736842105263158,1.1578947368421053,1.131578947368421,-0.18421052631578946,0.3157894736842105,20,0.1578947368421053,1.3434210526315788,0.7247796278158669,1.1602272727272727
La Liga,2007-2008,Zaragoza,18,38,10,12,16,50,61,-11,42,1.3157894736842106,1.605263157894737,1.105263157894737,-0.2894736842105263,0.2631578947368421,20,0.10526315789473684,1.3434210526315788,0.9794319294809012,0.8368852459016393
La Liga,2007-2008,Murcia,19,38,7,9,22,36,65,-29,30,0.9473684210526315,1.7105263157894737,0.7894736842105263,-0.7631578947368421,0.18421052631578946,20,0.052631578947368474,1.3434210526315788,0.7051909892262488,0.7853846153846153
La Liga,2007-2008,Levante,20,38,7,5,26,33,75,-42,26,0.868421052631579,1.9736842105263157,0.6842105263157895,-1.105263157894737,0.18421052631578946,20,0.0,1.3434210526315788,0.6464250734573947,0.6806666666666666
Ligue 1,2007-2008,Lyon,1,38,24,7,7,74,37,37,79,1.9473684210526316,0.9736842105263158,2.0789473684210527,0.9736842105263158,0.631578947368421,20,1.0,1.1421052631578947,1.705069124423963,1.172972972972973
Ligue 1,2007-2008,Bordeaux,2,38,22,9,7,65,38,27,75,1.7105263157894737,1.0,1.9736842105263157,0.7105263157894737,0.5789473684210527,20,0.9473684210526316,1.1421052631578947,1.4976958525345623,1.1421052631578947
Ligue 1,2007-2008,Marseille,3,38,17,11,10,58,45,13,62,1.5263157894736843,1.1842105263157894,1.631578947368421,0.34210526315789475,0.4473684210526316,20,0.8947368421052632,1.1421052631578947,1.336405529953917,0.9644444444444445
Ligue 1,2007-2008,Nancy,4,38,15,15,8,44,30,14,60,1.1578947368421053,0.7894736842105263,1.5789473684210527,0.3684210526315789,0.39473684210526316,20,0.8421052631578947,1.1421052631578947,1.0138248847926268,1.4466666666666665
Ligue 1,2007-2008,St Etienne,5,38,16,10,12,47,34,13,58,1.236842105263158,0.8947368421052632,1.5263157894736843,0.34210526315789475,0.42105263157894735,20,0.7894736842105263,1.1421052631578947,1.0829493087557605,1.276470588235294
Ligue 1,2007-2008,Rennes,6,38,16,10,12,47,44,3,58,1.236842105263158,1.1578947368421053,1.5263157894736843,0.07894736842105263,0.42105263157894735,20,0.736842105263158,1.1421052631578947,1.0829493087557605,0.9863636363636363
Ligue 1,2007-2008,Lille,7,38,13,18,7,45,32,13,57,1.1842105263157894,0.8421052631578947,1.5,0.34210526315789475,0.34210526315789475,20,0.6842105263157895,1.1421052631578947,1.0368663594470044,1.3562500000000002
Ligue 1,2007-2008,Nice,8,38,13,16,9,35,30,5,55,0.9210526315789473,0.7894736842105263,1.4473684210526316,0.13157894736842105,0.34210526315789475,20,0.631578947368421,1.1421052631578947,0.8064516129032258,1.4466666666666665
Ligue 1,2007-2008,Le Mans,9,38,14,11,13,46,49,-3,53,1.2105263157894737,1.2894736842105263,1.394736842105263,-0.07894736842105263,0.3684210526315789,20,0.5789473684210527,1.1421052631578947,1.0599078341013826,0.8857142857142857
Ligue 1,2007-2008,Lorient,10,38,12,16,10,32,35,-3,52,0.8421052631578947,0.9210526315789473,1.368421052631579,-0.07894736842105263,0.3157894736842105,20,0.5263157894736843,1.1421052631578947,0.7373271889400921,1.24
Ligue 1,2007-2008,Caen,11,38,13,12,13,48,53,-5,51,1.263157894736842,1.394736842105263,1.3421052631578947,-0.13157894736842105,0.34210526315789475,20,0.4736842105263158,1.1421052631578947,1.1059907834101381,0.8188679245283019
Ligue 1,2007-2008,Monaco,12,38,13,8,17,40,48,-8,47,1.0526315789473684,1.263157894736842,1.236842105263158,-0.21052631578947367,0.34210526315789475,20,0.42105263157894735,1.1421052631578947,0.9216589861751152,0.9041666666666667
Ligue 1,2007-2008,Valenciennes,13,38,12,9,17,42,40,2,45,1.105263157894737,1.0526315789473684,1.1842105263157894,0.05263157894736842,0.3157894736842105,20,0.368421052631579,1.1421052631578947,0.9677419354838711,1.085
Ligue 1,2007-2008,Sochaux,14,38,10,14,14,34,43,-9,44,0.8947368421052632,1.131578947368421,1.1578947368421053,-0.23684210526315788,0.2631578947368421,20,0.3157894736842105,1.1421052631578947,0.783410138248848,1.0093023255813953
Ligue 1,2007-2008,Auxerre,15,38,12,8,18,33,52,-19,44,0.868421052631579,1.368421052631579,1.1578947368421053,-0.5,0.3157894736842105,20,0.26315789473684215,1.1421052631578947,0.7603686635944701,0.8346153846153845
Ligue 1,2007-2008,Paris SG,16,38,10,13,15,37,45,-8,43,0.9736842105263158,1.1842105263157894,1.131578947368421,-0.21052631578947367,0.2631578947368421,20,0.21052631578947367,1.1421052631578947,0.8525345622119815,0.9644444444444445
Ligue 1,2007-2008,Toulouse,17,38,9,15,14,36,42,-6,42,0.9473684210526315,1.105263157894737,1.105263157894737,-0.15789473684210525,0.23684210526315788,20,0.1578947368421053,1.1421052631578947,0.8294930875576036,1.0333333333333332
Ligue 1,2007-2008,Lens,18,38,9,13,16,43,52,-9,40,1.131578947368421,1.368421052631579,1.0526315789473684,-0.23684210526315788,0.23684210526315788,20,0.10526315789473684,1.1421052631578947,0.9907834101382488,0.8346153846153845
Ligue 1,2007-2008,Strasbourg,19,38,9,8,21,34,55,-21,35,0.8947368421052632,1.4473684210526316,0.9210526315789473,-0.5526315789473685,0.23684210526315788,20,0.052631578947368474,1.1421052631578947,0.783410138248848,0.7890909090909091
Ligue 1,2007-2008,Metz,20,38,5,9,24,28,64,-36,24,0.7368421052631579,1.6842105263157894,0.631578947368421,-0.9473684210526315,0.13157894736842105,20,0.0,1.1421052631578947,0.6451612903225806,0.6781250000000001
Premier League,2007-2008,Man United,1,38,27,6,5,80,22,58,87,2.1052631578947367,0.5789473684210527,2.289473684210526,1.5263157894736843,0.7105263157894737,20,1.0,1.318421052631579,1.596806387225549,2.2772727272727273
Premier League,2007-2008,Chelsea,2,38,25,10,3,65,26,39,85,1.7105263157894737,0.6842105263157895,2.236842105263158,1.0263157894736843,0.6578947368421053,20,0.9473684210526316,1.318421052631579,1.2974051896207586,1.926923076923077
Premier League,2007-2008,Arsenal,3,38,24,11,3,74,31,43,83,1.9473684210526316,0.8157894736842105,2.1842105263157894,1.131578947368421,0.631578947368421,20,0.8947368421052632,1.318421052631579,1.4770459081836327,1.6161290322580646
Premier League,2007-2008,Liverpool,4,38,21,13,4,67,28,39,76,1.763157894736842,0.7368421052631579,2.0,1.0263157894736843,0.5526315789473685,20,0.8421052631578947,1.318421052631579,1.3373253493013972,1.7892857142857144
Premier League,2007-2008,Everton,5,38,19,8,11,55,33,22,65,1.4473684210526316,0.868421052631579,1.7105263157894737,0.5789473684210527,0.5,20,0.7894736842105263,1.318421052631579,1.097804391217565,1.518181818181818
Premier League,2007-2008,Aston Villa,6,38,16,12,10,71,51,20,60,1.868421052631579,1.3421052631578947,1.5789473684210527,0.5263157894736842,0.42105263157894735,20,0.736842105263158,1.318421052631579,1.4171656686626748,0.9823529411764707
Premier League,2007-2008,Blackburn,7,38,15,13,10,50,48,2,58,1.3157894736842106,1.263157894736842,1.5263157894736843,0.05263157894736842,0.39473684210526316,20,0.6842105263157895,1.318421052631579,0.9980039920159681,1.04375
Premier League,2007-2008,Portsmouth,8,38,16,9,13,48,40,8,57,1.263157894736842,1.0526315789473684,1.5,0.21052631578947367,0.42105263157894735,20,0.631578947368421,1.318421052631579,0.9580838323353293,1.2525000000000002
Premier League,2007-2008,Man City,9,38,15,10,13,45,53,-8,55,1.1842105263157894,1.394736842105263,1.4473684210526316,-0.21052631578947367,0.39473684210526316,20,0.5789473684210527,1.318421052631579,0.8982035928143712,0.9452830188679245
Premier League,2007-2008,West Ham,10,38,13,10,15,42,50,-8,49,1.105263157894737,1.3157894736842106,1.2894736842105263,-0.21052631578947367,0.34210526315789475,20,0.5263157894736843,1.318421052631579,0.8383233532934132,1.002
Premier League,2007-2008,Tottenham,11,38,11,13,14,66,61,5,46,1.736842105263158,1.605263157894737,1.2105263157894737,0.13157894736842105,0.2894736842105263,20,0.4736842105263158,1.318421052631579,1.317365269461078,0.821311475409836
Premier League,2007-2008,Newcastle,12,38,11,10,17,45,65,-20,43,1.1842105263157894,1.7105263157894737,1.131578947368421,-0.5263157894736842,0.2894736842105263,20,0.42105263157894735,1.318421052631579,0.8982035928143712,0.7707692307692308
Premier League,2007-2008,Middlesbrough,13,38,10,12,16,43,53,-10,42,1.131578947368421,1.394736842105263,1.105263157894737,-0.2631578947368421,0.2631578947368421,20,0.368421052631579,1.318421052631579,0.8582834331337326,0.9452830188679245
Premier League,2007-2008,Wigan,14,38,10,10,18,34,51,-17,40,0.8947368421052632,1.3421052631578947,1.0526315789473684,-0.4473684210526316,0.2631578947368421,20,0.3157894736842105,1.318421052631579,0.6786427145708583,0.9823529411764707
Premier League,2007-2008,Sunderland,15,38,11,6,21,36,59,-23,39,0.9473684210526315,1.5526315789473684,1.0263157894736843,-0.6052631578947368,0.2894736842105263,20,0.26315789473684215,1.318421052631579,0.718562874251497,0.8491525423728814
Premier League,2007-2008,Bolton,16,38,9,10,19,36,54,-18,37,0.9473684210526315,1.4210526315789473,0.9736842105263158,-0.47368421052631576,0.23684210526315788,20,0.21052631578947367,1.318421052631579,0.718562874251497,0.9277777777777778
Premier League,2007-2008,Fulham,17,38,8,12,18,38,60,-22,36,1.0,1.5789473684210527,0.9473684210526315,-0.5789473684210527,0.21052631578947367,20,0.1578947368421053,1.318421052631579,0.7584830339321358,0.835
Premier League,2007-2008,Reading,18,38,10,6,22,41,66,-25,36,1.0789473684210527,1.736842105263158,0.9473684210526315,-0.6578947368421053,0.2631578947368421,20,0.10526315789473684,1.318421052631579,0.8183632734530938,0.759090909090909
Premier League,2007-2008,Birmingham,19,38,8,11,19,46,62,-16,35,1.2105263157894737,1.631578947368421,0.9210526315789473,-0.42105263157894735,0.21052631578947367,20,0.052631578947368474,1.318421052631579,0.9181636726546906,0.8080645161290323
Premier League,2007-2008,Derby,20,38,1,8,29,20,89,-69,11,0.5263157894736842,2.3421052631578947,0.2894736842105263,-1.8157894736842106,0.02631578947368421,20,0.0,1.318421052631579,0.3992015968063872,0.5629213483146067
Serie A,2007-2008,Inter,1,38,25,10,3,69,26,43,85,1.8157894736842106,0.6842105263157895,2.236842105263158,1.131578947368421,0.6578947368421053,20,1.0,1.2763157894736843,1.422680412371134,1.8653846153846154
Serie A,2007-2008,Roma,2,38,24,10,4,72,37,35,82,1.894736842105263,0.9736842105263158,2.1578947368421053,0.9210526315789473,0.631578947368421,20,0.9473684210526316,1.2763157894736843,1.4845360824742266,1.3108108108108107
Serie A,2007-2008,Juventus,3,38,20,12,6,72,37,35,72,1.894736842105263,0.9736842105263158,1.894736842105263,0.9210526315789473,0.5263157894736842,20,0.8947368421052632,1.2763157894736843,1.4845360824742266,1.3108108108108107
Serie A,2007-2008,Fiorentina,4,38,19,9,10,55,39,16,66,1.4473684210526316,1.0263157894736843,1.736842105263158,0.42105263157894735,0.5,20,0.8421052631578947,1.2763157894736843,1.134020618556701,1.2435897435897436
Serie A,2007-2008,Milan,5,38,18,10,10,66,38,28,64,1.736842105263158,1.0,1.6842105263157894,0.7368421052631579,0.47368421052631576,20,0.7894736842105263,1.2763157894736843,1.3608247422680413,1.2763157894736843
Serie A,2007-2008,Sampdoria,6,38,17,9,12,56,46,10,60,1.4736842105263157,1.2105263157894737,1.5789473684210527,0.2631578947368421,0.4473684210526316,20,0.736842105263158,1.2763157894736843,1.1546391752577319,1.0543478260869565
Serie A,2007-2008,Udinese,7,38,16,9,13,48,53,-5,57,1.263157894736842,1.394736842105263,1.5,-0.13157894736842105,0.42105263157894735,20,0.6842105263157895,1.2763157894736843,0.9896907216494845,0.9150943396226416
Serie A,2007-2008,Napoli,8,38,14,8,16,50,53,-3,50,1.3157894736842106,1.394736842105263,1.3157894736842106,-0.07894736842105263,0.3684210526315789,20,0.631578947368421,1.2763157894736843,1.0309278350515465,0.9150943396226416
Serie A,2007-2008,Atalanta,9,38,12,12,14,52,56,-4,48,1.368421052631579,1.4736842105263157,1.263157894736842,-0.10526315789473684,0.3157894736842105,20,0.5789473684210527,1.2763157894736843,1.0721649484536082,0.8660714285714287
Serie A,2007-2008,Genoa,10,38,13,9,16,44,52,-8,48,1.1578947368421053,1.368421052631579,1.263157894736842,-0.21052631578947367,0.34210526315789475,20,0.5263157894736843,1.2763157894736843,0.9072164948453608,0.9326923076923077
Serie A,2007-2008,Palermo,11,38,12,11,15,47,57,-10,47,1.236842105263158,1.5,1.236842105263158,-0.2631578947368421,0.3157894736842105,20,0.4736842105263158,1.2763157894736843,0.9690721649484536,0.8508771929824562
Serie A,2007-2008,Lazio,12,38,11,13,14,47,51,-4,46,1.236842105263158,1.3421052631578947,1.2105263157894737,-0.10526315789473684,0.2894736842105263,20,0.42105263157894735,1.2763157894736843,0.9690721649484536,0.9509803921568628
Serie A,2007-2008,Siena,13,38,9,17,12,40,45,-5,44,1.0526315789473684,1.1842105263157894,1.1578947368421053,-0.13157894736842105,0.23684210526315788,20,0.368421052631579,1.2763157894736843,0.8247422680412371,1.077777777777778
Serie A,2007-2008,Cagliari,14,38,11,9,18,40,56,-16,42,1.0526315789473684,1.4736842105263157,1.105263157894737,-0.42105263157894735,0.2894736842105263,20,0.3157894736842105,1.2763157894736843,0.8247422680412371,0.8660714285714287
Serie A,2007-2008,Torino,15,38,8,16,14,36,49,-13,40,0.9473684210526315,1.2894736842105263,1.0526315789473684,-0.34210526315789475,0.21052631578947367,20,0.26315789473684215,1.2763157894736843,0.7422680412371133,0.989795918367347
Serie A,2007-2008,Reggina,16,38,9,13,16,37,56,-19,40,0.9736842105263158,1.4736842105263157,1.0526315789473684,-0.5,0.23684210526315788,20,0.21052631578947367,1.2763157894736843,0.7628865979381443,0.8660714285714287
Serie A,2007-2008,Catania,17,38,8,13,17,33,45,-12,37,0.868421052631579,1.1842105263157894,0.9736842105263158,-0.3157894736842105,0.21052631578947367,20,0.1578947368421053,1.2763157894736843,0.6804123711340206,1.077777777777778
Serie A,2007-2008,Empoli,18,38,9,9,20,29,52,-23,36,0.7631578947368421,1.368421052631579,0.9473684210526315,-0.6052631578947368,0.23684210526315788,20,0.10526315789473684,1.2763157894736843,0.5979381443298969,0.9326923076923077
Serie A,2007-2008,Parma,19,38,7,13,18,42,62,-20,34,1.105263157894737,1.631578947368421,0.8947368421052632,-0.5263157894736842,0.18421052631578946,20,0.052631578947368474,1.2763157894736843,0.865979381443299,0.7822580645161291
Serie A,2007-2008,Livorno,20,38,6,12,20,35,60,-25,30,0.9210526315789473,1.5789473684210527,0.7894736842105263,-0.6578947368421053,0.15789473684210525,20,0.0,1.2763157894736843,0.7216494845360825,0.8083333333333333
Bundesliga,2008-2009,Wolfsburg,1,34,21,6,7,80,41,39,69,2.3529411764705883,1.2058823529411764,2.0294117647058822,1.1470588235294117,0.6176470588235294,18,1.0,1.4607843137254901,1.6107382550335572,1.2113821138211383
Bundesliga,2008-2009,Bayern Munich,2,34,20,7,7,71,42,29,67,2.088235294117647,1.2352941176470589,1.9705882352941178,0.8529411764705882,0.5882352941176471,18,0.9411764705882353,1.4607843137254901,1.4295302013422821,1.1825396825396823
Bundesliga,2008-2009,Stuttgart,3,34,19,7,8,63,43,20,64,1.8529411764705883,1.2647058823529411,1.8823529411764706,0.5882352941176471,0.5588235294117647,18,0.8823529411764706,1.4607843137254901,1.2684563758389262,1.1550387596899225
Bundesliga,2008-2009,Hertha,4,34,19,6,9,48,41,7,63,1.411764705882353,1.2058823529411764,1.8529411764705883,0.20588235294117646,0.5588235294117647,18,0.8235294117647058,1.4607843137254901,0.9664429530201344,1.2113821138211383
Bundesliga,2008-2009,Hamburg,5,34,19,4,11,49,47,2,61,1.4411764705882353,1.3823529411764706,1.7941176470588236,0.058823529411764705,0.5588235294117647,18,0.7647058823529411,1.4607843137254901,0.9865771812080537,1.0567375886524821
Bundesliga,2008-2009,Dortmund,6,34,15,14,5,60,37,23,59,1.7647058823529411,1.088235294117647,1.7352941176470589,0.6764705882352942,0.4411764705882353,18,0.7058823529411764,1.4607843137254901,1.2080536912751678,1.3423423423423424
Bundesliga,2008-2009,Hoffenheim,7,34,15,10,9,63,49,14,55,1.8529411764705883,1.4411764705882353,1.6176470588235294,0.4117647058823529,0.4411764705882353,18,0.6470588235294117,1.4607843137254901,1.2684563758389262,1.0136054421768708
Bundesliga,2008-2009,Schalke 04,8,34,14,8,12,47,35,12,50,1.3823529411764706,1.0294117647058822,1.4705882352941178,0.35294117647058826,0.4117647058823529,18,0.5882352941176471,1.4607843137254901,0.9463087248322148,1.4190476190476191
Bundesliga,2008-2009,Leverkusen,9,34,14,7,13,59,46,13,49,1.7352941176470589,1.3529411764705883,1.4411764705882353,0.38235294117647056,0.4117647058823529,18,0.5294117647058824,1.4607843137254901,1.1879194630872485,1.0797101449275361
Bundesliga,2008-2009,Werder Bremen,10,34,12,9,13,64,50,14,45,1.8823529411764706,1.4705882352941178,1.3235294117647058,0.4117647058823529,0.35294117647058826,18,0.47058823529411764,1.4607843137254901,1.2885906040268458,0.9933333333333332
Bundesliga,2008-2009,Hannover,11,34,10,10,14,49,69,-20,40,1.4411764705882353,2.0294117647058822,1.1764705882352942,-0.5882352941176471,0.29411764705882354,18,0.4117647058823529,1.4607843137254901,0.9865771812080537,0.7198067632850241
Bundesliga,2008-2009,FC Koln,12,34,11,6,17,35,50,-15,39,1.0294117647058822,1.4705882352941178,1.1470588235294117,-0.4411764705882353,0.3235294117647059,18,0.3529411764705882,1.4607843137254901,0.7046979865771812,0.9933333333333332
Bundesliga,2008-2009,Ein Frankfurt,13,34,8,9,17,39,60,-21,33,1.1470588235294117,1.7647058823529411,0.9705882352941176,-0.6176470588235294,0.23529411764705882,18,0.2941176470588235,1.4607843137254901,0.785234899328859,0.8277777777777777
Bundesliga,2008-2009,Bochum,14,34,7,11,16,39,55,-16,32,1.1470588235294117,1.6176470588235294,0.9411764705882353,-0.47058823529411764,0.20588235294117646,18,0.23529411764705888,1.4607843137254901,0.785234899328859,0.903030303030303
Bundesliga,2008-2009,M'gladbach,15,34,8,7,19,39,62,-23,31,1.1470588235294117,1.8235294117647058,0.9117647058823529,-0.6764705882352942,0.23529411764705882,18,0.17647058823529416,1.4607843137254901,0.785234899328859,0.8010752688172043
Bundesliga,2008-2009,Cottbus,16,34,8,6,20,30,57,-27,30,0.8823529411764706,1.6764705882352942,0.8823529411764706,-0.7941176470588235,0.23529411764705882,18,0.11764705882352944,1.4607843137254901,0.6040268456375839,0.871345029239766
Bundesliga,2008-2009,Karlsruhe,17,34,8,5,21,30,54,-24,29,0.8823529411764706,1.588235294117647,0.8529411764705882,-0.7058823529411765,0.23529411764705882,18,0.05882352941176472,1.4607843137254901,0.6040268456375839,0.9197530864197531
Bundesliga,2008-2009,Bielefeld,18,34,4,16,14,29,56,-27,28,0.8529411764705882,1.6470588235294117,0.8235294117647058,-0.7941176470588235,0.11764705882352941,18,0.0,1.4607843137254901,0.5838926174496645,0.8869047619047619
La Liga,2008-2009,Barcelona,1,38,27,6,5,105,35,70,87,2.763157894736842,0.9210526315789473,2.289473684210526,1.8421052631578947,0.7105263157894737,20,1.0,1.4486842105263158,1.9073569482288828,1.572857142857143
La Liga,2008-2009,Real Madrid,2,38,25,3,10,83,52,31,78,2.1842105263157894,1.368421052631579,2.0526315789473686,0.8157894736842105,0.6578947368421053,20,0.9473684210526316,1.4486842105263158,1.5077202543142596,1.0586538461538462
La Liga,2008-2009,Sevilla,3,38,21,7,10,54,39,15,70,1.4210526315789473,1.0263157894736843,1.8421052631578947,0.39473684210526316,0.5526315789473685,20,0.8947368421052632,1.4486842105263158,0.9809264305177111,1.4115384615384614
La Liga,2008-2009,Ath Madrid,4,38,20,7,11,80,57,23,67,2.1052631578947367,1.5,1.763157894736842,0.6052631578947368,0.5263157894736842,20,0.8421052631578947,1.4486842105263158,1.4532243415077202,0.9657894736842105
La Liga,2008-2009,Villarreal,5,38,18,11,9,61,54,7,65,1.605263157894737,1.4210526315789473,1.7105263157894737,0.18421052631578946,0.47368421052631576,20,0.7894736842105263,1.4486842105263158,1.1080835603996368,1.0194444444444444
La Liga,2008-2009,Valencia,6,38,18,8,12,68,54,14,62,1.7894736842105263,1.4210526315789473,1.631578947368421,0.3684210526315789,0.47368421052631576,20,0.736842105263158,1.4486842105263158,1.2352406902815622,1.0194444444444444
La Liga,2008-2009,La Coruna,7,38,16,10,12,48,47,1,58,1.263157894736842,1.236842105263158,1.5263157894736843,0.02631578947368421,0.42105263157894735,20,0.6842105263157895,1.4486842105263158,0.8719346049046321,1.1712765957446807
La Liga,2008-2009,Malaga,8,38,15,10,13,55,59,-4,55,1.4473684210526316,1.5526315789473684,1.4473684210526316,-0.10526315789473684,0.39473684210526316,20,0.631578947368421,1.4486842105263158,0.9990917347865577,0.9330508474576271
La Liga,2008-2009,Mallorca,9,38,14,9,15,53,60,-7,51,1.394736842105263,1.5789473684210527,1.3421052631578947,-0.18421052631578946,0.3684210526315789,20,0.5789473684210527,1.4486842105263158,0.9627611262488646,0.9175
La Liga,2008-2009,Espanol,10,38,12,11,15,46,49,-3,47,1.2105263157894737,1.2894736842105263,1.236842105263158,-0.07894736842105263,0.3157894736842105,20,0.5263157894736843,1.4486842105263158,0.8356039963669392,1.123469387755102
La Liga,2008-2009,Santander,11,38,12,10,16,49,48,1,46,1.2894736842105263,1.263157894736842,1.2105263157894737,0.02631578947368421,0.3157894736842105,20,0.4736842105263158,1.4486842105263158,0.8900999091734787,1.146875
La Liga,2008-2009,Almeria,12,38,13,7,18,45,61,-16,46,1.1842105263157894,1.605263157894737,1.2105263157894737,-0.42105263157894735,0.34210526315789475,20,0.42105263157894735,1.4486842105263158,0.8174386920980926,0.9024590163934426
La Liga,2008-2009,Ath Bilbao,13,38,12,8,18,47,62,-15,44,1.236842105263158,1.631578947368421,1.1578947368421053,-0.39473684210526316,0.3157894736842105,20,0.368421052631579,1.4486842105263158,0.8537693006357857,0.8879032258064516
La Liga,2008-2009,Osasuna,14,38,10,13,15,41,47,-6,43,1.0789473684210527,1.236842105263158,1.131578947368421,-0.15789473684210525,0.2631578947368421,20,0.3157894736842105,1.4486842105263158,0.7447774750227066,1.1712765957446807
La Liga,2008-2009,Valladolid,15,38,12,7,19,46,58,-12,43,1.2105263157894737,1.5263157894736843,1.131578947368421,-0.3157894736842105,0.3157894736842105,20,0.26315789473684215,1.4486842105263158,0.8356039963669392,0.9491379310344827
La Liga,2008-2009,Sp Gijon,16,38,14,1,23,47,79,-32,43,1.236842105263158,2.0789473684210527,1.131578947368421,-0.8421052631578947,0.3684210526315789,20,0.21052631578947367,1.4486842105263158,0.8537693006357857,0.6968354430379747
La Liga,2008-2009,Getafe,17,38,10,12,16,50,56,-6,42,1.3157894736842106,1.4736842105263157,1.105263157894737,-0.15789473684210525,0.2631578947368421,20,0.1578947368421053,1.4486842105263158,0.9082652134423252,0.9830357142857143
La Liga,2008-2009,Betis,18,38,10,12,16,51,58,-7,42,1.3421052631578947,1.5263157894736843,1.105263157894737,-0.18421052631578946,0.2631578947368421,20,0.10526315789473684,1.4486842105263158,0.9264305177111716,0.9491379310344827
La Liga,2008-2009,Numancia,19,38,10,5,23,38,69,-31,35,1.0,1.8157894736842106,0.9210526315789473,-0.8157894736842105,0.2631578947368421,20,0.052631578947368474,1.4486842105263158,0.6902815622161671,0.7978260869565217
La Liga,2008-2009,Recreativo,20,38,8,9,21,34,57,-23,33,0.8947368421052632,1.5,0.868421052631579,-0.6052631578947368,0.21052631578947367,20,0.0,1.4486842105263158,0.6176203451407811,0.9657894736842105
Ligue 1,2008-2009,Bordeaux,1,38,24,8,6,64,34,30,80,1.6842105263157894,0.8947368421052632,2.1052631578947367,0.7894736842105263,0.631578947368421,20,1.0,1.1289473684210525,1.491841491841492,1.2617647058823527
Ligue 1,2008-2009,Marseille,2,38,22,11,5,67,35,32,77,1.763157894736842,0.9210526315789473,2.026315789473684,0.8421052631578947,0.5789473684210527,20,0.9473684210526316,1.1289473684210525,1.561771561771562,1.2257142857142855
Ligue 1,2008-2009,Lyon,3,38,20,11,7,52,29,23,71,1.368421052631579,0.7631578947368421,1.868421052631579,0.6052631578947368,0.5263157894736842,20,0.8947368421052632,1.1289473684210525,1.2121212121212124,1.479310344827586
Ligue 1,2008-2009,Toulouse,4,38,16,16,6,45,27,18,64,1.1842105263157894,0.7105263157894737,1.6842105263157894,0.47368421052631576,0.42105263157894735,20,0.8421052631578947,1.1289473684210525,1.048951048951049,1.5888888888888888
Ligue 1,2008-2009,Lille,5,38,17,13,8,51,39,12,64,1.3421052631578947,1.0263157894736843,1.6842105263157894,0.3157894736842105,0.4473684210526316,20,0.7894736842105263,1.1289473684210525,1.188811188811189,1.0999999999999999
Ligue 1,2008-2009,Paris SG,6,38,19,7,12,49,38,11,64,1.2894736842105263,1.0,1.6842105263157894,0.2894736842105263,0.5,20,0.736842105263158,1.1289473684210525,1.1421911421911424,1.1289473684210525
Ligue 1,2008-2009,Rennes,7,38,15,16,7,42,34,8,61,1.105263157894737,0.8947368421052632,1.605263157894737,0.21052631578947367,0.39473684210526316,20,0.6842105263157895,1.1289473684210525,0.9790209790209793,1.2617647058823527
Ligue 1,2008-2009,Auxerre,8,38,16,7,15,35,35,0,55,0.9210526315789473,0.9210526315789473,1.4473684210526316,0.0,0.42105263157894735,20,0.631578947368421,1.1289473684210525,0.815850815850816,1.2257142857142855
Ligue 1,2008-2009,Nice,9,38,13,11,14,40,41,-1,50,1.0526315789473684,1.0789473684210527,1.3157894736842106,-0.02631578947368421,0.34210526315789475,20,0.5789473684210527,1.1289473684210525,0.9324009324009325,1.046341463414634
Ligue 1,2008-2009,Lorient,10,38,10,15,13,47,47,0,45,1.236842105263158,1.236842105263158,1.1842105263157894,0.0,0.2631578947368421,20,0.5263157894736843,1.1289473684210525,1.0955710955710958,0.9127659574468083
Ligue 1,2008-2009,Monaco,11,38,11,12,15,41,45,-4,45,1.0789473684210527,1.1842105263157894,1.1842105263157894,-0.10526315789473684,0.2894736842105263,20,0.4736842105263158,1.1289473684210525,0.9557109557109559,0.9533333333333333
Ligue 1,2008-2009,Valenciennes,12,38,10,14,14,35,42,-7,44,0.9210526315789473,1.105263157894737,1.1578947368421053,-0.18421052631578946,0.2631578947368421,20,0.42105263157894735,1.1289473684210525,0.815850815850816,1.0214285714285711
Ligue 1,2008-2009,Grenoble,13,38,10,14,14,24,37,-13,44,0.631578947368421,0.9736842105263158,1.1578947368421053,-0.34210526315789475,0.2631578947368421,20,0.368421052631579,1.1289473684210525,0.5594405594405595,1.1594594594594592
Ligue 1,2008-2009,Sochaux,14,38,10,12,16,40,48,-8,42,1.0526315789473684,1.263157894736842,1.105263157894737,-0.21052631578947367,0.2631578947368421,20,0.3157894736842105,1.1289473684210525,0.9324009324009325,0.8937499999999999
Ligue 1,2008-2009,Nancy,15,38,10,12,16,38,47,-9,42,1.0,1.236842105263158,1.105263157894737,-0.23684210526315788,0.2631578947368421,20,0.26315789473684215,1.1289473684210525,0.8857808857808859,0.9127659574468083
Ligue 1,2008-2009,Le Mans,16,38,10,10,18,43,54,-11,40,1.131578947368421,1.4210526315789473,1.0526315789473684,-0.2894736842105263,0.2631578947368421,20,0.21052631578947367,1.1289473684210525,1.0023310023310024,0.7944444444444444
Ligue 1,2008-2009,St Etienne,17,38,11,7,20,40,56,-16,40,1.0526315789473684,1.4736842105263157,1.0526315789473684,-0.42105263157894735,0.2894736842105263,20,0.1578947368421053,1.1289473684210525,0.9324009324009325,0.7660714285714285
Ligue 1,2008-2009,Caen,18,38,8,13,17,42,49,-7,37,1.105263157894737,1.2894736842105263,0.9736842105263158,-0.18421052631578946,0.21052631578947367,20,0.10526315789473684,1.1289473684210525,0.9790209790209793,0.8755102040816325
Ligue 1,2008-2009,Nantes,19,38,9,10,19,33,54,-21,37,0.868421052631579,1.4210526315789473,0.9736842105263158,-0.5526315789473685,0.23684210526315788,20,0.052631578947368474,1.1289473684210525,0.7692307692307694,0.7944444444444444
Ligue 1,2008-2009,Le Havre,20,38,7,5,26,30,67,-37,26,0.7894736842105263,1.763157894736842,0.6842105263157895,-0.9736842105263158,0.18421052631578946,20,0.0,1.1289473684210525,0.6993006993006994,0.6402985074626865
Premier League,2008-2009,Man United,1,38,28,6,4,68,24,44,90,1.7894736842105263,0.631578947368421,2.3684210526315788,1.1578947368421053,0.7368421052631579,20,1.0,1.2394736842105263,1.4437367303609343,1.9625000000000001
Premier League,2008-2009,Liverpool,2,38,25,11,2,77,27,50,86,2.026315789473684,0.7105263157894737,2.263157894736842,1.3157894736842106,0.6578947368421053,20,0.9473684210526316,1.2394736842105263,1.6348195329087047,1.7444444444444445
Premier League,2008-2009,Chelsea,3,38,25,8,5,68,24,44,83,1.7894736842105263,0.631578947368421,2.1842105263157894,1.1578947368421053,0.6578947368421053,20,0.8947368421052632,1.2394736842105263,1.4437367303609343,1.9625000000000001
Premier League,2008-2009,Arsenal,4,38,20,12,6,68,37,31,72,1.7894736842105263,0.9736842105263158,1.894736842105263,0.8157894736842105,0.5263157894736842,20,0.8421052631578947,1.2394736842105263,1.4437367303609343,1.2729729729729728
Premier League,2008-2009,Everton,5,38,17,12,9,55,37,18,63,1.4473684210526316,0.9736842105263158,1.6578947368421053,0.47368421052631576,0.4473684210526316,20,0.7894736842105263,1.2394736842105263,1.1677282377919322,1.2729729729729728
Premier League,2008-2009,Aston Villa,6,38,17,11,10,54,48,6,62,1.4210526315789473,1.263157894736842,1.631578947368421,0.15789473684210525,0.4473684210526316,20,0.736842105263158,1.2394736842105263,1.1464968152866242,0.9812500000000001
Premier League,2008-2009,Fulham,7,38,14,11,13,39,34,5,53,1.0263157894736843,0.8947368421052632,1.394736842105263,0.13157894736842105,0.3684210526315789,20,0.6842105263157895,1.2394736842105263,0.8280254777070064,1.3852941176470588
Premier League,2008-2009,Tottenham,8,38,14,9,15,45,45,0,51,1.1842105263157894,1.1842105263157894,1.3421052631578947,0.0,0.3684210526315789,20,0.631578947368421,1.2394736842105263,0.9554140127388534,1.0466666666666666
Premier League,2008-2009,West Ham,9,38,14,9,15,42,45,-3,51,1.105263157894737,1.1842105263157894,1.3421052631578947,-0.07894736842105263,0.3684210526315789,20,0.5789473684210527,1.2394736842105263,0.8917197452229301,1.0466666666666666
Premier League,2008-2009,Man City,10,38,15,5,18,58,50,8,50,1.5263157894736843,1.3157894736842106,1.3157894736842106,0.21052631578947367,0.39473684210526316,20,0.5263157894736843,1.2394736842105263,1.2314225053078558,0.942
Premier League,2008-2009,Wigan,11,38,12,9,17,34,45,-11,45,0.8947368421052632,1.1842105263157894,1.1842105263157894,-0.2894736842105263,0.3157894736842105,20,0.4736842105263158,1.2394736842105263,0.7218683651804672,1.0466666666666666
Premier League,2008-2009,Stoke,12,38,12,9,17,38,55,-17,45,1.0,1.4473684210526316,1.1842105263157894,-0.4473684210526316,0.3157894736842105,20,0.42105263157894735,1.2394736842105263,0.8067940552016986,0.8563636363636363
Premier League,2008-2009,Bolton,13,38,11,8,19,41,53,-12,41,1.0789473684210527,1.394736842105263,1.0789473684210527,-0.3157894736842105,0.2894736842105263,20,0.368421052631579,1.2394736842105263,0.8704883227176221,0.8886792452830189
Premier League,2008-2009,Portsmouth,14,38,10,11,17,38,57,-19,41,1.0,1.5,1.0789473684210527,-0.5,0.2631578947368421,20,0.3157894736842105,1.2394736842105263,0.8067940552016986,0.8263157894736842
Premier League,2008-2009,Blackburn,15,38,10,11,17,40,60,-20,41,1.0526315789473684,1.5789473684210527,1.0789473684210527,-0.5263157894736842,0.2631578947368421,20,0.26315789473684215,1.2394736842105263,0.8492569002123141,0.7849999999999999
Premier League,2008-2009,Sunderland,16,38,9,9,20,34,54,-20,36,0.8947368421052632,1.4210526315789473,0.9473684210526315,-0.5263157894736842,0.23684210526315788,20,0.21052631578947367,1.2394736842105263,0.7218683651804672,0.8722222222222222
Premier League,2008-2009,Hull,17,38,8,11,19,39,64,-25,35,1.0263157894736843,1.6842105263157894,0.9210526315789473,-0.6578947368421053,0.21052631578947367,20,0.1578947368421053,1.2394736842105263,0.8280254777070064,0.7359375
Premier League,2008-2009,Newcastle,18,38,7,13,18,40,59,-19,34,1.0526315789473684,1.5526315789473684,0.8947368421052632,-0.5,0.18421052631578946,20,0.10526315789473684,1.2394736842105263,0.8492569002123141,0.7983050847457627
Premier League,2008-2009,Middlesbrough,19,38,7,11,20,28,57,-29,32,0.7368421052631579,1.5,0.8421052631578947,-0.7631578947368421,0.18421052631578946,20,0.052631578947368474,1.2394736842105263,0.5944798301486199,0.8263157894736842
Premier League,2008-2009,West Brom,20,38,8,8,22,36,67,-31,32,0.9473684210526315,1.763157894736842,0.8421052631578947,-0.8157894736842105,0.21052631578947367,20,0.0,1.2394736842105263,0.7643312101910827,0.7029850746268657
Serie A,2008-2009,Inter,1,38,25,9,4,70,32,38,84,1.8421052631578947,0.8421052631578947,2.210526315789474,1.0,0.6578947368421053,20,1.0,1.3,1.4170040485829958,1.5437500000000002
Serie A,2008-2009,Milan,2,38,22,8,8,70,35,35,74,1.8421052631578947,0.9210526315789473,1.9473684210526316,0.9210526315789473,0.5789473684210527,20,0.9473684210526316,1.3,1.4170040485829958,1.4114285714285715
Serie A,2008-2009,Juventus,3,38,21,11,6,69,37,32,74,1.8157894736842106,0.9736842105263158,1.9473684210526316,0.8421052631578947,0.5526315789473685,20,0.8947368421052632,1.3,1.3967611336032388,1.335135135135135
Serie A,2008-2009,Genoa,4,38,19,11,8,56,39,17,68,1.4736842105263157,1.0263157894736843,1.7894736842105263,0.4473684210526316,0.5,20,0.8421052631578947,1.3,1.1336032388663966,1.2666666666666666
Serie A,2008-2009,Fiorentina,5,38,21,5,12,53,38,15,68,1.394736842105263,1.0,1.7894736842105263,0.39473684210526316,0.5526315789473685,20,0.7894736842105263,1.3,1.0728744939271253,1.3
Serie A,2008-2009,Roma,6,38,18,9,11,64,61,3,63,1.6842105263157894,1.605263157894737,1.6578947368421053,0.07894736842105263,0.47368421052631576,20,0.736842105263158,1.3,1.2955465587044532,0.8098360655737704
Serie A,2008-2009,Udinese,7,38,16,10,12,61,50,11,58,1.605263157894737,1.3157894736842106,1.5263157894736843,0.2894736842105263,0.42105263157894735,20,0.6842105263157895,1.3,1.2348178137651822,0.988
Serie A,2008-2009,Palermo,8,38,17,6,15,57,50,7,57,1.5,1.3157894736842106,1.5,0.18421052631578946,0.4473684210526316,20,0.631578947368421,1.3,1.1538461538461537,0.988
Serie A,2008-2009,Cagliari,9,38,15,8,15,49,50,-1,53,1.2894736842105263,1.3157894736842106,1.394736842105263,-0.02631578947368421,0.39473684210526316,20,0.5789473684210527,1.3,0.9919028340080971,0.988
Serie A,2008-2009,Lazio,10,38,15,5,18,46,55,-9,50,1.2105263157894737,1.4473684210526316,1.3157894736842106,-0.23684210526315788,0.39473684210526316,20,0.5263157894736843,1.3,0.9311740890688258,0.8981818181818182
Serie A,2008-2009,Atalanta,11,38,13,8,17,45,48,-3,47,1.1842105263157894,1.263157894736842,1.236842105263158,-0.07894736842105263,0.34210526315789475,20,0.4736842105263158,1.3,0.9109311740890688,1.0291666666666668
Serie A,2008-2009,Napoli,12,38,12,10,16,43,45,-2,46,1.131578947368421,1.1842105263157894,1.2105263157894737,-0.05263157894736842,0.3157894736842105,20,0.42105263157894735,1.3,0.8704453441295547,1.097777777777778
Serie A,2008-2009,Sampdoria,13,38,11,13,14,49,52,-3,46,1.2894736842105263,1.368421052631579,1.2105263157894737,-0.07894736842105263,0.2894736842105263,20,0.368421052631579,1.3,0.9919028340080971,0.95
Serie A,2008-2009,Siena,14,38,12,8,18,33,44,-11,44,0.868421052631579,1.1578947368421053,1.1578947368421053,-0.2894736842105263,0.3157894736842105,20,0.3157894736842105,1.3,0.6680161943319838,1.1227272727272728
Serie A,2008-2009,Catania,15,38,12,7,19,41,51,-10,43,1.0789473684210527,1.3421052631578947,1.131578947368421,-0.2631578947368421,0.3157894736842105,20,0.26315789473684215,1.3,0.8299595141700404,0.9686274509803923
Serie A,2008-2009,Chievo,16,38,8,14,16,35,49,-14,38,0.9210526315789473,1.2894736842105263,1.0,-0.3684210526315789,0.21052631578947367,20,0.21052631578947367,1.3,0.7085020242914979,1.0081632653061225
Serie A,2008-2009,Bologna,17,38,9,10,19,43,62,-19,37,1.131578947368421,1.631578947368421,0.9736842105263158,-0.5,0.23684210526315788,20,0.1578947368421053,1.3,0.8704453441295547,0.7967741935483872
Serie A,2008-2009,Torino,18,38,8,10,20,37,61,-24,34,0.9736842105263158,1.605263157894737,0.8947368421052632,-0.631578947368421,0.21052631578947367,20,0.10526315789473684,1.3,0.7489878542510121,0.8098360655737704
Serie A,2008-2009,Reggina,19,38,6,13,19,30,62,-32,31,0.7894736842105263,1.631578947368421,0.8157894736842105,-0.8421052631578947,0.15789473684210525,20,0.052631578947368474,1.3,0.6072874493927125,0.7967741935483872
Serie A,2008-2009,Lecce,20,38,5,15,18,37,67,-30,30,0.9736842105263158,1.763157894736842,0.7894736842105263,-0.7894736842105263,0.13157894736842105,20,0.0,1.3,0.7489878542510121,0.737313432835821
Bundesliga,2009-2010,Bayern Munich,1,34,20,10,4,72,31,41,70,2.1176470588235294,0.9117647058823529,2.0588235294117645,1.2058823529411764,0.5882352941176471,18,1.0,1.415032679738562,1.4965357967667439,1.5519713261648744
Bundesliga,2009-2010,Schalke 04,2,34,19,8,7,53,31,22,65,1.5588235294117647,0.9117647058823529,1.911764705882353,0.6470588235294118,0.5588235294117647,18,0.9411764705882353,1.415032679738562,1.1016166281755198,1.5519713261648744
Bundesliga,2009-2010,Werder Bremen,3,34,17,10,7,71,40,31,61,2.088235294117647,1.1764705882352942,1.7941176470588236,0.9117647058823529,0.5,18,0.8823529411764706,1.415032679738562,1.4757505773672057,1.2027777777777777
Bundesliga,2009-2010,Leverkusen,4,34,15,14,5,65,38,27,59,1.911764705882353,1.1176470588235294,1.7352941176470589,0.7941176470588235,0.4411764705882353,18,0.8235294117647058,1.415032679738562,1.351039260969977,1.266081871345029
Bundesliga,2009-2010,Dortmund,5,34,16,9,9,54,42,12,57,1.588235294117647,1.2352941176470589,1.6764705882352942,0.35294117647058826,0.47058823529411764,18,0.7647058823529411,1.415032679738562,1.1224018475750577,1.1455026455026454
Bundesliga,2009-2010,Stuttgart,6,34,15,10,9,51,41,10,55,1.5,1.2058823529411764,1.6176470588235294,0.29411764705882354,0.4411764705882353,18,0.7058823529411764,1.415032679738562,1.0600461893764435,1.1734417344173442
Bundesliga,2009-2010,Hamburg,7,34,13,13,8,56,41,15,52,1.6470588235294117,1.2058823529411764,1.5294117647058822,0.4411764705882353,0.38235294117647056,18,0.6470588235294117,1.415032679738562,1.163972286374134,1.1734417344173442
Bundesliga,2009-2010,Wolfsburg,8,34,14,8,12,64,58,6,50,1.8823529411764706,1.7058823529411764,1.4705882352941178,0.17647058823529413,0.4117647058823529,18,0.5882352941176471,1.415032679738562,1.330254041570439,0.8295019157088122
Bundesliga,2009-2010,Mainz,9,34,12,11,11,36,42,-6,47,1.0588235294117647,1.2352941176470589,1.3823529411764706,-0.17647058823529413,0.35294117647058826,18,0.5294117647058824,1.415032679738562,0.7482678983833719,1.1455026455026454
Bundesliga,2009-2010,Ein Frankfurt,10,34,12,10,12,47,54,-7,46,1.3823529411764706,1.588235294117647,1.3529411764705883,-0.20588235294117646,0.35294117647058826,18,0.47058823529411764,1.415032679738562,0.9769053117782911,0.8909465020576132
Bundesliga,2009-2010,Hoffenheim,11,34,11,9,14,44,42,2,42,1.2941176470588236,1.2352941176470589,1.2352941176470589,0.058823529411764705,0.3235294117647059,18,0.4117647058823529,1.415032679738562,0.9145496535796768,1.1455026455026454
Bundesliga,2009-2010,M'gladbach,12,34,10,9,15,43,60,-17,39,1.2647058823529411,1.7647058823529411,1.1470588235294117,-0.5,0.29411764705882354,18,0.3529411764705882,1.415032679738562,0.8937644341801386,0.8018518518518518
Bundesliga,2009-2010,FC Koln,13,34,9,11,14,33,42,-9,38,0.9705882352941176,1.2352941176470589,1.1176470588235294,-0.2647058823529412,0.2647058823529412,18,0.2941176470588235,1.415032679738562,0.6859122401847576,1.1455026455026454
Bundesliga,2009-2010,Freiburg,14,34,9,8,17,35,59,-24,35,1.0294117647058822,1.7352941176470589,1.0294117647058822,-0.7058823529411765,0.2647058823529412,18,0.23529411764705888,1.415032679738562,0.7274826789838337,0.8154425612052729
Bundesliga,2009-2010,Hannover,15,34,9,6,19,43,67,-24,33,1.2647058823529411,1.9705882352941178,0.9705882352941176,-0.7058823529411765,0.2647058823529412,18,0.17647058823529416,1.415032679738562,0.8937644341801386,0.7180762852404642
Bundesliga,2009-2010,Nurnberg,16,34,8,7,19,32,58,-26,31,0.9411764705882353,1.7058823529411764,0.9117647058823529,-0.7647058823529411,0.23529411764705882,18,0.11764705882352944,1.415032679738562,0.6651270207852195,0.8295019157088122
Bundesliga,2009-2010,Bochum,17,34,6,10,18,33,64,-31,28,0.9705882352941176,1.8823529411764706,0.8235294117647058,-0.9117647058823529,0.17647058823529413,18,0.05882352941176472,1.415032679738562,0.6859122401847576,0.751736111111111
Bundesliga,2009-2010,Hertha,18,34,5,9,20,34,56,-22,24,1.0,1.6470588235294117,0.7058823529411765,-0.6470588235294118,0.14705882352941177,18,0.0,1.415032679738562,0.7066974595842956,0.8591269841269841
La Liga,2009-2010,Barcelona,1,38,31,6,1,98,24,74,99,2.5789473684210527,0.631578947368421,2.6052631578947367,1.9473684210526316,0.8157894736842105,20,1.0,1.356578947368421,1.901066925315228,2.1479166666666667
La Liga,2009-2010,Real Madrid,2,38,31,3,4,102,35,67,96,2.6842105263157894,0.9210526315789473,2.526315789473684,1.763157894736842,0.8157894736842105,20,0.9473684210526316,1.356578947368421,1.9786614936954412,1.4728571428571429
La Liga,2009-2010,Valencia,3,38,21,8,9,59,40,19,71,1.5526315789473684,1.0526315789473684,1.868421052631579,0.5,0.5526315789473685,20,0.8947368421052632,1.356578947368421,1.1445198836081474,1.28875
La Liga,2009-2010,Sevilla,4,38,19,6,13,65,49,16,63,1.7105263157894737,1.2894736842105263,1.6578947368421053,0.42105263157894735,0.5,20,0.8421052631578947,1.356578947368421,1.2609117361784674,1.0520408163265307
La Liga,2009-2010,Mallorca,5,38,18,8,12,59,44,15,62,1.5526315789473684,1.1578947368421053,1.631578947368421,0.39473684210526316,0.47368421052631576,20,0.7894736842105263,1.356578947368421,1.1445198836081474,1.1715909090909091
La Liga,2009-2010,Getafe,6,38,17,7,14,58,48,10,58,1.5263157894736843,1.263157894736842,1.5263157894736843,0.2631578947368421,0.4473684210526316,20,0.736842105263158,1.356578947368421,1.125121241513094,1.0739583333333333
La Liga,2009-2010,Villarreal,7,38,16,8,14,58,57,1,56,1.5263157894736843,1.5,1.4736842105263157,0.02631578947368421,0.42105263157894735,20,0.6842105263157895,1.356578947368421,1.125121241513094,0.9043859649122807
La Liga,2009-2010,Ath Bilbao,8,38,15,9,14,50,53,-3,54,1.3157894736842106,1.394736842105263,1.4210526315789473,-0.07894736842105263,0.39473684210526316,20,0.631578947368421,1.356578947368421,0.9699321047526673,0.9726415094339623
La Liga,2009-2010,Ath Madrid,9,38,13,8,17,57,61,-4,47,1.5,1.605263157894737,1.236842105263158,-0.10526315789473684,0.34210526315789475,20,0.5789473684210527,1.356578947368421,1.1057225994180406,0.8450819672131147
La Liga,2009-2010,La Coruna,10,38,13,8,17,35,49,-14,47,0.9210526315789473,1.2894736842105263,1.236842105263158,-0.3684210526315789,0.34210526315789475,20,0.5263157894736843,1.356578947368421,0.678952473326867,1.0520408163265307
La Liga,2009-2010,Espanol,11,38,11,11,16,29,46,-17,44,0.7631578947368421,1.2105263157894737,1.1578947368421053,-0.4473684210526316,0.2894736842105263,20,0.4736842105263158,1.356578947368421,0.562560620756547,1.1206521739130435
La Liga,2009-2010,Osasuna,12,38,11,10,17,37,46,-9,43,0.9736842105263158,1.2105263157894737,1.131578947368421,-0.23684210526315788,0.2894736842105263,20,0.42105263157894735,1.356578947368421,0.7177497575169738,1.1206521739130435
La Liga,2009-2010,Almeria,13,38,10,12,16,43,55,-12,42,1.131578947368421,1.4473684210526316,1.105263157894737,-0.3157894736842105,0.2631578947368421,20,0.368421052631579,1.356578947368421,0.8341416100872938,0.9372727272727273
La Liga,2009-2010,Zaragoza,14,38,10,11,17,46,64,-18,41,1.2105263157894737,1.6842105263157894,1.0789473684210527,-0.47368421052631576,0.2631578947368421,20,0.3157894736842105,1.356578947368421,0.8923375363724538,0.8054687500000001
La Liga,2009-2010,Sp Gijon,15,38,9,13,16,36,51,-15,40,0.9473684210526315,1.3421052631578947,1.0526315789473684,-0.39473684210526316,0.23684210526315788,20,0.26315789473684215,1.356578947368421,0.6983511154219204,1.0107843137254904
La Liga,2009-2010,Santander,16,38,9,12,17,42,59,-17,39,1.105263157894737,1.5526315789473684,1.0263157894736843,-0.4473684210526316,0.23684210526315788,20,0.21052631578947367,1.356578947368421,0.8147429679922406,0.8737288135593221
La Liga,2009-2010,Malaga,17,38,7,16,15,42,48,-6,37,1.105263157894737,1.263157894736842,0.9736842105263158,-0.15789473684210525,0.18421052631578946,20,0.1578947368421053,1.356578947368421,0.8147429679922406,1.0739583333333333
La Liga,2009-2010,Valladolid,18,38,7,15,16,37,62,-25,36,0.9736842105263158,1.631578947368421,0.9473684210526315,-0.6578947368421053,0.18421052631578946,20,0.10526315789473684,1.356578947368421,0.7177497575169738,0.8314516129032259
La Liga,2009-2010,Tenerife,19,38,9,9,20,40,74,-34,36,1.0526315789473684,1.9473684210526316,0.9473684210526315,-0.8947368421052632,0.23684210526315788,20,0.052631578947368474,1.356578947368421,0.7759456838021338,0.6966216216216217
La Liga,2009-2010,Xerez,20,38,8,10,20,38,66,-28,34,1.0,1.736842105263158,0.8947368421052632,-0.7368421052631579,0.21052631578947367,20,0.0,1.356578947368421,0.7371483996120272,0.781060606060606
Ligue 1,2009-2010,Marseille,1,38,23,9,6,69,36,33,78,1.8157894736842106,0.9473684210526315,2.0526315789473686,0.868421052631579,0.6052631578947368,20,1.0,1.2052631578947368,1.5065502183406114,1.2722222222222224
Ligue 1,2009-2010,Lyon,2,38,20,12,6,64,38,26,72,1.6842105263157894,1.0,1.894736842105263,0.6842105263157895,0.5263157894736842,20,0.9473684210526316,1.2052631578947368,1.3973799126637554,1.2052631578947368
Ligue 1,2009-2010,Auxerre,3,38,20,11,7,42,29,13,71,1.105263157894737,0.7631578947368421,1.868421052631579,0.34210526315789475,0.5263157894736842,20,0.8947368421052632,1.2052631578947368,0.9170305676855897,1.579310344827586
Ligue 1,2009-2010,Lille,4,38,21,7,10,72,40,32,70,1.894736842105263,1.0526315789473684,1.8421052631578947,0.8421052631578947,0.5526315789473685,20,0.8421052631578947,1.2052631578947368,1.5720524017467248,1.145
Ligue 1,2009-2010,Montpellier,5,38,20,9,9,50,40,10,69,1.3157894736842106,1.0526315789473684,1.8157894736842106,0.2631578947368421,0.5263157894736842,20,0.7894736842105263,1.2052631578947368,1.091703056768559,1.145
Ligue 1,2009-2010,Bordeaux,6,38,19,7,12,58,40,18,64,1.5263157894736843,1.0526315789473684,1.6842105263157894,0.47368421052631576,0.5,20,0.736842105263158,1.2052631578947368,1.2663755458515285,1.145
Ligue 1,2009-2010,Lorient,7,38,16,10,12,54,42,12,58,1.4210526315789473,1.105263157894737,1.5263157894736843,0.3157894736842105,0.42105263157894735,20,0.6842105263157895,1.2052631578947368,1.1790393013100438,1.0904761904761904
Ligue 1,2009-2010,Monaco,8,38,15,10,13,39,45,-6,55,1.0263157894736843,1.1842105263157894,1.4473684210526316,-0.15789473684210525,0.39473684210526316,20,0.631578947368421,1.2052631578947368,0.8515283842794761,1.017777777777778
Ligue 1,2009-2010,Rennes,9,38,14,11,13,52,41,11,53,1.368421052631579,1.0789473684210527,1.394736842105263,0.2894736842105263,0.3684210526315789,20,0.5789473684210527,1.2052631578947368,1.1353711790393013,1.1170731707317072
Ligue 1,2009-2010,Valenciennes,10,38,14,10,14,50,50,0,52,1.3157894736842106,1.3157894736842106,1.368421052631579,0.0,0.3684210526315789,20,0.5263157894736843,1.2052631578947368,1.091703056768559,0.9159999999999999
Ligue 1,2009-2010,Lens,11,38,12,12,14,40,44,-4,48,1.0526315789473684,1.1578947368421053,1.263157894736842,-0.10526315789473684,0.3157894736842105,20,0.4736842105263158,1.2052631578947368,0.8733624454148471,1.0409090909090908
Ligue 1,2009-2010,Nancy,12,38,13,9,16,46,53,-7,48,1.2105263157894737,1.394736842105263,1.263157894736842,-0.18421052631578946,0.34210526315789475,20,0.42105263157894735,1.2052631578947368,1.0043668122270744,0.8641509433962264
Ligue 1,2009-2010,Paris SG,13,38,12,11,15,50,46,4,47,1.3157894736842106,1.2105263157894737,1.236842105263158,0.10526315789473684,0.3157894736842105,20,0.368421052631579,1.2052631578947368,1.091703056768559,0.9956521739130435
Ligue 1,2009-2010,Toulouse,14,38,12,11,15,36,36,0,47,0.9473684210526315,0.9473684210526315,1.236842105263158,0.0,0.3157894736842105,20,0.3157894736842105,1.2052631578947368,0.7860262008733624,1.2722222222222224
Ligue 1,2009-2010,Nice,15,38,11,11,16,41,57,-16,44,1.0789473684210527,1.5,1.1578947368421053,-0.42105263157894735,0.2894736842105263,20,0.26315789473684215,1.2052631578947368,0.8951965065502184,0.8035087719298245
Ligue 1,2009-2010,Sochaux,16,38,11,8,19,28,52,-24,41,0.7368421052631579,1.368421052631579,1.0789473684210527,-0.631578947368421,0.2894736842105263,20,0.21052631578947367,1.2052631578947368,0.611353711790393,0.8807692307692307
Ligue 1,2009-2010,St Etienne,17,38,10,10,18,27,45,-18,40,0.7105263157894737,1.1842105263157894,1.0526315789473684,-0.47368421052631576,0.2631578947368421,20,0.1578947368421053,1.2052631578947368,0.5895196506550219,1.017777777777778
Ligue 1,2009-2010,Le Mans,18,38,8,8,22,36,59,-23,32,0.9473684210526315,1.5526315789473684,0.8421052631578947,-0.6052631578947368,0.21052631578947367,20,0.10526315789473684,1.2052631578947368,0.7860262008733624,0.7762711864406779
Ligue 1,2009-2010,Boulogne,19,38,7,10,21,31,62,-31,31,0.8157894736842105,1.631578947368421,0.8157894736842105,-0.8157894736842105,0.18421052631578946,20,0.052631578947368474,1.2052631578947368,0.6768558951965066,0.7387096774193548
Ligue 1,2009-2010,Grenoble,20,38,5,8,25,31,61,-30,23,0.8157894736842105,1.605263157894737,0.6052631578947368,-0.7894736842105263,0.13157894736842105,20,0.0,1.2052631578947368,0.6768558951965066,0.7508196721311474
Premier League,2009-2010,Chelsea,1,38,27,5,6,103,32,71,86,2.710526315789474,0.8421052631578947,2.263157894736842,1.868421052631579,0.7105263157894737,20,1.0,1.3855263157894737,1.9563152896486231,1.6453125000000002
Premier League,2009-2010,Man United,2,38,27,4,7,86,28,58,85,2.263157894736842,0.7368421052631579,2.236842105263158,1.5263157894736843,0.7105263157894737,20,0.9473684210526316,1.3855263157894737,1.6334283000949668,1.880357142857143
Premier League,2009-2010,Arsenal,3,38,23,6,9,83,41,42,75,2.1842105263157894,1.0789473684210527,1.9736842105263157,1.105263157894737,0.6052631578947368,20,0.8947368421052632,1.3855263157894737,1.5764482431149096,1.2841463414634147
Premier League,2009-2010,Tottenham,4,38,21,7,10,67,41,26,70,1.763157894736842,1.0789473684210527,1.8421052631578947,0.6842105263157895,0.5526315789473685,20,0.8421052631578947,1.3855263157894737,1.2725546058879391,1.2841463414634147
Premier League,2009-2010,Man City,5,38,18,13,7,73,45,28,67,1.9210526315789473,1.1842105263157894,1.763157894736842,0.7368421052631579,0.47368421052631576,20,0.7894736842105263,1.3855263157894737,1.3865147198480532,1.1700000000000002
Premier League,2009-2010,Aston Villa,6,38,17,13,8,52,39,13,64,1.368421052631579,1.0263157894736843,1.6842105263157894,0.34210526315789475,0.4473684210526316,20,0.736842105263158,1.3855263157894737,0.9876543209876544,1.3499999999999999
Premier League,2009-2010,Liverpool,7,38,18,9,11,61,35,26,63,1.605263157894737,0.9210526315789473,1.6578947368421053,0.6842105263157895,0.47368421052631576,20,0.6842105263157895,1.3855263157894737,1.1585944919278253,1.5042857142857144
Premier League,2009-2010,Everton,8,38,16,13,9,60,49,11,61,1.5789473684210527,1.2894736842105263,1.605263157894737,0.2894736842105263,0.42105263157894735,20,0.631578947368421,1.3855263157894737,1.1396011396011396,1.0744897959183675
Premier League,2009-2010,Birmingham,9,38,13,11,14,38,47,-9,50,1.0,1.236842105263158,1.3157894736842106,-0.23684210526315788,0.34210526315789475,20,0.5789473684210527,1.3855263157894737,0.7217473884140551,1.1202127659574468
Premier League,2009-2010,Blackburn,10,38,13,11,14,41,55,-14,50,1.0789473684210527,1.4473684210526316,1.3157894736842106,-0.3684210526315789,0.34210526315789475,20,0.5263157894736843,1.3855263157894737,0.7787274453941121,0.9572727272727273
Premier League,2009-2010,Stoke,11,38,11,14,13,34,48,-14,47,0.8947368421052632,1.263157894736842,1.236842105263158,-0.3684210526315789,0.2894736842105263,20,0.4736842105263158,1.3855263157894737,0.6457739791073124,1.096875
Premier League,2009-2010,Fulham,12,38,12,10,16,39,46,-7,46,1.0263157894736843,1.2105263157894737,1.2105263157894737,-0.18421052631578946,0.3157894736842105,20,0.42105263157894735,1.3855263157894737,0.7407407407407408,1.1445652173913043
Premier League,2009-2010,Sunderland,13,38,11,11,16,48,56,-8,44,1.263157894736842,1.4736842105263157,1.1578947368421053,-0.21052631578947367,0.2894736842105263,20,0.368421052631579,1.3855263157894737,0.9116809116809116,0.9401785714285715
Premier League,2009-2010,Bolton,14,38,10,9,19,42,67,-25,39,1.105263157894737,1.763157894736842,1.0263157894736843,-0.6578947368421053,0.2631578947368421,20,0.3157894736842105,1.3855263157894737,0.7977207977207977,0.7858208955223881
Premier League,2009-2010,Wolves,15,38,9,11,18,32,56,-24,38,0.8421052631578947,1.4736842105263157,1.0,-0.631578947368421,0.23684210526315788,20,0.26315789473684215,1.3855263157894737,0.6077872744539411,0.9401785714285715
Premier League,2009-2010,Wigan,16,38,9,9,20,37,79,-42,36,0.9736842105263158,2.0789473684210527,0.9473684210526315,-1.105263157894737,0.23684210526315788,20,0.21052631578947367,1.3855263157894737,0.7027540360873694,0.6664556962025316
Premier League,2009-2010,West Ham,17,38,8,11,19,47,66,-19,35,1.236842105263158,1.736842105263158,0.9210526315789473,-0.5,0.21052631578947367,20,0.1578947368421053,1.3855263157894737,0.8926875593542261,0.7977272727272727
Premier League,2009-2010,Burnley,18,38,8,6,24,42,82,-40,30,1.105263157894737,2.1578947368421053,0.7894736842105263,-1.0526315789473684,0.21052631578947367,20,0.10526315789473684,1.3855263157894737,0.7977207977207977,0.6420731707317073
Premier League,2009-2010,Hull,19,38,6,12,20,34,75,-41,30,0.8947368421052632,1.9736842105263157,0.7894736842105263,-1.0789473684210527,0.15789473684210525,20,0.052631578947368474,1.3855263157894737,0.6457739791073124,0.7020000000000001
Premier League,2009-2010,Portsmouth,20,38,7,7,24,34,66,-32,28,0.8947368421052632,1.736842105263158,0.7368421052631579,-0.8421052631578947,0.18421052631578946,20,0.0,1.3855263157894737,0.6457739791073124,0.7977272727272727
Serie A,2009-2010,Inter,1,38,24,10,4,75,34,41,82,1.9736842105263157,0.8947368421052632,2.1578947368421053,1.0789473684210527,0.631578947368421,20,1.0,1.305263157894737,1.5120967741935483,1.4588235294117649
Serie A,2009-2010,Roma,2,38,24,8,6,68,41,27,80,1.7894736842105263,1.0789473684210527,2.1052631578947367,0.7105263157894737,0.631578947368421,20,0.9473684210526316,1.305263157894737,1.3709677419354838,1.2097560975609756
Serie A,2009-2010,Milan,3,38,20,10,8,60,39,21,70,1.5789473684210527,1.0263157894736843,1.8421052631578947,0.5526315789473685,0.5263157894736842,20,0.8947368421052632,1.305263157894737,1.2096774193548387,1.2717948717948717
Serie A,2009-2010,Sampdoria,4,38,19,10,9,49,41,8,67,1.2894736842105263,1.0789473684210527,1.763157894736842,0.21052631578947367,0.5,20,0.8421052631578947,1.305263157894737,0.9879032258064516,1.2097560975609756
Serie A,2009-2010,Palermo,5,38,18,11,9,59,47,12,65,1.5526315789473684,1.236842105263158,1.7105263157894737,0.3157894736842105,0.47368421052631576,20,0.7894736842105263,1.305263157894737,1.189516129032258,1.0553191489361702
Serie A,2009-2010,Napoli,6,38,15,14,9,50,43,7,59,1.3157894736842106,1.131578947368421,1.5526315789473684,0.18421052631578946,0.39473684210526316,20,0.736842105263158,1.305263157894737,1.0080645161290323,1.1534883720930234
Serie A,2009-2010,Juventus,7,38,16,7,15,55,56,-1,55,1.4473684210526316,1.4736842105263157,1.4473684210526316,-0.02631578947368421,0.42105263157894735,20,0.6842105263157895,1.305263157894737,1.1088709677419355,0.8857142857142858
Serie A,2009-2010,Parma,8,38,14,10,14,46,51,-5,52,1.2105263157894737,1.3421052631578947,1.368421052631579,-0.13157894736842105,0.3684210526315789,20,0.631578947368421,1.305263157894737,0.9274193548387096,0.9725490196078432
Serie A,2009-2010,Genoa,9,38,14,9,15,57,61,-4,51,1.5,1.605263157894737,1.3421052631578947,-0.10526315789473684,0.3684210526315789,20,0.5789473684210527,1.305263157894737,1.1491935483870968,0.8131147540983606
Serie A,2009-2010,Bari,10,38,13,11,14,49,49,0,50,1.2894736842105263,1.2894736842105263,1.3157894736842106,0.0,0.34210526315789475,20,0.5263157894736843,1.305263157894737,0.9879032258064516,1.0122448979591838
Serie A,2009-2010,Fiorentina,11,38,13,8,17,48,47,1,47,1.263157894736842,1.236842105263158,1.236842105263158,0.02631578947368421,0.34210526315789475,20,0.4736842105263158,1.305263157894737,0.9677419354838709,1.0553191489361702
Serie A,2009-2010,Lazio,12,38,11,13,14,39,43,-4,46,1.0263157894736843,1.131578947368421,1.2105263157894737,-0.10526315789473684,0.2894736842105263,20,0.42105263157894735,1.305263157894737,0.7862903225806452,1.1534883720930234
Serie A,2009-2010,Catania,13,38,10,15,13,44,45,-1,45,1.1578947368421053,1.1842105263157894,1.1842105263157894,-0.02631578947368421,0.2631578947368421,20,0.368421052631579,1.305263157894737,0.8870967741935484,1.1022222222222224
Serie A,2009-2010,Cagliari,14,38,11,11,16,56,58,-2,44,1.4736842105263157,1.5263157894736843,1.1578947368421053,-0.05263157894736842,0.2894736842105263,20,0.3157894736842105,1.305263157894737,1.129032258064516,0.8551724137931035
Serie A,2009-2010,Udinese,15,38,11,11,16,54,59,-5,44,1.4210526315789473,1.5526315789473684,1.1578947368421053,-0.13157894736842105,0.2894736842105263,20,0.26315789473684215,1.305263157894737,1.0887096774193548,0.840677966101695
Serie A,2009-2010,Chievo,16,38,12,8,18,37,42,-5,44,0.9736842105263158,1.105263157894737,1.1578947368421053,-0.13157894736842105,0.3157894736842105,20,0.21052631578947367,1.305263157894737,0.7459677419354839,1.180952380952381
Serie A,2009-2010,Bologna,17,38,10,12,16,42,55,-13,42,1.105263157894737,1.4473684210526316,1.105263157894737,-0.34210526315789475,0.2631578947368421,20,0.1578947368421053,1.305263157894737,0.8467741935483871,0.9018181818181819
Serie A,2009-2010,Atalanta,18,38,9,8,21,37,53,-16,35,0.9736842105263158,1.394736842105263,0.9210526315789473,-0.42105263157894735,0.23684210526315788,20,0.10526315789473684,1.305263157894737,0.7459677419354839,0.9358490566037737
Serie A,2009-2010,Siena,19,38,7,10,21,40,67,-27,31,1.0526315789473684,1.763157894736842,0.8157894736842105,-0.7105263157894737,0.18421052631578946,20,0.052631578947368474,1.305263157894737,0.8064516129032258,0.7402985074626867
Serie A,2009-2010,Livorno,20,38,7,8,23,27,61,-34,29,0.7105263157894737,1.605263157894737,0.7631578947368421,-0.8947368421052632,0.18421052631578946,20,0.0,1.305263157894737,0.5443548387096774,0.8131147540983606
Bundesliga,2010-2011,Dortmund,1,34,23,6,5,67,22,45,75,1.9705882352941178,0.6470588235294118,2.2058823529411766,1.3235294117647058,0.6764705882352942,18,1.0,1.4607843137254901,1.3489932885906042,2.2575757575757573
Bundesliga,2010-2011,Leverkusen,2,34,20,8,6,64,44,20,68,1.8823529411764706,1.2941176470588236,2.0,0.5882352941176471,0.5882352941176471,18,0.9411764705882353,1.4607843137254901,1.2885906040268458,1.1287878787878787
Bundesliga,2010-2011,Bayern Munich,3,34,19,8,7,81,40,41,65,2.3823529411764706,1.1764705882352942,1.911764705882353,1.2058823529411764,0.5588235294117647,18,0.8823529411764706,1.4607843137254901,1.6308724832214765,1.2416666666666665
Bundesliga,2010-2011,Hannover,4,34,19,3,12,49,45,4,60,1.4411764705882353,1.3235294117647058,1.7647058823529411,0.11764705882352941,0.5588235294117647,18,0.8235294117647058,1.4607843137254901,0.9865771812080537,1.1037037037037036
Bundesliga,2010-2011,Mainz,5,34,18,4,12,52,39,13,58,1.5294117647058822,1.1470588235294117,1.7058823529411764,0.38235294117647056,0.5294117647058824,18,0.7647058823529411,1.4607843137254901,1.0469798657718121,1.2735042735042734
Bundesliga,2010-2011,Nurnberg,6,34,13,8,13,47,45,2,47,1.3823529411764706,1.3235294117647058,1.3823529411764706,0.058823529411764705,0.38235294117647056,18,0.7058823529411764,1.4607843137254901,0.9463087248322148,1.1037037037037036
Bundesliga,2010-2011,Kaiserslautern,7,34,13,7,14,48,51,-3,46,1.411764705882353,1.5,1.3529411764705883,-0.08823529411764706,0.38235294117647056,18,0.6470588235294117,1.4607843137254901,0.9664429530201344,0.9738562091503268
Bundesliga,2010-2011,Hamburg,8,34,12,9,13,46,52,-6,45,1.3529411764705883,1.5294117647058822,1.3235294117647058,-0.17647058823529413,0.35294117647058826,18,0.5882352941176471,1.4607843137254901,0.9261744966442954,0.9551282051282052
Bundesliga,2010-2011,Freiburg,9,34,13,5,16,41,50,-9,44,1.2058823529411764,1.4705882352941178,1.2941176470588236,-0.2647058823529412,0.38235294117647056,18,0.5294117647058824,1.4607843137254901,0.825503355704698,0.9933333333333332
Bundesliga,2010-2011,FC Koln,10,34,13,5,16,47,62,-15,44,1.3823529411764706,1.8235294117647058,1.2941176470588236,-0.4411764705882353,0.38235294117647056,18,0.47058823529411764,1.4607843137254901,0.9463087248322148,0.8010752688172043
Bundesliga,2010-2011,Hoffenheim,11,34,11,10,13,50,50,0,43,1.4705882352941178,1.4705882352941178,1.2647058823529411,0.0,0.3235294117647059,18,0.4117647058823529,1.4607843137254901,1.0067114093959733,0.9933333333333332
Bundesliga,2010-2011,Stuttgart,12,34,12,6,16,60,59,1,42,1.7647058823529411,1.7352941176470589,1.2352941176470589,0.029411764705882353,0.35294117647058826,18,0.3529411764705882,1.4607843137254901,1.2080536912751678,0.8418079096045197
Bundesliga,2010-2011,Werder Bremen,13,34,10,11,13,47,61,-14,41,1.3823529411764706,1.7941176470588236,1.2058823529411764,-0.4117647058823529,0.29411764705882354,18,0.2941176470588235,1.4607843137254901,0.9463087248322148,0.814207650273224
Bundesliga,2010-2011,Schalke 04,14,34,11,7,16,38,44,-6,40,1.1176470588235294,1.2941176470588236,1.1764705882352942,-0.17647058823529413,0.3235294117647059,18,0.23529411764705888,1.4607843137254901,0.7651006711409396,1.1287878787878787
Bundesliga,2010-2011,Wolfsburg,15,34,9,11,14,43,48,-5,38,1.2647058823529411,1.411764705882353,1.1176470588235294,-0.14705882352941177,0.2647058823529412,18,0.17647058823529416,1.4607843137254901,0.8657718120805369,1.034722222222222
Bundesliga,2010-2011,M'gladbach,16,34,10,6,18,48,65,-17,36,1.411764705882353,1.911764705882353,1.0588235294117647,-0.5,0.29411764705882354,18,0.11764705882352944,1.4607843137254901,0.9664429530201344,0.764102564102564
Bundesliga,2010-2011,Ein Frankfurt,17,34,9,7,18,31,49,-18,34,0.9117647058823529,1.4411764705882353,1.0,-0.5294117647058824,0.2647058823529412,18,0.05882352941176472,1.4607843137254901,0.6241610738255033,1.0136054421768708
Bundesliga,2010-2011,St Pauli,18,34,8,5,21,35,68,-33,29,1.0294117647058822,2.0,0.8529411764705882,-0.9705882352941176,0.23529411764705882,18,0.0,1.4607843137254901,0.7046979865771812,0.7303921568627451
La Liga,2010-2011,Barcelona,1,38,30,6,2,95,21,74,96,2.5,0.5526315789473685,2.526315789473684,1.9473684210526316,0.7894736842105263,20,1.0,1.3710526315789473,1.8234165067178503,2.4809523809523806
La Liga,2010-2011,Real Madrid,2,38,29,5,4,102,33,69,92,2.6842105263157894,0.868421052631579,2.4210526315789473,1.8157894736842106,0.7631578947368421,20,0.9473684210526316,1.3710526315789473,1.9577735124760076,1.5787878787878786
La Liga,2010-2011,Valencia,3,38,21,8,9,64,44,20,71,1.6842105263157894,1.1578947368421053,1.868421052631579,0.5263157894736842,0.5526315789473685,20,0.8947368421052632,1.3710526315789473,1.2284069097888675,1.184090909090909
La Liga,2010-2011,Villarreal,4,38,18,8,12,54,44,10,62,1.4210526315789473,1.1578947368421053,1.631578947368421,0.2631578947368421,0.47368421052631576,20,0.8421052631578947,1.3710526315789473,1.0364683301343571,1.184090909090909
La Liga,2010-2011,Ath Madrid,5,38,17,7,14,62,53,9,58,1.631578947368421,1.394736842105263,1.5263157894736843,0.23684210526315788,0.4473684210526316,20,0.7894736842105263,1.3710526315789473,1.1900191938579654,0.9830188679245283
La Liga,2010-2011,Ath Bilbao,6,38,18,4,16,59,55,4,58,1.5526315789473684,1.4473684210526316,1.5263157894736843,0.10526315789473684,0.47368421052631576,20,0.736842105263158,1.3710526315789473,1.1324376199616124,0.9472727272727272
La Liga,2010-2011,Sevilla,7,38,17,7,14,62,61,1,58,1.631578947368421,1.605263157894737,1.5263157894736843,0.02631578947368421,0.4473684210526316,20,0.6842105263157895,1.3710526315789473,1.1900191938579654,0.8540983606557376
La Liga,2010-2011,Espanol,8,38,15,4,19,46,55,-9,49,1.2105263157894737,1.4473684210526316,1.2894736842105263,-0.23684210526315788,0.39473684210526316,20,0.631578947368421,1.3710526315789473,0.8829174664107486,0.9472727272727272
La Liga,2010-2011,Osasuna,9,38,13,8,17,45,46,-1,47,1.1842105263157894,1.2105263157894737,1.236842105263158,-0.02631578947368421,0.34210526315789475,20,0.5789473684210527,1.3710526315789473,0.8637236084452975,1.132608695652174
La Liga,2010-2011,Sp Gijon,10,38,11,14,13,35,42,-7,47,0.9210526315789473,1.105263157894737,1.236842105263158,-0.18421052631578946,0.2894736842105263,20,0.5263157894736843,1.3710526315789473,0.6717850287907869,1.2404761904761903
La Liga,2010-2011,Malaga,11,38,13,7,18,54,68,-14,46,1.4210526315789473,1.7894736842105263,1.2105263157894737,-0.3684210526315789,0.34210526315789475,20,0.4736842105263158,1.3710526315789473,1.0364683301343571,0.7661764705882352
La Liga,2010-2011,Santander,12,38,12,10,16,41,56,-15,46,1.0789473684210527,1.4736842105263157,1.2105263157894737,-0.39473684210526316,0.3157894736842105,20,0.42105263157894735,1.3710526315789473,0.7869481765834934,0.9303571428571429
La Liga,2010-2011,Levante,13,38,12,9,17,41,52,-11,45,1.0789473684210527,1.368421052631579,1.1842105263157894,-0.2894736842105263,0.3157894736842105,20,0.368421052631579,1.3710526315789473,0.7869481765834934,1.001923076923077
La Liga,2010-2011,Zaragoza,14,38,12,9,17,40,53,-13,45,1.0526315789473684,1.394736842105263,1.1842105263157894,-0.34210526315789475,0.3157894736842105,20,0.3157894736842105,1.3710526315789473,0.7677543186180422,0.9830188679245283
La Liga,2010-2011,Sociedad,15,38,14,3,21,49,66,-17,45,1.2894736842105263,1.736842105263158,1.1842105263157894,-0.4473684210526316,0.3684210526315789,20,0.26315789473684215,1.3710526315789473,0.9404990403071017,0.7893939393939393
La Liga,2010-2011,Getafe,16,38,12,8,18,49,60,-11,44,1.2894736842105263,1.5789473684210527,1.1578947368421053,-0.2894736842105263,0.3157894736842105,20,0.21052631578947367,1.3710526315789473,0.9404990403071017,0.8683333333333333
La Liga,2010-2011,Mallorca,17,38,12,8,18,41,56,-15,44,1.0789473684210527,1.4736842105263157,1.1578947368421053,-0.39473684210526316,0.3157894736842105,20,0.1578947368421053,1.3710526315789473,0.7869481765834934,0.9303571428571429
La Liga,2010-2011,La Coruna,18,38,10,13,15,31,47,-16,43,0.8157894736842105,1.236842105263158,1.131578947368421,-0.42105263157894735,0.2631578947368421,20,0.10526315789473684,1.3710526315789473,0.5950095969289827,1.1085106382978722
La Liga,2010-2011,Hercules,19,38,9,8,21,36,60,-24,35,0.9473684210526315,1.5789473684210527,0.9210526315789473,-0.631578947368421,0.23684210526315788,20,0.052631578947368474,1.3710526315789473,0.690978886756238,0.8683333333333333
La Liga,2010-2011,Almeria,20,38,6,12,20,36,70,-34,30,0.9473684210526315,1.8421052631578947,0.7894736842105263,-0.8947368421052632,0.15789473684210525,20,0.0,1.3710526315789473,0.690978886756238,0.7442857142857142
Ligue 1,2010-2011,Lille,1,38,21,13,4,68,36,32,76,1.7894736842105263,0.9473684210526315,2.0,0.8421052631578947,0.5526315789473685,20,1.0,1.1710526315789473,1.5280898876404494,1.2361111111111112
Ligue 1,2010-2011,Marseille,2,38,18,14,6,62,39,23,68,1.631578947368421,1.0263157894736843,1.7894736842105263,0.6052631578947368,0.47368421052631576,20,0.9473684210526316,1.1710526315789473,1.3932584269662922,1.141025641025641
Ligue 1,2010-2011,Lyon,3,38,17,13,8,61,40,21,64,1.605263157894737,1.0526315789473684,1.6842105263157894,0.5526315789473685,0.4473684210526316,20,0.8947368421052632,1.1710526315789473,1.3707865168539326,1.1125
Ligue 1,2010-2011,Paris SG,4,38,15,15,8,56,41,15,60,1.4736842105263157,1.0789473684210527,1.5789473684210527,0.39473684210526316,0.39473684210526316,20,0.8421052631578947,1.1710526315789473,1.2584269662921348,1.0853658536585364
Ligue 1,2010-2011,Sochaux,5,38,17,7,14,60,43,17,58,1.5789473684210527,1.131578947368421,1.5263157894736843,0.4473684210526316,0.4473684210526316,20,0.7894736842105263,1.1710526315789473,1.348314606741573,1.0348837209302326
Ligue 1,2010-2011,Rennes,6,38,15,11,12,38,35,3,56,1.0,0.9210526315789473,1.4736842105263157,0.07894736842105263,0.39473684210526316,20,0.736842105263158,1.1710526315789473,0.8539325842696629,1.2714285714285714
Ligue 1,2010-2011,Bordeaux,7,38,12,15,11,43,42,1,51,1.131578947368421,1.105263157894737,1.3421052631578947,0.02631578947368421,0.3157894736842105,20,0.6842105263157895,1.1710526315789473,0.9662921348314607,1.0595238095238093
Ligue 1,2010-2011,Toulouse,8,38,14,8,16,38,36,2,50,1.0,0.9473684210526315,1.3157894736842106,0.05263157894736842,0.3684210526315789,20,0.631578947368421,1.1710526315789473,0.8539325842696629,1.2361111111111112
Ligue 1,2010-2011,Auxerre,9,38,10,19,9,45,41,4,49,1.1842105263157894,1.0789473684210527,1.2894736842105263,0.10526315789473684,0.2631578947368421,20,0.5789473684210527,1.1710526315789473,1.0112359550561798,1.0853658536585364
Ligue 1,2010-2011,St Etienne,10,38,12,13,13,46,47,-1,49,1.2105263157894737,1.236842105263158,1.2894736842105263,-0.02631578947368421,0.3157894736842105,20,0.5263157894736843,1.1710526315789473,1.0337078651685394,0.9468085106382979
Ligue 1,2010-2011,Lorient,11,38,12,13,13,46,48,-2,49,1.2105263157894737,1.263157894736842,1.2894736842105263,-0.05263157894736842,0.3157894736842105,20,0.4736842105263158,1.1710526315789473,1.0337078651685394,0.9270833333333334
Ligue 1,2010-2011,Valenciennes,12,38,10,18,10,45,41,4,48,1.1842105263157894,1.0789473684210527,1.263157894736842,0.10526315789473684,0.2631578947368421,20,0.42105263157894735,1.1710526315789473,1.0112359550561798,1.0853658536585364
Ligue 1,2010-2011,Nancy,13,38,13,9,16,43,48,-5,48,1.131578947368421,1.263157894736842,1.263157894736842,-0.13157894736842105,0.34210526315789475,20,0.368421052631579,1.1710526315789473,0.9662921348314607,0.9270833333333334
Ligue 1,2010-2011,Montpellier,14,38,12,11,15,32,43,-11,47,0.8421052631578947,1.131578947368421,1.236842105263158,-0.2894736842105263,0.3157894736842105,20,0.3157894736842105,1.1710526315789473,0.7191011235955056,1.0348837209302326
Ligue 1,2010-2011,Caen,15,38,11,13,14,46,51,-5,46,1.2105263157894737,1.3421052631578947,1.2105263157894737,-0.13157894736842105,0.2894736842105263,20,0.26315789473684215,1.1710526315789473,1.0337078651685394,0.8725490196078431
Ligue 1,2010-2011,Brest,16,38,11,13,14,36,43,-7,46,0.9473684210526315,1.131578947368421,1.2105263157894737,-0.18421052631578946,0.2894736842105263,20,0.21052631578947367,1.1710526315789473,0.8089887640449438,1.0348837209302326
Ligue 1,2010-2011,Nice,17,38,11,13,14,33,48,-15,46,0.868421052631579,1.263157894736842,1.2105263157894737,-0.39473684210526316,0.2894736842105263,20,0.1578947368421053,1.1710526315789473,0.7415730337078652,0.9270833333333334
Ligue 1,2010-2011,Monaco,18,38,9,17,12,36,40,-4,44,0.9473684210526315,1.0526315789473684,1.1578947368421053,-0.10526315789473684,0.23684210526315788,20,0.10526315789473684,1.1710526315789473,0.8089887640449438,1.1125
Ligue 1,2010-2011,Lens,19,38,7,14,17,35,58,-23,35,0.9210526315789473,1.5263157894736843,0.9210526315789473,-0.6052631578947368,0.18421052631578946,20,0.052631578947368474,1.1710526315789473,0.7865168539325843,0.7672413793103448
Ligue 1,2010-2011,Arles,20,38,3,11,24,21,70,-49,20,0.5526315789473685,1.8421052631578947,0.5263157894736842,-1.2894736842105263,0.07894736842105263,20,0.0,1.1710526315789473,0.4719101123595506,0.6357142857142857
Premier League,2010-2011,Man United,1,38,23,11,4,78,37,41,80,2.0526315789473686,0.9736842105263158,2.1052631578947367,1.0789473684210527,0.6052631578947368,20,1.0,1.3986842105263158,1.4675446848541864,1.4364864864864864
Premier League,2010-2011,Chelsea,2,38,21,8,9,69,33,36,71,1.8157894736842106,0.868421052631579,1.868421052631579,0.9473684210526315,0.5526315789473685,20,0.9473684210526316,1.3986842105263158,1.2982126058325494,1.6106060606060606
Premier League,2010-2011,Man City,3,38,21,8,9,60,33,27,71,1.5789473684210527,0.868421052631579,1.868421052631579,0.7105263157894737,0.5526315789473685,20,0.8947368421052632,1.3986842105263158,1.1288805268109126,1.6106060606060606
Premier League,2010-2011,Arsenal,4,38,19,11,8,72,43,29,68,1.894736842105263,1.131578947368421,1.7894736842105263,0.7631578947368421,0.5,20,0.8421052631578947,1.3986842105263158,1.354656632173095,1.236046511627907
Premier League,2010-2011,Tottenham,5,38,16,14,8,55,46,9,62,1.4473684210526316,1.2105263157894737,1.631578947368421,0.23684210526315788,0.42105263157894735,20,0.7894736842105263,1.3986842105263158,1.03480714957667,1.1554347826086957
Premier League,2010-2011,Liverpool,6,38,17,7,14,59,44,15,58,1.5526315789473684,1.1578947368421053,1.5263157894736843,0.39473684210526316,0.4473684210526316,20,0.736842105263158,1.3986842105263158,1.110065851364064,1.2079545454545453
Premier League,2010-2011,Everton,7,38,13,15,10,51,45,6,54,1.3421052631578947,1.1842105263157894,1.4210526315789473,0.15789473684210525,0.34210526315789475,20,0.6842105263157895,1.3986842105263158,0.9595484477892756,1.1811111111111112
Premier League,2010-2011,Fulham,8,38,11,16,11,49,43,6,49,1.2894736842105263,1.131578947368421,1.2894736842105263,0.15789473684210525,0.2894736842105263,20,0.631578947368421,1.3986842105263158,0.9219190968955786,1.236046511627907
Premier League,2010-2011,Aston Villa,9,38,12,12,14,48,59,-11,48,1.263157894736842,1.5526315789473684,1.263157894736842,-0.2894736842105263,0.3157894736842105,20,0.5789473684210527,1.3986842105263158,0.9031044214487299,0.9008474576271187
Premier League,2010-2011,Sunderland,10,38,12,11,15,45,56,-11,47,1.1842105263157894,1.4736842105263157,1.236842105263158,-0.2894736842105263,0.3157894736842105,20,0.5263157894736843,1.3986842105263158,0.8466603951081844,0.9491071428571429
Premier League,2010-2011,West Brom,11,38,12,11,15,56,71,-15,47,1.4736842105263157,1.868421052631579,1.236842105263158,-0.39473684210526316,0.3157894736842105,20,0.4736842105263158,1.3986842105263158,1.0536218250235183,0.7485915492957746
Premier League,2010-2011,Newcastle,12,38,11,13,14,56,57,-1,46,1.4736842105263157,1.5,1.2105263157894737,-0.02631578947368421,0.2894736842105263,20,0.42105263157894735,1.3986842105263158,1.0536218250235183,0.9324561403508772
Premier League,2010-2011,Stoke,13,38,13,7,18,46,48,-2,46,1.2105263157894737,1.263157894736842,1.2105263157894737,-0.05263157894736842,0.34210526315789475,20,0.368421052631579,1.3986842105263158,0.8654750705550329,1.1072916666666668
Premier League,2010-2011,Bolton,14,38,12,10,16,52,56,-4,46,1.368421052631579,1.4736842105263157,1.2105263157894737,-0.10526315789473684,0.3157894736842105,20,0.3157894736842105,1.3986842105263158,0.9783631232361242,0.9491071428571429
Premier League,2010-2011,Blackburn,15,38,11,10,17,46,59,-13,43,1.2105263157894737,1.5526315789473684,1.131578947368421,-0.34210526315789475,0.2894736842105263,20,0.26315789473684215,1.3986842105263158,0.8654750705550329,0.9008474576271187
Premier League,2010-2011,Wigan,16,38,9,15,14,40,61,-21,42,1.0526315789473684,1.605263157894737,1.105263157894737,-0.5526315789473685,0.23684210526315788,20,0.21052631578947367,1.3986842105263158,0.7525870178739417,0.871311475409836
Premier League,2010-2011,Wolves,17,38,11,7,20,46,66,-20,40,1.2105263157894737,1.736842105263158,1.0526315789473684,-0.5263157894736842,0.2894736842105263,20,0.1578947368421053,1.3986842105263158,0.8654750705550329,0.8053030303030303
Premier League,2010-2011,Birmingham,18,38,8,15,15,37,58,-21,39,0.9736842105263158,1.5263157894736843,1.0263157894736843,-0.5526315789473685,0.21052631578947367,20,0.10526315789473684,1.3986842105263158,0.6961429915333961,0.9163793103448276
Premier League,2010-2011,Blackpool,19,38,10,9,19,55,78,-23,39,1.4473684210526316,2.0526315789473686,1.0263157894736843,-0.6052631578947368,0.2631578947368421,20,0.052631578947368474,1.3986842105263158,1.03480714957667,0.6814102564102563
Premier League,2010-2011,West Ham,20,38,7,12,19,43,70,-27,33,1.131578947368421,1.8421052631578947,0.868421052631579,-0.7105263157894737,0.18421052631578946,20,0.0,1.3986842105263158,0.8090310442144873,0.7592857142857142
Serie A,2010-2011,Milan,1,38,24,10,4,65,24,41,82,1.7105263157894737,0.631578947368421,2.1578947368421053,1.0789473684210527,0.631578947368421,20,1.0,1.256578947368421,1.361256544502618,1.9895833333333335
Serie A,2010-2011,Inter,2,38,23,7,8,69,42,27,76,1.8157894736842106,1.105263157894737,2.0,0.7105263157894737,0.6052631578947368,20,0.9473684210526316,1.256578947368421,1.4450261780104714,1.1369047619047619
Serie A,2010-2011,Napoli,3,38,21,7,10,59,39,20,70,1.5526315789473684,1.0263157894736843,1.8421052631578947,0.5263157894736842,0.5526315789473685,20,0.8947368421052632,1.256578947368421,1.2356020942408377,1.2243589743589742
Serie A,2010-2011,Udinese,4,38,20,6,12,65,43,22,66,1.7105263157894737,1.131578947368421,1.736842105263158,0.5789473684210527,0.5263157894736842,20,0.8421052631578947,1.256578947368421,1.361256544502618,1.1104651162790697
Serie A,2010-2011,Lazio,5,38,20,6,12,55,39,16,66,1.4473684210526316,1.0263157894736843,1.736842105263158,0.42105263157894735,0.5263157894736842,20,0.7894736842105263,1.256578947368421,1.1518324607329844,1.2243589743589742
Serie A,2010-2011,Roma,6,38,18,9,11,59,52,7,63,1.5526315789473684,1.368421052631579,1.6578947368421053,0.18421052631578946,0.47368421052631576,20,0.736842105263158,1.256578947368421,1.2356020942408377,0.9182692307692307
Serie A,2010-2011,Juventus,7,38,15,13,10,57,47,10,58,1.5,1.236842105263158,1.5263157894736843,0.2631578947368421,0.39473684210526316,20,0.6842105263157895,1.256578947368421,1.193717277486911,1.0159574468085106
Serie A,2010-2011,Palermo,8,38,17,5,16,58,63,-5,56,1.5263157894736843,1.6578947368421053,1.4736842105263157,-0.13157894736842105,0.4473684210526316,20,0.631578947368421,1.256578947368421,1.2146596858638745,0.7579365079365079
Serie A,2010-2011,Fiorentina,9,38,12,15,11,49,44,5,51,1.2894736842105263,1.1578947368421053,1.3421052631578947,0.13157894736842105,0.3157894736842105,20,0.5789473684210527,1.256578947368421,1.0261780104712042,1.0852272727272727
Serie A,2010-2011,Genoa,10,38,14,9,15,45,47,-2,51,1.1842105263157894,1.236842105263158,1.3421052631578947,-0.05263157894736842,0.3684210526315789,20,0.5263157894736843,1.256578947368421,0.9424083769633508,1.0159574468085106
Serie A,2010-2011,Chievo,11,38,11,13,14,38,40,-2,46,1.0,1.0526315789473684,1.2105263157894737,-0.05263157894736842,0.2894736842105263,20,0.4736842105263158,1.256578947368421,0.7958115183246074,1.19375
Serie A,2010-2011,Parma,12,38,11,13,14,39,47,-8,46,1.0263157894736843,1.236842105263158,1.2105263157894737,-0.21052631578947367,0.2894736842105263,20,0.42105263157894735,1.256578947368421,0.8167539267015708,1.0159574468085106
Serie A,2010-2011,Catania,13,38,12,10,16,40,52,-12,46,1.0526315789473684,1.368421052631579,1.2105263157894737,-0.3157894736842105,0.3157894736842105,20,0.368421052631579,1.256578947368421,0.837696335078534,0.9182692307692307
Serie A,2010-2011,Cagliari,14,38,12,9,17,44,51,-7,45,1.1578947368421053,1.3421052631578947,1.1842105263157894,-0.18421052631578946,0.3157894736842105,20,0.3157894736842105,1.256578947368421,0.9214659685863875,0.9362745098039216
Serie A,2010-2011,Bologna,15,38,11,12,15,35,52,-17,45,0.9210526315789473,1.368421052631579,1.1842105263157894,-0.4473684210526316,0.2894736842105263,20,0.26315789473684215,1.256578947368421,0.7329842931937173,0.9182692307692307
Serie A,2010-2011,Cesena,16,38,11,10,17,38,50,-12,43,1.0,1.3157894736842106,1.131578947368421,-0.3157894736842105,0.2894736842105263,20,0.21052631578947367,1.256578947368421,0.7958115183246074,0.955
Serie A,2010-2011,Lecce,17,38,11,8,19,46,66,-20,41,1.2105263157894737,1.736842105263158,1.0789473684210527,-0.5263157894736842,0.2894736842105263,20,0.1578947368421053,1.256578947368421,0.9633507853403142,0.7234848484848484
Serie A,2010-2011,Sampdoria,18,38,8,12,18,33,49,-16,36,0.868421052631579,1.2894736842105263,0.9473684210526315,-0.42105263157894735,0.21052631578947367,20,0.10526315789473684,1.256578947368421,0.6910994764397906,0.9744897959183673
Serie A,2010-2011,Brescia,19,38,7,11,20,34,52,-18,32,0.8947368421052632,1.368421052631579,0.8421052631578947,-0.47368421052631576,0.18421052631578946,20,0.052631578947368474,1.256578947368421,0.7120418848167539,0.9182692307692307
Serie A,2010-2011,Bari,20,38,5,9,24,27,56,-29,24,0.7105263157894737,1.4736842105263157,0.631578947368421,-0.7631578947368421,0.13157894736842105,20,0.0,1.256578947368421,0.5654450261780105,0.8526785714285714
Bundesliga,2011-2012,Dortmund,1,34,25,6,3,80,25,55,81,2.3529411764705883,0.7352941176470589,2.3823529411764706,1.6176470588235294,0.7352941176470589,18,1.0,1.4297385620915033,1.6457142857142857,1.9444444444444444
Bundesliga,2011-2012,Bayern Munich,2,34,23,4,7,77,22,55,73,2.264705882352941,0.6470588235294118,2.1470588235294117,1.6176470588235294,0.6764705882352942,18,0.9411764705882353,1.4297385620915033,1.5839999999999999,2.2095959595959593
Bundesliga,2011-2012,Schalke 04,3,34,20,4,10,74,44,30,64,2.176470588235294,1.2941176470588236,1.8823529411764706,0.8823529411764706,0.5882352941176471,18,0.8823529411764706,1.4297385620915033,1.522285714285714,1.1047979797979797
Bundesliga,2011-2012,M'gladbach,4,34,17,9,8,49,24,25,60,1.4411764705882353,0.7058823529411765,1.7647058823529411,0.7352941176470589,0.5,18,0.8235294117647058,1.4297385620915033,1.008,2.025462962962963
Bundesliga,2011-2012,Leverkusen,5,34,15,9,10,52,44,8,54,1.5294117647058822,1.2941176470588236,1.588235294117647,0.23529411764705882,0.4411764705882353,18,0.7647058823529411,1.4297385620915033,1.0697142857142856,1.1047979797979797
Bundesliga,2011-2012,Stuttgart,6,34,15,8,11,63,46,17,53,1.8529411764705883,1.3529411764705883,1.5588235294117647,0.5,0.4411764705882353,18,0.7058823529411764,1.4297385620915033,1.296,1.0567632850241546
Bundesliga,2011-2012,Hannover,7,34,12,12,10,41,45,-4,48,1.2058823529411764,1.3235294117647058,1.411764705882353,-0.11764705882352941,0.35294117647058826,18,0.6470588235294117,1.4297385620915033,0.8434285714285714,1.080246913580247
Bundesliga,2011-2012,Wolfsburg,8,34,13,5,16,47,60,-13,44,1.3823529411764706,1.7647058823529411,1.2941176470588236,-0.38235294117647056,0.38235294117647056,18,0.5882352941176471,1.4297385620915033,0.9668571428571429,0.8101851851851852
Bundesliga,2011-2012,Werder Bremen,9,34,11,9,14,49,58,-9,42,1.4411764705882353,1.7058823529411764,1.2352941176470589,-0.2647058823529412,0.3235294117647059,18,0.5294117647058824,1.4297385620915033,1.008,0.8381226053639848
Bundesliga,2011-2012,Nurnberg,10,34,12,6,16,38,49,-11,42,1.1176470588235294,1.4411764705882353,1.2352941176470589,-0.3235294117647059,0.35294117647058826,18,0.47058823529411764,1.4297385620915033,0.7817142857142857,0.9920634920634921
Bundesliga,2011-2012,Hoffenheim,11,34,10,11,13,41,47,-6,41,1.2058823529411764,1.3823529411764706,1.2058823529411764,-0.17647058823529413,0.29411764705882354,18,0.4117647058823529,1.4297385620915033,0.8434285714285714,1.0342789598108748
Bundesliga,2011-2012,Freiburg,12,34,10,10,14,45,61,-16,40,1.3235294117647058,1.7941176470588236,1.1764705882352942,-0.47058823529411764,0.29411764705882354,18,0.3529411764705882,1.4297385620915033,0.9257142857142857,0.7969034608378871
Bundesliga,2011-2012,Mainz,13,34,9,12,13,47,51,-4,39,1.3823529411764706,1.5,1.1470588235294117,-0.11764705882352941,0.2647058823529412,18,0.2941176470588235,1.4297385620915033,0.9668571428571429,0.9531590413943355
Bundesliga,2011-2012,Augsburg,14,34,8,14,12,36,49,-13,38,1.0588235294117647,1.4411764705882353,1.1176470588235294,-0.38235294117647056,0.23529411764705882,18,0.23529411764705888,1.4297385620915033,0.7405714285714285,0.9920634920634921
Bundesliga,2011-2012,Hamburg,15,34,8,12,14,35,57,-22,36,1.0294117647058822,1.6764705882352942,1.0588235294117647,-0.6470588235294118,0.23529411764705882,18,0.17647058823529416,1.4297385620915033,0.7199999999999999,0.8528265107212476
Bundesliga,2011-2012,Hertha,16,34,7,10,17,38,64,-26,31,1.1176470588235294,1.8823529411764706,0.9117647058823529,-0.7647058823529411,0.20588235294117646,18,0.11764705882352944,1.4297385620915033,0.7817142857142857,0.7595486111111112
Bundesliga,2011-2012,FC Koln,17,34,8,6,20,39,75,-36,30,1.1470588235294117,2.2058823529411766,0.8823529411764706,-1.0588235294117647,0.23529411764705882,18,0.05882352941176472,1.4297385620915033,0.8022857142857143,0.6481481481481481
Bundesliga,2011-2012,Kaiserslautern,18,34,4,11,19,24,54,-30,23,0.7058823529411765,1.588235294117647,0.6764705882352942,-0.8823529411764706,0.11764705882352941,18,0.0,1.4297385620915033,0.4937142857142857,0.9002057613168725
La Liga,2011-2012,Real Madrid,1,38,32,4,2,121,32,89,100,3.1842105263157894,0.8421052631578947,2.6315789473684212,2.3421052631578947,0.8421052631578947,20,1.0,1.381578947368421,2.3047619047619046,1.640625
La Liga,2011-2012,Barcelona,2,38,28,7,3,114,29,85,91,3.0,0.7631578947368421,2.3947368421052633,2.236842105263158,0.7368421052631579,20,0.9473684210526316,1.381578947368421,2.1714285714285713,1.8103448275862069
La Liga,2011-2012,Valencia,3,38,17,10,11,59,44,15,61,1.5526315789473684,1.1578947368421053,1.605263157894737,0.39473684210526316,0.4473684210526316,20,0.8947368421052632,1.381578947368421,1.1238095238095238,1.1931818181818181
La Liga,2011-2012,Malaga,4,38,17,7,14,54,53,1,58,1.4210526315789473,1.394736842105263,1.5263157894736843,0.02631578947368421,0.4473684210526316,20,0.8421052631578947,1.381578947368421,1.0285714285714285,0.9905660377358491
La Liga,2011-2012,Ath Madrid,5,38,15,11,12,53,46,7,56,1.394736842105263,1.2105263157894737,1.4736842105263157,0.18421052631578946,0.39473684210526316,20,0.7894736842105263,1.381578947368421,1.0095238095238095,1.141304347826087
La Liga,2011-2012,Levante,6,38,16,7,15,54,50,4,55,1.4210526315789473,1.3157894736842106,1.4473684210526316,0.10526315789473684,0.42105263157894735,20,0.736842105263158,1.381578947368421,1.0285714285714285,1.0499999999999998
La Liga,2011-2012,Osasuna,7,38,13,15,10,44,61,-17,54,1.1578947368421053,1.605263157894737,1.4210526315789473,-0.4473684210526316,0.34210526315789475,20,0.6842105263157895,1.381578947368421,0.8380952380952381,0.860655737704918
La Liga,2011-2012,Mallorca,8,38,14,10,14,42,46,-4,52,1.105263157894737,1.2105263157894737,1.368421052631579,-0.10526315789473684,0.3684210526315789,20,0.631578947368421,1.381578947368421,0.8,1.141304347826087
La Liga,2011-2012,Sevilla,9,38,13,11,14,48,47,1,50,1.263157894736842,1.236842105263158,1.3157894736842106,0.02631578947368421,0.34210526315789475,20,0.5789473684210527,1.381578947368421,0.9142857142857143,1.1170212765957446
La Liga,2011-2012,Ath Bilbao,10,38,12,13,13,49,52,-3,49,1.2894736842105263,1.368421052631579,1.2894736842105263,-0.07894736842105263,0.3157894736842105,20,0.5263157894736843,1.381578947368421,0.9333333333333333,1.0096153846153846
La Liga,2011-2012,Sociedad,11,38,12,11,15,46,52,-6,47,1.2105263157894737,1.368421052631579,1.236842105263158,-0.15789473684210525,0.3157894736842105,20,0.4736842105263158,1.381578947368421,0.8761904761904762,1.0096153846153846
La Liga,2011-2012,Betis,12,38,13,8,17,47,56,-9,47,1.236842105263158,1.4736842105263157,1.236842105263158,-0.23684210526315788,0.34210526315789475,20,0.42105263157894735,1.381578947368421,0.8952380952380953,0.9375
La Liga,2011-2012,Getafe,13,38,12,11,15,40,51,-11,47,1.0526315789473684,1.3421052631578947,1.236842105263158,-0.2894736842105263,0.3157894736842105,20,0.368421052631579,1.381578947368421,0.7619047619047619,1.0294117647058825
La Liga,2011-2012,Espanol,14,38,12,10,16,46,56,-10,46,1.2105263157894737,1.4736842105263157,1.2105263157894737,-0.2631578947368421,0.3157894736842105,20,0.3157894736842105,1.381578947368421,0.8761904761904762,0.9375
La Liga,2011-2012,Vallecano,15,38,13,4,21,53,73,-20,43,1.394736842105263,1.9210526315789473,1.131578947368421,-0.5263157894736842,0.34210526315789475,20,0.26315789473684215,1.381578947368421,1.0095238095238095,0.7191780821917808
La Liga,2011-2012,Zaragoza,16,38,12,7,19,36,61,-25,43,0.9473684210526315,1.605263157894737,1.131578947368421,-0.6578947368421053,0.3157894736842105,20,0.21052631578947367,1.381578947368421,0.6857142857142857,0.860655737704918
La Liga,2011-2012,Granada,17,38,12,6,20,35,56,-21,42,0.9210526315789473,1.4736842105263157,1.105263157894737,-0.5526315789473685,0.3157894736842105,20,0.1578947368421053,1.381578947368421,0.6666666666666666,0.9375
La Liga,2011-2012,Villarreal,18,38,9,14,15,39,53,-14,41,1.0263157894736843,1.394736842105263,1.0789473684210527,-0.3684210526315789,0.23684210526315788,20,0.10526315789473684,1.381578947368421,0.7428571428571429,0.9905660377358491
La Liga,2011-2012,Sp Gijon,19,38,10,7,21,42,69,-27,37,1.105263157894737,1.8157894736842106,0.9736842105263158,-0.7105263157894737,0.2631578947368421,20,0.052631578947368474,1.381578947368421,0.8,0.7608695652173912
La Liga,2011-2012,Santander,20,38,4,15,19,28,63,-35,27,0.7368421052631579,1.6578947368421053,0.7105263157894737,-0.9210526315789473,0.10526315789473684,20,0.0,1.381578947368421,0.5333333333333333,0.8333333333333333
Ligue 1,2011-2012,Montpellier,1,38,25,7,6,68,34,34,82,1.7894736842105263,0.8947368421052632,2.1578947368421053,0.8947368421052632,0.6578947368421053,20,1.0,1.2578947368421054,1.4225941422594142,1.4058823529411766
Ligue 1,2011-2012,Paris SG,2,38,23,10,5,75,41,34,79,1.9736842105263157,1.0789473684210527,2.0789473684210527,0.8947368421052632,0.6052631578947368,20,0.9473684210526316,1.2578947368421054,1.5690376569037654,1.1658536585365855
Ligue 1,2011-2012,Lille,3,38,21,11,6,72,39,33,74,1.894736842105263,1.0263157894736843,1.9473684210526316,0.868421052631579,0.5526315789473685,20,0.8947368421052632,1.2578947368421054,1.5062761506276148,1.2256410256410257
Ligue 1,2011-2012,Lyon,4,38,19,7,12,64,51,13,64,1.6842105263157894,1.3421052631578947,1.6842105263157894,0.34210526315789475,0.5,20,0.8421052631578947,1.2578947368421054,1.338912133891213,0.9372549019607844
Ligue 1,2011-2012,Bordeaux,5,38,16,13,9,53,41,12,61,1.394736842105263,1.0789473684210527,1.605263157894737,0.3157894736842105,0.42105263157894735,20,0.7894736842105263,1.2578947368421054,1.1087866108786608,1.1658536585365855
Ligue 1,2011-2012,Rennes,6,38,17,9,12,53,44,9,60,1.394736842105263,1.1578947368421053,1.5789473684210527,0.23684210526315788,0.4473684210526316,20,0.736842105263158,1.2578947368421054,1.1087866108786608,1.0863636363636364
Ligue 1,2011-2012,St Etienne,7,38,16,9,13,49,45,4,57,1.2894736842105263,1.1842105263157894,1.5,0.10526315789473684,0.42105263157894735,20,0.6842105263157895,1.2578947368421054,1.0251046025104602,1.0622222222222224
Ligue 1,2011-2012,Toulouse,8,38,15,11,12,37,34,3,56,0.9736842105263158,0.8947368421052632,1.4736842105263157,0.07894736842105263,0.39473684210526316,20,0.631578947368421,1.2578947368421054,0.7740585774058577,1.4058823529411766
Ligue 1,2011-2012,Evian Thonon Gaillard,9,38,13,11,14,54,55,-1,50,1.4210526315789473,1.4473684210526316,1.3157894736842106,-0.02631578947368421,0.34210526315789475,20,0.5789473684210527,1.2578947368421054,1.1297071129707112,0.8690909090909091
Ligue 1,2011-2012,Marseille,10,38,12,12,14,45,41,4,48,1.1842105263157894,1.0789473684210527,1.263157894736842,0.10526315789473684,0.3157894736842105,20,0.5263157894736843,1.2578947368421054,0.9414225941422593,1.1658536585365855
Ligue 1,2011-2012,Nancy,11,38,11,12,15,38,48,-10,45,1.0,1.263157894736842,1.1842105263157894,-0.2631578947368421,0.2894736842105263,20,0.4736842105263158,1.2578947368421054,0.7949790794979079,0.9958333333333335
Ligue 1,2011-2012,Valenciennes,12,38,12,7,19,40,50,-10,43,1.0526315789473684,1.3157894736842106,1.131578947368421,-0.2631578947368421,0.3157894736842105,20,0.42105263157894735,1.2578947368421054,0.8368200836820082,0.9560000000000001
Ligue 1,2011-2012,Nice,13,38,10,12,16,39,46,-7,42,1.0263157894736843,1.2105263157894737,1.105263157894737,-0.18421052631578946,0.2631578947368421,20,0.368421052631579,1.2578947368421054,0.8158995815899581,1.039130434782609
Ligue 1,2011-2012,Sochaux,14,38,11,9,18,40,60,-20,42,1.0526315789473684,1.5789473684210527,1.105263157894737,-0.5263157894736842,0.2894736842105263,20,0.3157894736842105,1.2578947368421054,0.8368200836820082,0.7966666666666667
Ligue 1,2011-2012,Brest,15,38,8,17,13,31,38,-7,41,0.8157894736842105,1.0,1.0789473684210527,-0.18421052631578946,0.21052631578947367,20,0.26315789473684215,1.2578947368421054,0.6485355648535565,1.2578947368421054
Ligue 1,2011-2012,Ajaccio,16,38,9,14,15,40,61,-21,41,1.0526315789473684,1.605263157894737,1.0789473684210527,-0.5526315789473685,0.23684210526315788,20,0.21052631578947367,1.2578947368421054,0.8368200836820082,0.7836065573770492
Ligue 1,2011-2012,Lorient,17,38,9,12,17,35,49,-14,39,0.9210526315789473,1.2894736842105263,1.0263157894736843,-0.3684210526315789,0.23684210526315788,20,0.1578947368421053,1.2578947368421054,0.7322175732217572,0.9755102040816328
Ligue 1,2011-2012,Caen,18,38,9,11,18,39,59,-20,38,1.0263157894736843,1.5526315789473684,1.0,-0.5263157894736842,0.23684210526315788,20,0.10526315789473684,1.2578947368421054,0.8158995815899581,0.8101694915254238
Ligue 1,2011-2012,Dijon,19,38,9,9,20,38,63,-25,36,1.0,1.6578947368421053,0.9473684210526315,-0.6578947368421053,0.23684210526315788,20,0.052631578947368474,1.2578947368421054,0.7949790794979079,0.7587301587301588
Ligue 1,2011-2012,Auxerre,20,38,7,13,18,46,57,-11,34,1.2105263157894737,1.5,0.8947368421052632,-0.2894736842105263,0.18421052631578946,20,0.0,1.2578947368421054,0.9623430962343095,0.8385964912280702
Premier League,2011-2012,Man City,1,38,28,5,5,93,29,64,89,2.4473684210526314,0.7631578947368421,2.3421052631578947,1.6842105263157894,0.7368421052631579,20,1.0,1.4026315789473685,1.7448405253283301,1.8379310344827586
Premier League,2011-2012,Man United,2,38,28,5,5,89,33,56,89,2.3421052631578947,0.868421052631579,2.3421052631578947,1.4736842105263157,0.7368421052631579,20,0.9473684210526316,1.4026315789473685,1.6697936210131332,1.6151515151515152
Premier League,2011-2012,Arsenal,3,38,21,7,10,74,49,25,70,1.9473684210526316,1.2894736842105263,1.8421052631578947,0.6578947368421053,0.5526315789473685,20,0.8947368421052632,1.4026315789473685,1.3883677298311445,1.0877551020408163
Premier League,2011-2012,Tottenham,4,38,20,9,9,66,41,25,69,1.736842105263158,1.0789473684210527,1.8157894736842106,0.6578947368421053,0.5263157894736842,20,0.8421052631578947,1.4026315789473685,1.2382739212007505,1.3
Premier League,2011-2012,Newcastle,5,38,19,8,11,56,51,5,65,1.4736842105263157,1.3421052631578947,1.7105263157894737,0.13157894736842105,0.5,20,0.7894736842105263,1.4026315789473685,1.0506566604127578,1.0450980392156863
Premier League,2011-2012,Chelsea,6,38,18,10,10,65,46,19,64,1.7105263157894737,1.2105263157894737,1.6842105263157894,0.5,0.47368421052631576,20,0.736842105263158,1.4026315789473685,1.2195121951219512,1.1586956521739131
Premier League,2011-2012,Everton,7,38,15,11,12,50,40,10,56,1.3157894736842106,1.0526315789473684,1.4736842105263157,0.2631578947368421,0.39473684210526316,20,0.6842105263157895,1.4026315789473685,0.9380863039399625,1.3325
Premier League,2011-2012,Liverpool,8,38,14,10,14,47,40,7,52,1.236842105263158,1.0526315789473684,1.368421052631579,0.18421052631578946,0.3684210526315789,20,0.631578947368421,1.4026315789473685,0.8818011257035647,1.3325
Premier League,2011-2012,Fulham,9,38,14,10,14,48,51,-3,52,1.263157894736842,1.3421052631578947,1.368421052631579,-0.07894736842105263,0.3684210526315789,20,0.5789473684210527,1.4026315789473685,0.900562851782364,1.0450980392156863
Premier League,2011-2012,West Brom,10,38,13,8,17,45,52,-7,47,1.1842105263157894,1.368421052631579,1.236842105263158,-0.18421052631578946,0.34210526315789475,20,0.5263157894736843,1.4026315789473685,0.8442776735459662,1.025
Premier League,2011-2012,Swansea,11,38,12,11,15,44,51,-7,47,1.1578947368421053,1.3421052631578947,1.236842105263158,-0.18421052631578946,0.3157894736842105,20,0.4736842105263158,1.4026315789473685,0.8255159474671669,1.0450980392156863
Premier League,2011-2012,Norwich,12,38,12,11,15,52,66,-14,47,1.368421052631579,1.736842105263158,1.236842105263158,-0.3684210526315789,0.3157894736842105,20,0.42105263157894735,1.4026315789473685,0.975609756097561,0.8075757575757576
Premier League,2011-2012,Sunderland,13,38,11,12,15,45,46,-1,45,1.1842105263157894,1.2105263157894737,1.1842105263157894,-0.02631578947368421,0.2894736842105263,20,0.368421052631579,1.4026315789473685,0.8442776735459662,1.1586956521739131
Premier League,2011-2012,Stoke,14,38,11,12,15,36,53,-17,45,0.9473684210526315,1.394736842105263,1.1842105263157894,-0.4473684210526316,0.2894736842105263,20,0.3157894736842105,1.4026315789473685,0.6754221388367729,1.0056603773584907
Premier League,2011-2012,Wigan,15,38,11,10,17,42,62,-20,43,1.105263157894737,1.631578947368421,1.131578947368421,-0.5263157894736842,0.2894736842105263,20,0.26315789473684215,1.4026315789473685,0.7879924953095685,0.8596774193548388
Premier League,2011-2012,Aston Villa,16,38,7,17,14,37,53,-16,38,0.9736842105263158,1.394736842105263,1.0,-0.42105263157894735,0.18421052631578946,20,0.21052631578947367,1.4026315789473685,0.6941838649155723,1.0056603773584907
Premier League,2011-2012,QPR,17,38,10,7,21,43,66,-23,37,1.131578947368421,1.736842105263158,0.9736842105263158,-0.6052631578947368,0.2631578947368421,20,0.1578947368421053,1.4026315789473685,0.8067542213883677,0.8075757575757576
Premier League,2011-2012,Bolton,18,38,10,6,22,46,77,-31,36,1.2105263157894737,2.026315789473684,0.9473684210526315,-0.8157894736842105,0.2631578947368421,20,0.10526315789473684,1.4026315789473685,0.8630393996247655,0.6922077922077923
Premier League,2011-2012,Blackburn,19,38,8,7,23,48,78,-30,31,1.263157894736842,2.0526315789473686,0.8157894736842105,-0.7894736842105263,0.21052631578947367,20,0.052631578947368474,1.4026315789473685,0.900562851782364,0.6833333333333333
Premier League,2011-2012,Wolves,20,38,5,10,23,40,82,-42,25,1.0526315789473684,2.1578947368421053,0.6578947368421053,-1.105263157894737,0.13157894736842105,20,0.0,1.4026315789473685,0.7504690431519699,0.65
Serie A,2011-2012,Juventus,1,38,23,15,0,68,20,48,84,1.7894736842105263,0.5263157894736842,2.210526315789474,1.263157894736842,0.6052631578947368,20,1.0,1.2789473684210526,1.3991769547325104,2.43
Serie A,2011-2012,Milan,2,38,24,8,6,74,33,41,80,1.9473684210526316,0.868421052631579,2.1052631578947367,1.0789473684210527,0.631578947368421,20,0.9473684210526316,1.2789473684210526,1.5226337448559673,1.4727272727272727
Serie A,2011-2012,Udinese,3,38,18,10,10,52,35,17,64,1.368421052631579,0.9210526315789473,1.6842105263157894,0.4473684210526316,0.47368421052631576,20,0.8947368421052632,1.2789473684210526,1.0699588477366255,1.3885714285714286
Serie A,2011-2012,Lazio,4,38,18,8,12,56,47,9,62,1.4736842105263157,1.236842105263158,1.631578947368421,0.23684210526315788,0.47368421052631576,20,0.8421052631578947,1.2789473684210526,1.1522633744855966,1.0340425531914892
Serie A,2011-2012,Napoli,5,38,16,13,9,66,46,20,61,1.736842105263158,1.2105263157894737,1.605263157894737,0.5263157894736842,0.42105263157894735,20,0.7894736842105263,1.2789473684210526,1.3580246913580247,1.0565217391304347
Serie A,2011-2012,Inter,6,38,17,7,14,58,55,3,58,1.5263157894736843,1.4473684210526316,1.5263157894736843,0.07894736842105263,0.4473684210526316,20,0.736842105263158,1.2789473684210526,1.1934156378600824,0.8836363636363636
Serie A,2011-2012,Roma,7,38,16,8,14,60,54,6,56,1.5789473684210527,1.4210526315789473,1.4736842105263157,0.15789473684210525,0.42105263157894735,20,0.6842105263157895,1.2789473684210526,1.2345679012345678,0.9
Serie A,2011-2012,Parma,8,38,15,11,12,54,53,1,56,1.4210526315789473,1.394736842105263,1.4736842105263157,0.02631578947368421,0.39473684210526316,20,0.631578947368421,1.2789473684210526,1.1111111111111112,0.9169811320754717
Serie A,2011-2012,Atalanta,9,38,13,13,12,41,43,-2,52,1.0789473684210527,1.131578947368421,1.368421052631579,-0.05263157894736842,0.34210526315789475,20,0.5789473684210527,1.2789473684210526,0.8436213991769548,1.130232558139535
Serie A,2011-2012,Bologna,10,38,13,12,13,41,43,-2,51,1.0789473684210527,1.131578947368421,1.3421052631578947,-0.05263157894736842,0.34210526315789475,20,0.5263157894736843,1.2789473684210526,0.8436213991769548,1.130232558139535
Serie A,2011-2012,Chievo,11,38,12,13,13,35,45,-10,49,0.9210526315789473,1.1842105263157894,1.2894736842105263,-0.2631578947368421,0.3157894736842105,20,0.4736842105263158,1.2789473684210526,0.7201646090534979,1.08
Serie A,2011-2012,Catania,12,38,11,15,12,47,52,-5,48,1.236842105263158,1.368421052631579,1.263157894736842,-0.13157894736842105,0.2894736842105263,20,0.42105263157894735,1.2789473684210526,0.9670781893004116,0.9346153846153846
Serie A,2011-2012,Fiorentina,13,38,11,13,14,37,43,-6,46,0.9736842105263158,1.131578947368421,1.2105263157894737,-0.15789473684210525,0.2894736842105263,20,0.368421052631579,1.2789473684210526,0.7613168724279836,1.130232558139535
Serie A,2011-2012,Siena,14,38,11,11,16,45,45,0,44,1.1842105263157894,1.1842105263157894,1.1578947368421053,0.0,0.2894736842105263,20,0.3157894736842105,1.2789473684210526,0.9259259259259258,1.08
Serie A,2011-2012,Cagliari,15,38,10,13,15,37,46,-9,43,0.9736842105263158,1.2105263157894737,1.131578947368421,-0.23684210526315788,0.2631578947368421,20,0.26315789473684215,1.2789473684210526,0.7613168724279836,1.0565217391304347
Serie A,2011-2012,Palermo,16,38,11,10,17,52,62,-10,43,1.368421052631579,1.631578947368421,1.131578947368421,-0.2631578947368421,0.2894736842105263,20,0.21052631578947367,1.2789473684210526,1.0699588477366255,0.7838709677419355
Serie A,2011-2012,Genoa,17,38,11,9,18,50,69,-19,42,1.3157894736842106,1.8157894736842106,1.105263157894737,-0.5,0.2894736842105263,20,0.1578947368421053,1.2789473684210526,1.02880658436214,0.7043478260869565
Serie A,2011-2012,Lecce,18,38,8,12,18,40,56,-16,36,1.0526315789473684,1.4736842105263157,0.9473684210526315,-0.42105263157894735,0.21052631578947367,20,0.10526315789473684,1.2789473684210526,0.8230452674897119,0.8678571428571429
Serie A,2011-2012,Novara,19,38,7,11,20,35,65,-30,32,0.9210526315789473,1.7105263157894737,0.8421052631578947,-0.7894736842105263,0.18421052631578946,20,0.052631578947368474,1.2789473684210526,0.7201646090534979,0.7476923076923077
Serie A,2011-2012,Cesena,20,38,4,10,24,24,60,-36,22,0.631578947368421,1.5789473684210527,0.5789473684210527,-0.9473684210526315,0.10526315789473684,20,0.0,1.2789473684210526,0.49382716049382713,0.8099999999999999
Bundesliga,2012-2013,Bayern Munich,1,34,29,4,1,98,18,80,91,2.8823529411764706,0.5294117647058824,2.676470588235294,2.3529411764705883,0.8529411764705882,18,1.0,1.4673202614379084,1.9643652561247218,2.771604938271605
Bundesliga,2012-2013,Dortmund,2,34,19,9,6,81,42,39,66,2.3823529411764706,1.2352941176470589,1.9411764705882353,1.1470588235294117,0.5588235294117647,18,0.9411764705882353,1.4673202614379084,1.623608017817372,1.1878306878306877
Bundesliga,2012-2013,Leverkusen,3,34,19,8,7,65,39,26,65,1.911764705882353,1.1470588235294117,1.911764705882353,0.7647058823529411,0.5588235294117647,18,0.8823529411764706,1.4673202614379084,1.3028953229398665,1.2792022792022792
Bundesliga,2012-2013,Schalke 04,4,34,16,7,11,58,50,8,55,1.7058823529411764,1.4705882352941178,1.6176470588235294,0.23529411764705882,0.47058823529411764,18,0.8235294117647058,1.4673202614379084,1.1625835189309577,0.9977777777777777
Bundesliga,2012-2013,Freiburg,5,34,14,9,11,45,40,5,51,1.3235294117647058,1.1764705882352942,1.5,0.14705882352941177,0.4117647058823529,18,0.7647058823529411,1.4673202614379084,0.9020044543429845,1.247222222222222
Bundesliga,2012-2013,Ein Frankfurt,6,34,14,9,11,49,46,3,51,1.4411764705882353,1.3529411764705883,1.5,0.08823529411764706,0.4117647058823529,18,0.7058823529411764,1.4673202614379084,0.9821826280623609,1.0845410628019323
Bundesliga,2012-2013,Hamburg,7,34,14,6,14,42,53,-11,48,1.2352941176470589,1.5588235294117647,1.411764705882353,-0.3235294117647059,0.4117647058823529,18,0.6470588235294117,1.4673202614379084,0.8418708240534523,0.9412997903563941
Bundesliga,2012-2013,M'gladbach,8,34,12,11,11,45,49,-4,47,1.3235294117647058,1.4411764705882353,1.3823529411764706,-0.11764705882352941,0.35294117647058826,18,0.5882352941176471,1.4673202614379084,0.9020044543429845,1.0181405895691609
Bundesliga,2012-2013,Hannover,9,34,13,6,15,60,62,-2,45,1.7647058823529411,1.8235294117647058,1.3235294117647058,-0.058823529411764705,0.38235294117647056,18,0.5294117647058824,1.4673202614379084,1.2026726057906458,0.8046594982078853
Bundesliga,2012-2013,Nurnberg,10,34,11,11,12,39,47,-8,44,1.1470588235294117,1.3823529411764706,1.2941176470588236,-0.23529411764705882,0.3235294117647059,18,0.47058823529411764,1.4673202614379084,0.7817371937639198,1.061465721040189
Bundesliga,2012-2013,Wolfsburg,11,34,10,13,11,47,52,-5,43,1.3823529411764706,1.5294117647058822,1.2647058823529411,-0.14705882352941177,0.29411764705882354,18,0.4117647058823529,1.4673202614379084,0.9420935412026726,0.9594017094017094
Bundesliga,2012-2013,Stuttgart,12,34,12,7,15,37,55,-18,43,1.088235294117647,1.6176470588235294,1.2647058823529411,-0.5294117647058824,0.35294117647058826,18,0.3529411764705882,1.4673202614379084,0.7416481069042317,0.907070707070707
Bundesliga,2012-2013,Mainz,13,34,10,12,12,42,44,-2,42,1.2352941176470589,1.2941176470588236,1.2352941176470589,-0.058823529411764705,0.29411764705882354,18,0.2941176470588235,1.4673202614379084,0.8418708240534523,1.1338383838383836
Bundesliga,2012-2013,Werder Bremen,14,34,8,10,16,50,66,-16,34,1.4705882352941178,1.9411764705882353,1.0,-0.47058823529411764,0.23529411764705882,18,0.23529411764705888,1.4673202614379084,1.002227171492205,0.7558922558922558
Bundesliga,2012-2013,Augsburg,15,34,8,9,17,33,51,-18,33,0.9705882352941176,1.5,0.9705882352941176,-0.5294117647058824,0.23529411764705882,18,0.17647058823529416,1.4673202614379084,0.6614699331848553,0.9782135076252723
Bundesliga,2012-2013,Hoffenheim,16,34,8,7,19,42,67,-25,31,1.2352941176470589,1.9705882352941178,0.9117647058823529,-0.7352941176470589,0.23529411764705882,18,0.11764705882352944,1.4673202614379084,0.8418708240534523,0.7446102819237147
Bundesliga,2012-2013,Fortuna Dusseldorf,17,34,7,9,18,39,57,-18,30,1.1470588235294117,1.6764705882352942,0.8823529411764706,-0.5294117647058824,0.20588235294117646,18,0.05882352941176472,1.4673202614379084,0.7817371937639198,0.8752436647173488
Bundesliga,2012-2013,Greuther Furth,18,34,4,9,21,26,60,-34,21,0.7647058823529411,1.7647058823529411,0.6176470588235294,-1.0,0.11764705882352941,18,0.0,1.4673202614379084,0.5211581291759465,0.8314814814814815
La Liga,2012-2013,Barcelona,1,38,32,4,2,115,40,75,100,3.026315789473684,1.0526315789473684,2.6315789473684212,1.9736842105263157,0.8421052631578947,20,1.0,1.4355263157894735,2.1081576535288726,1.36375
La Liga,2012-2013,Real Madrid,2,38,26,7,5,103,42,61,85,2.710526315789474,1.105263157894737,2.236842105263158,1.605263157894737,0.6842105263157895,20,0.9473684210526316,1.4355263157894735,1.8881759853345559,1.2988095238095236
La Liga,2012-2013,Ath Madrid,3,38,23,7,8,65,31,34,76,1.7105263157894737,0.8157894736842105,2.0,0.8947368421052632,0.6052631578947368,20,0.8947368421052632,1.4355263157894735,1.1915673693858846,1.7596774193548386
La Liga,2012-2013,Sociedad,4,38,18,12,8,70,49,21,66,1.8421052631578947,1.2894736842105263,1.736842105263158,0.5526315789473685,0.47368421052631576,20,0.8421052631578947,1.4355263157894735,1.2832263978001834,1.113265306122449
La Liga,2012-2013,Valencia,5,38,19,8,11,67,54,13,65,1.763157894736842,1.4210526315789473,1.7105263157894737,0.34210526315789475,0.5,20,0.7894736842105263,1.4355263157894735,1.228230980751604,1.010185185185185
La Liga,2012-2013,Malaga,6,38,16,9,13,53,50,3,57,1.394736842105263,1.3157894736842106,1.5,0.07894736842105263,0.42105263157894735,20,0.736842105263158,1.4355263157894735,0.9715857011915674,1.0909999999999997
La Liga,2012-2013,Betis,7,38,16,8,14,57,56,1,56,1.5,1.4736842105263157,1.4736842105263157,0.02631578947368421,0.42105263157894735,20,0.6842105263157895,1.4355263157894735,1.0449129239230066,0.9741071428571428
La Liga,2012-2013,Vallecano,8,38,16,5,17,50,66,-16,53,1.3157894736842106,1.736842105263158,1.394736842105263,-0.42105263157894735,0.42105263157894735,20,0.631578947368421,1.4355263157894735,0.9165902841429883,0.8265151515151514
La Liga,2012-2013,Sevilla,9,38,14,8,16,58,54,4,50,1.5263157894736843,1.4210526315789473,1.3157894736842106,0.10526315789473684,0.3684210526315789,20,0.5789473684210527,1.4355263157894735,1.0632447296058662,1.010185185185185
La Liga,2012-2013,Getafe,10,38,13,8,17,43,57,-14,47,1.131578947368421,1.5,1.236842105263158,-0.3684210526315789,0.34210526315789475,20,0.5263157894736843,1.4355263157894735,0.7882676443629698,0.957017543859649
La Liga,2012-2013,Levante,11,38,12,10,16,40,57,-17,46,1.0526315789473684,1.5,1.2105263157894737,-0.4473684210526316,0.3157894736842105,20,0.4736842105263158,1.4355263157894735,0.7332722273143905,0.957017543859649
La Liga,2012-2013,Ath Bilbao,12,38,12,9,17,44,65,-21,45,1.1578947368421053,1.7105263157894737,1.1842105263157894,-0.5526315789473685,0.3157894736842105,20,0.42105263157894735,1.4355263157894735,0.8065994500458297,0.8392307692307691
La Liga,2012-2013,Espanol,13,38,11,11,16,43,52,-9,44,1.131578947368421,1.368421052631579,1.1578947368421053,-0.23684210526315788,0.2894736842105263,20,0.368421052631579,1.4355263157894735,0.7882676443629698,1.0490384615384614
La Liga,2012-2013,Valladolid,14,38,11,10,17,49,58,-9,43,1.2894736842105263,1.5263157894736843,1.131578947368421,-0.23684210526315788,0.2894736842105263,20,0.3157894736842105,1.4355263157894735,0.8982584784601284,0.9405172413793103
La Liga,2012-2013,Granada,15,38,11,9,18,37,54,-17,42,0.9736842105263158,1.4210526315789473,1.105263157894737,-0.4473684210526316,0.2894736842105263,20,0.26315789473684215,1.4355263157894735,0.6782768102658113,1.010185185185185
La Liga,2012-2013,Osasuna,16,38,10,9,19,33,50,-17,39,0.868421052631579,1.3157894736842106,1.0263157894736843,-0.4473684210526316,0.2631578947368421,20,0.21052631578947367,1.4355263157894735,0.6049495875343722,1.0909999999999997
La Liga,2012-2013,Celta,17,38,10,7,21,37,52,-15,37,0.9736842105263158,1.368421052631579,0.9736842105263158,-0.39473684210526316,0.2631578947368421,20,0.1578947368421053,1.4355263157894735,0.6782768102658113,1.0490384615384614
La Liga,2012-2013,Mallorca,18,38,9,9,20,43,72,-29,36,1.131578947368421,1.894736842105263,0.9473684210526315,-0.7631578947368421,0.23684210526315788,20,0.10526315789473684,1.4355263157894735,0.7882676443629698,0.7576388888888889
La Liga,2012-2013,La Coruna,19,38,8,11,19,47,70,-23,35,1.236842105263158,1.8421052631578947,0.9210526315789473,-0.6052631578947368,0.21052631578947367,20,0.052631578947368474,1.4355263157894735,0.8615948670944089,0.7792857142857142
La Liga,2012-2013,Zaragoza,20,38,9,7,22,37,62,-25,34,0.9736842105263158,1.631578947368421,0.8947368421052632,-0.6578947368421053,0.23684210526315788,20,0.0,1.4355263157894735,0.6782768102658113,0.8798387096774193
Ligue 1,2012-2013,Paris SG,1,38,25,8,5,69,23,46,83,1.8157894736842106,0.6052631578947368,2.1842105263157894,1.2105263157894737,0.6578947368421053,20,1.0,1.2723684210526316,1.4270941054808688,2.1021739130434782
Ligue 1,2012-2013,Marseille,2,38,21,8,9,42,36,6,71,1.105263157894737,0.9473684210526315,1.868421052631579,0.15789473684210525,0.5526315789473685,20,0.9473684210526316,1.2723684210526316,0.8686659772492245,1.3430555555555557
Ligue 1,2012-2013,Lyon,3,38,19,10,9,61,38,23,67,1.605263157894737,1.0,1.763157894736842,0.6052631578947368,0.5,20,0.8947368421052632,1.2723684210526316,1.2616339193381594,1.2723684210526316
Ligue 1,2012-2013,Nice,4,38,18,10,10,57,46,11,64,1.5,1.2105263157894737,1.6842105263157894,0.2894736842105263,0.47368421052631576,20,0.8421052631578947,1.2723684210526316,1.1789038262668046,1.0510869565217391
Ligue 1,2012-2013,St Etienne,5,38,16,15,7,60,32,28,63,1.5789473684210527,0.8421052631578947,1.6578947368421053,0.7368421052631579,0.42105263157894735,20,0.7894736842105263,1.2723684210526316,1.2409513960703207,1.5109375
Ligue 1,2012-2013,Lille,6,38,16,14,8,59,40,19,62,1.5526315789473684,1.0526315789473684,1.631578947368421,0.5,0.42105263157894735,20,0.736842105263158,1.2723684210526316,1.2202688728024818,1.20875
Ligue 1,2012-2013,Bordeaux,7,38,13,16,9,40,34,6,55,1.0526315789473684,0.8947368421052632,1.4473684210526316,0.15789473684210525,0.34210526315789475,20,0.6842105263157895,1.2723684210526316,0.827300930713547,1.4220588235294118
Ligue 1,2012-2013,Lorient,8,38,14,11,13,57,58,-1,53,1.5,1.5263157894736843,1.394736842105263,-0.02631578947368421,0.3684210526315789,20,0.631578947368421,1.2723684210526316,1.1789038262668046,0.8336206896551723
Ligue 1,2012-2013,Montpellier,9,38,15,7,16,54,51,3,52,1.4210526315789473,1.3421052631578947,1.368421052631579,0.07894736842105263,0.39473684210526316,20,0.5789473684210527,1.2723684210526316,1.1168562564632885,0.9480392156862746
Ligue 1,2012-2013,Toulouse,10,38,13,12,13,49,47,2,51,1.2894736842105263,1.236842105263158,1.3421052631578947,0.05263157894736842,0.34210526315789475,20,0.5263157894736843,1.2723684210526316,1.0134436401240952,1.028723404255319
Ligue 1,2012-2013,Valenciennes,11,38,12,12,14,49,53,-4,48,1.2894736842105263,1.394736842105263,1.263157894736842,-0.10526315789473684,0.3157894736842105,20,0.4736842105263158,1.2723684210526316,1.0134436401240952,0.9122641509433963
Ligue 1,2012-2013,Bastia,12,38,13,8,17,50,66,-16,47,1.3157894736842106,1.736842105263158,1.236842105263158,-0.42105263157894735,0.34210526315789475,20,0.42105263157894735,1.2723684210526316,1.0341261633919339,0.7325757575757575
Ligue 1,2012-2013,Rennes,13,38,13,7,18,48,59,-11,46,1.263157894736842,1.5526315789473684,1.2105263157894737,-0.2894736842105263,0.34210526315789475,20,0.368421052631579,1.2723684210526316,0.9927611168562563,0.8194915254237288
Ligue 1,2012-2013,Reims,14,38,10,13,15,33,42,-9,43,0.868421052631579,1.105263157894737,1.131578947368421,-0.23684210526315788,0.2631578947368421,20,0.3157894736842105,1.2723684210526316,0.6825232678386763,1.151190476190476
Ligue 1,2012-2013,Ajaccio,15,38,9,15,14,39,51,-12,42,1.0263157894736843,1.3421052631578947,1.105263157894737,-0.3157894736842105,0.23684210526315788,20,0.26315789473684215,1.2723684210526316,0.8066184074457085,0.9480392156862746
Ligue 1,2012-2013,Sochaux,16,38,10,11,17,41,57,-16,41,1.0789473684210527,1.5,1.0789473684210527,-0.42105263157894735,0.2631578947368421,20,0.21052631578947367,1.2723684210526316,0.8479834539813857,0.8482456140350877
Ligue 1,2012-2013,Evian Thonon Gaillard,17,38,10,10,18,46,53,-7,40,1.2105263157894737,1.394736842105263,1.0526315789473684,-0.18421052631578946,0.2631578947368421,20,0.1578947368421053,1.2723684210526316,0.951396070320579,0.9122641509433963
Ligue 1,2012-2013,Nancy,18,38,9,11,18,38,58,-20,38,1.0,1.5263157894736843,1.0,-0.5263157894736842,0.23684210526315788,20,0.10526315789473684,1.2723684210526316,0.7859358841778696,0.8336206896551723
Ligue 1,2012-2013,Troyes,19,38,8,13,17,43,61,-18,37,1.131578947368421,1.605263157894737,0.9736842105263158,-0.47368421052631576,0.21052631578947367,20,0.052631578947368474,1.2723684210526316,0.889348500517063,0.792622950819672
Ligue 1,2012-2013,Brest,20,38,8,5,25,32,62,-30,29,0.8421052631578947,1.631578947368421,0.7631578947368421,-0.7894736842105263,0.21052631578947367,20,0.0,1.2723684210526316,0.6618407445708376,0.7798387096774194
Premier League,2012-2013,Man United,1,38,28,5,5,86,43,43,89,2.263157894736842,1.131578947368421,2.3421052631578947,1.131578947368421,0.7368421052631579,20,1.0,1.3986842105263158,1.6180620884289747,1.236046511627907
Premier League,2012-2013,Man City,2,38,23,9,6,66,34,32,78,1.736842105263158,0.8947368421052632,2.0526315789473686,0.8421052631578947,0.6052631578947368,20,0.9473684210526316,1.3986842105263158,1.241768579492004,1.563235294117647
Premier League,2012-2013,Chelsea,3,38,22,9,7,75,39,36,75,1.9736842105263157,1.0263157894736843,1.9736842105263157,0.9473684210526315,0.5789473684210527,20,0.8947368421052632,1.3986842105263158,1.4111006585136405,1.3628205128205126
Premier League,2012-2013,Arsenal,4,38,21,10,7,72,37,35,73,1.894736842105263,0.9736842105263158,1.9210526315789473,0.9210526315789473,0.5526315789473685,20,0.8421052631578947,1.3986842105263158,1.354656632173095,1.4364864864864864
Premier League,2012-2013,Tottenham,5,38,21,9,8,66,46,20,72,1.736842105263158,1.2105263157894737,1.894736842105263,0.5263157894736842,0.5526315789473685,20,0.7894736842105263,1.3986842105263158,1.241768579492004,1.1554347826086957
Premier League,2012-2013,Everton,6,38,16,15,7,55,40,15,63,1.4473684210526316,1.0526315789473684,1.6578947368421053,0.39473684210526316,0.42105263157894735,20,0.736842105263158,1.3986842105263158,1.03480714957667,1.32875
Premier League,2012-2013,Liverpool,7,38,16,13,9,71,43,28,61,1.868421052631579,1.131578947368421,1.605263157894737,0.7368421052631579,0.42105263157894735,20,0.6842105263157895,1.3986842105263158,1.3358419567262465,1.236046511627907
Premier League,2012-2013,West Brom,8,38,14,7,17,53,57,-4,49,1.394736842105263,1.5,1.2894736842105263,-0.10526315789473684,0.3684210526315789,20,0.631578947368421,1.3986842105263158,0.9971777986829726,0.9324561403508772
Premier League,2012-2013,Swansea,9,38,11,13,14,47,51,-4,46,1.236842105263158,1.3421052631578947,1.2105263157894737,-0.10526315789473684,0.2894736842105263,20,0.5789473684210527,1.3986842105263158,0.8842897460018816,1.0421568627450981
Premier League,2012-2013,West Ham,10,38,12,10,16,45,53,-8,46,1.1842105263157894,1.394736842105263,1.2105263157894737,-0.21052631578947367,0.3157894736842105,20,0.5263157894736843,1.3986842105263158,0.8466603951081844,1.0028301886792452
Premier League,2012-2013,Norwich,11,38,10,14,14,41,58,-17,44,1.0789473684210527,1.5263157894736843,1.1578947368421053,-0.4473684210526316,0.2631578947368421,20,0.4736842105263158,1.3986842105263158,0.7714016933207902,0.9163793103448276
Premier League,2012-2013,Fulham,12,38,11,10,17,50,60,-10,43,1.3157894736842106,1.5789473684210527,1.131578947368421,-0.2631578947368421,0.2894736842105263,20,0.42105263157894735,1.3986842105263158,0.9407337723424272,0.8858333333333333
Premier League,2012-2013,Stoke,13,38,9,15,14,34,45,-11,42,0.8947368421052632,1.1842105263157894,1.105263157894737,-0.2894736842105263,0.23684210526315788,20,0.368421052631579,1.3986842105263158,0.6396989651928504,1.1811111111111112
Premier League,2012-2013,Southampton,14,38,9,14,15,49,60,-11,41,1.2894736842105263,1.5789473684210527,1.0789473684210527,-0.2894736842105263,0.23684210526315788,20,0.3157894736842105,1.3986842105263158,0.9219190968955786,0.8858333333333333
Premier League,2012-2013,Aston Villa,15,38,10,11,17,47,69,-22,41,1.236842105263158,1.8157894736842106,1.0789473684210527,-0.5789473684210527,0.2631578947368421,20,0.26315789473684215,1.3986842105263158,0.8842897460018816,0.7702898550724637
Premier League,2012-2013,Newcastle,16,38,11,8,19,45,68,-23,41,1.1842105263157894,1.7894736842105263,1.0789473684210527,-0.6052631578947368,0.2894736842105263,20,0.21052631578947367,1.3986842105263158,0.8466603951081844,0.7816176470588235
Premier League,2012-2013,Sunderland,17,38,9,12,17,41,54,-13,39,1.0789473684210527,1.4210526315789473,1.0263157894736843,-0.34210526315789475,0.23684210526315788,20,0.1578947368421053,1.3986842105263158,0.7714016933207902,0.9842592592592593
Premier League,2012-2013,Wigan,18,38,9,9,20,47,73,-26,36,1.236842105263158,1.9210526315789473,0.9473684210526315,-0.6842105263157895,0.23684210526315788,20,0.10526315789473684,1.3986842105263158,0.8842897460018816,0.7280821917808219
Premier League,2012-2013,Reading,19,38,6,10,22,43,73,-30,28,1.131578947368421,1.9210526315789473,0.7368421052631579,-0.7894736842105263,0.15789473684210525,20,0.052631578947368474,1.3986842105263158,0.8090310442144873,0.7280821917808219
Premier League,2012-2013,QPR,20,38,4,13,21,30,60,-30,25,0.7894736842105263,1.5789473684210527,0.6578947368421053,-0.7894736842105263,0.10526315789473684,20,0.0,1.3986842105263158,0.5644402634054563,0.8858333333333333
Serie A,2012-2013,Juventus,1,38,27,6,5,71,24,47,87,1.868421052631579,0.631578947368421,2.289473684210526,1.236842105263158,0.7105263157894737,20,1.0,1.319736842105263,1.415752741774676,2.0895833333333336
Serie A,2012-2013,Napoli,2,38,23,9,6,73,36,37,78,1.9210526315789473,0.9473684210526315,2.0526315789473686,0.9736842105263158,0.6052631578947368,20,0.9473684210526316,1.319736842105263,1.4556331006979064,1.3930555555555555
Serie A,2012-2013,Milan,3,38,21,9,8,67,39,28,72,1.763157894736842,1.0263157894736843,1.894736842105263,0.7368421052631579,0.5526315789473685,20,0.8947368421052632,1.319736842105263,1.3359920239282153,1.2858974358974358
Serie A,2012-2013,Fiorentina,4,38,21,7,10,72,44,28,70,1.894736842105263,1.1578947368421053,1.8421052631578947,0.7368421052631579,0.5526315789473685,20,0.8421052631578947,1.319736842105263,1.4356929212362912,1.1397727272727272
Serie A,2012-2013,Udinese,5,38,18,12,8,59,45,14,66,1.5526315789473684,1.1842105263157894,1.736842105263158,0.3684210526315789,0.47368421052631576,20,0.7894736842105263,1.319736842105263,1.1764705882352942,1.1144444444444446
Serie A,2012-2013,Roma,6,38,18,8,12,71,56,15,62,1.868421052631579,1.4736842105263157,1.631578947368421,0.39473684210526316,0.47368421052631576,20,0.736842105263158,1.319736842105263,1.415752741774676,0.8955357142857143
Serie A,2012-2013,Lazio,7,38,18,7,13,51,42,9,61,1.3421052631578947,1.105263157894737,1.605263157894737,0.23684210526315788,0.47368421052631576,20,0.6842105263157895,1.319736842105263,1.0169491525423728,1.1940476190476188
Serie A,2012-2013,Catania,8,38,15,11,12,50,46,4,56,1.3157894736842106,1.2105263157894737,1.4736842105263157,0.10526315789473684,0.39473684210526316,20,0.631578947368421,1.319736842105263,0.9970089730807579,1.0902173913043478
Serie A,2012-2013,Inter,9,38,16,6,16,55,57,-2,54,1.4473684210526316,1.5,1.4210526315789473,-0.05263157894736842,0.42105263157894735,20,0.5789473684210527,1.319736842105263,1.0967098703888336,0.8798245614035087
Serie A,2012-2013,Parma,10,38,13,10,15,45,46,-1,49,1.1842105263157894,1.2105263157894737,1.2894736842105263,-0.02631578947368421,0.34210526315789475,20,0.5263157894736843,1.319736842105263,0.8973080757726819,1.0902173913043478
Serie A,2012-2013,Cagliari,11,38,12,11,15,43,55,-12,47,1.131578947368421,1.4473684210526316,1.236842105263158,-0.3157894736842105,0.3157894736842105,20,0.4736842105263158,1.319736842105263,0.8574277168494516,0.9118181818181817
Serie A,2012-2013,Chievo,12,38,12,9,17,37,52,-15,45,0.9736842105263158,1.368421052631579,1.1842105263157894,-0.39473684210526316,0.3157894736842105,20,0.42105263157894735,1.319736842105263,0.7377866400797608,0.9644230769230768
Serie A,2012-2013,Bologna,13,38,11,11,16,46,52,-6,44,1.2105263157894737,1.368421052631579,1.1578947368421053,-0.15789473684210525,0.2894736842105263,20,0.368421052631579,1.319736842105263,0.9172482552342971,0.9644230769230768
Serie A,2012-2013,Sampdoria,14,38,11,10,17,43,51,-8,43,1.131578947368421,1.3421052631578947,1.131578947368421,-0.21052631578947367,0.2894736842105263,20,0.3157894736842105,1.319736842105263,0.8574277168494516,0.9833333333333333
Serie A,2012-2013,Atalanta,15,38,11,9,18,39,56,-17,42,1.0263157894736843,1.4736842105263157,1.105263157894737,-0.4473684210526316,0.2894736842105263,20,0.26315789473684215,1.319736842105263,0.7776669990029911,0.8955357142857143
Serie A,2012-2013,Torino,16,38,8,16,14,46,55,-9,40,1.2105263157894737,1.4473684210526316,1.0526315789473684,-0.23684210526315788,0.21052631578947367,20,0.21052631578947367,1.319736842105263,0.9172482552342971,0.9118181818181817
Serie A,2012-2013,Genoa,17,38,8,14,16,38,52,-14,38,1.0,1.368421052631579,1.0,-0.3684210526315789,0.21052631578947367,20,0.1578947368421053,1.319736842105263,0.7577268195413759,0.9644230769230768
Serie A,2012-2013,Siena,18,38,9,9,20,36,57,-21,36,0.9473684210526315,1.5,0.9473684210526315,-0.5526315789473685,0.23684210526315788,20,0.10526315789473684,1.319736842105263,0.7178464606181456,0.8798245614035087
Serie A,2012-2013,Palermo,19,38,6,14,18,34,54,-20,32,0.8947368421052632,1.4210526315789473,0.8421052631578947,-0.5263157894736842,0.15789473684210525,20,0.052631578947368474,1.319736842105263,0.6779661016949153,0.9287037037037037
Serie A,2012-2013,Pescara,20,38,6,4,28,27,84,-57,22,0.7105263157894737,2.210526315789474,0.5789473684210527,-1.5,0.15789473684210525,20,0.0,1.319736842105263,0.5383848454636092,0.5970238095238094
Bundesliga,2013-2014,Bayern Munich,1,34,29,3,2,94,23,71,90,2.764705882352941,0.6764705882352942,2.6470588235294117,2.088235294117647,0.8529411764705882,18,1.0,1.5800653594771241,1.7497414684591521,2.335748792270531
Bundesliga,2013-2014,Dortmund,2,34,22,5,7,80,38,42,71,2.3529411764705883,1.1176470588235294,2.088235294117647,1.2352941176470589,0.6470588235294118,18,0.9411764705882353,1.5800653594771241,1.489141675284385,1.4137426900584795
Bundesliga,2013-2014,Schalke 04,3,34,19,7,8,63,43,20,64,1.8529411764705883,1.2647058823529411,1.8823529411764706,0.5882352941176471,0.5588235294117647,18,0.8823529411764706,1.5800653594771241,1.172699069286453,1.2493540051679586
Bundesliga,2013-2014,Leverkusen,4,34,19,4,11,60,41,19,61,1.7647058823529411,1.2058823529411764,1.7941176470588236,0.5588235294117647,0.5588235294117647,18,0.8235294117647058,1.5800653594771241,1.1168562564632885,1.3102981029810299
Bundesliga,2013-2014,Wolfsburg,5,34,18,6,10,63,50,13,60,1.8529411764705883,1.4705882352941178,1.7647058823529411,0.38235294117647056,0.5294117647058824,18,0.7647058823529411,1.5800653594771241,1.172699069286453,1.0744444444444443
Bundesliga,2013-2014,M'gladbach,6,34,16,7,11,59,43,16,55,1.7352941176470589,1.2647058823529411,1.6176470588235294,0.47058823529411764,0.47058823529411764,18,0.7058823529411764,1.5800653594771241,1.0982419855222338,1.2493540051679586
Bundesliga,2013-2014,Mainz,7,34,16,5,13,52,54,-2,53,1.5294117647058822,1.588235294117647,1.5588235294117647,-0.058823529411764705,0.47058823529411764,18,0.6470588235294117,1.5800653594771241,0.96794208893485,0.9948559670781894
Bundesliga,2013-2014,Augsburg,8,34,15,7,12,47,47,0,52,1.3823529411764706,1.3823529411764706,1.5294117647058822,0.0,0.4411764705882353,18,0.5882352941176471,1.5800653594771241,0.8748707342295761,1.1430260047281324
Bundesliga,2013-2014,Hoffenheim,9,34,11,11,12,72,70,2,44,2.1176470588235294,2.0588235294117645,1.2941176470588236,0.058823529411764705,0.3235294117647059,18,0.5294117647058824,1.5800653594771241,1.3402275077559462,0.7674603174603175
Bundesliga,2013-2014,Hannover,10,34,12,6,16,46,59,-13,42,1.3529411764705883,1.7352941176470589,1.2352941176470589,-0.38235294117647056,0.35294117647058826,18,0.47058823529411764,1.5800653594771241,0.8562564632885212,0.9105461393596986
Bundesliga,2013-2014,Hertha,11,34,11,8,15,40,48,-8,41,1.1764705882352942,1.411764705882353,1.2058823529411764,-0.23529411764705882,0.3235294117647059,18,0.4117647058823529,1.5800653594771241,0.7445708376421925,1.1192129629629628
Bundesliga,2013-2014,Werder Bremen,12,34,10,9,15,42,66,-24,39,1.2352941176470589,1.9411764705882353,1.1470588235294117,-0.7058823529411765,0.29411764705882354,18,0.3529411764705882,1.5800653594771241,0.781799379524302,0.8139730639730639
Bundesliga,2013-2014,Ein Frankfurt,13,34,9,9,16,40,57,-17,36,1.1764705882352942,1.6764705882352942,1.0588235294117647,-0.5,0.2647058823529412,18,0.2941176470588235,1.5800653594771241,0.7445708376421925,0.9424951267056529
Bundesliga,2013-2014,Freiburg,14,34,9,9,16,43,61,-18,36,1.2647058823529411,1.7941176470588236,1.0588235294117647,-0.5294117647058824,0.2647058823529412,18,0.23529411764705888,1.5800653594771241,0.8004136504653567,0.8806921675774134
Bundesliga,2013-2014,Stuttgart,15,34,8,8,18,49,62,-13,32,1.4411764705882353,1.8235294117647058,0.9411764705882353,-0.38235294117647056,0.23529411764705882,18,0.17647058823529416,1.5800653594771241,0.9120992761116856,0.8664874551971326
Bundesliga,2013-2014,Hamburg,16,34,7,6,21,51,75,-24,27,1.5,2.2058823529411766,0.7941176470588235,-0.7058823529411765,0.20588235294117646,18,0.11764705882352944,1.5800653594771241,0.9493278179937953,0.7162962962962962
Bundesliga,2013-2014,Nurnberg,17,34,5,11,18,37,70,-33,26,1.088235294117647,2.0588235294117645,0.7647058823529411,-0.9705882352941176,0.14705882352941177,18,0.05882352941176472,1.5800653594771241,0.6887280248190278,0.7674603174603175
Bundesliga,2013-2014,Braunschweig,18,34,6,7,21,29,60,-31,25,0.8529411764705882,1.7647058823529411,0.7352941176470589,-0.9117647058823529,0.17647058823529413,18,0.0,1.5800653594771241,0.5398138572905895,0.8953703703703704
La Liga,2013-2014,Ath Madrid,1,38,28,6,4,77,26,51,90,2.026315789473684,0.6842105263157895,2.3684210526315788,1.3421052631578947,0.7368421052631579,20,1.0,1.375,1.4736842105263157,2.0096153846153846
La Liga,2013-2014,Barcelona,2,38,27,6,5,100,33,67,87,2.6315789473684212,0.868421052631579,2.289473684210526,1.763157894736842,0.7105263157894737,20,0.9473684210526316,1.375,1.9138755980861246,1.5833333333333333
La Liga,2013-2014,Real Madrid,3,38,27,6,5,104,38,66,87,2.736842105263158,1.0,2.289473684210526,1.736842105263158,0.7105263157894737,20,0.8947368421052632,1.375,1.9904306220095693,1.375
La Liga,2013-2014,Ath Bilbao,4,38,20,10,8,66,39,27,70,1.736842105263158,1.0263157894736843,1.8421052631578947,0.7105263157894737,0.5263157894736842,20,0.8421052631578947,1.375,1.2631578947368423,1.3397435897435896
La Liga,2013-2014,Sevilla,5,38,18,9,11,69,52,17,63,1.8157894736842106,1.368421052631579,1.6578947368421053,0.4473684210526316,0.47368421052631576,20,0.7894736842105263,1.375,1.3205741626794258,1.0048076923076923
La Liga,2013-2014,Villarreal,6,38,17,8,13,60,44,16,59,1.5789473684210527,1.1578947368421053,1.5526315789473684,0.42105263157894735,0.4473684210526316,20,0.736842105263158,1.375,1.1483253588516746,1.1875
La Liga,2013-2014,Sociedad,7,38,16,11,11,62,55,7,59,1.631578947368421,1.4473684210526316,1.5526315789473684,0.18421052631578946,0.42105263157894735,20,0.6842105263157895,1.375,1.186602870813397,0.95
La Liga,2013-2014,Valencia,8,38,13,10,15,51,53,-2,49,1.3421052631578947,1.394736842105263,1.2894736842105263,-0.05263157894736842,0.34210526315789475,20,0.631578947368421,1.375,0.9760765550239234,0.9858490566037736
La Liga,2013-2014,Celta,9,38,14,7,17,49,54,-5,49,1.2894736842105263,1.4210526315789473,1.2894736842105263,-0.13157894736842105,0.3684210526315789,20,0.5789473684210527,1.375,0.937799043062201,0.9675925925925926
La Liga,2013-2014,Levante,10,38,12,12,14,35,43,-8,48,0.9210526315789473,1.131578947368421,1.263157894736842,-0.21052631578947367,0.3157894736842105,20,0.5263157894736843,1.375,0.6698564593301435,1.2151162790697674
La Liga,2013-2014,Malaga,11,38,12,9,17,39,46,-7,45,1.0263157894736843,1.2105263157894737,1.1842105263157894,-0.18421052631578946,0.3157894736842105,20,0.4736842105263158,1.375,0.7464114832535885,1.1358695652173914
La Liga,2013-2014,Vallecano,12,38,13,4,21,46,80,-34,43,1.2105263157894737,2.1052631578947367,1.131578947368421,-0.8947368421052632,0.34210526315789475,20,0.42105263157894735,1.375,0.8803827751196173,0.6531250000000001
La Liga,2013-2014,Espanol,13,38,11,9,18,41,51,-10,42,1.0789473684210527,1.3421052631578947,1.105263157894737,-0.2631578947368421,0.2894736842105263,20,0.368421052631579,1.375,0.784688995215311,1.0245098039215688
La Liga,2013-2014,Getafe,14,38,11,9,18,35,54,-19,42,0.9210526315789473,1.4210526315789473,1.105263157894737,-0.5,0.2894736842105263,20,0.3157894736842105,1.375,0.6698564593301435,0.9675925925925926
La Liga,2013-2014,Granada,15,38,12,5,21,32,56,-24,41,0.8421052631578947,1.4736842105263157,1.0789473684210527,-0.631578947368421,0.3157894736842105,20,0.26315789473684215,1.375,0.6124401913875598,0.9330357142857143
La Liga,2013-2014,Elche,16,38,9,13,16,30,50,-20,40,0.7894736842105263,1.3157894736842106,1.0526315789473684,-0.5263157894736842,0.23684210526315788,20,0.21052631578947367,1.375,0.5741626794258373,1.045
La Liga,2013-2014,Almeria,17,38,11,7,20,43,71,-28,40,1.131578947368421,1.868421052631579,1.0526315789473684,-0.7368421052631579,0.2894736842105263,20,0.1578947368421053,1.375,0.8229665071770335,0.7359154929577465
La Liga,2013-2014,Osasuna,18,38,10,9,19,32,62,-30,39,0.8421052631578947,1.631578947368421,1.0263157894736843,-0.7894736842105263,0.2631578947368421,20,0.10526315789473684,1.375,0.6124401913875598,0.842741935483871
La Liga,2013-2014,Valladolid,19,38,7,15,16,38,60,-22,36,1.0,1.5789473684210527,0.9473684210526315,-0.5789473684210527,0.18421052631578946,20,0.052631578947368474,1.375,0.7272727272727273,0.8708333333333333
La Liga,2013-2014,Betis,20,38,6,7,25,36,78,-42,25,0.9473684210526315,2.0526315789473686,0.6578947368421053,-1.105263157894737,0.15789473684210525,20,0.0,1.375,0.6889952153110047,0.6698717948717948
Ligue 1,2013-2014,Paris SG,1,38,27,8,3,84,23,61,89,2.210526315789474,0.6052631578947368,2.3421052631578947,1.605263157894737,0.7105263157894737,20,1.0,1.2276315789473684,1.8006430868167205,2.0282608695652176
Ligue 1,2013-2014,Monaco,2,38,23,11,4,63,31,32,80,1.6578947368421053,0.8157894736842105,2.1052631578947367,0.8421052631578947,0.6052631578947368,20,0.9473684210526316,1.2276315789473684,1.3504823151125402,1.5048387096774194
Ligue 1,2013-2014,Lille,3,38,20,11,7,46,26,20,71,1.2105263157894737,0.6842105263157895,1.868421052631579,0.5263157894736842,0.5263157894736842,20,0.8947368421052632,1.2276315789473684,0.9860664523043944,1.794230769230769
Ligue 1,2013-2014,St Etienne,4,38,20,9,9,56,34,22,69,1.4736842105263157,0.8947368421052632,1.8157894736842106,0.5789473684210527,0.5263157894736842,20,0.8421052631578947,1.2276315789473684,1.20042872454448,1.3720588235294118
Ligue 1,2013-2014,Lyon,5,38,17,10,11,56,44,12,61,1.4736842105263157,1.1578947368421053,1.605263157894737,0.3157894736842105,0.4473684210526316,20,0.7894736842105263,1.2276315789473684,1.20042872454448,1.0602272727272726
Ligue 1,2013-2014,Marseille,6,38,16,12,10,53,40,13,60,1.394736842105263,1.0526315789473684,1.5789473684210527,0.34210526315789475,0.42105263157894735,20,0.736842105263158,1.2276315789473684,1.1361200428724543,1.16625
Ligue 1,2013-2014,Bordeaux,7,38,13,14,11,49,43,6,53,1.2894736842105263,1.131578947368421,1.394736842105263,0.15789473684210525,0.34210526315789475,20,0.6842105263157895,1.2276315789473684,1.0503751339764202,1.0848837209302327
Ligue 1,2013-2014,Nantes,8,38,13,10,15,40,43,-3,49,1.0526315789473684,1.131578947368421,1.2894736842105263,-0.07894736842105263,0.34210526315789475,20,0.631578947368421,1.2276315789473684,0.8574490889603429,1.0848837209302327
Ligue 1,2013-2014,Lorient,9,38,13,10,15,48,53,-5,49,1.263157894736842,1.394736842105263,1.2894736842105263,-0.13157894736842105,0.34210526315789475,20,0.5789473684210527,1.2276315789473684,1.0289389067524115,0.8801886792452831
Ligue 1,2013-2014,Toulouse,10,38,12,13,13,46,53,-7,49,1.2105263157894737,1.394736842105263,1.2894736842105263,-0.18421052631578946,0.3157894736842105,20,0.5263157894736843,1.2276315789473684,0.9860664523043944,0.8801886792452831
Ligue 1,2013-2014,Reims,11,38,12,12,14,44,52,-8,48,1.1578947368421053,1.368421052631579,1.263157894736842,-0.21052631578947367,0.3157894736842105,20,0.4736842105263158,1.2276315789473684,0.9431939978563774,0.8971153846153845
Ligue 1,2013-2014,Rennes,12,38,11,13,14,47,45,2,46,1.236842105263158,1.1842105263157894,1.2105263157894737,0.05263157894736842,0.2894736842105263,20,0.42105263157894735,1.2276315789473684,1.007502679528403,1.0366666666666668
Ligue 1,2013-2014,Bastia,13,38,12,10,16,42,58,-16,46,1.105263157894737,1.5263157894736843,1.2105263157894737,-0.42105263157894735,0.3157894736842105,20,0.368421052631579,1.2276315789473684,0.9003215434083602,0.8043103448275861
Ligue 1,2013-2014,Evian Thonon Gaillard,14,38,11,11,16,39,51,-12,44,1.0263157894736843,1.3421052631578947,1.1578947368421053,-0.3157894736842105,0.2894736842105263,20,0.3157894736842105,1.2276315789473684,0.8360128617363345,0.9147058823529411
Ligue 1,2013-2014,Montpellier,15,38,8,18,12,45,53,-8,42,1.1842105263157894,1.394736842105263,1.105263157894737,-0.21052631578947367,0.21052631578947367,20,0.26315789473684215,1.2276315789473684,0.9646302250803858,0.8801886792452831
Ligue 1,2013-2014,Guingamp,16,38,11,9,18,34,42,-8,42,0.8947368421052632,1.105263157894737,1.105263157894737,-0.21052631578947367,0.2894736842105263,20,0.21052631578947367,1.2276315789473684,0.7288317256162915,1.1107142857142855
Ligue 1,2013-2014,Nice,17,38,12,6,20,30,44,-14,42,0.7894736842105263,1.1578947368421053,1.105263157894737,-0.3684210526315789,0.3157894736842105,20,0.1578947368421053,1.2276315789473684,0.6430868167202572,1.0602272727272726
Ligue 1,2013-2014,Sochaux,18,38,10,10,18,37,61,-24,40,0.9736842105263158,1.605263157894737,1.0526315789473684,-0.631578947368421,0.2631578947368421,20,0.10526315789473684,1.2276315789473684,0.7931404072883173,0.7647540983606557
Ligue 1,2013-2014,Valenciennes,19,38,7,8,23,37,65,-28,29,0.9736842105263158,1.7105263157894737,0.7631578947368421,-0.7368421052631579,0.18421052631578946,20,0.052631578947368474,1.2276315789473684,0.7931404072883173,0.7176923076923077
Ligue 1,2013-2014,Ajaccio,20,38,4,11,23,37,72,-35,23,0.9736842105263158,1.894736842105263,0.6052631578947368,-0.9210526315789473,0.10526315789473684,20,0.0,1.2276315789473684,0.7931404072883173,0.6479166666666667
Premier League,2013-2014,Man City,1,38,27,5,6,102,37,65,86,2.6842105263157894,0.9736842105263158,2.263157894736842,1.7105263157894737,0.7105263157894737,20,1.0,1.3842105263157893,1.9391634980988595,1.4216216216216215
Premier League,2013-2014,Liverpool,2,38,26,6,6,101,50,51,84,2.6578947368421053,1.3157894736842106,2.210526315789474,1.3421052631578947,0.6842105263157895,20,0.9473684210526316,1.3842105263157893,1.9201520912547532,1.0519999999999998
Premier League,2013-2014,Chelsea,3,38,25,7,6,71,27,44,82,1.868421052631579,0.7105263157894737,2.1578947368421053,1.1578947368421053,0.6578947368421053,20,0.8947368421052632,1.3842105263157893,1.349809885931559,1.948148148148148
Premier League,2013-2014,Arsenal,4,38,24,7,7,68,41,27,79,1.7894736842105263,1.0789473684210527,2.0789473684210527,0.7105263157894737,0.631578947368421,20,0.8421052631578947,1.3842105263157893,1.2927756653992397,1.2829268292682925
Premier League,2013-2014,Everton,5,38,21,9,8,61,39,22,72,1.605263157894737,1.0263157894736843,1.894736842105263,0.5789473684210527,0.5526315789473685,20,0.7894736842105263,1.3842105263157893,1.1596958174904946,1.3487179487179484
Premier League,2013-2014,Tottenham,6,38,21,6,11,55,51,4,69,1.4473684210526316,1.3421052631578947,1.8157894736842106,0.10526315789473684,0.5526315789473685,20,0.736842105263158,1.3842105263157893,1.0456273764258557,1.0313725490196077
Premier League,2013-2014,Man United,7,38,19,7,12,64,43,21,64,1.6842105263157894,1.131578947368421,1.6842105263157894,0.5526315789473685,0.5,20,0.6842105263157895,1.3842105263157893,1.2167300380228137,1.2232558139534884
Premier League,2013-2014,Southampton,8,38,15,11,12,54,46,8,56,1.4210526315789473,1.2105263157894737,1.4736842105263157,0.21052631578947367,0.39473684210526316,20,0.631578947368421,1.3842105263157893,1.0266159695817492,1.143478260869565
Premier League,2013-2014,Stoke,9,38,13,11,14,45,52,-7,50,1.1842105263157894,1.368421052631579,1.3157894736842106,-0.18421052631578946,0.34210526315789475,20,0.5789473684210527,1.3842105263157893,0.8555133079847909,1.0115384615384615
Premier League,2013-2014,Newcastle,10,38,15,4,19,43,59,-16,49,1.131578947368421,1.5526315789473684,1.2894736842105263,-0.42105263157894735,0.39473684210526316,20,0.5263157894736843,1.3842105263157893,0.817490494296578,0.8915254237288135
Premier League,2013-2014,Crystal Palace,11,38,13,6,19,33,48,-15,45,0.868421052631579,1.263157894736842,1.1842105263157894,-0.39473684210526316,0.34210526315789475,20,0.4736842105263158,1.3842105263157893,0.6273764258555133,1.0958333333333332
Premier League,2013-2014,Swansea,12,38,11,9,18,54,54,0,42,1.4210526315789473,1.4210526315789473,1.105263157894737,0.0,0.2894736842105263,20,0.42105263157894735,1.3842105263157893,1.0266159695817492,0.974074074074074
Premier League,2013-2014,West Ham,13,38,11,7,20,40,51,-11,40,1.0526315789473684,1.3421052631578947,1.0526315789473684,-0.2894736842105263,0.2894736842105263,20,0.368421052631579,1.3842105263157893,0.7604562737642586,1.0313725490196077
Premier League,2013-2014,Sunderland,14,38,10,8,20,41,60,-19,38,1.0789473684210527,1.5789473684210527,1.0,-0.5,0.2631578947368421,20,0.3157894736842105,1.3842105263157893,0.7794676806083651,0.8766666666666666
Premier League,2013-2014,Aston Villa,15,38,10,8,20,39,61,-22,38,1.0263157894736843,1.605263157894737,1.0,-0.5789473684210527,0.2631578947368421,20,0.26315789473684215,1.3842105263157893,0.7414448669201522,0.8622950819672129
Premier League,2013-2014,Hull,16,38,10,7,21,38,53,-15,37,1.0,1.394736842105263,0.9736842105263158,-0.39473684210526316,0.2631578947368421,20,0.21052631578947367,1.3842105263157893,0.7224334600760457,0.9924528301886792
Premier League,2013-2014,West Brom,17,38,7,15,16,43,59,-16,36,1.131578947368421,1.5526315789473684,0.9473684210526315,-0.42105263157894735,0.18421052631578946,20,0.1578947368421053,1.3842105263157893,0.817490494296578,0.8915254237288135
Premier League,2013-2014,Norwich,18,38,8,9,21,28,62,-34,33,0.7368421052631579,1.631578947368421,0.868421052631579,-0.8947368421052632,0.21052631578947367,20,0.10526315789473684,1.3842105263157893,0.532319391634981,0.8483870967741934
Premier League,2013-2014,Fulham,19,38,9,5,24,40,85,-45,32,1.0526315789473684,2.236842105263158,0.8421052631578947,-1.1842105263157894,0.23684210526315788,20,0.052631578947368474,1.3842105263157893,0.7604562737642586,0.6188235294117647
Premier League,2013-2014,Cardiff,20,38,7,9,22,32,74,-42,30,0.8421052631578947,1.9473684210526316,0.7894736842105263,-1.105263157894737,0.18421052631578946,20,0.0,1.3842105263157893,0.6083650190114068,0.7108108108108108
Serie A,2013-2014,Juventus,1,38,33,3,2,80,23,57,102,2.1052631578947367,0.6052631578947368,2.6842105263157894,1.5,0.868421052631579,20,1.0,1.361842105263158,1.545893719806763,2.25
Serie A,2013-2014,Roma,2,38,26,7,5,72,25,47,85,1.894736842105263,0.6578947368421053,2.236842105263158,1.236842105263158,0.6842105263157895,20,0.9473684210526316,1.361842105263158,1.391304347826087,2.07
Serie A,2013-2014,Napoli,3,38,23,9,6,77,39,38,78,2.026315789473684,1.0263157894736843,2.0526315789473686,1.0,0.6052631578947368,20,0.8947368421052632,1.361842105263158,1.4879227053140094,1.3269230769230769
Serie A,2013-2014,Fiorentina,4,38,19,8,11,65,44,21,65,1.7105263157894737,1.1578947368421053,1.7105263157894737,0.5526315789473685,0.5,20,0.8421052631578947,1.361842105263158,1.2560386473429952,1.1761363636363638
Serie A,2013-2014,Inter,5,38,15,15,8,62,39,23,60,1.631578947368421,1.0263157894736843,1.5789473684210527,0.6052631578947368,0.39473684210526316,20,0.7894736842105263,1.361842105263158,1.1980676328502415,1.3269230769230769
Serie A,2013-2014,Parma,6,38,15,13,10,58,46,12,58,1.5263157894736843,1.2105263157894737,1.5263157894736843,0.3157894736842105,0.39473684210526316,20,0.736842105263158,1.361842105263158,1.1207729468599035,1.125
Serie A,2013-2014,Torino,7,38,15,12,11,58,48,10,57,1.5263157894736843,1.263157894736842,1.5,0.2631578947368421,0.39473684210526316,20,0.6842105263157895,1.361842105263158,1.1207729468599035,1.0781250000000002
Serie A,2013-2014,Milan,8,38,16,9,13,57,49,8,57,1.5,1.2894736842105263,1.5,0.21052631578947367,0.42105263157894735,20,0.631578947368421,1.361842105263158,1.1014492753623188,1.056122448979592
Serie A,2013-2014,Lazio,9,38,15,11,12,54,54,0,56,1.4210526315789473,1.4210526315789473,1.4736842105263157,0.0,0.39473684210526316,20,0.5789473684210527,1.361842105263158,1.0434782608695652,0.9583333333333334
Serie A,2013-2014,Verona,10,38,16,6,16,62,68,-6,54,1.631578947368421,1.7894736842105263,1.4210526315789473,-0.15789473684210525,0.42105263157894735,20,0.5263157894736843,1.361842105263158,1.1980676328502415,0.761029411764706
Serie A,2013-2014,Atalanta,11,38,15,5,18,43,51,-8,50,1.131578947368421,1.3421052631578947,1.3157894736842106,-0.21052631578947367,0.39473684210526316,20,0.4736842105263158,1.361842105263158,0.8309178743961352,1.0147058823529413
Serie A,2013-2014,Sampdoria,12,38,12,9,17,48,62,-14,45,1.263157894736842,1.631578947368421,1.1842105263157894,-0.3684210526315789,0.3157894736842105,20,0.42105263157894735,1.361842105263158,0.9275362318840579,0.8346774193548387
Serie A,2013-2014,Genoa,13,38,11,11,16,41,50,-9,44,1.0789473684210527,1.3157894736842106,1.1578947368421053,-0.23684210526315788,0.2894736842105263,20,0.368421052631579,1.361842105263158,0.7922705314009661,1.035
Serie A,2013-2014,Udinese,14,38,12,8,18,46,57,-11,44,1.2105263157894737,1.5,1.1578947368421053,-0.2894736842105263,0.3157894736842105,20,0.3157894736842105,1.361842105263158,0.8888888888888888,0.9078947368421053
Serie A,2013-2014,Cagliari,15,38,9,12,17,34,53,-19,39,0.8947368421052632,1.394736842105263,1.0263157894736843,-0.5,0.23684210526315788,20,0.26315789473684215,1.361842105263158,0.6570048309178743,0.9764150943396228
Serie A,2013-2014,Chievo,16,38,10,6,22,34,54,-20,36,0.8947368421052632,1.4210526315789473,0.9473684210526315,-0.5263157894736842,0.2631578947368421,20,0.21052631578947367,1.361842105263158,0.6570048309178743,0.9583333333333334
Serie A,2013-2014,Sassuolo,17,38,9,7,22,43,72,-29,34,1.131578947368421,1.894736842105263,0.8947368421052632,-0.7631578947368421,0.23684210526315788,20,0.1578947368421053,1.361842105263158,0.8309178743961352,0.7187500000000001
Serie A,2013-2014,Catania,18,38,8,8,22,34,66,-32,32,0.8947368421052632,1.736842105263158,0.8421052631578947,-0.8421052631578947,0.21052631578947367,20,0.10526315789473684,1.361842105263158,0.6570048309178743,0.7840909090909091
Serie A,2013-2014,Bologna,19,38,5,14,19,28,58,-30,29,0.7368421052631579,1.5263157894736843,0.7631578947368421,-0.7894736842105263,0.13157894736842105,20,0.052631578947368474,1.361842105263158,0.5410628019323671,0.8922413793103449
Serie A,2013-2014,Livorno,20,38,6,7,25,39,77,-38,25,1.0263157894736843,2.026315789473684,0.6578947368421053,-1.0,0.15789473684210525,20,0.0,1.361842105263158,0.7536231884057971,0.6720779220779222
Bundesliga,2014-2015,Bayern Munich,1,34,25,4,5,80,18,62,79,2.3529411764705883,0.5294117647058824,2.323529411764706,1.8235294117647058,0.7352941176470589,18,1.0,1.3774509803921569,1.708185053380783,2.6018518518518516
Bundesliga,2014-2015,Wolfsburg,2,34,20,9,5,72,38,34,69,2.1176470588235294,1.1176470588235294,2.0294117647058822,1.0,0.5882352941176471,18,0.9411764705882353,1.3774509803921569,1.5373665480427046,1.2324561403508771
Bundesliga,2014-2015,M'gladbach,3,34,19,9,6,53,26,27,66,1.5588235294117647,0.7647058823529411,1.9411764705882353,0.7941176470588235,0.5588235294117647,18,0.8823529411764706,1.3774509803921569,1.1316725978647686,1.8012820512820513
Bundesliga,2014-2015,Leverkusen,4,34,17,10,7,62,37,25,61,1.8235294117647058,1.088235294117647,1.7941176470588236,0.7352941176470589,0.5,18,0.8235294117647058,1.3774509803921569,1.3238434163701067,1.265765765765766
Bundesliga,2014-2015,Augsburg,5,34,15,4,15,43,43,0,49,1.2647058823529411,1.2647058823529411,1.4411764705882353,0.0,0.4411764705882353,18,0.7647058823529411,1.3774509803921569,0.9181494661921707,1.0891472868217054
Bundesliga,2014-2015,Schalke 04,6,34,13,9,12,42,40,2,48,1.2352941176470589,1.1764705882352942,1.411764705882353,0.058823529411764705,0.38235294117647056,18,0.7058823529411764,1.3774509803921569,0.896797153024911,1.1708333333333334
Bundesliga,2014-2015,Dortmund,7,34,13,7,14,47,42,5,46,1.3823529411764706,1.2352941176470589,1.3529411764705883,0.14705882352941177,0.38235294117647056,18,0.6470588235294117,1.3774509803921569,1.0035587188612098,1.1150793650793651
Bundesliga,2014-2015,Hoffenheim,8,34,12,8,14,49,55,-6,44,1.4411764705882353,1.6176470588235294,1.2941176470588236,-0.17647058823529413,0.35294117647058826,18,0.5882352941176471,1.3774509803921569,1.0462633451957295,0.8515151515151514
Bundesliga,2014-2015,Ein Frankfurt,9,34,11,10,13,56,62,-6,43,1.6470588235294117,1.8235294117647058,1.2647058823529411,-0.17647058823529413,0.3235294117647059,18,0.5294117647058824,1.3774509803921569,1.195729537366548,0.7553763440860215
Bundesliga,2014-2015,Werder Bremen,10,34,11,10,13,50,65,-15,43,1.4705882352941178,1.911764705882353,1.2647058823529411,-0.4411764705882353,0.3235294117647059,18,0.47058823529411764,1.3774509803921569,1.0676156583629894,0.7205128205128205
Bundesliga,2014-2015,Mainz,11,34,9,13,12,45,47,-2,40,1.3235294117647058,1.3823529411764706,1.1764705882352942,-0.058823529411764705,0.2647058823529412,18,0.4117647058823529,1.3774509803921569,0.9608540925266904,0.9964539007092199
Bundesliga,2014-2015,FC Koln,12,34,9,13,12,34,40,-6,40,1.0,1.1764705882352942,1.1764705882352942,-0.17647058823529413,0.2647058823529412,18,0.3529411764705882,1.3774509803921569,0.7259786476868327,1.1708333333333334
Bundesliga,2014-2015,Hannover,13,34,9,10,15,40,56,-16,37,1.1764705882352942,1.6470588235294117,1.088235294117647,-0.47058823529411764,0.2647058823529412,18,0.2941176470588235,1.3774509803921569,0.8540925266903915,0.8363095238095238
Bundesliga,2014-2015,Stuttgart,14,34,9,9,16,42,60,-18,36,1.2352941176470589,1.7647058823529411,1.0588235294117647,-0.5294117647058824,0.2647058823529412,18,0.23529411764705888,1.3774509803921569,0.896797153024911,0.7805555555555556
Bundesliga,2014-2015,Hertha,15,34,9,8,17,36,52,-16,35,1.0588235294117647,1.5294117647058822,1.0294117647058822,-0.47058823529411764,0.2647058823529412,18,0.17647058823529416,1.3774509803921569,0.7686832740213523,0.9006410256410257
Bundesliga,2014-2015,Hamburg,16,34,9,8,17,25,50,-25,35,0.7352941176470589,1.4705882352941178,1.0294117647058822,-0.7352941176470589,0.2647058823529412,18,0.11764705882352944,1.3774509803921569,0.5338078291814947,0.9366666666666666
Bundesliga,2014-2015,Freiburg,17,34,7,13,14,36,47,-11,34,1.0588235294117647,1.3823529411764706,1.0,-0.3235294117647059,0.20588235294117646,18,0.05882352941176472,1.3774509803921569,0.7686832740213523,0.9964539007092199
Bundesliga,2014-2015,Paderborn,18,34,7,10,17,31,65,-34,31,0.9117647058823529,1.911764705882353,0.9117647058823529,-1.0,0.20588235294117646,18,0.0,1.3774509803921569,0.6619217081850534,0.7205128205128205
La Liga,2014-2015,Barcelona,1,38,30,4,4,110,21,89,94,2.8947368421052633,0.5526315789473685,2.473684210526316,2.3421052631578947,0.7894736842105263,20,1.0,1.3276315789473685,2.180376610505451,2.4023809523809523
La Liga,2014-2015,Real Madrid,2,38,30,2,6,118,38,80,92,3.1052631578947367,1.0,2.4210526315789473,2.1052631578947367,0.7894736842105263,20,0.9473684210526316,1.3276315789473685,2.338949454905847,1.3276315789473685
La Liga,2014-2015,Ath Madrid,3,38,23,9,6,67,29,38,78,1.763157894736842,0.7631578947368421,2.0526315789473686,1.0,0.6052631578947368,20,0.8947368421052632,1.3276315789473685,1.32804757185332,1.7396551724137932
La Liga,2014-2015,Valencia,4,38,22,11,5,70,32,38,77,1.8421052631578947,0.8421052631578947,2.026315789473684,1.0,0.5789473684210527,20,0.8421052631578947,1.3276315789473685,1.3875123885034686,1.5765625
La Liga,2014-2015,Sevilla,5,38,23,7,8,71,45,26,76,1.868421052631579,1.1842105263157894,2.0,0.6842105263157895,0.6052631578947368,20,0.7894736842105263,1.3276315789473685,1.4073339940535183,1.1211111111111112
La Liga,2014-2015,Villarreal,6,38,16,12,10,48,37,11,60,1.263157894736842,0.9736842105263158,1.5789473684210527,0.2894736842105263,0.42105263157894735,20,0.736842105263158,1.3276315789473685,0.9514370664023785,1.3635135135135135
La Liga,2014-2015,Ath Bilbao,7,38,15,10,13,42,41,1,55,1.105263157894737,1.0789473684210527,1.4473684210526316,0.02631578947368421,0.39473684210526316,20,0.6842105263157895,1.3276315789473685,0.8325074331020813,1.2304878048780488
La Liga,2014-2015,Celta,8,38,13,12,13,47,44,3,51,1.236842105263158,1.1578947368421053,1.3421052631578947,0.07894736842105263,0.34210526315789475,20,0.631578947368421,1.3276315789473685,0.931615460852329,1.1465909090909092
La Liga,2014-2015,Malaga,9,38,14,8,16,42,48,-6,50,1.105263157894737,1.263157894736842,1.3157894736842106,-0.15789473684210525,0.3684210526315789,20,0.5789473684210527,1.3276315789473685,0.8325074331020813,1.0510416666666669
La Liga,2014-2015,Espanol,10,38,13,10,15,47,51,-4,49,1.236842105263158,1.3421052631578947,1.2894736842105263,-0.10526315789473684,0.34210526315789475,20,0.5263157894736843,1.3276315789473685,0.931615460852329,0.9892156862745098
La Liga,2014-2015,Vallecano,11,38,15,4,19,46,68,-22,49,1.2105263157894737,1.7894736842105263,1.2894736842105263,-0.5789473684210527,0.39473684210526316,20,0.4736842105263158,1.3276315789473685,0.9117938553022794,0.7419117647058824
La Liga,2014-2015,Sociedad,12,38,11,13,14,44,51,-7,46,1.1578947368421053,1.3421052631578947,1.2105263157894737,-0.18421052631578946,0.2894736842105263,20,0.42105263157894735,1.3276315789473685,0.8721506442021804,0.9892156862745098
La Liga,2014-2015,Elche,13,38,11,8,19,35,62,-27,41,0.9210526315789473,1.631578947368421,1.0789473684210527,-0.7105263157894737,0.2894736842105263,20,0.368421052631579,1.3276315789473685,0.6937561942517343,0.8137096774193548
La Liga,2014-2015,Getafe,14,38,10,7,21,33,64,-31,37,0.868421052631579,1.6842105263157894,0.9736842105263158,-0.8157894736842105,0.2631578947368421,20,0.3157894736842105,1.3276315789473685,0.6541129831516352,0.78828125
La Liga,2014-2015,Levante,15,38,9,10,19,34,67,-33,37,0.8947368421052632,1.763157894736842,0.9736842105263158,-0.868421052631579,0.23684210526315788,20,0.26315789473684215,1.3276315789473685,0.6739345887016848,0.7529850746268657
La Liga,2014-2015,Eibar,16,38,9,8,21,34,55,-21,35,0.8947368421052632,1.4473684210526316,0.9210526315789473,-0.5526315789473685,0.23684210526315788,20,0.21052631578947367,1.3276315789473685,0.6739345887016848,0.9172727272727272
La Liga,2014-2015,La Coruna,17,38,7,14,17,35,60,-25,35,0.9210526315789473,1.5789473684210527,0.9210526315789473,-0.6578947368421053,0.18421052631578946,20,0.1578947368421053,1.3276315789473685,0.6937561942517343,0.8408333333333333
La Liga,2014-2015,Granada,18,38,7,14,17,29,64,-35,35,0.7631578947368421,1.6842105263157894,0.9210526315789473,-0.9210526315789473,0.18421052631578946,20,0.10526315789473684,1.3276315789473685,0.574826560951437,0.78828125
La Liga,2014-2015,Almeria,19,38,8,8,22,35,64,-29,32,0.9210526315789473,1.6842105263157894,0.8421052631578947,-0.7631578947368421,0.21052631578947367,20,0.052631578947368474,1.3276315789473685,0.6937561942517343,0.78828125
La Liga,2014-2015,Cordoba,20,38,3,11,24,22,68,-46,20,0.5789473684210527,1.7894736842105263,0.5263157894736842,-1.2105263157894737,0.07894736842105263,20,0.0,1.3276315789473685,0.4360753221010902,0.7419117647058824
Ligue 1,2014-2015,Paris SG,1,38,24,11,3,83,36,47,83,2.1842105263157894,0.9473684210526315,2.1842105263157894,1.236842105263158,0.631578947368421,20,1.0,1.2460526315789475,1.7529039070749732,1.315277777777778
Ligue 1,2014-2015,Lyon,2,38,22,9,7,72,33,39,75,1.894736842105263,0.868421052631579,1.9736842105263157,1.0263157894736843,0.5789473684210527,20,0.9473684210526316,1.2460526315789475,1.5205913410770853,1.434848484848485
Ligue 1,2014-2015,Monaco,3,38,20,11,7,51,26,25,71,1.3421052631578947,0.6842105263157895,1.868421052631579,0.6578947368421053,0.5263157894736842,20,0.8947368421052632,1.2460526315789475,1.0770855332629354,1.8211538461538463
Ligue 1,2014-2015,Marseille,4,38,21,6,11,76,42,34,69,2.0,1.105263157894737,1.8157894736842106,0.8947368421052632,0.5526315789473685,20,0.8421052631578947,1.2460526315789475,1.60506863780359,1.1273809523809524
Ligue 1,2014-2015,St Etienne,5,38,19,12,7,51,30,21,69,1.3421052631578947,0.7894736842105263,1.8157894736842106,0.5526315789473685,0.5,20,0.7894736842105263,1.2460526315789475,1.0770855332629354,1.5783333333333336
Ligue 1,2014-2015,Bordeaux,6,38,17,12,9,47,44,3,63,1.236842105263158,1.1578947368421053,1.6578947368421053,0.07894736842105263,0.4473684210526316,20,0.736842105263158,1.2460526315789475,0.9926082365364308,1.0761363636363637
Ligue 1,2014-2015,Montpellier,7,38,16,8,14,46,39,7,56,1.2105263157894737,1.0263157894736843,1.4736842105263157,0.18421052631578946,0.42105263157894735,20,0.6842105263157895,1.2460526315789475,0.9714889123548045,1.2141025641025642
Ligue 1,2014-2015,Lille,8,38,16,8,14,43,42,1,56,1.131578947368421,1.105263157894737,1.4736842105263157,0.02631578947368421,0.42105263157894735,20,0.631578947368421,1.2460526315789475,0.908130939809926,1.1273809523809524
Ligue 1,2014-2015,Rennes,9,38,13,11,14,35,42,-7,50,0.9210526315789473,1.105263157894737,1.3157894736842106,-0.18421052631578946,0.34210526315789475,20,0.5789473684210527,1.2460526315789475,0.7391763463569164,1.1273809523809524
Ligue 1,2014-2015,Guingamp,10,38,15,4,19,41,55,-14,49,1.0789473684210527,1.4473684210526316,1.2894736842105263,-0.3684210526315789,0.39473684210526316,20,0.5263157894736843,1.2460526315789475,0.8658922914466736,0.860909090909091
Ligue 1,2014-2015,Nice,11,38,13,9,16,44,53,-9,48,1.1578947368421053,1.394736842105263,1.263157894736842,-0.23684210526315788,0.34210526315789475,20,0.4736842105263158,1.2460526315789475,0.9292502639915522,0.8933962264150945
Ligue 1,2014-2015,Bastia,12,38,12,11,15,37,46,-9,47,0.9736842105263158,1.2105263157894737,1.236842105263158,-0.23684210526315788,0.3157894736842105,20,0.42105263157894735,1.2460526315789475,0.7814149947201688,1.0293478260869566
Ligue 1,2014-2015,Caen,13,38,12,10,16,54,55,-1,46,1.4210526315789473,1.4473684210526316,1.2105263157894737,-0.02631578947368421,0.3157894736842105,20,0.368421052631579,1.2460526315789475,1.140443505807814,0.860909090909091
Ligue 1,2014-2015,Nantes,14,38,11,12,15,29,40,-11,45,0.7631578947368421,1.0526315789473684,1.1842105263157894,-0.2894736842105263,0.2894736842105263,20,0.3157894736842105,1.2460526315789475,0.6124604012671594,1.1837500000000003
Ligue 1,2014-2015,Reims,15,38,12,8,18,47,66,-19,44,1.236842105263158,1.736842105263158,1.1578947368421053,-0.5,0.3157894736842105,20,0.26315789473684215,1.2460526315789475,0.9926082365364308,0.7174242424242425
Ligue 1,2014-2015,Lorient,16,38,12,7,19,44,50,-6,43,1.1578947368421053,1.3157894736842106,1.131578947368421,-0.15789473684210525,0.3157894736842105,20,0.21052631578947367,1.2460526315789475,0.9292502639915522,0.9470000000000001
Ligue 1,2014-2015,Toulouse,17,38,12,6,20,43,64,-21,42,1.131578947368421,1.6842105263157894,1.105263157894737,-0.5526315789473685,0.3157894736842105,20,0.1578947368421053,1.2460526315789475,0.908130939809926,0.7398437500000001
Ligue 1,2014-2015,Evian Thonon Gaillard,18,38,11,4,23,41,62,-21,37,1.0789473684210527,1.631578947368421,0.9736842105263158,-0.5526315789473685,0.2894736842105263,20,0.10526315789473684,1.2460526315789475,0.8658922914466736,0.7637096774193549
Ligue 1,2014-2015,Metz,19,38,7,9,22,31,61,-30,30,0.8157894736842105,1.605263157894737,0.7894736842105263,-0.7894736842105263,0.18421052631578946,20,0.052631578947368474,1.2460526315789475,0.6546990496304117,0.7762295081967213
Ligue 1,2014-2015,Lens,20,38,7,8,23,32,61,-29,29,0.8421052631578947,1.605263157894737,0.7631578947368421,-0.7631578947368421,0.18421052631578946,20,0.0,1.2460526315789475,0.6758183738120379,0.7762295081967213
Premier League,2014-2015,Chelsea,1,38,26,9,3,73,32,41,87,1.9210526315789473,0.8421052631578947,2.289473684210526,1.0789473684210527,0.6842105263157895,20,1.0,1.2828947368421053,1.4974358974358974,1.5234375000000002
Premier League,2014-2015,Man City,2,38,24,7,7,83,38,45,79,2.1842105263157894,1.0,2.0789473684210527,1.1842105263157894,0.631578947368421,20,0.9473684210526316,1.2828947368421053,1.7025641025641025,1.2828947368421053
Premier League,2014-2015,Arsenal,3,38,22,9,7,71,36,35,75,1.868421052631579,0.9473684210526315,1.9736842105263157,0.9210526315789473,0.5789473684210527,20,0.8947368421052632,1.2828947368421053,1.4564102564102563,1.3541666666666667
Premier League,2014-2015,Man United,4,38,20,10,8,62,37,25,70,1.631578947368421,0.9736842105263158,1.8421052631578947,0.6578947368421053,0.5263157894736842,20,0.8421052631578947,1.2828947368421053,1.2717948717948717,1.3175675675675675
Premier League,2014-2015,Tottenham,5,38,19,7,12,58,53,5,64,1.5263157894736843,1.394736842105263,1.6842105263157894,0.13157894736842105,0.5,20,0.7894736842105263,1.2828947368421053,1.1897435897435897,0.919811320754717
Premier League,2014-2015,Liverpool,6,38,18,8,12,52,48,4,62,1.368421052631579,1.263157894736842,1.631578947368421,0.10526315789473684,0.47368421052631576,20,0.736842105263158,1.2828947368421053,1.0666666666666667,1.015625
Premier League,2014-2015,Southampton,7,38,18,6,14,54,33,21,60,1.4210526315789473,0.868421052631579,1.5789473684210527,0.5526315789473685,0.47368421052631576,20,0.6842105263157895,1.2828947368421053,1.1076923076923075,1.4772727272727273
Premier League,2014-2015,Swansea,8,38,16,8,14,46,49,-3,56,1.2105263157894737,1.2894736842105263,1.4736842105263157,-0.07894736842105263,0.42105263157894735,20,0.631578947368421,1.2828947368421053,0.9435897435897436,0.9948979591836735
Premier League,2014-2015,Stoke,9,38,15,9,14,48,45,3,54,1.263157894736842,1.1842105263157894,1.4210526315789473,0.07894736842105263,0.39473684210526316,20,0.5789473684210527,1.2828947368421053,0.9846153846153846,1.0833333333333335
Premier League,2014-2015,Crystal Palace,10,38,13,9,16,47,51,-4,48,1.236842105263158,1.3421052631578947,1.263157894736842,-0.10526315789473684,0.34210526315789475,20,0.5263157894736843,1.2828947368421053,0.9641025641025641,0.9558823529411765
Premier League,2014-2015,Everton,11,38,12,11,15,48,50,-2,47,1.263157894736842,1.3157894736842106,1.236842105263158,-0.05263157894736842,0.3157894736842105,20,0.4736842105263158,1.2828947368421053,0.9846153846153846,0.975
Premier League,2014-2015,West Ham,12,38,12,11,15,44,47,-3,47,1.1578947368421053,1.236842105263158,1.236842105263158,-0.07894736842105263,0.3157894736842105,20,0.42105263157894735,1.2828947368421053,0.9025641025641026,1.0372340425531914
Premier League,2014-2015,West Brom,13,38,11,11,16,38,51,-13,44,1.0,1.3421052631578947,1.1578947368421053,-0.34210526315789475,0.2894736842105263,20,0.368421052631579,1.2828947368421053,0.7794871794871795,0.9558823529411765
Premier League,2014-2015,Leicester,14,38,11,8,19,46,55,-9,41,1.2105263157894737,1.4473684210526316,1.0789473684210527,-0.23684210526315788,0.2894736842105263,20,0.3157894736842105,1.2828947368421053,0.9435897435897436,0.8863636363636364
Premier League,2014-2015,Newcastle,15,38,10,9,19,40,63,-23,39,1.0526315789473684,1.6578947368421053,1.0263157894736843,-0.6052631578947368,0.2631578947368421,20,0.26315789473684215,1.2828947368421053,0.8205128205128205,0.7738095238095238
Premier League,2014-2015,Sunderland,16,38,7,17,14,31,53,-22,38,0.8157894736842105,1.394736842105263,1.0,-0.5789473684210527,0.18421052631578946,20,0.21052631578947367,1.2828947368421053,0.6358974358974359,0.919811320754717
Premier League,2014-2015,Aston Villa,17,38,10,8,20,31,57,-26,38,0.8157894736842105,1.5,1.0,-0.6842105263157895,0.2631578947368421,20,0.1578947368421053,1.2828947368421053,0.6358974358974359,0.8552631578947368
Premier League,2014-2015,Hull,18,38,8,11,19,33,51,-18,35,0.868421052631579,1.3421052631578947,0.9210526315789473,-0.47368421052631576,0.21052631578947367,20,0.10526315789473684,1.2828947368421053,0.676923076923077,0.9558823529411765
Premier League,2014-2015,Burnley,19,38,7,12,19,28,53,-25,33,0.7368421052631579,1.394736842105263,0.868421052631579,-0.6578947368421053,0.18421052631578946,20,0.052631578947368474,1.2828947368421053,0.5743589743589743,0.919811320754717
Premier League,2014-2015,QPR,20,38,8,6,24,42,73,-31,30,1.105263157894737,1.9210526315789473,0.7894736842105263,-0.8157894736842105,0.21052631578947367,20,0.0,1.2828947368421053,0.8615384615384616,0.6678082191780822
Serie A,2014-2015,Juventus,1,38,26,9,3,72,24,48,87,1.894736842105263,0.631578947368421,2.289473684210526,1.263157894736842,0.6842105263157895,20,1.0,1.3473684210526315,1.40625,2.1333333333333333
Serie A,2014-2015,Roma,2,38,19,13,6,54,31,23,70,1.4210526315789473,0.8157894736842105,1.8421052631578947,0.6052631578947368,0.5,20,0.9473684210526316,1.3473684210526315,1.0546875,1.6516129032258065
Serie A,2014-2015,Lazio,3,38,21,6,11,71,38,33,69,1.868421052631579,1.0,1.8157894736842106,0.868421052631579,0.5526315789473685,20,0.8947368421052632,1.3473684210526315,1.38671875,1.3473684210526315
Serie A,2014-2015,Fiorentina,4,38,18,10,10,61,46,15,64,1.605263157894737,1.2105263157894737,1.6842105263157894,0.39473684210526316,0.47368421052631576,20,0.8421052631578947,1.3473684210526315,1.19140625,1.1130434782608696
Serie A,2014-2015,Napoli,5,38,18,9,11,70,54,16,63,1.8421052631578947,1.4210526315789473,1.6578947368421053,0.42105263157894735,0.47368421052631576,20,0.7894736842105263,1.3473684210526315,1.3671875,0.9481481481481482
Serie A,2014-2015,Genoa,6,38,16,11,11,62,47,15,59,1.631578947368421,1.236842105263158,1.5526315789473684,0.39473684210526316,0.42105263157894735,20,0.736842105263158,1.3473684210526315,1.2109375,1.0893617021276596
Serie A,2014-2015,Sampdoria,7,38,13,17,8,48,42,6,56,1.263157894736842,1.105263157894737,1.4736842105263157,0.15789473684210525,0.34210526315789475,20,0.6842105263157895,1.3473684210526315,0.9375,1.219047619047619
Serie A,2014-2015,Inter,8,38,14,13,11,59,48,11,55,1.5526315789473684,1.263157894736842,1.4473684210526316,0.2894736842105263,0.3684210526315789,20,0.631578947368421,1.3473684210526315,1.15234375,1.0666666666666667
Serie A,2014-2015,Torino,9,38,14,12,12,48,45,3,54,1.263157894736842,1.1842105263157894,1.4210526315789473,0.07894736842105263,0.3684210526315789,20,0.5789473684210527,1.3473684210526315,0.9375,1.1377777777777778
Serie A,2014-2015,Milan,10,38,13,13,12,56,50,6,52,1.4736842105263157,1.3157894736842106,1.368421052631579,0.15789473684210525,0.34210526315789475,20,0.5263157894736843,1.3473684210526315,1.09375,1.0239999999999998
Serie A,2014-2015,Palermo,11,38,12,13,13,53,55,-2,49,1.394736842105263,1.4473684210526316,1.2894736842105263,-0.05263157894736842,0.3157894736842105,20,0.4736842105263158,1.3473684210526315,1.03515625,0.9309090909090908
Serie A,2014-2015,Sassuolo,12,38,12,13,13,49,57,-8,49,1.2894736842105263,1.5,1.2894736842105263,-0.21052631578947367,0.3157894736842105,20,0.42105263157894735,1.3473684210526315,0.95703125,0.8982456140350877
Serie A,2014-2015,Verona,13,38,11,13,14,49,65,-16,46,1.2894736842105263,1.7105263157894737,1.2105263157894737,-0.42105263157894735,0.2894736842105263,20,0.368421052631579,1.3473684210526315,0.95703125,0.7876923076923077
Serie A,2014-2015,Chievo,14,38,10,13,15,28,41,-13,43,0.7368421052631579,1.0789473684210527,1.131578947368421,-0.34210526315789475,0.2631578947368421,20,0.3157894736842105,1.3473684210526315,0.546875,1.248780487804878
Serie A,2014-2015,Empoli,15,38,8,18,12,46,52,-6,42,1.2105263157894737,1.368421052631579,1.105263157894737,-0.15789473684210525,0.21052631578947367,20,0.26315789473684215,1.3473684210526315,0.8984375,0.9846153846153846
Serie A,2014-2015,Udinese,16,38,10,11,17,43,56,-13,41,1.131578947368421,1.4736842105263157,1.0789473684210527,-0.34210526315789475,0.2631578947368421,20,0.21052631578947367,1.3473684210526315,0.83984375,0.9142857142857144
Serie A,2014-2015,Atalanta,17,38,7,16,15,38,57,-19,37,1.0,1.5,0.9736842105263158,-0.5,0.18421052631578946,20,0.1578947368421053,1.3473684210526315,0.7421875,0.8982456140350877
Serie A,2014-2015,Cagliari,18,38,8,10,20,48,68,-20,34,1.263157894736842,1.7894736842105263,0.8947368421052632,-0.5263157894736842,0.21052631578947367,20,0.10526315789473684,1.3473684210526315,0.9375,0.7529411764705882
Serie A,2014-2015,Parma,19,38,6,8,24,33,75,-42,26,0.868421052631579,1.9736842105263157,0.6842105263157895,-1.105263157894737,0.15789473684210525,20,0.052631578947368474,1.3473684210526315,0.64453125,0.6826666666666666
Serie A,2014-2015,Cesena,20,38,4,12,22,36,73,-37,24,0.9473684210526315,1.9210526315789473,0.631578947368421,-0.9736842105263158,0.10526315789473684,20,0.0,1.3473684210526315,0.703125,0.7013698630136986
Bundesliga,2015-2016,Bayern Munich,1,34,28,4,2,80,17,63,88,2.3529411764705883,0.5,2.588235294117647,1.8529411764705883,0.8235294117647058,18,1.0,1.4150326797385622,1.6628175519630484,2.8300653594771243
Bundesliga,2015-2016,Dortmund,2,34,24,6,4,82,34,48,78,2.411764705882353,1.0,2.2941176470588234,1.411764705882353,0.7058823529411765,18,0.9411764705882353,1.4150326797385622,1.7043879907621244,1.4150326797385622
Bundesliga,2015-2016,Leverkusen,3,34,18,6,10,56,40,16,60,1.6470588235294117,1.1764705882352942,1.7647058823529411,0.47058823529411764,0.5294117647058824,18,0.8823529411764706,1.4150326797385622,1.1639722863741337,1.2027777777777777
Bundesliga,2015-2016,M'gladbach,4,34,17,4,13,67,50,17,55,1.9705882352941178,1.4705882352941178,1.6176470588235294,0.5,0.5,18,0.8235294117647058,1.4150326797385622,1.3926096997690531,0.9622222222222222
Bundesliga,2015-2016,Schalke 04,5,34,15,7,12,51,49,2,52,1.5,1.4411764705882353,1.5294117647058822,0.058823529411764705,0.4411764705882353,18,0.7647058823529411,1.4150326797385622,1.0600461893764435,0.981859410430839
Bundesliga,2015-2016,Mainz,6,34,14,8,12,46,42,4,50,1.3529411764705883,1.2352941176470589,1.4705882352941178,0.11764705882352941,0.4117647058823529,18,0.7058823529411764,1.4150326797385622,0.9561200923787528,1.1455026455026456
Bundesliga,2015-2016,Hertha,7,34,14,8,12,42,42,0,50,1.2352941176470589,1.2352941176470589,1.4705882352941178,0.0,0.4117647058823529,18,0.6470588235294117,1.4150326797385622,0.8729792147806005,1.1455026455026456
Bundesliga,2015-2016,Wolfsburg,8,34,12,9,13,47,49,-2,45,1.3823529411764706,1.4411764705882353,1.3235294117647058,-0.058823529411764705,0.35294117647058826,18,0.5882352941176471,1.4150326797385622,0.9769053117782909,0.981859410430839
Bundesliga,2015-2016,FC Koln,9,34,10,13,11,38,42,-4,43,1.1176470588235294,1.2352941176470589,1.2647058823529411,-0.11764705882352941,0.29411764705882354,18,0.5294117647058824,1.4150326797385622,0.789838337182448,1.1455026455026456
Bundesliga,2015-2016,Hamburg,10,34,11,8,15,40,46,-6,41,1.1764705882352942,1.3529411764705883,1.2058823529411764,-0.17647058823529413,0.3235294117647059,18,0.47058823529411764,1.4150326797385622,0.8314087759815242,1.0458937198067633
Bundesliga,2015-2016,Ingolstadt,11,34,10,10,14,33,42,-9,40,0.9705882352941176,1.2352941176470589,1.1764705882352942,-0.2647058823529412,0.29411764705882354,18,0.4117647058823529,1.4150326797385622,0.6859122401847575,1.1455026455026456
Bundesliga,2015-2016,Augsburg,12,34,9,11,14,42,52,-10,38,1.2352941176470589,1.5294117647058822,1.1176470588235294,-0.29411764705882354,0.2647058823529412,18,0.3529411764705882,1.4150326797385622,0.8729792147806005,0.9252136752136754
Bundesliga,2015-2016,Werder Bremen,13,34,10,8,16,50,65,-15,38,1.4705882352941178,1.911764705882353,1.1176470588235294,-0.4411764705882353,0.29411764705882354,18,0.2941176470588235,1.4150326797385622,1.0392609699769053,0.7401709401709402
Bundesliga,2015-2016,Darmstadt,14,34,9,11,14,38,53,-15,38,1.1176470588235294,1.5588235294117647,1.1176470588235294,-0.4411764705882353,0.2647058823529412,18,0.23529411764705888,1.4150326797385622,0.789838337182448,0.9077568134171908
Bundesliga,2015-2016,Hoffenheim,15,34,9,10,15,39,54,-15,37,1.1470588235294117,1.588235294117647,1.088235294117647,-0.4411764705882353,0.2647058823529412,18,0.17647058823529416,1.4150326797385622,0.810623556581986,0.8909465020576133
Bundesliga,2015-2016,Ein Frankfurt,16,34,9,9,16,34,52,-18,36,1.0,1.5294117647058822,1.0588235294117647,-0.5294117647058824,0.2647058823529412,18,0.11764705882352944,1.4150326797385622,0.7066974595842955,0.9252136752136754
Bundesliga,2015-2016,Stuttgart,17,34,9,6,19,50,75,-25,33,1.4705882352941178,2.2058823529411766,0.9705882352941176,-0.7352941176470589,0.2647058823529412,18,0.05882352941176472,1.4150326797385622,1.0392609699769053,0.6414814814814814
Bundesliga,2015-2016,Hannover,18,34,7,4,23,31,62,-31,25,0.9117647058823529,1.8235294117647058,0.7352941176470589,-0.9117647058823529,0.20588235294117646,18,0.0,1.4150326797385622,0.6443418013856812,0.7759856630824373
La Liga,2015-2016,Barcelona,1,38,29,4,5,112,29,83,91,2.9473684210526314,0.7631578947368421,2.3947368421052633,2.1842105263157894,0.7631578947368421,20,1.0,1.3723684210526315,2.1476510067114094,1.7982758620689652
La Liga,2015-2016,Real Madrid,2,38,28,6,4,110,34,76,90,2.8947368421052633,0.8947368421052632,2.3684210526315788,2.0,0.7368421052631579,20,0.9473684210526316,1.3723684210526315,2.1093000958772774,1.5338235294117646
La Liga,2015-2016,Ath Madrid,3,38,28,4,6,63,18,45,88,1.6578947368421053,0.47368421052631576,2.3157894736842106,1.1842105263157894,0.7368421052631579,20,0.8947368421052632,1.3723684210526315,1.2080536912751678,2.897222222222222
La Liga,2015-2016,Villarreal,4,38,18,10,10,44,35,9,64,1.1578947368421053,0.9210526315789473,1.6842105263157894,0.23684210526315788,0.47368421052631576,20,0.8421052631578947,1.3723684210526315,0.8437200383509109,1.49
La Liga,2015-2016,Ath Bilbao,5,38,18,8,12,58,45,13,62,1.5263157894736843,1.1842105263157894,1.631578947368421,0.34210526315789475,0.47368421052631576,20,0.7894736842105263,1.3723684210526315,1.1121764141898371,1.1588888888888889
La Liga,2015-2016,Celta,6,38,17,9,12,51,59,-8,60,1.3421052631578947,1.5526315789473684,1.5789473684210527,-0.21052631578947367,0.4473684210526316,20,0.736842105263158,1.3723684210526315,0.9779482262703739,0.8838983050847458
La Liga,2015-2016,Sevilla,7,38,14,10,14,51,50,1,52,1.3421052631578947,1.3157894736842106,1.368421052631579,0.02631578947368421,0.3684210526315789,20,0.6842105263157895,1.3723684210526315,0.9779482262703739,1.043
La Liga,2015-2016,Malaga,8,38,12,12,14,38,35,3,48,1.0,0.9210526315789473,1.263157894736842,0.07894736842105263,0.3157894736842105,20,0.631578947368421,1.3723684210526315,0.7286673058485139,1.49
La Liga,2015-2016,Sociedad,9,38,13,9,16,45,48,-3,48,1.1842105263157894,1.263157894736842,1.263157894736842,-0.07894736842105263,0.34210526315789475,20,0.5789473684210527,1.3723684210526315,0.862895493767977,1.0864583333333333
La Liga,2015-2016,Betis,10,38,11,12,15,34,52,-18,45,0.8947368421052632,1.368421052631579,1.1842105263157894,-0.47368421052631576,0.2894736842105263,20,0.5263157894736843,1.3723684210526315,0.6519654841802494,1.0028846153846154
La Liga,2015-2016,Valencia,11,38,11,11,16,46,48,-2,44,1.2105263157894737,1.263157894736842,1.1578947368421053,-0.05263157894736842,0.2894736842105263,20,0.4736842105263158,1.3723684210526315,0.8820709491850433,1.0864583333333333
La Liga,2015-2016,Las Palmas,12,38,12,8,18,45,53,-8,44,1.1842105263157894,1.394736842105263,1.1578947368421053,-0.21052631578947367,0.3157894736842105,20,0.42105263157894735,1.3723684210526315,0.862895493767977,0.9839622641509433
La Liga,2015-2016,Eibar,13,38,11,10,17,49,61,-12,43,1.2894736842105263,1.605263157894737,1.131578947368421,-0.3157894736842105,0.2894736842105263,20,0.368421052631579,1.3723684210526315,0.9395973154362417,0.8549180327868852
La Liga,2015-2016,Espanol,14,38,12,7,19,40,74,-34,43,1.0526315789473684,1.9473684210526316,1.131578947368421,-0.8947368421052632,0.3157894736842105,20,0.3157894736842105,1.3723684210526315,0.7670182166826462,0.7047297297297297
La Liga,2015-2016,La Coruna,15,38,8,18,12,45,61,-16,42,1.1842105263157894,1.605263157894737,1.105263157894737,-0.42105263157894735,0.21052631578947367,20,0.26315789473684215,1.3723684210526315,0.862895493767977,0.8549180327868852
La Liga,2015-2016,Sp Gijon,16,38,10,9,19,40,62,-22,39,1.0526315789473684,1.631578947368421,1.0263157894736843,-0.5789473684210527,0.2631578947368421,20,0.21052631578947367,1.3723684210526315,0.7670182166826462,0.8411290322580645
La Liga,2015-2016,Granada,17,38,10,9,19,46,69,-23,39,1.2105263157894737,1.8157894736842106,1.0263157894736843,-0.6052631578947368,0.2631578947368421,20,0.1578947368421053,1.3723684210526315,0.8820709491850433,0.7557971014492753
La Liga,2015-2016,Vallecano,18,38,9,11,18,52,73,-21,38,1.368421052631579,1.9210526315789473,1.0,-0.5526315789473685,0.23684210526315788,20,0.10526315789473684,1.3723684210526315,0.9971236816874401,0.7143835616438355
La Liga,2015-2016,Getafe,19,38,9,9,20,37,67,-30,36,0.9736842105263158,1.763157894736842,0.9473684210526315,-0.7894736842105263,0.23684210526315788,20,0.052631578947368474,1.3723684210526315,0.7094918504314478,0.7783582089552239
La Liga,2015-2016,Levante,20,38,8,8,22,37,70,-33,32,0.9736842105263158,1.8421052631578947,0.8421052631578947,-0.868421052631579,0.21052631578947367,20,0.0,1.3723684210526315,0.7094918504314478,0.745
Ligue 1,2015-2016,Paris SG,1,38,30,6,2,102,19,83,96,2.6842105263157894,0.5,2.526315789473684,2.1842105263157894,0.7894736842105263,20,1.0,1.263157894736842,2.125,2.526315789473684
Ligue 1,2015-2016,Lyon,2,38,19,8,11,67,43,24,65,1.763157894736842,1.131578947368421,1.7105263157894737,0.631578947368421,0.5,20,0.9473684210526316,1.263157894736842,1.3958333333333333,1.1162790697674418
Ligue 1,2015-2016,Monaco,3,38,17,14,7,57,50,7,65,1.5,1.3157894736842106,1.7105263157894737,0.18421052631578946,0.4473684210526316,20,0.8947368421052632,1.263157894736842,1.1875,0.9599999999999999
Ligue 1,2015-2016,Nice,4,38,18,9,11,58,41,17,63,1.5263157894736843,1.0789473684210527,1.6578947368421053,0.4473684210526316,0.47368421052631576,20,0.8421052631578947,1.263157894736842,1.2083333333333335,1.170731707317073
Ligue 1,2015-2016,Lille,5,38,15,15,8,39,27,12,60,1.0263157894736843,0.7105263157894737,1.5789473684210527,0.3157894736842105,0.39473684210526316,20,0.7894736842105263,1.263157894736842,0.8125000000000001,1.7777777777777777
Ligue 1,2015-2016,St Etienne,6,38,17,7,14,42,37,5,58,1.105263157894737,0.9736842105263158,1.5263157894736843,0.13157894736842105,0.4473684210526316,20,0.736842105263158,1.263157894736842,0.8750000000000001,1.2972972972972971
Ligue 1,2015-2016,Caen,7,38,16,6,16,39,52,-13,54,1.0263157894736843,1.368421052631579,1.4210526315789473,-0.34210526315789475,0.42105263157894735,20,0.6842105263157895,1.263157894736842,0.8125000000000001,0.923076923076923
Ligue 1,2015-2016,Rennes,8,38,13,13,12,52,54,-2,52,1.368421052631579,1.4210526315789473,1.368421052631579,-0.05263157894736842,0.34210526315789475,20,0.631578947368421,1.263157894736842,1.0833333333333335,0.8888888888888888
Ligue 1,2015-2016,Angers,9,38,13,11,14,40,38,2,50,1.0526315789473684,1.0,1.3157894736842106,0.05263157894736842,0.34210526315789475,20,0.5789473684210527,1.263157894736842,0.8333333333333334,1.263157894736842
Ligue 1,2015-2016,Bastia,10,38,14,8,16,36,42,-6,50,0.9473684210526315,1.105263157894737,1.3157894736842106,-0.15789473684210525,0.3684210526315789,20,0.5263157894736843,1.263157894736842,0.75,1.1428571428571428
Ligue 1,2015-2016,Bordeaux,11,38,12,14,12,50,57,-7,50,1.3157894736842106,1.5,1.3157894736842106,-0.18421052631578946,0.3157894736842105,20,0.4736842105263158,1.263157894736842,1.0416666666666667,0.8421052631578947
Ligue 1,2015-2016,Montpellier,12,38,14,7,17,49,47,2,49,1.2894736842105263,1.236842105263158,1.2894736842105263,0.05263157894736842,0.3684210526315789,20,0.42105263157894735,1.263157894736842,1.0208333333333335,1.0212765957446808
Ligue 1,2015-2016,Marseille,13,38,10,18,10,48,42,6,48,1.263157894736842,1.105263157894737,1.263157894736842,0.15789473684210525,0.2631578947368421,20,0.368421052631579,1.263157894736842,1.0,1.1428571428571428
Ligue 1,2015-2016,Nantes,14,38,12,12,14,33,44,-11,48,0.868421052631579,1.1578947368421053,1.263157894736842,-0.2894736842105263,0.3157894736842105,20,0.3157894736842105,1.263157894736842,0.6875000000000001,1.0909090909090908
Ligue 1,2015-2016,Lorient,15,38,11,13,14,47,58,-11,46,1.236842105263158,1.5263157894736843,1.2105263157894737,-0.2894736842105263,0.2894736842105263,20,0.26315789473684215,1.263157894736842,0.9791666666666667,0.8275862068965516
Ligue 1,2015-2016,Guingamp,16,38,11,11,16,47,56,-9,44,1.236842105263158,1.4736842105263157,1.1578947368421053,-0.23684210526315788,0.2894736842105263,20,0.21052631578947367,1.263157894736842,0.9791666666666667,0.8571428571428571
Ligue 1,2015-2016,Toulouse,17,38,9,13,16,45,55,-10,40,1.1842105263157894,1.4473684210526316,1.0526315789473684,-0.2631578947368421,0.23684210526315788,20,0.1578947368421053,1.263157894736842,0.9375,0.8727272727272727
Ligue 1,2015-2016,Reims,18,38,10,9,19,44,57,-13,39,1.1578947368421053,1.5,1.0263157894736843,-0.34210526315789475,0.2631578947368421,20,0.10526315789473684,1.263157894736842,0.9166666666666667,0.8421052631578947
Ligue 1,2015-2016,Ajaccio GFCO,19,38,8,13,17,37,58,-21,37,0.9736842105263158,1.5263157894736843,0.9736842105263158,-0.5526315789473685,0.21052631578947367,20,0.052631578947368474,1.263157894736842,0.7708333333333334,0.8275862068965516
Ligue 1,2015-2016,Troyes,20,38,3,9,26,28,83,-55,18,0.7368421052631579,2.1842105263157894,0.47368421052631576,-1.4473684210526316,0.07894736842105263,20,0.0,1.263157894736842,0.5833333333333334,0.5783132530120482
Premier League,2015-2016,Leicester,1,38,23,12,3,68,36,32,81,1.7894736842105263,0.9473684210526315,2.1315789473684212,0.8421052631578947,0.6052631578947368,20,1.0,1.35,1.3255360623781676,1.4250000000000003
Premier League,2015-2016,Arsenal,2,38,20,11,7,65,36,29,71,1.7105263157894737,0.9473684210526315,1.868421052631579,0.7631578947368421,0.5263157894736842,20,0.9473684210526316,1.35,1.2670565302144248,1.4250000000000003
Premier League,2015-2016,Tottenham,3,38,19,13,6,69,35,34,70,1.8157894736842106,0.9210526315789473,1.8421052631578947,0.8947368421052632,0.5,20,0.8947368421052632,1.35,1.345029239766082,1.4657142857142857
Premier League,2015-2016,Man City,4,38,19,9,10,71,41,30,66,1.868421052631579,1.0789473684210527,1.736842105263158,0.7894736842105263,0.5,20,0.8421052631578947,1.35,1.3840155945419104,1.251219512195122
Premier League,2015-2016,Man United,5,38,19,9,10,49,35,14,66,1.2894736842105263,0.9210526315789473,1.736842105263158,0.3684210526315789,0.5,20,0.7894736842105263,1.35,0.9551656920077972,1.4657142857142857
Premier League,2015-2016,Southampton,6,38,18,9,11,59,41,18,63,1.5526315789473684,1.0789473684210527,1.6578947368421053,0.47368421052631576,0.47368421052631576,20,0.736842105263158,1.35,1.1500974658869394,1.251219512195122
Premier League,2015-2016,West Ham,7,38,16,14,8,65,51,14,62,1.7105263157894737,1.3421052631578947,1.631578947368421,0.3684210526315789,0.42105263157894735,20,0.6842105263157895,1.35,1.2670565302144248,1.0058823529411767
Premier League,2015-2016,Liverpool,8,38,16,12,10,63,50,13,60,1.6578947368421053,1.3157894736842106,1.5789473684210527,0.34210526315789475,0.42105263157894735,20,0.631578947368421,1.35,1.2280701754385965,1.026
Premier League,2015-2016,Stoke,9,38,14,9,15,41,55,-14,51,1.0789473684210527,1.4473684210526316,1.3421052631578947,-0.3684210526315789,0.3684210526315789,20,0.5789473684210527,1.35,0.7992202729044834,0.9327272727272727
Premier League,2015-2016,Chelsea,10,38,12,14,12,59,53,6,50,1.5526315789473684,1.394736842105263,1.3157894736842106,0.15789473684210525,0.3157894736842105,20,0.5263157894736843,1.35,1.1500974658869394,0.9679245283018869
Premier League,2015-2016,Everton,11,38,11,14,13,59,55,4,47,1.5526315789473684,1.4473684210526316,1.236842105263158,0.10526315789473684,0.2894736842105263,20,0.4736842105263158,1.35,1.1500974658869394,0.9327272727272727
Premier League,2015-2016,Swansea,12,38,12,11,15,42,52,-10,47,1.105263157894737,1.368421052631579,1.236842105263158,-0.2631578947368421,0.3157894736842105,20,0.42105263157894735,1.35,0.8187134502923977,0.9865384615384616
Premier League,2015-2016,Watford,13,38,12,9,17,40,50,-10,45,1.0526315789473684,1.3157894736842106,1.1842105263157894,-0.2631578947368421,0.3157894736842105,20,0.368421052631579,1.35,0.7797270955165692,1.026
Premier League,2015-2016,West Brom,14,38,10,13,15,34,48,-14,43,0.8947368421052632,1.263157894736842,1.131578947368421,-0.3684210526315789,0.2631578947368421,20,0.3157894736842105,1.35,0.6627680311890838,1.06875
Premier League,2015-2016,Crystal Palace,15,38,11,9,18,39,51,-12,42,1.0263157894736843,1.3421052631578947,1.105263157894737,-0.3157894736842105,0.2894736842105263,20,0.26315789473684215,1.35,0.7602339181286549,1.0058823529411767
Premier League,2015-2016,Bournemouth,16,38,11,9,18,45,67,-22,42,1.1842105263157894,1.763157894736842,1.105263157894737,-0.5789473684210527,0.2894736842105263,20,0.21052631578947367,1.35,0.8771929824561402,0.7656716417910449
Premier League,2015-2016,Sunderland,17,38,9,12,17,48,62,-14,39,1.263157894736842,1.631578947368421,1.0263157894736843,-0.3684210526315789,0.23684210526315788,20,0.1578947368421053,1.35,0.9356725146198829,0.8274193548387098
Premier League,2015-2016,Newcastle,18,38,9,10,19,44,65,-21,37,1.1578947368421053,1.7105263157894737,0.9736842105263158,-0.5526315789473685,0.23684210526315788,20,0.10526315789473684,1.35,0.8576998050682261,0.7892307692307693
Premier League,2015-2016,Norwich,19,38,9,7,22,39,67,-28,34,1.0263157894736843,1.763157894736842,0.8947368421052632,-0.7368421052631579,0.23684210526315788,20,0.052631578947368474,1.35,0.7602339181286549,0.7656716417910449
Premier League,2015-2016,Aston Villa,20,38,3,8,27,27,76,-49,17,0.7105263157894737,2.0,0.4473684210526316,-1.2894736842105263,0.07894736842105263,20,0.0,1.35,0.5263157894736842,0.675
Serie A,2015-2016,Juventus,1,38,29,4,5,75,20,55,91,1.9736842105263157,0.5263157894736842,2.3947368421052633,1.4473684210526316,0.7631578947368421,20,1.0,1.2881578947368422,1.5321756894790601,2.4475000000000002
Serie A,2015-2016,Napoli,2,38,25,7,6,80,32,48,82,2.1052631578947367,0.8421052631578947,2.1578947368421053,1.263157894736842,0.6578947368421053,20,0.9473684210526316,1.2881578947368422,1.6343207354443308,1.5296875
Serie A,2015-2016,Roma,3,38,23,11,4,83,41,42,80,2.1842105263157894,1.0789473684210527,2.1052631578947367,1.105263157894737,0.6052631578947368,20,0.8947368421052632,1.2881578947368422,1.6956077630234931,1.1939024390243902
Serie A,2015-2016,Inter,4,38,20,7,11,50,38,12,67,1.3157894736842106,1.0,1.763157894736842,0.3157894736842105,0.5263157894736842,20,0.8421052631578947,1.2881578947368422,1.021450459652707,1.2881578947368422
Serie A,2015-2016,Fiorentina,5,38,18,10,10,60,42,18,64,1.5789473684210527,1.105263157894737,1.6842105263157894,0.47368421052631576,0.47368421052631576,20,0.7894736842105263,1.2881578947368422,1.2257405515832482,1.1654761904761903
Serie A,2015-2016,Sassuolo,6,38,16,13,9,49,40,9,61,1.2894736842105263,1.0526315789473684,1.605263157894737,0.23684210526315788,0.42105263157894735,20,0.736842105263158,1.2881578947368422,1.0010214504596526,1.2237500000000001
Serie A,2015-2016,Milan,7,38,15,12,11,49,43,6,57,1.2894736842105263,1.131578947368421,1.5,0.15789473684210525,0.39473684210526316,20,0.6842105263157895,1.2881578947368422,1.0010214504596526,1.138372093023256
Serie A,2015-2016,Lazio,8,38,15,9,14,52,52,0,54,1.368421052631579,1.368421052631579,1.4210526315789473,0.0,0.39473684210526316,20,0.631578947368421,1.2881578947368422,1.062308478038815,0.9413461538461538
Serie A,2015-2016,Chievo,9,38,13,11,14,43,45,-2,50,1.131578947368421,1.1842105263157894,1.3157894736842106,-0.05263157894736842,0.34210526315789475,20,0.5789473684210527,1.2881578947368422,0.8784473953013278,1.087777777777778
Serie A,2015-2016,Genoa,10,38,13,7,18,45,48,-3,46,1.1842105263157894,1.263157894736842,1.2105263157894737,-0.07894736842105263,0.34210526315789475,20,0.5263157894736843,1.2881578947368422,0.919305413687436,1.0197916666666669
Serie A,2015-2016,Empoli,11,38,12,10,16,40,49,-9,46,1.0526315789473684,1.2894736842105263,1.2105263157894737,-0.23684210526315788,0.3157894736842105,20,0.4736842105263158,1.2881578947368422,0.8171603677221654,0.9989795918367347
Serie A,2015-2016,Torino,12,38,12,9,17,52,55,-3,45,1.368421052631579,1.4473684210526316,1.1842105263157894,-0.07894736842105263,0.3157894736842105,20,0.42105263157894735,1.2881578947368422,1.062308478038815,0.89
Serie A,2015-2016,Atalanta,13,38,11,12,15,41,47,-6,45,1.0789473684210527,1.236842105263158,1.1842105263157894,-0.15789473684210525,0.2894736842105263,20,0.368421052631579,1.2881578947368422,0.8375893769152196,1.0414893617021277
Serie A,2015-2016,Bologna,14,38,11,9,18,33,45,-12,42,0.868421052631579,1.1842105263157894,1.105263157894737,-0.3157894736842105,0.2894736842105263,20,0.3157894736842105,1.2881578947368422,0.6741573033707865,1.087777777777778
Serie A,2015-2016,Sampdoria,15,38,10,10,18,48,61,-13,40,1.263157894736842,1.605263157894737,1.0526315789473684,-0.34210526315789475,0.2631578947368421,20,0.26315789473684215,1.2881578947368422,0.9805924412665985,0.8024590163934426
Serie A,2015-2016,Udinese,16,38,10,9,19,35,60,-25,39,0.9210526315789473,1.5789473684210527,1.0263157894736843,-0.6578947368421053,0.2631578947368421,20,0.21052631578947367,1.2881578947368422,0.7150153217568948,0.8158333333333334
Serie A,2015-2016,Palermo,17,38,10,9,19,38,65,-27,39,1.0,1.7105263157894737,1.0263157894736843,-0.7105263157894737,0.2631578947368421,20,0.1578947368421053,1.2881578947368422,0.7763023493360571,0.7530769230769231
Serie A,2015-2016,Carpi,18,38,9,11,18,37,57,-20,38,0.9736842105263158,1.5,1.0,-0.5263157894736842,0.23684210526315788,20,0.10526315789473684,1.2881578947368422,0.755873340143003,0.8587719298245614
Serie A,2015-2016,Frosinone,19,38,8,7,23,35,76,-41,31,0.9210526315789473,2.0,0.8157894736842105,-1.0789473684210527,0.21052631578947367,20,0.052631578947368474,1.2881578947368422,0.7150153217568948,0.6440789473684211
Serie A,2015-2016,Verona,20,38,5,13,20,34,63,-29,28,0.8947368421052632,1.6578947368421053,0.7368421052631579,-0.7631578947368421,0.13157894736842105,20,0.0,1.2881578947368422,0.6945863125638406,0.776984126984127
Bundesliga,2016-2017,Bayern Munich,1,34,25,7,2,89,22,67,82,2.6176470588235294,0.6470588235294118,2.411764705882353,1.9705882352941178,0.7352941176470589,18,1.0,1.4330065359477124,1.8266818700114025,2.2146464646464645
Bundesliga,2016-2017,RB Leipzig,2,34,20,7,7,66,39,27,67,1.9411764705882353,1.1470588235294117,1.9705882352941178,0.7941176470588235,0.5882352941176471,18,0.9411764705882353,1.4330065359477124,1.354618015963512,1.2492877492877494
Bundesliga,2016-2017,Dortmund,3,34,18,10,6,72,40,32,64,2.1176470588235294,1.1764705882352942,1.8823529411764706,0.9411764705882353,0.5294117647058824,18,0.8823529411764706,1.4330065359477124,1.4777651083238312,1.2180555555555554
Bundesliga,2016-2017,Hoffenheim,4,34,16,14,4,64,37,27,62,1.8823529411764706,1.088235294117647,1.8235294117647058,0.7941176470588235,0.47058823529411764,18,0.8235294117647058,1.4330065359477124,1.313568985176739,1.3168168168168168
Bundesliga,2016-2017,FC Koln,5,34,12,13,9,51,42,9,49,1.5,1.2352941176470589,1.4411764705882353,0.2647058823529412,0.35294117647058826,18,0.7647058823529411,1.4330065359477124,1.0467502850627137,1.16005291005291
Bundesliga,2016-2017,Hertha,6,34,15,4,15,43,47,-4,49,1.2647058823529411,1.3823529411764706,1.4411764705882353,-0.11764705882352941,0.4411764705882353,18,0.7058823529411764,1.4330065359477124,0.8825541619156214,1.0366430260047281
Bundesliga,2016-2017,Freiburg,7,34,14,6,14,42,60,-18,48,1.2352941176470589,1.7647058823529411,1.411764705882353,-0.5294117647058824,0.4117647058823529,18,0.6470588235294117,1.4330065359477124,0.8620296465222349,0.8120370370370371
Bundesliga,2016-2017,Werder Bremen,8,34,13,6,15,61,64,-3,45,1.7941176470588236,1.8823529411764706,1.3235294117647058,-0.08823529411764706,0.38235294117647056,18,0.5882352941176471,1.4330065359477124,1.2519954389965793,0.7612847222222222
Bundesliga,2016-2017,M'gladbach,9,34,12,9,13,45,49,-4,45,1.3235294117647058,1.4411764705882353,1.3235294117647058,-0.11764705882352941,0.35294117647058826,18,0.5294117647058824,1.4330065359477124,0.9236031927023944,0.9943310657596373
Bundesliga,2016-2017,Schalke 04,10,34,11,10,13,45,40,5,43,1.3235294117647058,1.1764705882352942,1.2647058823529411,0.14705882352941177,0.3235294117647059,18,0.47058823529411764,1.4330065359477124,0.9236031927023944,1.2180555555555554
Bundesliga,2016-2017,Ein Frankfurt,11,34,11,9,14,36,43,-7,42,1.0588235294117647,1.2647058823529411,1.2352941176470589,-0.20588235294117646,0.3235294117647059,18,0.4117647058823529,1.4330065359477124,0.7388825541619156,1.133074935400517
Bundesliga,2016-2017,Leverkusen,12,34,11,8,15,53,55,-2,41,1.5588235294117647,1.6176470588235294,1.2058823529411764,-0.058823529411764705,0.3235294117647059,18,0.3529411764705882,1.4330065359477124,1.087799315849487,0.8858585858585859
Bundesliga,2016-2017,Augsburg,13,34,9,11,14,35,51,-16,38,1.0294117647058822,1.5,1.1176470588235294,-0.47058823529411764,0.2647058823529412,18,0.2941176470588235,1.4330065359477124,0.718358038768529,0.9553376906318083
Bundesliga,2016-2017,Hamburg,14,34,10,8,16,33,61,-28,38,0.9705882352941176,1.7941176470588236,1.1176470588235294,-0.8235294117647058,0.29411764705882354,18,0.23529411764705888,1.4330065359477124,0.677309007981756,0.7987249544626593
Bundesliga,2016-2017,Mainz,15,34,10,7,17,44,55,-11,37,1.2941176470588236,1.6176470588235294,1.088235294117647,-0.3235294117647059,0.29411764705882354,18,0.17647058823529416,1.4330065359477124,0.903078677309008,0.8858585858585859
Bundesliga,2016-2017,Wolfsburg,16,34,10,7,17,34,52,-18,37,1.0,1.5294117647058822,1.088235294117647,-0.5294117647058824,0.29411764705882354,18,0.11764705882352944,1.4330065359477124,0.6978335233751425,0.9369658119658121
Bundesliga,2016-2017,Ingolstadt,17,34,8,8,18,36,57,-21,32,1.0588235294117647,1.6764705882352942,0.9411764705882353,-0.6176470588235294,0.23529411764705882,18,0.05882352941176472,1.4330065359477124,0.7388825541619156,0.854775828460039
Bundesliga,2016-2017,Darmstadt,18,34,7,4,23,28,63,-35,25,0.8235294117647058,1.8529411764705883,0.7352941176470589,-1.0294117647058822,0.20588235294117646,18,0.0,1.4330065359477124,0.5746864310148232,0.77336860670194
La Liga,2016-2017,Real Madrid,1,38,29,6,3,106,41,65,93,2.789473684210526,1.0789473684210527,2.4473684210526314,1.7105263157894737,0.7631578947368421,20,1.0,1.4710526315789472,1.896243291592129,1.3634146341463413
La Liga,2016-2017,Barcelona,2,38,28,6,4,116,37,79,90,3.0526315789473686,0.9736842105263158,2.3684210526315788,2.0789473684210527,0.7368421052631579,20,0.9473684210526316,1.4710526315789472,2.0751341681574242,1.5108108108108105
La Liga,2016-2017,Ath Madrid,3,38,23,9,6,70,27,43,78,1.8421052631578947,0.7105263157894737,2.0526315789473686,1.131578947368421,0.6052631578947368,20,0.8947368421052632,1.4710526315789472,1.2522361359570664,2.07037037037037
La Liga,2016-2017,Sevilla,4,38,21,9,8,69,49,20,72,1.8157894736842106,1.2894736842105263,1.894736842105263,0.5263157894736842,0.5526315789473685,20,0.8421052631578947,1.4710526315789472,1.234347048300537,1.1408163265306122
La Liga,2016-2017,Villarreal,5,38,19,10,9,56,33,23,67,1.4736842105263157,0.868421052631579,1.763157894736842,0.6052631578947368,0.5,20,0.7894736842105263,1.4710526315789472,1.001788908765653,1.6939393939393936
La Liga,2016-2017,Sociedad,6,38,19,7,12,59,53,6,64,1.5526315789473684,1.394736842105263,1.6842105263157894,0.15789473684210525,0.5,20,0.736842105263158,1.4710526315789472,1.0554561717352415,1.0547169811320753
La Liga,2016-2017,Ath Bilbao,7,38,19,6,13,53,43,10,63,1.394736842105263,1.131578947368421,1.6578947368421053,0.2631578947368421,0.5,20,0.6842105263157895,1.4710526315789472,0.9481216457960645,1.2999999999999998
La Liga,2016-2017,Espanol,8,38,15,11,12,49,50,-1,56,1.2894736842105263,1.3157894736842106,1.4736842105263157,-0.02631578947368421,0.39473684210526316,20,0.631578947368421,1.4710526315789472,0.8765652951699464,1.1179999999999997
La Liga,2016-2017,Alaves,9,38,14,13,11,41,43,-2,55,1.0789473684210527,1.131578947368421,1.4473684210526316,-0.05263157894736842,0.3684210526315789,20,0.5789473684210527,1.4710526315789472,0.7334525939177103,1.2999999999999998
La Liga,2016-2017,Eibar,10,38,15,9,14,56,51,5,54,1.4736842105263157,1.3421052631578947,1.4210526315789473,0.13157894736842105,0.39473684210526316,20,0.5263157894736843,1.4710526315789472,1.001788908765653,1.096078431372549
La Liga,2016-2017,Malaga,11,38,12,10,16,49,55,-6,46,1.2894736842105263,1.4473684210526316,1.2105263157894737,-0.15789473684210525,0.3157894736842105,20,0.4736842105263158,1.4710526315789472,0.8765652951699464,1.0163636363636361
La Liga,2016-2017,Valencia,12,38,13,7,18,56,65,-9,46,1.4736842105263157,1.7105263157894737,1.2105263157894737,-0.23684210526315788,0.34210526315789475,20,0.42105263157894735,1.4710526315789472,1.001788908765653,0.8599999999999999
La Liga,2016-2017,Celta,13,38,13,6,19,53,69,-16,45,1.394736842105263,1.8157894736842106,1.1842105263157894,-0.42105263157894735,0.34210526315789475,20,0.368421052631579,1.4710526315789472,0.9481216457960645,0.8101449275362317
La Liga,2016-2017,Las Palmas,14,38,10,9,19,53,74,-21,39,1.394736842105263,1.9473684210526316,1.0263157894736843,-0.5526315789473685,0.2631578947368421,20,0.3157894736842105,1.4710526315789472,0.9481216457960645,0.7554054054054052
La Liga,2016-2017,Betis,15,38,10,9,19,41,64,-23,39,1.0789473684210527,1.6842105263157894,1.0263157894736843,-0.6052631578947368,0.2631578947368421,20,0.26315789473684215,1.4710526315789472,0.7334525939177103,0.8734375
La Liga,2016-2017,La Coruna,16,38,8,12,18,43,61,-18,36,1.131578947368421,1.605263157894737,0.9473684210526315,-0.47368421052631576,0.21052631578947367,20,0.21052631578947367,1.4710526315789472,0.7692307692307693,0.9163934426229506
La Liga,2016-2017,Leganes,17,38,8,11,19,36,55,-19,35,0.9473684210526315,1.4473684210526316,0.9210526315789473,-0.5,0.21052631578947367,20,0.1578947368421053,1.4710526315789472,0.6440071556350626,1.0163636363636361
La Liga,2016-2017,Sp Gijon,18,38,7,10,21,42,72,-30,31,1.105263157894737,1.894736842105263,0.8157894736842105,-0.7894736842105263,0.18421052631578946,20,0.10526315789473684,1.4710526315789472,0.7513416815742399,0.7763888888888888
La Liga,2016-2017,Osasuna,19,38,4,10,24,40,94,-54,22,1.0526315789473684,2.473684210526316,0.5789473684210527,-1.4210526315789473,0.10526315789473684,20,0.052631578947368474,1.4710526315789472,0.7155635062611807,0.5946808510638296
La Liga,2016-2017,Granada,20,38,4,8,26,30,82,-52,20,0.7894736842105263,2.1578947368421053,0.5263157894736842,-1.368421052631579,0.10526315789473684,20,0.0,1.4710526315789472,0.5366726296958856,0.6817073170731707
Ligue 1,2016-2017,Monaco,1,38,30,5,3,107,31,76,95,2.8157894736842106,0.8157894736842105,2.5,2.0,0.7894736842105263,20,1.0,1.3078947368421052,2.152917505030181,1.603225806451613
Ligue 1,2016-2017,Paris SG,2,38,27,6,5,83,27,56,87,2.1842105263157894,0.7105263157894737,2.289473684210526,1.4736842105263157,0.7105263157894737,20,0.9473684210526316,1.3078947368421052,1.6700201207243461,1.8407407407407408
Ligue 1,2016-2017,Nice,3,38,22,12,4,63,36,27,78,1.6578947368421053,0.9473684210526315,2.0526315789473686,0.7105263157894737,0.5789473684210527,20,0.8947368421052632,1.3078947368421052,1.267605633802817,1.3805555555555555
Ligue 1,2016-2017,Lyon,4,38,21,4,13,80,48,32,67,2.1052631578947367,1.263157894736842,1.763157894736842,0.8421052631578947,0.5526315789473685,20,0.8421052631578947,1.3078947368421052,1.6096579476861166,1.0354166666666667
Ligue 1,2016-2017,Marseille,5,38,17,11,10,57,41,16,62,1.5,1.0789473684210527,1.631578947368421,0.42105263157894735,0.4473684210526316,20,0.7894736842105263,1.3078947368421052,1.1468812877263581,1.2121951219512195
Ligue 1,2016-2017,Bordeaux,6,38,15,14,9,53,43,10,59,1.394736842105263,1.131578947368421,1.5526315789473684,0.2631578947368421,0.39473684210526316,20,0.736842105263158,1.3078947368421052,1.0663983903420522,1.155813953488372
Ligue 1,2016-2017,Nantes,7,38,14,9,15,40,54,-14,51,1.0526315789473684,1.4210526315789473,1.3421052631578947,-0.3684210526315789,0.3684210526315789,20,0.6842105263157895,1.3078947368421052,0.8048289738430583,0.9203703703703704
Ligue 1,2016-2017,St Etienne,8,38,12,14,12,41,42,-1,50,1.0789473684210527,1.105263157894737,1.3157894736842106,-0.02631578947368421,0.3157894736842105,20,0.631578947368421,1.3078947368421052,0.8249496981891349,1.1833333333333331
Ligue 1,2016-2017,Rennes,9,38,12,14,12,36,42,-6,50,0.9473684210526315,1.105263157894737,1.3157894736842106,-0.15789473684210525,0.3157894736842105,20,0.5789473684210527,1.3078947368421052,0.7243460764587525,1.1833333333333331
Ligue 1,2016-2017,Guingamp,10,38,14,8,16,46,53,-7,50,1.2105263157894737,1.394736842105263,1.3157894736842106,-0.18421052631578946,0.3684210526315789,20,0.5263157894736843,1.3078947368421052,0.9255533199195172,0.9377358490566038
Ligue 1,2016-2017,Lille,11,38,13,7,18,40,47,-7,46,1.0526315789473684,1.236842105263158,1.2105263157894737,-0.18421052631578946,0.34210526315789475,20,0.4736842105263158,1.3078947368421052,0.8048289738430583,1.057446808510638
Ligue 1,2016-2017,Angers,12,38,13,7,18,40,49,-9,46,1.0526315789473684,1.2894736842105263,1.2105263157894737,-0.23684210526315788,0.34210526315789475,20,0.42105263157894735,1.3078947368421052,0.8048289738430583,1.0142857142857142
Ligue 1,2016-2017,Toulouse,13,38,10,14,14,37,41,-4,44,0.9736842105263158,1.0789473684210527,1.1578947368421053,-0.10526315789473684,0.2631578947368421,20,0.368421052631579,1.3078947368421052,0.744466800804829,1.2121951219512195
Ligue 1,2016-2017,Metz,14,38,11,10,17,39,72,-33,43,1.0263157894736843,1.894736842105263,1.131578947368421,-0.868421052631579,0.2894736842105263,20,0.3157894736842105,1.3078947368421052,0.7847082494969819,0.6902777777777778
Ligue 1,2016-2017,Montpellier,15,38,10,9,19,48,66,-18,39,1.263157894736842,1.736842105263158,1.0263157894736843,-0.47368421052631576,0.2631578947368421,20,0.26315789473684215,1.3078947368421052,0.96579476861167,0.7530303030303029
Ligue 1,2016-2017,Dijon,16,38,8,13,17,46,58,-12,37,1.2105263157894737,1.5263157894736843,0.9736842105263158,-0.3157894736842105,0.21052631578947367,20,0.21052631578947367,1.3078947368421052,0.9255533199195172,0.8568965517241378
Ligue 1,2016-2017,Caen,17,38,10,7,21,36,65,-29,37,0.9473684210526315,1.7105263157894737,0.9736842105263158,-0.7631578947368421,0.2631578947368421,20,0.1578947368421053,1.3078947368421052,0.7243460764587525,0.7646153846153846
Ligue 1,2016-2017,Lorient,18,38,10,6,22,44,70,-26,36,1.1578947368421053,1.8421052631578947,0.9473684210526315,-0.6842105263157895,0.2631578947368421,20,0.10526315789473684,1.3078947368421052,0.8853118712273642,0.71
Ligue 1,2016-2017,Nancy,19,38,9,8,21,29,52,-23,35,0.7631578947368421,1.368421052631579,0.9210526315789473,-0.6052631578947368,0.23684210526315788,20,0.052631578947368474,1.3078947368421052,0.5835010060362174,0.9557692307692307
Ligue 1,2016-2017,Bastia,20,38,8,10,20,29,57,-28,34,0.7631578947368421,1.5,0.8947368421052632,-0.7368421052631579,0.21052631578947367,20,0.0,1.3078947368421052,0.5835010060362174,0.8719298245614034
Premier League,2016-2017,Chelsea,1,38,30,3,5,85,33,52,93,2.236842105263158,0.868421052631579,2.4473684210526314,1.368421052631579,0.7894736842105263,20,1.0,1.4,1.5977443609022557,1.6121212121212118
Premier League,2016-2017,Tottenham,2,38,26,8,4,86,26,60,86,2.263157894736842,0.6842105263157895,2.263157894736842,1.5789473684210527,0.6842105263157895,20,0.9473684210526316,1.4,1.6165413533834587,2.046153846153846
Premier League,2016-2017,Man City,3,38,23,9,6,80,39,41,78,2.1052631578947367,1.0263157894736843,2.0526315789473686,1.0789473684210527,0.6052631578947368,20,0.8947368421052632,1.4,1.5037593984962405,1.364102564102564
Premier League,2016-2017,Liverpool,4,38,22,10,6,78,42,36,76,2.0526315789473686,1.105263157894737,2.0,0.9473684210526315,0.5789473684210527,20,0.8421052631578947,1.4,1.466165413533835,1.2666666666666664
Premier League,2016-2017,Arsenal,5,38,23,6,9,77,44,33,75,2.026315789473684,1.1578947368421053,1.9736842105263157,0.868421052631579,0.6052631578947368,20,0.7894736842105263,1.4,1.4473684210526316,1.209090909090909
Premier League,2016-2017,Man United,6,38,18,15,5,54,29,25,69,1.4210526315789473,0.7631578947368421,1.8157894736842106,0.6578947368421053,0.47368421052631576,20,0.736842105263158,1.4,1.0150375939849625,1.8344827586206895
Premier League,2016-2017,Everton,7,38,17,10,11,62,44,18,61,1.631578947368421,1.1578947368421053,1.605263157894737,0.47368421052631576,0.4473684210526316,20,0.6842105263157895,1.4,1.1654135338345866,1.209090909090909
Premier League,2016-2017,Southampton,8,38,12,10,16,41,48,-7,46,1.0789473684210527,1.263157894736842,1.2105263157894737,-0.18421052631578946,0.3157894736842105,20,0.631578947368421,1.4,0.7706766917293234,1.1083333333333334
Premier League,2016-2017,Bournemouth,9,38,12,10,16,55,67,-12,46,1.4473684210526316,1.763157894736842,1.2105263157894737,-0.3157894736842105,0.3157894736842105,20,0.5789473684210527,1.4,1.0338345864661656,0.7940298507462686
Premier League,2016-2017,West Brom,10,38,12,9,17,43,51,-8,45,1.131578947368421,1.3421052631578947,1.1842105263157894,-0.21052631578947367,0.3157894736842105,20,0.5263157894736843,1.4,0.8082706766917294,1.0431372549019609
Premier League,2016-2017,West Ham,11,38,12,9,17,47,64,-17,45,1.236842105263158,1.6842105263157894,1.1842105263157894,-0.4473684210526316,0.3157894736842105,20,0.4736842105263158,1.4,0.8834586466165415,0.83125
Premier League,2016-2017,Leicester,12,38,12,8,18,48,63,-15,44,1.263157894736842,1.6578947368421053,1.1578947368421053,-0.39473684210526316,0.3157894736842105,20,0.42105263157894735,1.4,0.9022556390977444,0.8444444444444443
Premier League,2016-2017,Stoke,13,38,11,11,16,41,56,-15,44,1.0789473684210527,1.4736842105263157,1.1578947368421053,-0.39473684210526316,0.2894736842105263,20,0.368421052631579,1.4,0.7706766917293234,0.95
Premier League,2016-2017,Crystal Palace,14,38,12,5,21,50,63,-13,41,1.3157894736842106,1.6578947368421053,1.0789473684210527,-0.34210526315789475,0.3157894736842105,20,0.3157894736842105,1.4,0.9398496240601505,0.8444444444444443
Premier League,2016-2017,Swansea,15,38,12,5,21,45,70,-25,41,1.1842105263157894,1.8421052631578947,1.0789473684210527,-0.6578947368421053,0.3157894736842105,20,0.26315789473684215,1.4,0.8458646616541353,0.76
Premier League,2016-2017,Burnley,16,38,11,7,20,39,55,-16,40,1.0263157894736843,1.4473684210526316,1.0526315789473684,-0.42105263157894735,0.2894736842105263,20,0.21052631578947367,1.4,0.7330827067669174,0.9672727272727272
Premier League,2016-2017,Watford,17,38,11,7,20,40,68,-28,40,1.0526315789473684,1.7894736842105263,1.0526315789473684,-0.7368421052631579,0.2894736842105263,20,0.1578947368421053,1.4,0.7518796992481203,0.7823529411764706
Premier League,2016-2017,Hull,18,38,9,7,22,37,80,-43,34,0.9736842105263158,2.1052631578947367,0.8947368421052632,-1.131578947368421,0.23684210526315788,20,0.10526315789473684,1.4,0.6954887218045114,0.665
Premier League,2016-2017,Middlesbrough,19,38,5,13,20,27,53,-26,28,0.7105263157894737,1.394736842105263,0.7368421052631579,-0.6842105263157895,0.13157894736842105,20,0.052631578947368474,1.4,0.5075187969924813,1.0037735849056604
Premier League,2016-2017,Sunderland,20,38,6,6,26,29,69,-40,24,0.7631578947368421,1.8157894736842106,0.631578947368421,-1.0526315789473684,0.15789473684210525,20,0.0,1.4,0.5451127819548873,0.7710144927536231
Serie A,2016-2017,Juventus,1,38,29,4,5,77,27,50,91,2.026315789473684,0.7105263157894737,2.3947368421052633,1.3157894736842106,0.7631578947368421,20,1.0,1.4776315789473684,1.3713268032056989,2.0796296296296295
Serie A,2016-2017,Roma,2,38,28,3,7,90,38,52,87,2.3684210526315788,1.0,2.289473684210526,1.368421052631579,0.7368421052631579,20,0.9473684210526316,1.4776315789473684,1.6028495102404272,1.4776315789473684
Serie A,2016-2017,Napoli,3,38,26,8,4,94,39,55,86,2.473684210526316,1.0263157894736843,2.263157894736842,1.4473684210526316,0.6842105263157895,20,0.8947368421052632,1.4776315789473684,1.6740872662511133,1.4397435897435895
Serie A,2016-2017,Atalanta,4,38,21,9,8,62,41,21,72,1.631578947368421,1.0789473684210527,1.894736842105263,0.5526315789473685,0.5526315789473685,20,0.8421052631578947,1.4776315789473684,1.1041852181656278,1.369512195121951
Serie A,2016-2017,Lazio,5,38,21,7,10,74,51,23,70,1.9473684210526316,1.3421052631578947,1.8421052631578947,0.6052631578947368,0.5526315789473685,20,0.7894736842105263,1.4776315789473684,1.3178984861976848,1.1009803921568628
Serie A,2016-2017,Milan,6,38,18,9,11,57,45,12,63,1.5,1.1842105263157894,1.6578947368421053,0.3157894736842105,0.47368421052631576,20,0.736842105263158,1.4776315789473684,1.0151380231522706,1.2477777777777779
Serie A,2016-2017,Inter,7,38,19,5,14,72,49,23,62,1.894736842105263,1.2894736842105263,1.631578947368421,0.6052631578947368,0.5,20,0.6842105263157895,1.4776315789473684,1.282279608192342,1.1459183673469389
Serie A,2016-2017,Fiorentina,8,38,16,12,10,63,57,6,60,1.6578947368421053,1.5,1.5789473684210527,0.15789473684210525,0.42105263157894735,20,0.631578947368421,1.4776315789473684,1.1219946571682993,0.9850877192982456
Serie A,2016-2017,Torino,9,38,13,14,11,71,66,5,53,1.868421052631579,1.736842105263158,1.394736842105263,0.13157894736842105,0.34210526315789475,20,0.5789473684210527,1.4776315789473684,1.2644701691896705,0.8507575757575757
Serie A,2016-2017,Sampdoria,10,38,12,12,14,49,55,-6,48,1.2894736842105263,1.4473684210526316,1.263157894736842,-0.15789473684210525,0.3157894736842105,20,0.5263157894736843,1.4776315789473684,0.8726625111308994,1.0209090909090908
Serie A,2016-2017,Cagliari,11,38,14,5,19,55,76,-21,47,1.4473684210526316,2.0,1.236842105263158,-0.5526315789473685,0.3684210526315789,20,0.4736842105263158,1.4776315789473684,0.979519145146928,0.7388157894736842
Serie A,2016-2017,Sassuolo,12,38,13,7,18,58,63,-5,46,1.5263157894736843,1.6578947368421053,1.2105263157894737,-0.13157894736842105,0.34210526315789475,20,0.42105263157894735,1.4776315789473684,1.0329474621549422,0.8912698412698412
Serie A,2016-2017,Udinese,13,38,12,9,17,47,56,-9,45,1.236842105263158,1.4736842105263157,1.1842105263157894,-0.23684210526315788,0.3157894736842105,20,0.368421052631579,1.4776315789473684,0.8370436331255566,1.0026785714285715
Serie A,2016-2017,Chievo,14,38,12,7,19,43,61,-18,43,1.131578947368421,1.605263157894737,1.131578947368421,-0.47368421052631576,0.3157894736842105,20,0.3157894736842105,1.4776315789473684,0.7658058771148709,0.9204918032786884
Serie A,2016-2017,Bologna,15,38,11,8,19,40,58,-18,41,1.0526315789473684,1.5263157894736843,1.0789473684210527,-0.47368421052631576,0.2894736842105263,20,0.26315789473684215,1.4776315789473684,0.7123775601068566,0.968103448275862
Serie A,2016-2017,Genoa,16,38,9,9,20,38,64,-26,36,1.0,1.6842105263157894,0.9473684210526315,-0.6842105263157895,0.23684210526315788,20,0.21052631578947367,1.4776315789473684,0.6767586821015138,0.8773437500000001
Serie A,2016-2017,Crotone,17,38,9,7,22,34,58,-24,34,0.8947368421052632,1.5263157894736843,0.8947368421052632,-0.631578947368421,0.23684210526315788,20,0.1578947368421053,1.4776315789473684,0.6055209260908282,0.968103448275862
Serie A,2016-2017,Empoli,18,38,8,8,22,29,61,-32,32,0.7631578947368421,1.605263157894737,0.8421052631578947,-0.8421052631578947,0.21052631578947367,20,0.10526315789473684,1.4776315789473684,0.5164737310774711,0.9204918032786884
Serie A,2016-2017,Palermo,19,38,6,8,24,33,77,-44,26,0.868421052631579,2.026315789473684,0.6842105263157895,-1.1578947368421053,0.15789473684210525,20,0.052631578947368474,1.4776315789473684,0.5877114870881568,0.7292207792207792
Serie A,2016-2017,Pescara,20,38,3,9,26,37,81,-44,18,0.9736842105263158,2.1315789473684212,0.47368421052631576,-1.1578947368421053,0.07894736842105263,20,0.0,1.4776315789473684,0.6589492430988424,0.6932098765432098
Bundesliga,2017-2018,Bayern Munich,1,34,27,3,4,92,28,64,84,2.7058823529411766,0.8235294117647058,2.4705882352941178,1.8823529411764706,0.7941176470588235,18,1.0,1.397058823529412,1.9368421052631577,1.6964285714285716
Bundesliga,2017-2018,Schalke 04,2,34,18,9,7,53,37,16,63,1.5588235294117647,1.088235294117647,1.8529411764705883,0.47058823529411764,0.5294117647058824,18,0.9411764705882353,1.397058823529412,1.1157894736842104,1.283783783783784
Bundesliga,2017-2018,Hoffenheim,3,34,15,10,9,66,48,18,55,1.9411764705882353,1.411764705882353,1.6176470588235294,0.5294117647058824,0.4411764705882353,18,0.8823529411764706,1.397058823529412,1.3894736842105262,0.9895833333333334
Bundesliga,2017-2018,Dortmund,4,34,15,10,9,64,47,17,55,1.8823529411764706,1.3823529411764706,1.6176470588235294,0.5,0.4411764705882353,18,0.8235294117647058,1.397058823529412,1.3473684210526313,1.0106382978723405
Bundesliga,2017-2018,Leverkusen,5,34,15,10,9,58,44,14,55,1.7058823529411764,1.2941176470588236,1.6176470588235294,0.4117647058823529,0.4411764705882353,18,0.7647058823529411,1.397058823529412,1.2210526315789472,1.0795454545454546
Bundesliga,2017-2018,RB Leipzig,6,34,15,8,11,57,53,4,53,1.6764705882352942,1.5588235294117647,1.5588235294117647,0.11764705882352941,0.4411764705882353,18,0.7058823529411764,1.397058823529412,1.2,0.8962264150943398
Bundesliga,2017-2018,Stuttgart,7,34,15,6,13,36,36,0,51,1.0588235294117647,1.0588235294117647,1.5,0.0,0.4411764705882353,18,0.6470588235294117,1.397058823529412,0.7578947368421052,1.3194444444444446
Bundesliga,2017-2018,Ein Frankfurt,8,34,14,7,13,45,45,0,49,1.3235294117647058,1.3235294117647058,1.4411764705882353,0.0,0.4117647058823529,18,0.5882352941176471,1.397058823529412,0.9473684210526314,1.0555555555555558
Bundesliga,2017-2018,M'gladbach,9,34,13,8,13,47,52,-5,47,1.3823529411764706,1.5294117647058822,1.3823529411764706,-0.14705882352941177,0.38235294117647056,18,0.5294117647058824,1.397058823529412,0.9894736842105262,0.9134615384615387
Bundesliga,2017-2018,Hertha,10,34,10,13,11,43,46,-3,43,1.2647058823529411,1.3529411764705883,1.2647058823529411,-0.08823529411764706,0.29411764705882354,18,0.47058823529411764,1.397058823529412,0.9052631578947367,1.032608695652174
Bundesliga,2017-2018,Werder Bremen,11,34,10,12,12,37,40,-3,42,1.088235294117647,1.1764705882352942,1.2352941176470589,-0.08823529411764706,0.29411764705882354,18,0.4117647058823529,1.397058823529412,0.7789473684210525,1.1875
Bundesliga,2017-2018,Augsburg,12,34,10,11,13,43,46,-3,41,1.2647058823529411,1.3529411764705883,1.2058823529411764,-0.08823529411764706,0.29411764705882354,18,0.3529411764705882,1.397058823529412,0.9052631578947367,1.032608695652174
Bundesliga,2017-2018,Hannover,13,34,10,9,15,44,54,-10,39,1.2941176470588236,1.588235294117647,1.1470588235294117,-0.29411764705882354,0.29411764705882354,18,0.2941176470588235,1.397058823529412,0.9263157894736842,0.8796296296296298
Bundesliga,2017-2018,Mainz,14,34,9,9,16,38,52,-14,36,1.1176470588235294,1.5294117647058822,1.0588235294117647,-0.4117647058823529,0.2647058823529412,18,0.23529411764705888,1.397058823529412,0.7999999999999999,0.9134615384615387
Bundesliga,2017-2018,Freiburg,15,34,8,12,14,32,56,-24,36,0.9411764705882353,1.6470588235294117,1.0588235294117647,-0.7058823529411765,0.23529411764705882,18,0.17647058823529416,1.397058823529412,0.6736842105263157,0.8482142857142858
Bundesliga,2017-2018,Wolfsburg,16,34,6,15,13,36,48,-12,33,1.0588235294117647,1.411764705882353,0.9705882352941176,-0.35294117647058826,0.17647058823529413,18,0.11764705882352944,1.397058823529412,0.7578947368421052,0.9895833333333334
Bundesliga,2017-2018,Hamburg,17,34,8,7,19,29,53,-24,31,0.8529411764705882,1.5588235294117647,0.9117647058823529,-0.7058823529411765,0.23529411764705882,18,0.05882352941176472,1.397058823529412,0.6105263157894736,0.8962264150943398
Bundesliga,2017-2018,FC Koln,18,34,5,7,22,35,70,-35,22,1.0294117647058822,2.0588235294117645,0.6470588235294118,-1.0294117647058822,0.14705882352941177,18,0.0,1.397058823529412,0.7368421052631577,0.6785714285714287
La Liga,2017-2018,Barcelona,1,38,28,9,1,99,29,70,93,2.6052631578947367,0.7631578947368421,2.4473684210526314,1.8421052631578947,0.7368421052631579,20,1.0,1.3473684210526318,1.9335937499999996,1.7655172413793105
La Liga,2017-2018,Ath Madrid,2,38,23,10,5,58,22,36,79,1.5263157894736843,0.5789473684210527,2.0789473684210527,0.9473684210526315,0.6052631578947368,20,0.9473684210526316,1.3473684210526318,1.1328125,2.3272727272727276
La Liga,2017-2018,Real Madrid,3,38,22,10,6,94,44,50,76,2.473684210526316,1.1578947368421053,2.0,1.3157894736842106,0.5789473684210527,20,0.8947368421052632,1.3473684210526318,1.8359374999999998,1.1636363636363638
La Liga,2017-2018,Valencia,4,38,22,7,9,65,38,27,73,1.7105263157894737,1.0,1.9210526315789473,0.7105263157894737,0.5789473684210527,20,0.8421052631578947,1.3473684210526318,1.2695312499999998,1.3473684210526318
La Liga,2017-2018,Villarreal,5,38,18,7,13,57,50,7,61,1.5,1.3157894736842106,1.605263157894737,0.18421052631578946,0.47368421052631576,20,0.7894736842105263,1.3473684210526318,1.1132812499999998,1.024
La Liga,2017-2018,Betis,6,38,18,6,14,60,61,-1,60,1.5789473684210527,1.605263157894737,1.5789473684210527,-0.02631578947368421,0.47368421052631576,20,0.736842105263158,1.3473684210526318,1.1718749999999998,0.8393442622950821
La Liga,2017-2018,Sevilla,7,38,17,7,14,49,58,-9,58,1.2894736842105263,1.5263157894736843,1.5263157894736843,-0.23684210526315788,0.4473684210526316,20,0.6842105263157895,1.3473684210526318,0.9570312499999999,0.8827586206896553
La Liga,2017-2018,Getafe,8,38,15,10,13,42,33,9,55,1.105263157894737,0.868421052631579,1.4473684210526316,0.23684210526315788,0.39473684210526316,20,0.631578947368421,1.3473684210526318,0.8203125,1.5515151515151517
La Liga,2017-2018,Eibar,9,38,14,9,15,44,50,-6,51,1.1578947368421053,1.3157894736842106,1.3421052631578947,-0.15789473684210525,0.3684210526315789,20,0.5789473684210527,1.3473684210526318,0.8593749999999999,1.024
La Liga,2017-2018,Girona,10,38,14,9,15,50,59,-9,51,1.3157894736842106,1.5526315789473684,1.3421052631578947,-0.23684210526315788,0.3684210526315789,20,0.5263157894736843,1.3473684210526318,0.9765624999999999,0.8677966101694917
La Liga,2017-2018,Sociedad,11,38,14,7,17,66,59,7,49,1.736842105263158,1.5526315789473684,1.2894736842105263,0.18421052631578946,0.3684210526315789,20,0.4736842105263158,1.3473684210526318,1.2890624999999998,0.8677966101694917
La Liga,2017-2018,Celta,12,38,13,10,15,59,60,-1,49,1.5526315789473684,1.5789473684210527,1.2894736842105263,-0.02631578947368421,0.34210526315789475,20,0.42105263157894735,1.3473684210526318,1.1523437499999998,0.8533333333333334
La Liga,2017-2018,Espanol,13,38,12,13,13,36,42,-6,49,0.9473684210526315,1.105263157894737,1.2894736842105263,-0.15789473684210525,0.3157894736842105,20,0.368421052631579,1.3473684210526318,0.7031249999999999,1.2190476190476192
La Liga,2017-2018,Alaves,14,38,15,2,21,40,50,-10,47,1.0526315789473684,1.3157894736842106,1.236842105263158,-0.2631578947368421,0.39473684210526316,20,0.3157894736842105,1.3473684210526318,0.7812499999999999,1.024
La Liga,2017-2018,Levante,15,38,11,13,14,44,58,-14,46,1.1578947368421053,1.5263157894736843,1.2105263157894737,-0.3684210526315789,0.2894736842105263,20,0.26315789473684215,1.3473684210526318,0.8593749999999999,0.8827586206896553
La Liga,2017-2018,Ath Bilbao,16,38,10,13,15,41,49,-8,43,1.0789473684210527,1.2894736842105263,1.131578947368421,-0.21052631578947367,0.2631578947368421,20,0.21052631578947367,1.3473684210526318,0.8007812499999999,1.0448979591836736
La Liga,2017-2018,Leganes,17,38,12,7,19,34,51,-17,43,0.8947368421052632,1.3421052631578947,1.131578947368421,-0.4473684210526316,0.3157894736842105,20,0.1578947368421053,1.3473684210526318,0.6640624999999999,1.0039215686274512
La Liga,2017-2018,La Coruna,18,38,6,11,21,38,76,-38,29,1.0,2.0,0.7631578947368421,-1.0,0.15789473684210525,20,0.10526315789473684,1.3473684210526318,0.7421874999999999,0.6736842105263159
La Liga,2017-2018,Las Palmas,19,38,5,7,26,24,74,-50,22,0.631578947368421,1.9473684210526316,0.5789473684210527,-1.3157894736842106,0.13157894736842105,20,0.052631578947368474,1.3473684210526318,0.4687499999999999,0.6918918918918919
La Liga,2017-2018,Malaga,20,38,5,5,28,24,61,-37,20,0.631578947368421,1.605263157894737,0.5263157894736842,-0.9736842105263158,0.13157894736842105,20,0.0,1.3473684210526318,0.4687499999999999,0.8393442622950821
Ligue 1,2017-2018,Paris SG,1,38,29,6,3,108,29,79,93,2.8421052631578947,0.7631578947368421,2.4473684210526314,2.0789473684210527,0.7631578947368421,20,1.0,1.3592105263157894,2.090997095837367,1.7810344827586206
Ligue 1,2017-2018,Monaco,2,38,24,8,6,85,45,40,80,2.236842105263158,1.1842105263157894,2.1052631578947367,1.0526315789473684,0.631578947368421,20,0.9473684210526316,1.3592105263157894,1.6456921587608908,1.1477777777777778
Ligue 1,2017-2018,Lyon,3,38,23,9,6,87,43,44,78,2.289473684210526,1.131578947368421,2.0526315789473686,1.1578947368421053,0.6052631578947368,20,0.8947368421052632,1.3592105263157894,1.6844143272023233,1.2011627906976745
Ligue 1,2017-2018,Marseille,4,38,22,11,5,80,47,33,77,2.1052631578947367,1.236842105263158,2.026315789473684,0.868421052631579,0.5789473684210527,20,0.8421052631578947,1.3592105263157894,1.5488867376573088,1.0989361702127658
Ligue 1,2017-2018,Rennes,5,38,16,10,12,50,44,6,58,1.3157894736842106,1.1578947368421053,1.5263157894736843,0.15789473684210525,0.42105263157894735,20,0.7894736842105263,1.3592105263157894,0.9680542110358181,1.1738636363636363
Ligue 1,2017-2018,Bordeaux,6,38,16,7,15,53,48,5,55,1.394736842105263,1.263157894736842,1.4473684210526316,0.13157894736842105,0.42105263157894735,20,0.736842105263158,1.3592105263157894,1.026137463697967,1.0760416666666668
Ligue 1,2017-2018,St Etienne,7,38,15,10,13,47,50,-3,55,1.236842105263158,1.3157894736842106,1.4473684210526316,-0.07894736842105263,0.39473684210526316,20,0.6842105263157895,1.3592105263157894,0.909970958373669,1.033
Ligue 1,2017-2018,Nice,8,38,15,9,14,53,52,1,54,1.394736842105263,1.368421052631579,1.4210526315789473,0.02631578947368421,0.39473684210526316,20,0.631578947368421,1.3592105263157894,1.026137463697967,0.9932692307692307
Ligue 1,2017-2018,Nantes,9,38,14,10,14,36,41,-5,52,0.9473684210526315,1.0789473684210527,1.368421052631579,-0.13157894736842105,0.3684210526315789,20,0.5789473684210527,1.3592105263157894,0.6969990319457889,1.2597560975609756
Ligue 1,2017-2018,Montpellier,10,38,11,18,9,36,33,3,51,0.9473684210526315,0.868421052631579,1.3421052631578947,0.07894736842105263,0.2894736842105263,20,0.5263157894736843,1.3592105263157894,0.6969990319457889,1.565151515151515
Ligue 1,2017-2018,Dijon,11,38,13,9,16,55,73,-18,48,1.4473684210526316,1.9210526315789473,1.263157894736842,-0.47368421052631576,0.34210526315789475,20,0.4736842105263158,1.3592105263157894,1.0648596321394,0.7075342465753425
Ligue 1,2017-2018,Guingamp,12,38,12,11,15,48,59,-11,47,1.263157894736842,1.5526315789473684,1.236842105263158,-0.2894736842105263,0.3157894736842105,20,0.42105263157894735,1.3592105263157894,0.9293320425943853,0.8754237288135593
Ligue 1,2017-2018,Amiens,13,38,12,9,17,37,42,-5,45,0.9736842105263158,1.105263157894737,1.1842105263157894,-0.13157894736842105,0.3157894736842105,20,0.368421052631579,1.3592105263157894,0.7163601161665054,1.2297619047619046
Ligue 1,2017-2018,Angers,14,38,9,14,15,42,52,-10,41,1.105263157894737,1.368421052631579,1.0789473684210527,-0.2631578947368421,0.23684210526315788,20,0.3157894736842105,1.3592105263157894,0.8131655372700872,0.9932692307692307
Ligue 1,2017-2018,Strasbourg,15,38,9,11,18,44,67,-23,38,1.1578947368421053,1.763157894736842,1.0,-0.6052631578947368,0.23684210526315788,20,0.26315789473684215,1.3592105263157894,0.85188770571152,0.7708955223880597
Ligue 1,2017-2018,Caen,16,38,10,8,20,27,52,-25,38,0.7105263157894737,1.368421052631579,1.0,-0.6578947368421053,0.2631578947368421,20,0.21052631578947367,1.3592105263157894,0.5227492739593418,0.9932692307692307
Ligue 1,2017-2018,Lille,17,38,10,8,20,41,67,-26,38,1.0789473684210527,1.763157894736842,1.0,-0.6842105263157895,0.2631578947368421,20,0.1578947368421053,1.3592105263157894,0.7938044530493709,0.7708955223880597
Ligue 1,2017-2018,Toulouse,18,38,9,10,19,38,54,-16,37,1.0,1.4210526315789473,0.9736842105263158,-0.42105263157894735,0.23684210526315788,20,0.10526315789473684,1.3592105263157894,0.7357212003872217,0.9564814814814815
Ligue 1,2017-2018,Troyes,19,38,9,6,23,32,59,-27,33,0.8421052631578947,1.5526315789473684,0.868421052631579,-0.7105263157894737,0.23684210526315788,20,0.052631578947368474,1.3592105263157894,0.6195546950629235,0.8754237288135593
Ligue 1,2017-2018,Metz,20,38,6,8,24,34,76,-42,26,0.8947368421052632,2.0,0.6842105263157895,-1.105263157894737,0.15789473684210525,20,0.0,1.3592105263157894,0.6582768635043563,0.6796052631578947
Premier League,2017-2018,Man City,1,38,32,4,2,106,27,79,100,2.789473684210526,0.7105263157894737,2.6315789473684212,2.0789473684210527,0.8421052631578947,20,1.0,1.3394736842105264,2.0825147347740667,1.8851851851851853
Premier League,2017-2018,Man United,2,38,25,6,7,68,28,40,81,1.7894736842105263,0.7368421052631579,2.1315789473684212,1.0526315789473684,0.6578947368421053,20,0.9473684210526316,1.3394736842105264,1.3359528487229861,1.817857142857143
Premier League,2017-2018,Tottenham,3,38,23,8,7,74,36,38,77,1.9473684210526316,0.9473684210526315,2.026315789473684,1.0,0.6052631578947368,20,0.8947368421052632,1.3394736842105264,1.4538310412573674,1.413888888888889
Premier League,2017-2018,Liverpool,4,38,21,12,5,84,38,46,75,2.210526315789474,1.0,1.9736842105263157,1.2105263157894737,0.5526315789473685,20,0.8421052631578947,1.3394736842105264,1.650294695481336,1.3394736842105264
Premier League,2017-2018,Chelsea,5,38,21,7,10,62,38,24,70,1.631578947368421,1.0,1.8421052631578947,0.631578947368421,0.5526315789473685,20,0.7894736842105263,1.3394736842105264,1.218074656188605,1.3394736842105264
Premier League,2017-2018,Arsenal,6,38,19,6,13,74,51,23,63,1.9473684210526316,1.3421052631578947,1.6578947368421053,0.6052631578947368,0.5,20,0.736842105263158,1.3394736842105264,1.4538310412573674,0.9980392156862746
Premier League,2017-2018,Burnley,7,38,14,12,12,36,39,-3,54,0.9473684210526315,1.0263157894736843,1.4210526315789473,-0.07894736842105263,0.3684210526315789,20,0.6842105263157895,1.3394736842105264,0.7072691552062867,1.3051282051282052
Premier League,2017-2018,Everton,8,38,13,10,15,44,58,-14,49,1.1578947368421053,1.5263157894736843,1.2894736842105263,-0.3684210526315789,0.34210526315789475,20,0.631578947368421,1.3394736842105264,0.8644400785854617,0.8775862068965518
Premier League,2017-2018,Leicester,9,38,12,11,15,56,60,-4,47,1.4736842105263157,1.5789473684210527,1.236842105263158,-0.10526315789473684,0.3157894736842105,20,0.5789473684210527,1.3394736842105264,1.1001964636542239,0.8483333333333334
Premier League,2017-2018,Newcastle,10,38,12,8,18,39,47,-8,44,1.0263157894736843,1.236842105263158,1.1578947368421053,-0.21052631578947367,0.3157894736842105,20,0.5263157894736843,1.3394736842105264,0.7662082514734775,1.0829787234042554
Premier League,2017-2018,Crystal Palace,11,38,11,11,16,45,55,-10,44,1.1842105263157894,1.4473684210526316,1.1578947368421053,-0.2631578947368421,0.2894736842105263,20,0.4736842105263158,1.3394736842105264,0.8840864440078584,0.9254545454545454
Premier League,2017-2018,Bournemouth,12,38,11,11,16,45,61,-16,44,1.1842105263157894,1.605263157894737,1.1578947368421053,-0.42105263157894735,0.2894736842105263,20,0.42105263157894735,1.3394736842105264,0.8840864440078584,0.8344262295081967
Premier League,2017-2018,West Ham,13,38,10,12,16,48,68,-20,42,1.263157894736842,1.7894736842105263,1.105263157894737,-0.5263157894736842,0.2631578947368421,20,0.368421052631579,1.3394736842105264,0.943025540275049,0.7485294117647059
Premier League,2017-2018,Watford,14,38,11,8,19,44,64,-20,41,1.1578947368421053,1.6842105263157894,1.0789473684210527,-0.5263157894736842,0.2894736842105263,20,0.3157894736842105,1.3394736842105264,0.8644400785854617,0.7953125000000001
Premier League,2017-2018,Brighton,15,38,9,13,16,34,54,-20,40,0.8947368421052632,1.4210526315789473,1.0526315789473684,-0.5263157894736842,0.23684210526315788,20,0.26315789473684215,1.3394736842105264,0.6679764243614931,0.9425925925925926
Premier League,2017-2018,Huddersfield,16,38,9,10,19,28,58,-30,37,0.7368421052631579,1.5263157894736843,0.9736842105263158,-0.7894736842105263,0.23684210526315788,20,0.21052631578947367,1.3394736842105264,0.5500982318271119,0.8775862068965518
Premier League,2017-2018,Southampton,17,38,7,15,16,37,56,-19,36,0.9736842105263158,1.4736842105263157,0.9473684210526315,-0.5,0.18421052631578946,20,0.1578947368421053,1.3394736842105264,0.7269155206286837,0.9089285714285715
Premier League,2017-2018,Swansea,18,38,8,9,21,28,56,-28,33,0.7368421052631579,1.4736842105263157,0.868421052631579,-0.7368421052631579,0.21052631578947367,20,0.10526315789473684,1.3394736842105264,0.5500982318271119,0.9089285714285715
Premier League,2017-2018,Stoke,19,38,7,12,19,35,68,-33,33,0.9210526315789473,1.7894736842105263,0.868421052631579,-0.868421052631579,0.18421052631578946,20,0.052631578947368474,1.3394736842105264,0.6876227897838899,0.7485294117647059
Premier League,2017-2018,West Brom,20,38,6,13,19,31,56,-25,31,0.8157894736842105,1.4736842105263157,0.8157894736842105,-0.6578947368421053,0.15789473684210525,20,0.0,1.3394736842105264,0.6090373280943026,0.9089285714285715
Serie A,2017-2018,Juventus,1,38,30,5,3,86,24,62,95,2.263157894736842,0.631578947368421,2.5,1.631578947368421,0.7894736842105263,20,1.0,1.3381578947368422,1.6912487708947883,2.1187500000000004
Serie A,2017-2018,Napoli,2,38,28,7,3,77,29,48,91,2.026315789473684,0.7631578947368421,2.3947368421052633,1.263157894736842,0.7368421052631579,20,0.9473684210526316,1.3381578947368422,1.5142576204523104,1.753448275862069
Serie A,2017-2018,Roma,3,38,23,8,7,61,28,33,77,1.605263157894737,0.7368421052631579,2.026315789473684,0.868421052631579,0.6052631578947368,20,0.8947368421052632,1.3381578947368422,1.19960668633235,1.8160714285714288
Serie A,2017-2018,Lazio,4,38,21,9,8,89,49,40,72,2.3421052631578947,1.2894736842105263,1.894736842105263,1.0526315789473684,0.5526315789473685,20,0.8421052631578947,1.3381578947368422,1.750245821042281,1.0377551020408164
Serie A,2017-2018,Inter,5,38,20,12,6,66,30,36,72,1.736842105263158,0.7894736842105263,1.894736842105263,0.9473684210526315,0.5263157894736842,20,0.7894736842105263,1.3381578947368422,1.2979351032448376,1.695
Serie A,2017-2018,Milan,6,38,18,10,10,56,42,14,64,1.4736842105263157,1.105263157894737,1.6842105263157894,0.3684210526315789,0.47368421052631576,20,0.736842105263158,1.3381578947368422,1.1012782694198622,1.2107142857142856
Serie A,2017-2018,Atalanta,7,38,16,12,10,57,39,18,60,1.5,1.0263157894736843,1.5789473684210527,0.47368421052631576,0.42105263157894735,20,0.6842105263157895,1.3381578947368422,1.1209439528023597,1.3038461538461539
Serie A,2017-2018,Fiorentina,8,38,16,9,13,54,46,8,57,1.4210526315789473,1.2105263157894737,1.5,0.21052631578947367,0.42105263157894735,20,0.631578947368421,1.3381578947368422,1.0619469026548671,1.1054347826086957
Serie A,2017-2018,Torino,9,38,13,15,10,54,46,8,54,1.4210526315789473,1.2105263157894737,1.4210526315789473,0.21052631578947367,0.34210526315789475,20,0.5789473684210527,1.3381578947368422,1.0619469026548671,1.1054347826086957
Serie A,2017-2018,Sampdoria,10,38,16,6,16,56,60,-4,54,1.4736842105263157,1.5789473684210527,1.4210526315789473,-0.10526315789473684,0.42105263157894735,20,0.5263157894736843,1.3381578947368422,1.1012782694198622,0.8475
Serie A,2017-2018,Sassuolo,11,38,11,10,17,29,59,-30,43,0.7631578947368421,1.5526315789473684,1.131578947368421,-0.7894736842105263,0.2894736842105263,20,0.4736842105263158,1.3381578947368422,0.5703048180924287,0.8618644067796611
Serie A,2017-2018,Genoa,12,38,11,8,19,33,43,-10,41,0.868421052631579,1.131578947368421,1.0789473684210527,-0.2631578947368421,0.2894736842105263,20,0.42105263157894735,1.3381578947368422,0.6489675516224188,1.1825581395348839
Serie A,2017-2018,Udinese,13,38,12,4,22,48,63,-15,40,1.263157894736842,1.6578947368421053,1.0526315789473684,-0.39473684210526316,0.3157894736842105,20,0.368421052631579,1.3381578947368422,0.9439528023598819,0.8071428571428572
Serie A,2017-2018,Chievo,14,38,10,10,18,36,59,-23,40,0.9473684210526315,1.5526315789473684,1.0526315789473684,-0.6052631578947368,0.2631578947368421,20,0.3157894736842105,1.3381578947368422,0.7079646017699114,0.8618644067796611
Serie A,2017-2018,Bologna,15,38,11,6,21,40,52,-12,39,1.0526315789473684,1.368421052631579,1.0263157894736843,-0.3157894736842105,0.2894736842105263,20,0.26315789473684215,1.3381578947368422,0.7866273352999016,0.9778846153846155
Serie A,2017-2018,Cagliari,16,38,11,6,21,33,61,-28,39,0.868421052631579,1.605263157894737,1.0263157894736843,-0.7368421052631579,0.2894736842105263,20,0.21052631578947367,1.3381578947368422,0.6489675516224188,0.8336065573770491
Serie A,2017-2018,Spal,17,38,8,14,16,39,59,-20,38,1.0263157894736843,1.5526315789473684,1.0,-0.5263157894736842,0.21052631578947367,20,0.1578947368421053,1.3381578947368422,0.7669616519174042,0.8618644067796611
Serie A,2017-2018,Crotone,18,38,9,8,21,40,66,-26,35,1.0526315789473684,1.736842105263158,0.9210526315789473,-0.6842105263157895,0.23684210526315788,20,0.10526315789473684,1.3381578947368422,0.7866273352999016,0.7704545454545455
Serie A,2017-2018,Verona,19,38,7,4,27,30,78,-48,25,0.7894736842105263,2.0526315789473686,0.6578947368421053,-1.263157894736842,0.18421052631578946,20,0.052631578947368474,1.3381578947368422,0.5899705014749262,0.6519230769230769
Serie A,2017-2018,Benevento,20,38,6,3,29,33,84,-51,21,0.868421052631579,2.210526315789474,0.5526315789473685,-1.3421052631578947,0.15789473684210525,20,0.0,1.3381578947368422,0.6489675516224188,0.6053571428571428
Bundesliga,2018-2019,Bayern Munich,1,34,24,6,4,88,32,56,78,2.588235294117647,0.9411764705882353,2.2941176470588234,1.6470588235294117,0.7058823529411765,18,1.0,1.5898692810457515,1.627954779033916,1.689236111111111
Bundesliga,2018-2019,Dortmund,2,34,23,7,4,81,44,37,76,2.3823529411764706,1.2941176470588236,2.235294117647059,1.088235294117647,0.6764705882352942,18,0.9411764705882353,1.5898692810457515,1.498458376156218,1.2285353535353534
Bundesliga,2018-2019,RB Leipzig,3,34,19,9,6,63,29,34,66,1.8529411764705883,0.8529411764705882,1.9411764705882353,1.0,0.5588235294117647,18,0.8823529411764706,1.5898692810457515,1.1654676258992807,1.8639846743295019
Bundesliga,2018-2019,Leverkusen,4,34,18,4,12,69,52,17,58,2.0294117647058822,1.5294117647058822,1.7058823529411764,0.5,0.5294117647058824,18,0.8235294117647058,1.5898692810457515,1.276464542651593,1.0395299145299146
Bundesliga,2018-2019,M'gladbach,5,34,16,7,11,55,42,13,55,1.6176470588235294,1.2352941176470589,1.6176470588235294,0.38235294117647056,0.47058823529411764,18,0.7647058823529411,1.5898692810457515,1.0174717368961974,1.287037037037037
Bundesliga,2018-2019,Wolfsburg,6,34,16,7,11,62,50,12,55,1.8235294117647058,1.4705882352941178,1.6176470588235294,0.35294117647058826,0.47058823529411764,18,0.7058823529411764,1.5898692810457515,1.1469681397738951,1.081111111111111
Bundesliga,2018-2019,Ein Frankfurt,7,34,15,9,10,60,48,12,54,1.7647058823529411,1.411764705882353,1.588235294117647,0.35294117647058826,0.4411764705882353,18,0.6470588235294117,1.5898692810457515,1.1099691675231245,1.1261574074074072
Bundesliga,2018-2019,Werder Bremen,8,34,14,11,9,58,49,9,53,1.7058823529411764,1.4411764705882353,1.5588235294117647,0.2647058823529412,0.4117647058823529,18,0.5882352941176471,1.5898692810457515,1.0729701952723536,1.103174603174603
Bundesliga,2018-2019,Hoffenheim,9,34,13,12,9,70,52,18,51,2.0588235294117645,1.5294117647058822,1.5,0.5294117647058824,0.38235294117647056,18,0.5294117647058824,1.5898692810457515,1.2949640287769784,1.0395299145299146
Bundesliga,2018-2019,Fortuna Dusseldorf,10,34,13,5,16,49,65,-16,44,1.4411764705882353,1.911764705882353,1.2941176470588236,-0.47058823529411764,0.38235294117647056,18,0.47058823529411764,1.5898692810457515,0.9064748201438849,0.8316239316239316
Bundesliga,2018-2019,Hertha,11,34,11,10,13,49,57,-8,43,1.4411764705882353,1.6764705882352942,1.2647058823529411,-0.23529411764705882,0.3235294117647059,18,0.4117647058823529,1.5898692810457515,0.9064748201438849,0.9483430799220273
Bundesliga,2018-2019,Mainz,12,34,12,7,15,46,57,-11,43,1.3529411764705883,1.6764705882352942,1.2647058823529411,-0.3235294117647059,0.35294117647058826,18,0.3529411764705882,1.5898692810457515,0.8509763617677287,0.9483430799220273
Bundesliga,2018-2019,Freiburg,13,34,8,12,14,46,61,-15,36,1.3529411764705883,1.7941176470588236,1.0588235294117647,-0.4411764705882353,0.23529411764705882,18,0.2941176470588235,1.5898692810457515,0.8509763617677287,0.8861566484517304
Bundesliga,2018-2019,Schalke 04,14,34,8,9,17,37,55,-18,33,1.088235294117647,1.6176470588235294,0.9705882352941176,-0.5294117647058824,0.23529411764705882,18,0.23529411764705888,1.5898692810457515,0.68448098663926,0.9828282828282827
Bundesliga,2018-2019,Augsburg,15,34,8,8,18,51,71,-20,32,1.5,2.088235294117647,0.9411764705882353,-0.5882352941176471,0.23529411764705882,18,0.17647058823529416,1.5898692810457515,0.9434737923946558,0.7613458528951486
Bundesliga,2018-2019,Stuttgart,16,34,7,7,20,32,70,-38,28,0.9411764705882353,2.0588235294117645,0.8235294117647058,-1.1176470588235294,0.20588235294117646,18,0.11764705882352944,1.5898692810457515,0.591983556012333,0.7722222222222223
Bundesliga,2018-2019,Hannover,17,34,5,6,23,31,71,-40,21,0.9117647058823529,2.088235294117647,0.6176470588235294,-1.1764705882352942,0.14705882352941177,18,0.05882352941176472,1.5898692810457515,0.5734840698869476,0.7613458528951486
Bundesliga,2018-2019,Nurnberg,18,34,3,10,21,26,68,-42,19,0.7647058823529411,2.0,0.5588235294117647,-1.2352941176470589,0.08823529411764706,18,0.0,1.5898692810457515,0.48098663926002055,0.7949346405228758
La Liga,2018-2019,Barcelona,1,38,26,9,3,90,36,54,87,2.3684210526315788,0.9473684210526315,2.289473684210526,1.4210526315789473,0.6842105263157895,20,1.0,1.293421052631579,1.8311291963377414,1.365277777777778
La Liga,2018-2019,Ath Madrid,2,38,22,10,6,55,29,26,76,1.4473684210526316,0.7631578947368421,2.0,0.6842105263157895,0.5789473684210527,20,0.9473684210526316,1.293421052631579,1.1190233977619533,1.6948275862068967
La Liga,2018-2019,Real Madrid,3,38,21,5,12,63,46,17,68,1.6578947368421053,1.2105263157894737,1.7894736842105263,0.4473684210526316,0.5526315789473685,20,0.8947368421052632,1.293421052631579,1.281790437436419,1.0684782608695653
La Liga,2018-2019,Valencia,4,38,15,16,7,51,35,16,61,1.3421052631578947,0.9210526315789473,1.605263157894737,0.42105263157894735,0.39473684210526316,20,0.8421052631578947,1.293421052631579,1.0376398779247202,1.4042857142857144
La Liga,2018-2019,Sevilla,5,38,17,8,13,62,47,15,59,1.631578947368421,1.236842105263158,1.5526315789473684,0.39473684210526316,0.4473684210526316,20,0.7894736842105263,1.293421052631579,1.2614445574771107,1.0457446808510638
La Liga,2018-2019,Getafe,6,38,15,14,9,48,35,13,59,1.263157894736842,0.9210526315789473,1.5526315789473684,0.34210526315789475,0.39473684210526316,20,0.736842105263158,1.293421052631579,0.9766022380467954,1.4042857142857144
La Liga,2018-2019,Espanol,7,38,14,11,13,48,50,-2,53,1.263157894736842,1.3157894736842106,1.394736842105263,-0.05263157894736842,0.3684210526315789,20,0.6842105263157895,1.293421052631579,0.9766022380467954,0.983
La Liga,2018-2019,Ath Bilbao,8,38,13,14,11,41,45,-4,53,1.0789473684210527,1.1842105263157894,1.394736842105263,-0.10526315789473684,0.34210526315789475,20,0.631578947368421,1.293421052631579,0.8341810783316378,1.0922222222222224
La Liga,2018-2019,Sociedad,9,38,13,11,14,45,46,-1,50,1.1842105263157894,1.2105263157894737,1.3157894736842106,-0.02631578947368421,0.34210526315789475,20,0.5789473684210527,1.293421052631579,0.9155645981688707,1.0684782608695653
La Liga,2018-2019,Betis,10,38,14,8,16,44,52,-8,50,1.1578947368421053,1.368421052631579,1.3157894736842106,-0.21052631578947367,0.3684210526315789,20,0.5263157894736843,1.293421052631579,0.8952187182095626,0.9451923076923078
La Liga,2018-2019,Alaves,11,38,13,11,14,39,50,-11,50,1.0263157894736843,1.3157894736842106,1.3157894736842106,-0.2894736842105263,0.34210526315789475,20,0.4736842105263158,1.293421052631579,0.7934893184130214,0.983
La Liga,2018-2019,Eibar,12,38,11,14,13,46,50,-4,47,1.2105263157894737,1.3157894736842106,1.236842105263158,-0.10526315789473684,0.2894736842105263,20,0.42105263157894735,1.293421052631579,0.935910478128179,0.983
La Liga,2018-2019,Leganes,13,38,11,12,15,37,43,-6,45,0.9736842105263158,1.131578947368421,1.1842105263157894,-0.15789473684210525,0.2894736842105263,20,0.368421052631579,1.293421052631579,0.7527975584944049,1.1430232558139537
La Liga,2018-2019,Villarreal,14,38,10,14,14,49,52,-3,44,1.2894736842105263,1.368421052631579,1.1578947368421053,-0.07894736842105263,0.2631578947368421,20,0.3157894736842105,1.293421052631579,0.9969481180061037,0.9451923076923078
La Liga,2018-2019,Levante,15,38,11,11,16,59,66,-7,44,1.5526315789473684,1.736842105263158,1.1578947368421053,-0.18421052631578946,0.2894736842105263,20,0.26315789473684215,1.293421052631579,1.200406917599186,0.7446969696969697
La Liga,2018-2019,Celta,16,38,10,11,17,53,62,-9,41,1.394736842105263,1.631578947368421,1.0789473684210527,-0.23684210526315788,0.2631578947368421,20,0.21052631578947367,1.293421052631579,1.0783316378433365,0.7927419354838711
La Liga,2018-2019,Valladolid,17,38,10,11,17,32,51,-19,41,0.8421052631578947,1.3421052631578947,1.0789473684210527,-0.5,0.2631578947368421,20,0.1578947368421053,1.293421052631579,0.6510681586978636,0.9637254901960786
La Liga,2018-2019,Girona,18,38,9,10,19,37,53,-16,37,0.9736842105263158,1.394736842105263,0.9736842105263158,-0.42105263157894735,0.23684210526315788,20,0.10526315789473684,1.293421052631579,0.7527975584944049,0.9273584905660378
La Liga,2018-2019,Huesca,19,38,7,12,19,43,65,-22,33,1.131578947368421,1.7105263157894737,0.868421052631579,-0.5789473684210527,0.18421052631578946,20,0.052631578947368474,1.293421052631579,0.8748728382502542,0.7561538461538462
La Liga,2018-2019,Vallecano,20,38,8,8,22,41,70,-29,32,1.0789473684210527,1.8421052631578947,0.8421052631578947,-0.7631578947368421,0.21052631578947367,20,0.0,1.293421052631579,0.8341810783316378,0.7021428571428572
Ligue 1,2018-2019,Paris SG,1,38,29,4,5,105,35,70,91,2.763157894736842,0.9210526315789473,2.3947368421052633,1.8421052631578947,0.7631578947368421,20,1.0,1.2789473684210526,2.1604938271604937,1.3885714285714286
Ligue 1,2018-2019,Lille,2,38,22,9,7,68,33,35,75,1.7894736842105263,0.868421052631579,1.9736842105263157,0.9210526315789473,0.5789473684210527,20,0.9473684210526316,1.2789473684210526,1.3991769547325104,1.4727272727272727
Ligue 1,2018-2019,Lyon,3,38,21,9,8,70,47,23,72,1.8421052631578947,1.236842105263158,1.894736842105263,0.6052631578947368,0.5526315789473685,20,0.8947368421052632,1.2789473684210526,1.4403292181069958,1.0340425531914892
Ligue 1,2018-2019,St Etienne,4,38,19,9,10,59,41,18,66,1.5526315789473684,1.0789473684210527,1.736842105263158,0.47368421052631576,0.5,20,0.8421052631578947,1.2789473684210526,1.213991769547325,1.1853658536585365
Ligue 1,2018-2019,Marseille,5,38,18,7,13,60,52,8,61,1.5789473684210527,1.368421052631579,1.605263157894737,0.21052631578947367,0.47368421052631576,20,0.7894736842105263,1.2789473684210526,1.2345679012345678,0.9346153846153846
Ligue 1,2018-2019,Montpellier,6,38,15,14,9,53,42,11,59,1.394736842105263,1.105263157894737,1.5526315789473684,0.2894736842105263,0.39473684210526316,20,0.736842105263158,1.2789473684210526,1.0905349794238683,1.157142857142857
Ligue 1,2018-2019,Nice,7,38,15,11,12,30,35,-5,56,0.7894736842105263,0.9210526315789473,1.4736842105263157,-0.13157894736842105,0.39473684210526316,20,0.6842105263157895,1.2789473684210526,0.6172839506172839,1.3885714285714286
Ligue 1,2018-2019,Reims,8,38,13,16,9,39,42,-3,55,1.0263157894736843,1.105263157894737,1.4473684210526316,-0.07894736842105263,0.34210526315789475,20,0.631578947368421,1.2789473684210526,0.8024691358024693,1.157142857142857
Ligue 1,2018-2019,Nimes,9,38,15,8,15,57,58,-1,53,1.5,1.5263157894736843,1.394736842105263,-0.02631578947368421,0.39473684210526316,20,0.5789473684210527,1.2789473684210526,1.1728395061728396,0.8379310344827585
Ligue 1,2018-2019,Rennes,10,38,13,13,12,55,52,3,52,1.4473684210526316,1.368421052631579,1.368421052631579,0.07894736842105263,0.34210526315789475,20,0.5263157894736843,1.2789473684210526,1.131687242798354,0.9346153846153846
Ligue 1,2018-2019,Strasbourg,11,38,11,16,11,58,48,10,49,1.5263157894736843,1.263157894736842,1.2894736842105263,0.2631578947368421,0.2894736842105263,20,0.4736842105263158,1.2789473684210526,1.1934156378600824,1.0125
Ligue 1,2018-2019,Nantes,12,38,13,9,16,48,48,0,48,1.263157894736842,1.263157894736842,1.263157894736842,0.0,0.34210526315789475,20,0.42105263157894735,1.2789473684210526,0.9876543209876543,1.0125
Ligue 1,2018-2019,Angers,13,38,10,16,12,44,49,-5,46,1.1578947368421053,1.2894736842105263,1.2105263157894737,-0.13157894736842105,0.2631578947368421,20,0.368421052631579,1.2789473684210526,0.9053497942386832,0.9918367346938776
Ligue 1,2018-2019,Bordeaux,14,38,10,11,17,34,42,-8,41,0.8947368421052632,1.105263157894737,1.0789473684210527,-0.21052631578947367,0.2631578947368421,20,0.3157894736842105,1.2789473684210526,0.6995884773662552,1.157142857142857
Ligue 1,2018-2019,Amiens,15,38,9,11,18,31,52,-21,38,0.8157894736842105,1.368421052631579,1.0,-0.5526315789473685,0.23684210526315788,20,0.26315789473684215,1.2789473684210526,0.6378600823045267,0.9346153846153846
Ligue 1,2018-2019,Toulouse,16,38,8,14,16,35,57,-22,38,0.9210526315789473,1.5,1.0,-0.5789473684210527,0.21052631578947367,20,0.21052631578947367,1.2789473684210526,0.7201646090534979,0.8526315789473684
Ligue 1,2018-2019,Monaco,17,38,8,12,18,38,57,-19,36,1.0,1.5,0.9473684210526315,-0.5,0.21052631578947367,20,0.1578947368421053,1.2789473684210526,0.7818930041152263,0.8526315789473684
Ligue 1,2018-2019,Dijon,18,38,9,7,22,31,60,-29,34,0.8157894736842105,1.5789473684210527,0.8947368421052632,-0.7631578947368421,0.23684210526315788,20,0.10526315789473684,1.2789473684210526,0.6378600823045267,0.8099999999999999
Ligue 1,2018-2019,Caen,19,38,7,12,19,29,54,-25,33,0.7631578947368421,1.4210526315789473,0.868421052631579,-0.6578947368421053,0.18421052631578946,20,0.052631578947368474,1.2789473684210526,0.5967078189300412,0.9
Ligue 1,2018-2019,Guingamp,20,38,5,12,21,28,68,-40,27,0.7368421052631579,1.7894736842105263,0.7105263157894737,-1.0526315789473684,0.13157894736842105,20,0.0,1.2789473684210526,0.5761316872427983,0.7147058823529412
Premier League,2018-2019,Man City,1,38,32,2,4,95,23,72,98,2.5,0.6052631578947368,2.5789473684210527,1.894736842105263,0.8421052631578947,20,1.0,1.4105263157894736,1.7723880597014927,2.3304347826086955
Premier League,2018-2019,Liverpool,2,38,30,7,1,89,22,67,97,2.3421052631578947,0.5789473684210527,2.5526315789473686,1.763157894736842,0.7894736842105263,20,0.9473684210526316,1.4105263157894736,1.6604477611940298,2.436363636363636
Premier League,2018-2019,Chelsea,3,38,21,9,8,63,39,24,72,1.6578947368421053,1.0263157894736843,1.894736842105263,0.631578947368421,0.5526315789473685,20,0.8947368421052632,1.4105263157894736,1.1753731343283582,1.3743589743589741
Premier League,2018-2019,Tottenham,4,38,23,2,13,67,39,28,71,1.763157894736842,1.0263157894736843,1.868421052631579,0.7368421052631579,0.6052631578947368,20,0.8421052631578947,1.4105263157894736,1.25,1.3743589743589741
Premier League,2018-2019,Arsenal,5,38,21,7,10,73,51,22,70,1.9210526315789473,1.3421052631578947,1.8421052631578947,0.5789473684210527,0.5526315789473685,20,0.7894736842105263,1.4105263157894736,1.3619402985074627,1.0509803921568628
Premier League,2018-2019,Man United,6,38,19,9,10,65,54,11,66,1.7105263157894737,1.4210526315789473,1.736842105263158,0.2894736842105263,0.5,20,0.736842105263158,1.4105263157894736,1.212686567164179,0.9925925925925926
Premier League,2018-2019,Wolves,7,38,16,9,13,47,46,1,57,1.236842105263158,1.2105263157894737,1.5,0.02631578947368421,0.42105263157894735,20,0.6842105263157895,1.4105263157894736,0.8768656716417911,1.1652173913043478
Premier League,2018-2019,Everton,8,38,15,9,14,54,46,8,54,1.4210526315789473,1.2105263157894737,1.4210526315789473,0.21052631578947367,0.39473684210526316,20,0.631578947368421,1.4105263157894736,1.0074626865671643,1.1652173913043478
Premier League,2018-2019,Leicester,9,38,15,7,16,51,48,3,52,1.3421052631578947,1.263157894736842,1.368421052631579,0.07894736842105263,0.39473684210526316,20,0.5789473684210527,1.4105263157894736,0.9514925373134329,1.1166666666666667
Premier League,2018-2019,West Ham,10,38,15,7,16,52,55,-3,52,1.368421052631579,1.4473684210526316,1.368421052631579,-0.07894736842105263,0.39473684210526316,20,0.5263157894736843,1.4105263157894736,0.9701492537313433,0.9745454545454545
Premier League,2018-2019,Watford,11,38,14,8,16,52,59,-7,50,1.368421052631579,1.5526315789473684,1.3157894736842106,-0.18421052631578946,0.3684210526315789,20,0.4736842105263158,1.4105263157894736,0.9701492537313433,0.9084745762711864
Premier League,2018-2019,Crystal Palace,12,38,14,7,17,51,53,-2,49,1.3421052631578947,1.394736842105263,1.2894736842105263,-0.05263157894736842,0.3684210526315789,20,0.42105263157894735,1.4105263157894736,0.9514925373134329,1.0113207547169811
Premier League,2018-2019,Newcastle,13,38,12,9,17,42,48,-6,45,1.105263157894737,1.263157894736842,1.1842105263157894,-0.15789473684210525,0.3157894736842105,20,0.368421052631579,1.4105263157894736,0.783582089552239,1.1166666666666667
Premier League,2018-2019,Bournemouth,14,38,13,6,19,56,70,-14,45,1.4736842105263157,1.8421052631578947,1.1842105263157894,-0.3684210526315789,0.34210526315789475,20,0.3157894736842105,1.4105263157894736,1.044776119402985,0.7657142857142857
Premier League,2018-2019,Burnley,15,38,11,7,20,45,68,-23,40,1.1842105263157894,1.7894736842105263,1.0526315789473684,-0.6052631578947368,0.2894736842105263,20,0.26315789473684215,1.4105263157894736,0.8395522388059701,0.788235294117647
Premier League,2018-2019,Southampton,16,38,9,12,17,45,65,-20,39,1.1842105263157894,1.7105263157894737,1.0263157894736843,-0.5263157894736842,0.23684210526315788,20,0.21052631578947367,1.4105263157894736,0.8395522388059701,0.8246153846153846
Premier League,2018-2019,Brighton,17,38,9,9,20,35,60,-25,36,0.9210526315789473,1.5789473684210527,0.9473684210526315,-0.6578947368421053,0.23684210526315788,20,0.1578947368421053,1.4105263157894736,0.6529850746268657,0.8933333333333333
Premier League,2018-2019,Cardiff,18,38,10,4,24,34,69,-35,34,0.8947368421052632,1.8157894736842106,0.8947368421052632,-0.9210526315789473,0.2631578947368421,20,0.10526315789473684,1.4105263157894736,0.6343283582089553,0.7768115942028985
Premier League,2018-2019,Fulham,19,38,7,5,26,34,81,-47,26,0.8947368421052632,2.1315789473684212,0.6842105263157895,-1.236842105263158,0.18421052631578946,20,0.052631578947368474,1.4105263157894736,0.6343283582089553,0.6617283950617283
Premier League,2018-2019,Huddersfield,20,38,3,7,28,22,76,-54,16,0.5789473684210527,2.0,0.42105263157894735,-1.4210526315789473,0.07894736842105263,20,0.0,1.4105263157894736,0.41044776119402987,0.7052631578947368
Serie A,2018-2019,Juventus,1,38,28,6,4,70,30,40,90,1.8421052631578947,0.7894736842105263,2.3684210526315788,1.0526315789473684,0.7368421052631579,20,1.0,1.3407894736842105,1.3738959764474976,1.6983333333333333
Serie A,2018-2019,Napoli,2,38,24,7,7,74,36,38,79,1.9473684210526316,0.9473684210526315,2.0789473684210527,1.0,0.631578947368421,20,0.9473684210526316,1.3407894736842105,1.452404317958783,1.4152777777777779
Serie A,2018-2019,Atalanta,3,38,20,9,9,77,46,31,69,2.026315789473684,1.2105263157894737,1.8157894736842106,0.8157894736842105,0.5263157894736842,20,0.8947368421052632,1.3407894736842105,1.5112855740922473,1.107608695652174
Serie A,2018-2019,Inter,4,38,20,9,9,57,33,24,69,1.5,0.868421052631579,1.8157894736842106,0.631578947368421,0.5263157894736842,20,0.8421052631578947,1.3407894736842105,1.1187438665358194,1.543939393939394
Serie A,2018-2019,Milan,5,38,19,11,8,55,36,19,68,1.4473684210526316,0.9473684210526315,1.7894736842105263,0.5,0.5,20,0.7894736842105263,1.3407894736842105,1.0794896957801767,1.4152777777777779
Serie A,2018-2019,Roma,6,38,18,12,8,66,48,18,66,1.736842105263158,1.263157894736842,1.736842105263158,0.47368421052631576,0.47368421052631576,20,0.736842105263158,1.3407894736842105,1.2953876349362121,1.0614583333333334
Serie A,2018-2019,Torino,7,38,16,15,7,52,37,15,63,1.368421052631579,0.9736842105263158,1.6578947368421053,0.39473684210526316,0.42105263157894735,20,0.6842105263157895,1.3407894736842105,1.0206084396467126,1.377027027027027
Serie A,2018-2019,Lazio,8,38,17,8,13,56,46,10,59,1.4736842105263157,1.2105263157894737,1.5526315789473684,0.2631578947368421,0.4473684210526316,20,0.631578947368421,1.3407894736842105,1.099116781157998,1.107608695652174
Serie A,2018-2019,Sampdoria,9,38,15,8,15,60,51,9,53,1.5789473684210527,1.3421052631578947,1.394736842105263,0.23684210526315788,0.39473684210526316,20,0.5789473684210527,1.3407894736842105,1.1776251226692835,0.9990196078431373
Serie A,2018-2019,Bologna,10,38,11,11,16,48,56,-8,44,1.263157894736842,1.4736842105263157,1.1578947368421053,-0.21052631578947367,0.2894736842105263,20,0.5263157894736843,1.3407894736842105,0.9421000981354268,0.9098214285714287
Serie A,2018-2019,Sassuolo,11,38,9,16,13,53,60,-7,43,1.394736842105263,1.5789473684210527,1.131578947368421,-0.18421052631578946,0.23684210526315788,20,0.4736842105263158,1.3407894736842105,1.0402355250245339,0.8491666666666666
Serie A,2018-2019,Udinese,12,38,11,10,17,39,53,-14,43,1.0263157894736843,1.394736842105263,1.131578947368421,-0.3684210526315789,0.2894736842105263,20,0.42105263157894735,1.3407894736842105,0.7654563297350344,0.9613207547169812
Serie A,2018-2019,Spal,13,38,11,9,18,44,56,-12,42,1.1578947368421053,1.4736842105263157,1.105263157894737,-0.3157894736842105,0.2894736842105263,20,0.368421052631579,1.3407894736842105,0.8635917566241413,0.9098214285714287
Serie A,2018-2019,Fiorentina,14,38,8,17,13,47,45,2,41,1.236842105263158,1.1842105263157894,1.0789473684210527,0.05263157894736842,0.21052631578947367,20,0.3157894736842105,1.3407894736842105,0.9224730127576055,1.1322222222222222
Serie A,2018-2019,Cagliari,15,38,10,11,17,36,54,-18,41,0.9473684210526315,1.4210526315789473,1.0789473684210527,-0.47368421052631576,0.2631578947368421,20,0.26315789473684215,1.3407894736842105,0.7065750736015701,0.9435185185185185
Serie A,2018-2019,Parma,16,38,10,11,17,41,61,-20,41,1.0789473684210527,1.605263157894737,1.0789473684210527,-0.5263157894736842,0.2631578947368421,20,0.21052631578947367,1.3407894736842105,0.8047105004906772,0.8352459016393442
Serie A,2018-2019,Genoa,17,38,8,14,16,39,57,-18,38,1.0263157894736843,1.5,1.0,-0.47368421052631576,0.21052631578947367,20,0.1578947368421053,1.3407894736842105,0.7654563297350344,0.893859649122807
Serie A,2018-2019,Empoli,18,38,10,8,20,51,70,-19,38,1.3421052631578947,1.8421052631578947,1.0,-0.5,0.2631578947368421,20,0.10526315789473684,1.3407894736842105,1.000981354268891,0.7278571428571429
Serie A,2018-2019,Frosinone,19,38,5,10,23,29,69,-40,25,0.7631578947368421,1.8157894736842106,0.6578947368421053,-1.0526315789473684,0.13157894736842105,20,0.052631578947368474,1.3407894736842105,0.5691854759568205,0.7384057971014493
Serie A,2018-2019,Chievo,20,38,2,14,22,25,75,-50,20,0.6578947368421053,1.9736842105263157,0.5263157894736842,-1.3157894736842106,0.05263157894736842,20,0.0,1.3407894736842105,0.49067713444553485,0.6793333333333333
Bundesliga,2019-2020,Bayern Munich,1,34,26,4,4,100,32,68,82,2.9411764705882355,0.9411764705882353,2.411764705882353,2.0,0.7647058823529411,18,1.0,1.6045751633986929,1.8329938900203666,1.7048611111111112
Bundesliga,2019-2020,Dortmund,2,34,21,6,7,84,41,43,69,2.4705882352941178,1.2058823529411764,2.0294117647058822,1.2647058823529411,0.6176470588235294,18,0.9411764705882353,1.6045751633986929,1.539714867617108,1.3306233062330624
Bundesliga,2019-2020,RB Leipzig,3,34,18,12,4,81,37,44,66,2.3823529411764706,1.088235294117647,1.9411764705882353,1.2941176470588236,0.5294117647058824,18,0.8823529411764706,1.6045751633986929,1.4847250509164969,1.4744744744744747
Bundesliga,2019-2020,M'gladbach,4,34,20,5,9,66,40,26,65,1.9411764705882353,1.1764705882352942,1.911764705882353,0.7647058823529411,0.5882352941176471,18,0.8235294117647058,1.6045751633986929,1.2097759674134418,1.363888888888889
Bundesliga,2019-2020,Leverkusen,5,34,19,6,9,61,44,17,63,1.7941176470588236,1.2941176470588236,1.8529411764705883,0.5,0.5588235294117647,18,0.7647058823529411,1.6045751633986929,1.1181262729124237,1.2398989898989898
Bundesliga,2019-2020,Hoffenheim,6,34,15,7,12,53,53,0,52,1.5588235294117647,1.5588235294117647,1.5294117647058822,0.0,0.4411764705882353,18,0.7058823529411764,1.6045751633986929,0.9714867617107943,1.029350104821803
Bundesliga,2019-2020,Wolfsburg,7,34,13,10,11,48,46,2,49,1.411764705882353,1.3529411764705883,1.4411764705882353,0.058823529411764705,0.38235294117647056,18,0.6470588235294117,1.6045751633986929,0.879837067209776,1.1859903381642511
Bundesliga,2019-2020,Freiburg,8,34,13,9,12,48,47,1,48,1.411764705882353,1.3823529411764706,1.411764705882353,0.029411764705882353,0.38235294117647056,18,0.5882352941176471,1.6045751633986929,0.879837067209776,1.160756501182033
Bundesliga,2019-2020,Ein Frankfurt,9,34,13,6,15,59,60,-1,45,1.7352941176470589,1.7647058823529411,1.3235294117647058,-0.029411764705882353,0.38235294117647056,18,0.5294117647058824,1.6045751633986929,1.0814663951120163,0.9092592592592593
Bundesliga,2019-2020,Hertha,10,34,11,8,15,48,59,-11,41,1.411764705882353,1.7352941176470589,1.2058823529411764,-0.3235294117647059,0.3235294117647059,18,0.47058823529411764,1.6045751633986929,0.879837067209776,0.9246704331450094
Bundesliga,2019-2020,Union Berlin,11,34,12,5,17,41,58,-17,41,1.2058823529411764,1.7058823529411764,1.2058823529411764,-0.5,0.35294117647058826,18,0.4117647058823529,1.6045751633986929,0.7515274949083502,0.9406130268199234
Bundesliga,2019-2020,Schalke 04,12,34,9,12,13,38,58,-20,39,1.1176470588235294,1.7058823529411764,1.1470588235294117,-0.5882352941176471,0.2647058823529412,18,0.3529411764705882,1.6045751633986929,0.6965376782077393,0.9406130268199234
Bundesliga,2019-2020,Mainz,13,34,11,4,19,44,65,-21,37,1.2941176470588236,1.911764705882353,1.088235294117647,-0.6176470588235294,0.3235294117647059,18,0.2941176470588235,1.6045751633986929,0.8065173116089613,0.8393162393162393
Bundesliga,2019-2020,FC Koln,14,34,10,6,18,51,69,-18,36,1.5,2.0294117647058822,1.0588235294117647,-0.5294117647058824,0.29411764705882354,18,0.23529411764705888,1.6045751633986929,0.9348268839103869,0.7906602254428342
Bundesliga,2019-2020,Augsburg,15,34,9,9,16,45,63,-18,36,1.3235294117647058,1.8529411764705883,1.0588235294117647,-0.5294117647058824,0.2647058823529412,18,0.17647058823529416,1.6045751633986929,0.8248472505091649,0.8659611992945326
Bundesliga,2019-2020,Werder Bremen,16,34,8,7,19,42,69,-27,31,1.2352941176470589,2.0294117647058822,0.9117647058823529,-0.7941176470588235,0.23529411764705882,18,0.11764705882352944,1.6045751633986929,0.769857433808554,0.7906602254428342
Bundesliga,2019-2020,Fortuna Dusseldorf,17,34,6,12,16,36,67,-31,30,1.0588235294117647,1.9705882352941178,0.8823529411764706,-0.9117647058823529,0.17647058823529413,18,0.05882352941176472,1.6045751633986929,0.6598778004073319,0.814262023217247
Bundesliga,2019-2020,Paderborn,18,34,4,8,22,37,74,-37,20,1.088235294117647,2.176470588235294,0.5882352941176471,-1.088235294117647,0.11764705882352941,18,0.0,1.6045751633986929,0.6782077393075355,0.7372372372372373
La Liga,2019-2020,Real Madrid,1,38,26,9,3,70,25,45,87,1.8421052631578947,0.6578947368421053,2.289473684210526,1.1842105263157894,0.6842105263157895,20,1.0,1.2394736842105263,1.4861995753715498,1.884
La Liga,2019-2020,Barcelona,2,38,25,7,6,86,38,48,82,2.263157894736842,1.0,2.1578947368421053,1.263157894736842,0.6578947368421053,20,0.9473684210526316,1.2394736842105263,1.8259023354564756,1.2394736842105263
La Liga,2019-2020,Ath Madrid,3,38,18,16,4,51,27,24,70,1.3421052631578947,0.7105263157894737,1.8421052631578947,0.631578947368421,0.47368421052631576,20,0.8947368421052632,1.2394736842105263,1.0828025477707006,1.7444444444444445
La Liga,2019-2020,Sevilla,4,38,19,13,6,54,34,20,70,1.4210526315789473,0.8947368421052632,1.8421052631578947,0.5263157894736842,0.5,20,0.8421052631578947,1.2394736842105263,1.1464968152866242,1.3852941176470588
La Liga,2019-2020,Villarreal,5,38,18,6,14,63,49,14,60,1.6578947368421053,1.2894736842105263,1.5789473684210527,0.3684210526315789,0.47368421052631576,20,0.7894736842105263,1.2394736842105263,1.337579617834395,0.9612244897959183
La Liga,2019-2020,Sociedad,6,38,16,8,14,56,48,8,56,1.4736842105263157,1.263157894736842,1.4736842105263157,0.21052631578947367,0.42105263157894735,20,0.736842105263158,1.2394736842105263,1.1889596602972399,0.9812500000000001
La Liga,2019-2020,Granada,7,38,16,8,14,52,45,7,56,1.368421052631579,1.1842105263157894,1.4736842105263157,0.18421052631578946,0.42105263157894735,20,0.6842105263157895,1.2394736842105263,1.1040339702760085,1.0466666666666666
La Liga,2019-2020,Getafe,8,38,14,12,12,43,37,6,54,1.131578947368421,0.9736842105263158,1.4210526315789473,0.15789473684210525,0.3684210526315789,20,0.631578947368421,1.2394736842105263,0.9129511677282378,1.2729729729729728
La Liga,2019-2020,Valencia,9,38,14,11,13,46,53,-7,53,1.2105263157894737,1.394736842105263,1.394736842105263,-0.18421052631578946,0.3684210526315789,20,0.5789473684210527,1.2394736842105263,0.9766454352441614,0.8886792452830189
La Liga,2019-2020,Osasuna,10,38,13,13,12,46,54,-8,52,1.2105263157894737,1.4210526315789473,1.368421052631579,-0.21052631578947367,0.34210526315789475,20,0.5263157894736843,1.2394736842105263,0.9766454352441614,0.8722222222222222
La Liga,2019-2020,Ath Bilbao,11,38,13,12,13,41,38,3,51,1.0789473684210527,1.0,1.3421052631578947,0.07894736842105263,0.34210526315789475,20,0.4736842105263158,1.2394736842105263,0.8704883227176221,1.2394736842105263
La Liga,2019-2020,Levante,12,38,14,7,17,47,53,-6,49,1.236842105263158,1.394736842105263,1.2894736842105263,-0.15789473684210525,0.3684210526315789,20,0.42105263157894735,1.2394736842105263,0.9978768577494693,0.8886792452830189
La Liga,2019-2020,Valladolid,13,38,9,15,14,32,43,-11,42,0.8421052631578947,1.131578947368421,1.105263157894737,-0.2894736842105263,0.23684210526315788,20,0.368421052631579,1.2394736842105263,0.6794055201698513,1.0953488372093023
La Liga,2019-2020,Eibar,14,38,11,9,18,39,56,-17,42,1.0263157894736843,1.4736842105263157,1.105263157894737,-0.4473684210526316,0.2894736842105263,20,0.3157894736842105,1.2394736842105263,0.8280254777070064,0.8410714285714286
La Liga,2019-2020,Betis,15,38,10,11,17,48,60,-12,41,1.263157894736842,1.5789473684210527,1.0789473684210527,-0.3157894736842105,0.2631578947368421,20,0.26315789473684215,1.2394736842105263,1.019108280254777,0.7849999999999999
La Liga,2019-2020,Alaves,16,38,10,9,19,34,59,-25,39,0.8947368421052632,1.5526315789473684,1.0263157894736843,-0.6578947368421053,0.2631578947368421,20,0.21052631578947367,1.2394736842105263,0.7218683651804672,0.7983050847457627
La Liga,2019-2020,Celta,17,38,7,16,15,37,49,-12,37,0.9736842105263158,1.2894736842105263,0.9736842105263158,-0.3157894736842105,0.18421052631578946,20,0.1578947368421053,1.2394736842105263,0.7855626326963907,0.9612244897959183
La Liga,2019-2020,Leganes,18,38,8,12,18,30,51,-21,36,0.7894736842105263,1.3421052631578947,0.9473684210526315,-0.5526315789473685,0.21052631578947367,20,0.10526315789473684,1.2394736842105263,0.6369426751592357,0.9235294117647059
La Liga,2019-2020,Mallorca,19,38,9,6,23,40,65,-25,33,1.0526315789473684,1.7105263157894737,0.868421052631579,-0.6578947368421053,0.23684210526315788,20,0.052631578947368474,1.2394736842105263,0.8492569002123141,0.7246153846153846
La Liga,2019-2020,Espanol,20,38,5,10,23,27,58,-31,25,0.7105263157894737,1.5263157894736843,0.6578947368421053,-0.8157894736842105,0.13157894736842105,20,0.0,1.2394736842105263,0.5732484076433121,0.8120689655172413
Ligue 1,2019-2020,Paris SG,1,27,22,2,3,75,24,51,68,2.7777777777777777,0.8888888888888888,2.5185185185185186,1.8888888888888888,0.8148148148148148,20,1.0,1.2642195767195767,2.1972273083965472,1.422247023809524
Ligue 1,2019-2020,Marseille,2,28,16,8,4,41,29,12,56,1.4642857142857142,1.0357142857142858,2.0,0.42857142857142855,0.5714285714285714,20,0.9473684210526316,1.2642195767195767,1.1582526811404654,1.220625798212005
Ligue 1,2019-2020,Rennes,3,28,15,5,8,38,24,14,50,1.3571428571428572,0.8571428571428571,1.7857142857142858,0.5,0.5357142857142857,20,0.8947368421052632,1.2642195767195767,1.0735024849594559,1.4749228395061729
Ligue 1,2019-2020,Lille,4,28,15,4,9,35,27,8,49,1.25,0.9642857142857143,1.75,0.2857142857142857,0.5357142857142857,20,0.8421052631578947,1.2642195767195767,0.9887522887784462,1.311042524005487
Ligue 1,2019-2020,Reims,5,28,10,11,7,26,21,5,41,0.9285714285714286,0.75,1.4642857142857142,0.17857142857142858,0.35714285714285715,20,0.7894736842105263,1.2642195767195767,0.7345017002354173,1.685626102292769
Ligue 1,2019-2020,Nice,6,28,11,8,9,41,38,3,41,1.4642857142857142,1.3571428571428572,1.4642857142857142,0.10714285714285714,0.39285714285714285,20,0.736842105263158,1.2642195767195767,1.1582526811404654,0.9315302144249512
Ligue 1,2019-2020,Lyon,7,28,11,7,10,42,27,15,40,1.5,0.9642857142857143,1.4285714285714286,0.5357142857142857,0.39285714285714285,20,0.6842105263157895,1.2642195767195767,1.1865027465341356,1.311042524005487
Ligue 1,2019-2020,Montpellier,8,28,11,7,10,35,34,1,40,1.25,1.2142857142857142,1.4285714285714286,0.03571428571428571,0.39285714285714285,20,0.631578947368421,1.2642195767195767,0.9887522887784462,1.0411220043572986
Ligue 1,2019-2020,Monaco,9,28,11,7,10,44,44,0,40,1.5714285714285714,1.5714285714285714,1.4285714285714286,0.0,0.39285714285714285,20,0.5789473684210527,1.2642195767195767,1.2430028773214752,0.804503367003367
Ligue 1,2019-2020,Angers,10,28,11,6,11,28,33,-5,39,1.0,1.1785714285714286,1.3928571428571428,-0.17857142857142858,0.39285714285714285,20,0.5263157894736843,1.2642195767195767,0.791001831022757,1.0726711560044893
Ligue 1,2019-2020,Strasbourg,11,27,11,5,11,32,32,0,38,1.1851851851851851,1.1851851851851851,1.4074074074074074,0.0,0.4074074074074074,20,0.4736842105263158,1.2642195767195767,0.9374836515825268,1.066685267857143
Ligue 1,2019-2020,Bordeaux,12,28,9,10,9,40,34,6,37,1.4285714285714286,1.2142857142857142,1.3214285714285714,0.21428571428571427,0.32142857142857145,20,0.42105263157894735,1.2642195767195767,1.1300026157467957,1.0411220043572986
Ligue 1,2019-2020,Nantes,13,28,11,4,13,28,31,-3,37,1.0,1.1071428571428572,1.3214285714285714,-0.10714285714285714,0.39285714285714285,20,0.368421052631579,1.2642195767195767,0.791001831022757,1.1418757467144562
Ligue 1,2019-2020,Brest,14,28,8,10,10,34,37,-3,34,1.2142857142857142,1.3214285714285714,1.2142857142857142,-0.10714285714285714,0.2857142857142857,20,0.3157894736842105,1.2642195767195767,0.9605022233847763,0.9567067067067068
Ligue 1,2019-2020,Metz,15,28,8,10,10,27,35,-8,34,0.9642857142857143,1.25,1.2142857142857142,-0.2857142857142857,0.2857142857142857,20,0.26315789473684215,1.2642195767195767,0.7627517656290871,1.0113756613756615
Ligue 1,2019-2020,Dijon,16,28,7,9,12,27,37,-10,30,0.9642857142857143,1.3214285714285714,1.0714285714285714,-0.35714285714285715,0.25,20,0.21052631578947367,1.2642195767195767,0.7627517656290871,0.9567067067067068
Ligue 1,2019-2020,St Etienne,17,28,8,6,14,29,45,-16,30,1.0357142857142858,1.6071428571428572,1.0714285714285714,-0.5714285714285714,0.2857142857142857,20,0.1578947368421053,1.2642195767195767,0.8192518964164269,0.7866255144032922
Ligue 1,2019-2020,Nimes,18,28,7,6,15,29,44,-15,27,1.0357142857142858,1.5714285714285714,0.9642857142857143,-0.5357142857142857,0.25,20,0.10526315789473684,1.2642195767195767,0.8192518964164269,0.804503367003367
Ligue 1,2019-2020,Amiens,19,28,4,11,13,31,50,-19,23,1.1071428571428572,1.7857142857142858,0.8214285714285714,-0.6785714285714286,0.14285714285714285,20,0.052631578947368474,1.2642195767195767,0.8757520272037667,0.7079629629629629
Ligue 1,2019-2020,Toulouse,20,28,3,4,21,22,58,-36,13,0.7857142857142857,2.0714285714285716,0.4642857142857143,-1.2857142857142858,0.10714285714285714,20,0.0,1.2642195767195767,0.6215014386607376,0.6103128991060025
Premier League,2019-2020,Liverpool,1,38,32,3,3,85,33,52,99,2.236842105263158,0.868421052631579,2.6052631578947367,1.368421052631579,0.8421052631578947,20,1.0,1.3605263157894736,1.6441005802707933,1.5666666666666664
Premier League,2019-2020,Man City,2,38,26,3,9,102,35,67,81,2.6842105263157894,0.9210526315789473,2.1315789473684212,1.763157894736842,0.6842105263157895,20,0.9473684210526316,1.3605263157894736,1.9729206963249517,1.477142857142857
Premier League,2019-2020,Man United,3,38,18,12,8,66,36,30,66,1.736842105263158,0.9473684210526315,1.736842105263158,0.7894736842105263,0.47368421052631576,20,0.8947368421052632,1.3605263157894736,1.2765957446808511,1.4361111111111111
Premier League,2019-2020,Chelsea,4,38,20,6,12,69,54,15,66,1.8157894736842106,1.4210526315789473,1.736842105263158,0.39473684210526316,0.5263157894736842,20,0.8421052631578947,1.3605263157894736,1.3346228239845264,0.9574074074074074
Premier League,2019-2020,Leicester,5,38,18,8,12,67,41,26,62,1.763157894736842,1.0789473684210527,1.631578947368421,0.6842105263157895,0.47368421052631576,20,0.7894736842105263,1.3605263157894736,1.2959381044487428,1.2609756097560973
Premier League,2019-2020,Tottenham,6,38,16,11,11,61,47,14,59,1.605263157894737,1.236842105263158,1.5526315789473684,0.3684210526315789,0.42105263157894735,20,0.736842105263158,1.3605263157894736,1.1798839458413928,1.0999999999999999
Premier League,2019-2020,Wolves,7,38,15,14,9,51,40,11,59,1.3421052631578947,1.0526315789473684,1.5526315789473684,0.2894736842105263,0.39473684210526316,20,0.6842105263157895,1.3605263157894736,0.9864603481624759,1.2925
Premier League,2019-2020,Arsenal,8,38,14,14,10,56,48,8,56,1.4736842105263157,1.263157894736842,1.4736842105263157,0.21052631578947367,0.3684210526315789,20,0.631578947368421,1.3605263157894736,1.0831721470019342,1.0770833333333334
Premier League,2019-2020,Sheffield United,9,38,14,12,12,39,39,0,54,1.0263157894736843,1.0263157894736843,1.4210526315789473,0.0,0.3684210526315789,20,0.5789473684210527,1.3605263157894736,0.7543520309477757,1.3256410256410254
Premier League,2019-2020,Burnley,10,38,15,9,14,43,50,-7,54,1.131578947368421,1.3157894736842106,1.4210526315789473,-0.18421052631578946,0.39473684210526316,20,0.5263157894736843,1.3605263157894736,0.8317214700193424,1.0339999999999998
Premier League,2019-2020,Southampton,11,38,15,7,16,51,60,-9,52,1.3421052631578947,1.5789473684210527,1.368421052631579,-0.23684210526315788,0.39473684210526316,20,0.4736842105263158,1.3605263157894736,0.9864603481624759,0.8616666666666666
Premier League,2019-2020,Everton,12,38,13,10,15,44,56,-12,49,1.1578947368421053,1.4736842105263157,1.2894736842105263,-0.3157894736842105,0.34210526315789475,20,0.42105263157894735,1.3605263157894736,0.8510638297872342,0.9232142857142857
Premier League,2019-2020,Newcastle,13,38,11,11,16,38,58,-20,44,1.0,1.5263157894736843,1.1578947368421053,-0.5263157894736842,0.2894736842105263,20,0.368421052631579,1.3605263157894736,0.735009671179884,0.8913793103448274
Premier League,2019-2020,Crystal Palace,14,38,11,10,17,31,50,-19,43,0.8157894736842105,1.3157894736842106,1.131578947368421,-0.5,0.2894736842105263,20,0.3157894736842105,1.3605263157894736,0.5996131528046422,1.0339999999999998
Premier League,2019-2020,Brighton,15,38,9,14,15,39,54,-15,41,1.0263157894736843,1.4210526315789473,1.0789473684210527,-0.39473684210526316,0.23684210526315788,20,0.26315789473684215,1.3605263157894736,0.7543520309477757,0.9574074074074074
Premier League,2019-2020,West Ham,16,38,10,9,19,49,62,-13,39,1.2894736842105263,1.631578947368421,1.0263157894736843,-0.34210526315789475,0.2631578947368421,20,0.21052631578947367,1.3605263157894736,0.9477756286266925,0.8338709677419355
Premier League,2019-2020,Aston Villa,17,38,9,8,21,41,67,-26,35,1.0789473684210527,1.763157894736842,0.9210526315789473,-0.6842105263157895,0.23684210526315788,20,0.1578947368421053,1.3605263157894736,0.793036750483559,0.7716417910447761
Premier League,2019-2020,Bournemouth,18,38,9,7,22,40,65,-25,34,1.0526315789473684,1.7105263157894737,0.8947368421052632,-0.6578947368421053,0.23684210526315788,20,0.10526315789473684,1.3605263157894736,0.7736943907156674,0.7953846153846154
Premier League,2019-2020,Watford,19,38,8,10,20,36,64,-28,34,0.9473684210526315,1.6842105263157894,0.8947368421052632,-0.7368421052631579,0.21052631578947367,20,0.052631578947368474,1.3605263157894736,0.6963249516441006,0.8078124999999999
Premier League,2019-2020,Norwich,20,38,5,6,27,26,75,-49,21,0.6842105263157895,1.9736842105263157,0.5526315789473685,-1.2894736842105263,0.13157894736842105,20,0.0,1.3605263157894736,0.5029013539651838,0.6893333333333334
Serie A,2019-2020,Juventus,1,38,26,5,7,76,43,33,83,2.0,1.131578947368421,2.1842105263157894,0.868421052631579,0.6842105263157895,20,1.0,1.518421052631579,1.317157712305026,1.341860465116279
Serie A,2019-2020,Inter,2,38,24,10,4,81,36,45,82,2.1315789473684212,0.9473684210526315,2.1578947368421053,1.1842105263157894,0.631578947368421,20,0.9473684210526316,1.518421052631579,1.4038128249566726,1.6027777777777779
Serie A,2019-2020,Atalanta,3,38,23,9,6,98,48,50,78,2.5789473684210527,1.263157894736842,2.0526315789473686,1.3157894736842106,0.6052631578947368,20,0.8947368421052632,1.518421052631579,1.6984402079722705,1.2020833333333334
Serie A,2019-2020,Lazio,4,38,24,6,8,79,42,37,78,2.0789473684210527,1.105263157894737,2.0526315789473686,0.9736842105263158,0.631578947368421,20,0.8421052631578947,1.518421052631579,1.3691507798960139,1.3738095238095236
Serie A,2019-2020,Roma,5,38,21,7,10,77,51,26,70,2.026315789473684,1.3421052631578947,1.8421052631578947,0.6842105263157895,0.5526315789473685,20,0.7894736842105263,1.518421052631579,1.3344887348353554,1.1313725490196078
Serie A,2019-2020,Milan,6,38,19,9,10,63,46,17,66,1.6578947368421053,1.2105263157894737,1.736842105263158,0.4473684210526316,0.5,20,0.736842105263158,1.518421052631579,1.0918544194107453,1.2543478260869565
Serie A,2019-2020,Napoli,7,38,18,8,12,61,50,11,62,1.605263157894737,1.3157894736842106,1.631578947368421,0.2894736842105263,0.47368421052631576,20,0.6842105263157895,1.518421052631579,1.0571923743500868,1.154
Serie A,2019-2020,Sassuolo,8,38,14,9,15,69,63,6,51,1.8157894736842106,1.6578947368421053,1.3421052631578947,0.15789473684210525,0.3684210526315789,20,0.631578947368421,1.518421052631579,1.195840554592721,0.9158730158730158
Serie A,2019-2020,Fiorentina,9,38,12,13,13,51,48,3,49,1.3421052631578947,1.263157894736842,1.2894736842105263,0.07894736842105263,0.3157894736842105,20,0.5789473684210527,1.518421052631579,0.8838821490467937,1.2020833333333334
Serie A,2019-2020,Parma,10,38,14,7,17,56,57,-1,49,1.4736842105263157,1.5,1.2894736842105263,-0.02631578947368421,0.3684210526315789,20,0.5263157894736843,1.518421052631579,0.9705372616984402,1.012280701754386
Serie A,2019-2020,Verona,11,38,12,13,13,47,51,-4,49,1.236842105263158,1.3421052631578947,1.2894736842105263,-0.10526315789473684,0.3157894736842105,20,0.4736842105263158,1.518421052631579,0.8145580589254767,1.1313725490196078
Serie A,2019-2020,Bologna,12,38,12,11,15,52,65,-13,47,1.368421052631579,1.7105263157894737,1.236842105263158,-0.34210526315789475,0.3157894736842105,20,0.42105263157894735,1.518421052631579,0.9012131715771231,0.8876923076923077
Serie A,2019-2020,Cagliari,13,38,11,12,15,52,56,-4,45,1.368421052631579,1.4736842105263157,1.1842105263157894,-0.10526315789473684,0.2894736842105263,20,0.368421052631579,1.518421052631579,0.9012131715771231,1.030357142857143
Serie A,2019-2020,Udinese,14,38,12,9,17,37,51,-14,45,0.9736842105263158,1.3421052631578947,1.1842105263157894,-0.3684210526315789,0.3157894736842105,20,0.3157894736842105,1.518421052631579,0.6412478336221837,1.1313725490196078
Serie A,2019-2020,Sampdoria,15,38,12,6,20,48,65,-17,42,1.263157894736842,1.7105263157894737,1.105263157894737,-0.4473684210526316,0.3157894736842105,20,0.26315789473684215,1.518421052631579,0.8318890814558059,0.8876923076923077
Serie A,2019-2020,Torino,16,38,11,7,20,46,68,-22,40,1.2105263157894737,1.7894736842105263,1.0526315789473684,-0.5789473684210527,0.2894736842105263,20,0.21052631578947367,1.518421052631579,0.7972270363951474,0.8485294117647059
Serie A,2019-2020,Genoa,17,38,10,9,19,47,73,-26,39,1.236842105263158,1.9210526315789473,1.0263157894736843,-0.6842105263157895,0.2631578947368421,20,0.1578947368421053,1.518421052631579,0.8145580589254767,0.7904109589041096
Serie A,2019-2020,Lecce,18,38,9,8,21,52,85,-33,35,1.368421052631579,2.236842105263158,0.9210526315789473,-0.868421052631579,0.23684210526315788,20,0.10526315789473684,1.518421052631579,0.9012131715771231,0.6788235294117647
Serie A,2019-2020,Brescia,19,38,6,7,25,35,79,-44,25,0.9210526315789473,2.0789473684210527,0.6578947368421053,-1.1578947368421053,0.15789473684210525,20,0.052631578947368474,1.518421052631579,0.6065857885615251,0.730379746835443
Serie A,2019-2020,Spal,20,38,5,5,28,27,77,-50,20,0.7105263157894737,2.026315789473684,0.5263157894736842,-1.3157894736842106,0.13157894736842105,20,0.0,1.518421052631579,0.4679376083188908,0.7493506493506493
Bundesliga,2020-2021,Bayern Munich,1,34,24,6,4,99,44,55,78,2.911764705882353,1.2941176470588236,2.2941176470588234,1.6176470588235294,0.7058823529411765,18,1.0,1.5163398692810457,1.9202586206896552,1.1717171717171717
Bundesliga,2020-2021,RB Leipzig,2,34,19,8,7,60,32,28,65,1.7647058823529411,0.9411764705882353,1.911764705882353,0.8235294117647058,0.5588235294117647,18,0.9411764705882353,1.5163398692810457,1.1637931034482758,1.6111111111111112
Bundesliga,2020-2021,Dortmund,3,34,20,4,10,75,46,29,64,2.2058823529411766,1.3529411764705883,1.8823529411764706,0.8529411764705882,0.5882352941176471,18,0.8823529411764706,1.5163398692810457,1.454741379310345,1.1207729468599033
Bundesliga,2020-2021,Wolfsburg,4,34,17,10,7,61,37,24,61,1.7941176470588236,1.088235294117647,1.7941176470588236,0.7058823529411765,0.5,18,0.8235294117647058,1.5163398692810457,1.183189655172414,1.3933933933933935
Bundesliga,2020-2021,Ein Frankfurt,5,34,16,12,6,69,53,16,60,2.0294117647058822,1.5588235294117647,1.7647058823529411,0.47058823529411764,0.47058823529411764,18,0.7647058823529411,1.5163398692810457,1.3383620689655171,0.9727463312368972
Bundesliga,2020-2021,Leverkusen,6,34,14,10,10,53,39,14,52,1.5588235294117647,1.1470588235294117,1.5294117647058822,0.4117647058823529,0.4117647058823529,18,0.7058823529411764,1.5163398692810457,1.0280172413793105,1.321937321937322
Bundesliga,2020-2021,Union Berlin,7,34,12,14,8,50,43,7,50,1.4705882352941178,1.2647058823529411,1.4705882352941178,0.20588235294117646,0.35294117647058826,18,0.6470588235294117,1.5163398692810457,0.9698275862068967,1.198966408268734
Bundesliga,2020-2021,M'gladbach,8,34,13,10,11,64,56,8,49,1.8823529411764706,1.6470588235294117,1.4411764705882353,0.23529411764705882,0.38235294117647056,18,0.5882352941176471,1.5163398692810457,1.2413793103448276,0.9206349206349207
Bundesliga,2020-2021,Stuttgart,9,34,12,9,13,56,55,1,45,1.6470588235294117,1.6176470588235294,1.3235294117647058,0.029411764705882353,0.35294117647058826,18,0.5294117647058824,1.5163398692810457,1.0862068965517242,0.9373737373737373
Bundesliga,2020-2021,Freiburg,10,34,12,9,13,52,52,0,45,1.5294117647058822,1.5294117647058822,1.3235294117647058,0.0,0.35294117647058826,18,0.47058823529411764,1.5163398692810457,1.0086206896551724,0.9914529914529915
Bundesliga,2020-2021,Hoffenheim,11,34,11,10,13,52,54,-2,43,1.5294117647058822,1.588235294117647,1.2647058823529411,-0.058823529411764705,0.3235294117647059,18,0.4117647058823529,1.5163398692810457,1.0086206896551724,0.9547325102880658
Bundesliga,2020-2021,Mainz,12,34,10,9,15,39,56,-17,39,1.1470588235294117,1.6470588235294117,1.1470588235294117,-0.5,0.29411764705882354,18,0.3529411764705882,1.5163398692810457,0.7564655172413793,0.9206349206349207
Bundesliga,2020-2021,Augsburg,13,34,10,6,18,36,54,-18,36,1.0588235294117647,1.588235294117647,1.0588235294117647,-0.5294117647058824,0.29411764705882354,18,0.2941176470588235,1.5163398692810457,0.6982758620689655,0.9547325102880658
Bundesliga,2020-2021,Hertha,14,34,8,11,15,41,52,-11,35,1.2058823529411764,1.5294117647058822,1.0294117647058822,-0.3235294117647059,0.23529411764705882,18,0.23529411764705888,1.5163398692810457,0.7952586206896551,0.9914529914529915
Bundesliga,2020-2021,Bielefeld,15,34,9,8,17,26,52,-26,35,0.7647058823529411,1.5294117647058822,1.0294117647058822,-0.7647058823529411,0.2647058823529412,18,0.17647058823529416,1.5163398692810457,0.5043103448275862,0.9914529914529915
Bundesliga,2020-2021,FC Koln,16,34,8,9,17,34,60,-26,33,1.0,1.7647058823529411,0.9705882352941176,-0.7647058823529411,0.23529411764705882,18,0.11764705882352944,1.5163398692810457,0.6594827586206897,0.8592592592592593
Bundesliga,2020-2021,Werder Bremen,17,34,7,10,17,36,57,-21,31,1.0588235294117647,1.6764705882352942,0.9117647058823529,-0.6176470588235294,0.20588235294117646,18,0.05882352941176472,1.5163398692810457,0.6982758620689655,0.9044834307992202
Bundesliga,2020-2021,Schalke 04,18,34,3,7,24,25,86,-61,16,0.7352941176470589,2.5294117647058822,0.47058823529411764,-1.7941176470588236,0.08823529411764706,18,0.0,1.5163398692810457,0.48491379310344834,0.599483204134367
La Liga,2020-2021,Ath Madrid,1,38,26,8,4,67,25,42,86,1.763157894736842,0.6578947368421053,2.263157894736842,1.105263157894737,0.6842105263157895,20,1.0,1.2539473684210525,1.4060860440713538,1.9059999999999997
La Liga,2020-2021,Real Madrid,2,38,25,9,4,67,28,39,84,1.763157894736842,0.7368421052631579,2.210526315789474,1.0263157894736843,0.6578947368421053,20,0.9473684210526316,1.2539473684210525,1.4060860440713538,1.7017857142857142
La Liga,2020-2021,Barcelona,3,38,24,7,7,85,38,47,79,2.236842105263158,1.0,2.0789473684210527,1.236842105263158,0.631578947368421,20,0.8947368421052632,1.2539473684210525,1.783840503672613,1.2539473684210525
La Liga,2020-2021,Sevilla,4,38,24,5,9,53,33,20,77,1.394736842105263,0.868421052631579,2.026315789473684,0.5263157894736842,0.631578947368421,20,0.8421052631578947,1.2539473684210525,1.1122770199370409,1.4439393939393936
La Liga,2020-2021,Sociedad,5,38,17,11,10,59,38,21,62,1.5526315789473684,1.0,1.631578947368421,0.5526315789473685,0.4473684210526316,20,0.7894736842105263,1.2539473684210525,1.2381951731374607,1.2539473684210525
La Liga,2020-2021,Betis,6,38,17,10,11,50,50,0,61,1.3157894736842106,1.3157894736842106,1.605263157894737,0.0,0.4473684210526316,20,0.736842105263158,1.2539473684210525,1.0493179433368314,0.9529999999999998
La Liga,2020-2021,Villarreal,7,38,15,13,10,60,44,16,58,1.5789473684210527,1.1578947368421053,1.5263157894736843,0.42105263157894735,0.39473684210526316,20,0.6842105263157895,1.2539473684210525,1.2591815320041975,1.0829545454545453
La Liga,2020-2021,Celta,8,38,14,11,13,55,57,-2,53,1.4473684210526316,1.5,1.394736842105263,-0.05263157894736842,0.3684210526315789,20,0.631578947368421,1.2539473684210525,1.1542497376705143,0.8359649122807017
La Liga,2020-2021,Ath Bilbao,9,38,11,13,14,46,42,4,46,1.2105263157894737,1.105263157894737,1.2105263157894737,0.10526315789473684,0.2894736842105263,20,0.5789473684210527,1.2539473684210525,0.9653725078698847,1.1345238095238093
La Liga,2020-2021,Granada,10,38,13,7,18,47,65,-18,46,1.236842105263158,1.7105263157894737,1.2105263157894737,-0.47368421052631576,0.34210526315789475,20,0.5263157894736843,1.2539473684210525,0.9863588667366213,0.733076923076923
La Liga,2020-2021,Osasuna,11,38,11,11,16,37,48,-11,44,0.9736842105263158,1.263157894736842,1.1578947368421053,-0.2894736842105263,0.2894736842105263,20,0.4736842105263158,1.2539473684210525,0.7764952780692551,0.9927083333333333
La Liga,2020-2021,Cadiz,12,38,11,11,16,36,58,-22,44,0.9473684210526315,1.5263157894736843,1.1578947368421053,-0.5789473684210527,0.2894736842105263,20,0.42105263157894735,1.2539473684210525,0.7555089192025184,0.8215517241379309
La Liga,2020-2021,Valencia,13,38,10,13,15,50,53,-3,43,1.3157894736842106,1.394736842105263,1.131578947368421,-0.07894736842105263,0.2631578947368421,20,0.368421052631579,1.2539473684210525,1.0493179433368314,0.8990566037735849
La Liga,2020-2021,Levante,14,38,9,14,15,46,57,-11,41,1.2105263157894737,1.5,1.0789473684210527,-0.2894736842105263,0.23684210526315788,20,0.3157894736842105,1.2539473684210525,0.9653725078698847,0.8359649122807017
La Liga,2020-2021,Getafe,15,38,9,11,18,28,43,-15,38,0.7368421052631579,1.131578947368421,1.0,-0.39473684210526316,0.23684210526315788,20,0.26315789473684215,1.2539473684210525,0.5876180482686254,1.1081395348837209
La Liga,2020-2021,Alaves,16,38,9,11,18,36,57,-21,38,0.9473684210526315,1.5,1.0,-0.5526315789473685,0.23684210526315788,20,0.21052631578947367,1.2539473684210525,0.7555089192025184,0.8359649122807017
La Liga,2020-2021,Elche,17,38,8,12,18,34,55,-21,36,0.8947368421052632,1.4473684210526316,0.9473684210526315,-0.5526315789473685,0.21052631578947367,20,0.1578947368421053,1.2539473684210525,0.7135362014690452,0.8663636363636362
La Liga,2020-2021,Huesca,18,38,7,13,18,34,53,-19,34,0.8947368421052632,1.394736842105263,0.8947368421052632,-0.5,0.18421052631578946,20,0.10526315789473684,1.2539473684210525,0.7135362014690452,0.8990566037735849
La Liga,2020-2021,Valladolid,19,38,5,16,17,34,57,-23,31,0.8947368421052632,1.5,0.8157894736842105,-0.6052631578947368,0.13157894736842105,20,0.052631578947368474,1.2539473684210525,0.7135362014690452,0.8359649122807017
La Liga,2020-2021,Eibar,20,38,6,12,20,29,52,-23,30,0.7631578947368421,1.368421052631579,0.7894736842105263,-0.6052631578947368,0.15789473684210525,20,0.0,1.2539473684210525,0.6086044071353621,0.9163461538461537
Ligue 1,2020-2021,Lille,1,38,24,11,3,64,23,41,83,1.6842105263157894,0.6052631578947368,2.1842105263157894,1.0789473684210527,0.631578947368421,20,1.0,1.3802631578947369,1.2202097235462344,2.2804347826086957
Ligue 1,2020-2021,Paris SG,2,38,26,4,8,86,28,58,82,2.263157894736842,0.7368421052631579,2.1578947368421053,1.5263157894736843,0.6842105263157895,20,0.9473684210526316,1.3802631578947369,1.6396568160152525,1.873214285714286
Ligue 1,2020-2021,Monaco,3,38,24,6,8,76,42,34,78,2.0,1.105263157894737,2.0526315789473686,0.8947368421052632,0.631578947368421,20,0.8947368421052632,1.3802631578947369,1.4489990467111535,1.2488095238095238
Ligue 1,2020-2021,Lyon,4,38,22,10,6,81,43,38,76,2.1315789473684212,1.131578947368421,2.0,1.0,0.5789473684210527,20,0.8421052631578947,1.3802631578947369,1.5443279313632032,1.2197674418604652
Ligue 1,2020-2021,Marseille,5,38,16,12,10,54,47,7,60,1.4210526315789473,1.236842105263158,1.5789473684210527,0.18421052631578946,0.42105263157894735,20,0.7894736842105263,1.3802631578947369,1.0295519542421354,1.1159574468085105
Ligue 1,2020-2021,Rennes,6,38,16,10,12,52,40,12,58,1.368421052631579,1.0526315789473684,1.5263157894736843,0.3157894736842105,0.42105263157894735,20,0.736842105263158,1.3802631578947369,0.9914204003813155,1.31125
Ligue 1,2020-2021,Lens,7,38,15,12,11,55,54,1,57,1.4473684210526316,1.4210526315789473,1.5,0.02631578947368421,0.39473684210526316,20,0.6842105263157895,1.3802631578947369,1.0486177311725453,0.9712962962962963
Ligue 1,2020-2021,Montpellier,8,38,14,12,12,60,62,-2,54,1.5789473684210527,1.631578947368421,1.4210526315789473,-0.05263157894736842,0.3684210526315789,20,0.631578947368421,1.3802631578947369,1.1439466158245948,0.8459677419354839
Ligue 1,2020-2021,Nice,9,38,15,7,16,50,53,-3,52,1.3157894736842106,1.394736842105263,1.368421052631579,-0.07894736842105263,0.39473684210526316,20,0.5789473684210527,1.3802631578947369,0.9532888465204957,0.989622641509434
Ligue 1,2020-2021,Metz,10,38,12,11,15,44,48,-4,47,1.1578947368421053,1.263157894736842,1.236842105263158,-0.10526315789473684,0.3157894736842105,20,0.5263157894736843,1.3802631578947369,0.8388941849380362,1.0927083333333334
Ligue 1,2020-2021,St Etienne,11,38,12,10,16,42,54,-12,46,1.105263157894737,1.4210526315789473,1.2105263157894737,-0.3157894736842105,0.3157894736842105,20,0.4736842105263158,1.3802631578947369,0.8007626310772165,0.9712962962962963
Ligue 1,2020-2021,Bordeaux,12,38,13,6,19,42,56,-14,45,1.105263157894737,1.4736842105263157,1.1842105263157894,-0.3684210526315789,0.34210526315789475,20,0.42105263157894735,1.3802631578947369,0.8007626310772165,0.936607142857143
Ligue 1,2020-2021,Angers,13,38,12,8,18,40,58,-18,44,1.0526315789473684,1.5263157894736843,1.1578947368421053,-0.47368421052631576,0.3157894736842105,20,0.368421052631579,1.3802631578947369,0.7626310772163966,0.9043103448275862
Ligue 1,2020-2021,Reims,14,38,9,15,14,42,50,-8,42,1.105263157894737,1.3157894736842106,1.105263157894737,-0.21052631578947367,0.23684210526315788,20,0.3157894736842105,1.3802631578947369,0.8007626310772165,1.049
Ligue 1,2020-2021,Strasbourg,15,38,11,9,18,49,58,-9,42,1.2894736842105263,1.5263157894736843,1.105263157894737,-0.23684210526315788,0.2894736842105263,20,0.26315789473684215,1.3802631578947369,0.9342230695900858,0.9043103448275862
Ligue 1,2020-2021,Lorient,16,38,11,9,18,50,68,-18,42,1.3157894736842106,1.7894736842105263,1.105263157894737,-0.47368421052631576,0.2894736842105263,20,0.21052631578947367,1.3802631578947369,0.9532888465204957,0.7713235294117647
Ligue 1,2020-2021,Brest,17,38,11,8,19,50,66,-16,41,1.3157894736842106,1.736842105263158,1.0789473684210527,-0.42105263157894735,0.2894736842105263,20,0.1578947368421053,1.3802631578947369,0.9532888465204957,0.7946969696969697
Ligue 1,2020-2021,Nantes,18,38,9,13,16,47,55,-8,40,1.236842105263158,1.4473684210526316,1.0526315789473684,-0.21052631578947367,0.23684210526315788,20,0.10526315789473684,1.3802631578947369,0.896091515729266,0.9536363636363636
Ligue 1,2020-2021,Nimes,19,38,9,8,21,40,71,-31,35,1.0526315789473684,1.868421052631579,0.9210526315789473,-0.8157894736842105,0.23684210526315788,20,0.052631578947368474,1.3802631578947369,0.7626310772163966,0.7387323943661972
Ligue 1,2020-2021,Dijon,20,38,4,9,25,25,73,-48,21,0.6578947368421053,1.9210526315789473,0.5526315789473685,-1.263157894736842,0.10526315789473684,20,0.0,1.3802631578947369,0.47664442326024786,0.7184931506849315
Premier League,2020-2021,Man City,1,38,27,5,6,83,32,51,86,2.1842105263157894,0.8421052631578947,2.263157894736842,1.3421052631578947,0.7105263157894737,20,1.0,1.3473684210526315,1.62109375,1.6
Premier League,2020-2021,Man United,2,38,21,11,6,73,44,29,74,1.9210526315789473,1.1578947368421053,1.9473684210526316,0.7631578947368421,0.5526315789473685,20,0.9473684210526316,1.3473684210526315,1.42578125,1.1636363636363636
Premier League,2020-2021,Liverpool,3,38,20,9,9,68,42,26,69,1.7894736842105263,1.105263157894737,1.8157894736842106,0.6842105263157895,0.5263157894736842,20,0.8947368421052632,1.3473684210526315,1.328125,1.219047619047619
Premier League,2020-2021,Chelsea,4,38,19,10,9,58,36,22,67,1.5263157894736843,0.9473684210526315,1.763157894736842,0.5789473684210527,0.5,20,0.8421052631578947,1.3473684210526315,1.1328125,1.4222222222222223
Premier League,2020-2021,Leicester,5,38,20,6,12,68,50,18,66,1.7894736842105263,1.3157894736842106,1.736842105263158,0.47368421052631576,0.5263157894736842,20,0.7894736842105263,1.3473684210526315,1.328125,1.0239999999999998
Premier League,2020-2021,West Ham,6,38,19,8,11,62,47,15,65,1.631578947368421,1.236842105263158,1.7105263157894737,0.39473684210526316,0.5,20,0.736842105263158,1.3473684210526315,1.2109375,1.0893617021276596
Premier League,2020-2021,Tottenham,7,38,18,8,12,68,45,23,62,1.7894736842105263,1.1842105263157894,1.631578947368421,0.6052631578947368,0.47368421052631576,20,0.6842105263157895,1.3473684210526315,1.328125,1.1377777777777778
Premier League,2020-2021,Arsenal,8,38,18,7,13,55,39,16,61,1.4473684210526316,1.0263157894736843,1.605263157894737,0.42105263157894735,0.47368421052631576,20,0.631578947368421,1.3473684210526315,1.07421875,1.3128205128205126
Premier League,2020-2021,Leeds,9,38,18,5,15,62,54,8,59,1.631578947368421,1.4210526315789473,1.5526315789473684,0.21052631578947367,0.47368421052631576,20,0.5789473684210527,1.3473684210526315,1.2109375,0.9481481481481482
Premier League,2020-2021,Everton,10,38,17,8,13,47,48,-1,59,1.236842105263158,1.263157894736842,1.5526315789473684,-0.02631578947368421,0.4473684210526316,20,0.5263157894736843,1.3473684210526315,0.9179687500000001,1.0666666666666667
Premier League,2020-2021,Aston Villa,11,38,16,7,15,55,46,9,55,1.4473684210526316,1.2105263157894737,1.4473684210526316,0.23684210526315788,0.42105263157894735,20,0.4736842105263158,1.3473684210526315,1.07421875,1.1130434782608696
Premier League,2020-2021,Newcastle,12,38,12,9,17,46,62,-16,45,1.2105263157894737,1.631578947368421,1.1842105263157894,-0.42105263157894735,0.3157894736842105,20,0.42105263157894735,1.3473684210526315,0.8984375,0.8258064516129032
Premier League,2020-2021,Wolves,13,38,12,9,17,36,52,-16,45,0.9473684210526315,1.368421052631579,1.1842105263157894,-0.42105263157894735,0.3157894736842105,20,0.368421052631579,1.3473684210526315,0.703125,0.9846153846153846
Premier League,2020-2021,Crystal Palace,14,38,12,8,18,41,66,-25,44,1.0789473684210527,1.736842105263158,1.1578947368421053,-0.6578947368421053,0.3157894736842105,20,0.3157894736842105,1.3473684210526315,0.80078125,0.7757575757575758
Premier League,2020-2021,Southampton,15,38,12,7,19,47,68,-21,43,1.236842105263158,1.7894736842105263,1.131578947368421,-0.5526315789473685,0.3157894736842105,20,0.26315789473684215,1.3473684210526315,0.9179687500000001,0.7529411764705882
Premier League,2020-2021,Brighton,16,38,9,14,15,40,46,-6,41,1.0526315789473684,1.2105263157894737,1.0789473684210527,-0.15789473684210525,0.23684210526315788,20,0.21052631578947367,1.3473684210526315,0.78125,1.1130434782608696
Premier League,2020-2021,Burnley,17,38,10,9,19,33,55,-22,39,0.868421052631579,1.4473684210526316,1.0263157894736843,-0.5789473684210527,0.2631578947368421,20,0.1578947368421053,1.3473684210526315,0.64453125,0.9309090909090908
Premier League,2020-2021,Fulham,18,38,5,13,20,27,53,-26,28,0.7105263157894737,1.394736842105263,0.7368421052631579,-0.6842105263157895,0.13157894736842105,20,0.10526315789473684,1.3473684210526315,0.52734375,0.9660377358490566
Premier League,2020-2021,West Brom,19,38,5,11,22,35,76,-41,26,0.9210526315789473,2.0,0.6842105263157895,-1.0789473684210527,0.13157894736842105,20,0.052631578947368474,1.3473684210526315,0.68359375,0.6736842105263158
Premier League,2020-2021,Sheffield United,20,38,7,2,29,20,63,-43,23,0.5263157894736842,1.6578947368421053,0.6052631578947368,-1.131578947368421,0.18421052631578946,20,0.0,1.3473684210526315,0.390625,0.8126984126984127
Serie A,2020-2021,Inter,1,38,28,7,3,89,35,54,91,2.3421052631578947,0.9210526315789473,2.3947368421052633,1.4210526315789473,0.7368421052631579,20,1.0,1.5263157894736843,1.5344827586206895,1.6571428571428573
Serie A,2020-2021,Milan,2,38,24,7,7,74,41,33,79,1.9473684210526316,1.0789473684210527,2.0789473684210527,0.868421052631579,0.631578947368421,20,0.9473684210526316,1.5263157894736843,1.2758620689655171,1.4146341463414636
Serie A,2020-2021,Atalanta,3,38,23,9,6,90,47,43,78,2.3684210526315788,1.236842105263158,2.0526315789473686,1.131578947368421,0.6052631578947368,20,0.8947368421052632,1.5263157894736843,1.5517241379310343,1.2340425531914894
Serie A,2020-2021,Juventus,4,38,23,9,6,77,38,39,78,2.026315789473684,1.0,2.0526315789473686,1.0263157894736843,0.6052631578947368,20,0.8421052631578947,1.5263157894736843,1.3275862068965516,1.5263157894736843
Serie A,2020-2021,Napoli,5,38,24,5,9,86,41,45,77,2.263157894736842,1.0789473684210527,2.026315789473684,1.1842105263157894,0.631578947368421,20,0.7894736842105263,1.5263157894736843,1.482758620689655,1.4146341463414636
Serie A,2020-2021,Lazio,6,38,21,5,12,61,55,6,68,1.605263157894737,1.4473684210526316,1.7894736842105263,0.15789473684210525,0.5526315789473685,20,0.736842105263158,1.5263157894736843,1.0517241379310345,1.0545454545454545
Serie A,2020-2021,Roma,7,38,18,9,11,68,55,13,63,1.7894736842105263,1.4473684210526316,1.6578947368421053,0.34210526315789475,0.47368421052631576,20,0.6842105263157895,1.5263157894736843,1.1724137931034482,1.0545454545454545
Serie A,2020-2021,Sassuolo,8,38,17,11,10,64,56,8,62,1.6842105263157894,1.4736842105263157,1.631578947368421,0.21052631578947367,0.4473684210526316,20,0.631578947368421,1.5263157894736843,1.103448275862069,1.0357142857142858
Serie A,2020-2021,Sampdoria,9,38,15,7,16,52,54,-2,52,1.368421052631579,1.4210526315789473,1.368421052631579,-0.05263157894736842,0.39473684210526316,20,0.5789473684210527,1.5263157894736843,0.896551724137931,1.0740740740740742
Serie A,2020-2021,Verona,10,38,10,13,15,43,48,-5,43,1.131578947368421,1.263157894736842,1.131578947368421,-0.13157894736842105,0.2631578947368421,20,0.5263157894736843,1.5263157894736843,0.7413793103448275,1.2083333333333335
Serie A,2020-2021,Genoa,11,38,10,12,16,47,58,-11,42,1.236842105263158,1.5263157894736843,1.105263157894737,-0.2894736842105263,0.2631578947368421,20,0.4736842105263158,1.5263157894736843,0.8103448275862069,1.0
Serie A,2020-2021,Bologna,12,38,10,11,17,51,65,-14,41,1.3421052631578947,1.7105263157894737,1.0789473684210527,-0.3684210526315789,0.2631578947368421,20,0.42105263157894735,1.5263157894736843,0.8793103448275861,0.8923076923076924
Serie A,2020-2021,Fiorentina,13,38,9,13,16,47,59,-12,40,1.236842105263158,1.5526315789473684,1.0526315789473684,-0.3157894736842105,0.23684210526315788,20,0.368421052631579,1.5263157894736843,0.8103448275862069,0.9830508474576272
Serie A,2020-2021,Udinese,14,38,10,10,18,42,58,-16,40,1.105263157894737,1.5263157894736843,1.0526315789473684,-0.42105263157894735,0.2631578947368421,20,0.3157894736842105,1.5263157894736843,0.7241379310344828,1.0
Serie A,2020-2021,Spezia,15,38,9,12,17,52,72,-20,39,1.368421052631579,1.894736842105263,1.0263157894736843,-0.5263157894736842,0.23684210526315788,20,0.26315789473684215,1.5263157894736843,0.896551724137931,0.8055555555555557
Serie A,2020-2021,Cagliari,16,38,9,10,19,43,59,-16,37,1.131578947368421,1.5526315789473684,0.9736842105263158,-0.42105263157894735,0.23684210526315788,20,0.21052631578947367,1.5263157894736843,0.7413793103448275,0.9830508474576272
Serie A,2020-2021,Torino,17,38,7,16,15,50,69,-19,37,1.3157894736842106,1.8157894736842106,0.9736842105263158,-0.5,0.18421052631578946,20,0.1578947368421053,1.5263157894736843,0.8620689655172414,0.8405797101449275
Serie A,2020-2021,Benevento,18,38,7,12,19,40,75,-35,33,1.0526315789473684,1.9736842105263157,0.868421052631579,-0.9210526315789473,0.18421052631578946,20,0.10526315789473684,1.5263157894736843,0.689655172413793,0.7733333333333334
Serie A,2020-2021,Crotone,19,38,6,5,27,45,92,-47,23,1.1842105263157894,2.4210526315789473,0.6052631578947368,-1.236842105263158,0.15789473684210525,20,0.052631578947368474,1.5263157894736843,0.7758620689655171,0.6304347826086957
Serie A,2020-2021,Parma,20,38,3,11,24,39,83,-44,20,1.0263157894736843,2.1842105263157894,0.5263157894736842,-1.1578947368421053,0.07894736842105263,20,0.0,1.5263157894736843,0.6724137931034483,0.6987951807228916
Bundesliga,2021-2022,Bayern Munich,1,34,24,5,5,97,37,60,77,2.8529411764705883,1.088235294117647,2.264705882352941,1.7647058823529411,0.7058823529411765,18,1.0,1.5588235294117647,1.830188679245283,1.4324324324324325
Bundesliga,2021-2022,Dortmund,2,34,22,3,9,85,52,33,69,2.5,1.5294117647058822,2.0294117647058822,0.9705882352941176,0.6470588235294118,18,0.9411764705882353,1.5588235294117647,1.6037735849056605,1.0192307692307694
Bundesliga,2021-2022,Leverkusen,3,34,19,7,8,80,47,33,64,2.3529411764705883,1.3823529411764706,1.8823529411764706,0.9705882352941176,0.5588235294117647,18,0.8823529411764706,1.5588235294117647,1.509433962264151,1.127659574468085
Bundesliga,2021-2022,RB Leipzig,4,34,17,7,10,72,37,35,58,2.1176470588235294,1.088235294117647,1.7058823529411764,1.0294117647058822,0.5,18,0.8235294117647058,1.5588235294117647,1.3584905660377358,1.4324324324324325
Bundesliga,2021-2022,Union Berlin,5,34,16,9,9,50,44,6,57,1.4705882352941178,1.2941176470588236,1.6764705882352942,0.17647058823529413,0.47058823529411764,18,0.7647058823529411,1.5588235294117647,0.9433962264150944,1.2045454545454546
Bundesliga,2021-2022,Freiburg,6,34,15,10,9,58,46,12,55,1.7058823529411764,1.3529411764705883,1.6176470588235294,0.35294117647058826,0.4411764705882353,18,0.7058823529411764,1.5588235294117647,1.0943396226415094,1.1521739130434783
Bundesliga,2021-2022,FC Koln,7,34,14,10,10,52,49,3,52,1.5294117647058822,1.4411764705882353,1.5294117647058822,0.08823529411764706,0.4117647058823529,18,0.6470588235294117,1.5588235294117647,0.981132075471698,1.0816326530612246
Bundesliga,2021-2022,Mainz,8,34,13,7,14,50,45,5,46,1.4705882352941178,1.3235294117647058,1.3529411764705883,0.14705882352941177,0.38235294117647056,18,0.5882352941176471,1.5588235294117647,0.9433962264150944,1.1777777777777778
Bundesliga,2021-2022,Hoffenheim,9,34,13,7,14,58,60,-2,46,1.7058823529411764,1.7647058823529411,1.3529411764705883,-0.058823529411764705,0.38235294117647056,18,0.5294117647058824,1.5588235294117647,1.0943396226415094,0.8833333333333334
Bundesliga,2021-2022,M'gladbach,10,34,12,9,13,54,61,-7,45,1.588235294117647,1.7941176470588236,1.3235294117647058,-0.20588235294117646,0.35294117647058826,18,0.47058823529411764,1.5588235294117647,1.0188679245283019,0.8688524590163934
Bundesliga,2021-2022,Ein Frankfurt,11,34,10,12,12,45,49,-4,42,1.3235294117647058,1.4411764705882353,1.2352941176470589,-0.11764705882352941,0.29411764705882354,18,0.4117647058823529,1.5588235294117647,0.8490566037735848,1.0816326530612246
Bundesliga,2021-2022,Wolfsburg,12,34,12,6,16,43,54,-11,42,1.2647058823529411,1.588235294117647,1.2352941176470589,-0.3235294117647059,0.35294117647058826,18,0.3529411764705882,1.5588235294117647,0.8113207547169811,0.9814814814814815
Bundesliga,2021-2022,Bochum,13,34,12,6,16,38,52,-14,42,1.1176470588235294,1.5294117647058822,1.2352941176470589,-0.4117647058823529,0.35294117647058826,18,0.2941176470588235,1.5588235294117647,0.7169811320754718,1.0192307692307694
Bundesliga,2021-2022,Augsburg,14,34,10,8,16,39,56,-17,38,1.1470588235294117,1.6470588235294117,1.1176470588235294,-0.5,0.29411764705882354,18,0.23529411764705888,1.5588235294117647,0.7358490566037735,0.9464285714285715
Bundesliga,2021-2022,Stuttgart,15,34,7,12,15,41,59,-18,33,1.2058823529411764,1.7352941176470589,0.9705882352941176,-0.5294117647058824,0.20588235294117646,18,0.17647058823529416,1.5588235294117647,0.7735849056603773,0.8983050847457626
Bundesliga,2021-2022,Hertha,16,34,9,6,19,37,71,-34,33,1.088235294117647,2.088235294117647,0.9705882352941176,-1.0,0.2647058823529412,18,0.11764705882352944,1.5588235294117647,0.6981132075471698,0.7464788732394366
Bundesliga,2021-2022,Bielefeld,17,34,5,13,16,27,53,-26,28,0.7941176470588235,1.5588235294117647,0.8235294117647058,-0.7647058823529411,0.14705882352941177,18,0.05882352941176472,1.5588235294117647,0.5094339622641509,1.0
Bundesliga,2021-2022,Greuther Furth,18,34,3,9,22,28,82,-54,18,0.8235294117647058,2.411764705882353,0.5294117647058824,-1.588235294117647,0.08823529411764706,18,0.0,1.5588235294117647,0.5283018867924528,0.6463414634146342
La Liga,2021-2022,Real Madrid,1,38,26,8,4,80,31,49,86,2.1052631578947367,0.8157894736842105,2.263157894736842,1.2894736842105263,0.6842105263157895,20,1.0,1.2513157894736842,1.6824395373291272,1.5338709677419355
La Liga,2021-2022,Barcelona,2,38,21,10,7,68,38,30,73,1.7894736842105263,1.0,1.9210526315789473,0.7894736842105263,0.5526315789473685,20,0.9473684210526316,1.2513157894736842,1.4300736067297581,1.2513157894736842
La Liga,2021-2022,Ath Madrid,3,38,21,8,9,65,43,22,71,1.7105263157894737,1.131578947368421,1.868421052631579,0.5789473684210527,0.5526315789473685,20,0.8947368421052632,1.2513157894736842,1.3669821240799158,1.1058139534883722
La Liga,2021-2022,Sevilla,4,38,18,16,4,53,30,23,70,1.394736842105263,0.7894736842105263,1.8421052631578947,0.6052631578947368,0.47368421052631576,20,0.8421052631578947,1.2513157894736842,1.1146161934805467,1.585
La Liga,2021-2022,Betis,5,38,19,8,11,62,40,22,65,1.631578947368421,1.0526315789473684,1.7105263157894737,0.5789473684210527,0.5,20,0.7894736842105263,1.2513157894736842,1.3038906414300737,1.18875
La Liga,2021-2022,Sociedad,6,38,17,11,10,40,37,3,62,1.0526315789473684,0.9736842105263158,1.631578947368421,0.07894736842105263,0.4473684210526316,20,0.736842105263158,1.2513157894736842,0.8412197686645636,1.285135135135135
La Liga,2021-2022,Villarreal,7,38,16,11,11,63,37,26,59,1.6578947368421053,0.9736842105263158,1.5526315789473684,0.6842105263157895,0.42105263157894735,20,0.6842105263157895,1.2513157894736842,1.324921135646688,1.285135135135135
La Liga,2021-2022,Ath Bilbao,8,38,14,13,11,43,36,7,55,1.131578947368421,0.9473684210526315,1.4473684210526316,0.18421052631578946,0.3684210526315789,20,0.631578947368421,1.2513157894736842,0.9043112513144059,1.3208333333333333
La Liga,2021-2022,Valencia,9,38,11,15,12,48,53,-5,48,1.263157894736842,1.394736842105263,1.263157894736842,-0.13157894736842105,0.2894736842105263,20,0.5789473684210527,1.2513157894736842,1.0094637223974763,0.8971698113207548
La Liga,2021-2022,Osasuna,10,38,12,11,15,37,51,-14,47,0.9736842105263158,1.3421052631578947,1.236842105263158,-0.3684210526315789,0.3157894736842105,20,0.5263157894736843,1.2513157894736842,0.7781282860147214,0.9323529411764706
La Liga,2021-2022,Celta,11,38,12,10,16,43,43,0,46,1.131578947368421,1.131578947368421,1.2105263157894737,0.0,0.3157894736842105,20,0.4736842105263158,1.2513157894736842,0.9043112513144059,1.1058139534883722
La Liga,2021-2022,Vallecano,12,38,11,9,18,39,50,-11,42,1.0263157894736843,1.3157894736842106,1.105263157894737,-0.2894736842105263,0.2894736842105263,20,0.42105263157894735,1.2513157894736842,0.8201892744479496,0.9509999999999998
La Liga,2021-2022,Elche,13,38,11,9,18,40,52,-12,42,1.0526315789473684,1.368421052631579,1.105263157894737,-0.3157894736842105,0.2894736842105263,20,0.368421052631579,1.2513157894736842,0.8412197686645636,0.9144230769230769
La Liga,2021-2022,Espanol,14,38,10,12,16,40,53,-13,42,1.0526315789473684,1.394736842105263,1.105263157894737,-0.34210526315789475,0.2631578947368421,20,0.3157894736842105,1.2513157894736842,0.8412197686645636,0.8971698113207548
La Liga,2021-2022,Getafe,15,38,8,15,15,33,41,-8,39,0.868421052631579,1.0789473684210527,1.0263157894736843,-0.21052631578947367,0.21052631578947367,20,0.26315789473684215,1.2513157894736842,0.694006309148265,1.1597560975609755
La Liga,2021-2022,Cadiz,16,38,8,15,15,35,51,-16,39,0.9210526315789473,1.3421052631578947,1.0263157894736843,-0.42105263157894735,0.21052631578947367,20,0.21052631578947367,1.2513157894736842,0.7360672975814931,0.9323529411764706
La Liga,2021-2022,Mallorca,17,38,10,9,19,36,63,-27,39,0.9473684210526315,1.6578947368421053,1.0263157894736843,-0.7105263157894737,0.2631578947368421,20,0.1578947368421053,1.2513157894736842,0.7570977917981072,0.7547619047619047
La Liga,2021-2022,Granada,18,38,8,14,16,44,61,-17,38,1.1578947368421053,1.605263157894737,1.0,-0.4473684210526316,0.21052631578947367,20,0.10526315789473684,1.2513157894736842,0.92534174553102,0.7795081967213114
La Liga,2021-2022,Levante,19,38,8,11,19,51,76,-25,35,1.3421052631578947,2.0,0.9210526315789473,-0.6578947368421053,0.21052631578947367,20,0.052631578947368474,1.2513157894736842,1.0725552050473186,0.6256578947368421
La Liga,2021-2022,Alaves,20,38,8,7,23,31,65,-34,31,0.8157894736842105,1.7105263157894737,0.8157894736842105,-0.8947368421052632,0.21052631578947367,20,0.0,1.2513157894736842,0.6519453207150369,0.7315384615384615
Ligue 1,2021-2022,Paris SG,1,38,26,8,4,90,36,54,86,2.3684210526315788,0.9473684210526315,2.263157894736842,1.4210526315789473,0.6842105263157895,20,1.0,1.4039473684210526,1.6869728209934394,1.4819444444444445
Ligue 1,2021-2022,Marseille,2,38,21,8,9,63,38,25,71,1.6578947368421053,1.0,1.868421052631579,0.6578947368421053,0.5526315789473685,20,0.9473684210526316,1.4039473684210526,1.1808809746954076,1.4039473684210526
Ligue 1,2021-2022,Monaco,3,38,20,9,9,65,40,25,69,1.7105263157894737,1.0526315789473684,1.8157894736842106,0.6578947368421053,0.5263157894736842,20,0.8947368421052632,1.4039473684210526,1.218369259606373,1.33375
Ligue 1,2021-2022,Nice,4,38,20,7,11,52,36,16,67,1.368421052631579,0.9473684210526315,1.763157894736842,0.42105263157894735,0.5263157894736842,20,0.8421052631578947,1.4039473684210526,0.9746954076850984,1.4819444444444445
Ligue 1,2021-2022,Rennes,5,38,20,6,12,82,40,42,66,2.1578947368421053,1.0526315789473684,1.736842105263158,1.105263157894737,0.5263157894736842,20,0.7894736842105263,1.4039473684210526,1.5370196813495782,1.33375
Ligue 1,2021-2022,Strasbourg,6,38,17,12,9,60,43,17,63,1.5789473684210527,1.131578947368421,1.6578947368421053,0.4473684210526316,0.4473684210526316,20,0.736842105263158,1.4039473684210526,1.1246485473289598,1.2406976744186047
Ligue 1,2021-2022,Lyon,7,38,17,11,10,66,51,15,62,1.736842105263158,1.3421052631578947,1.631578947368421,0.39473684210526316,0.4473684210526316,20,0.6842105263157895,1.4039473684210526,1.2371134020618557,1.046078431372549
Ligue 1,2021-2022,Lens,8,38,17,11,10,62,48,14,62,1.631578947368421,1.263157894736842,1.631578947368421,0.3684210526315789,0.4473684210526316,20,0.631578947368421,1.4039473684210526,1.162136832239925,1.1114583333333334
Ligue 1,2021-2022,Nantes,9,38,15,10,13,55,48,7,55,1.4473684210526316,1.263157894736842,1.4473684210526316,0.18421052631578946,0.39473684210526316,20,0.5789473684210527,1.4039473684210526,1.0309278350515465,1.1114583333333334
Ligue 1,2021-2022,Lille,10,38,14,13,11,48,48,0,55,1.263157894736842,1.263157894736842,1.4473684210526316,0.0,0.3684210526315789,20,0.5263157894736843,1.4039473684210526,0.8997188378631678,1.1114583333333334
Ligue 1,2021-2022,Brest,11,38,13,9,16,49,57,-8,48,1.2894736842105263,1.5,1.263157894736842,-0.21052631578947367,0.34210526315789475,20,0.4736842105263158,1.4039473684210526,0.9184629803186505,0.9359649122807018
Ligue 1,2021-2022,Reims,12,38,11,13,14,43,44,-1,46,1.131578947368421,1.1578947368421053,1.2105263157894737,-0.02631578947368421,0.2894736842105263,20,0.42105263157894735,1.4039473684210526,0.8059981255857545,1.2125
Ligue 1,2021-2022,Montpellier,13,38,12,7,19,49,61,-12,43,1.2894736842105263,1.605263157894737,1.131578947368421,-0.3157894736842105,0.3157894736842105,20,0.368421052631579,1.4039473684210526,0.9184629803186505,0.8745901639344261
Ligue 1,2021-2022,Angers,14,38,10,11,17,44,55,-11,41,1.1578947368421053,1.4473684210526316,1.0789473684210527,-0.2894736842105263,0.2631578947368421,20,0.3157894736842105,1.4039473684210526,0.8247422680412372,0.97
Ligue 1,2021-2022,Troyes,15,38,9,11,18,37,53,-16,38,0.9736842105263158,1.394736842105263,1.0,-0.42105263157894735,0.23684210526315788,20,0.26315789473684215,1.4039473684210526,0.6935332708528585,1.0066037735849058
Ligue 1,2021-2022,Lorient,16,38,8,12,18,35,63,-28,36,0.9210526315789473,1.6578947368421053,0.9473684210526315,-0.7368421052631579,0.21052631578947367,20,0.21052631578947367,1.4039473684210526,0.6560449859418932,0.8468253968253968
Ligue 1,2021-2022,Clermont,17,38,9,9,20,38,69,-31,36,1.0,1.8157894736842106,0.9473684210526315,-0.8157894736842105,0.23684210526315788,20,0.1578947368421053,1.4039473684210526,0.7122774133083412,0.7731884057971014
Ligue 1,2021-2022,St Etienne,18,38,7,11,20,42,77,-35,32,1.105263157894737,2.026315789473684,0.8421052631578947,-0.9210526315789473,0.18421052631578946,20,0.10526315789473684,1.4039473684210526,0.7872539831302718,0.692857142857143
Ligue 1,2021-2022,Metz,19,38,6,13,19,35,69,-34,31,0.9210526315789473,1.8157894736842106,0.8157894736842105,-0.8947368421052632,0.15789473684210525,20,0.052631578947368474,1.4039473684210526,0.6560449859418932,0.7731884057971014
Ligue 1,2021-2022,Bordeaux,20,38,6,13,19,52,91,-39,31,1.368421052631579,2.3947368421052633,0.8157894736842105,-1.0263157894736843,0.15789473684210525,20,0.0,1.4039473684210526,0.9746954076850984,0.5862637362637362
Premier League,2021-2022,Man City,1,38,29,6,3,99,26,73,93,2.6052631578947367,0.6842105263157895,2.4473684210526314,1.9210526315789473,0.7631578947368421,20,1.0,1.4092105263157895,1.8487394957983192,2.0596153846153844
Premier League,2021-2022,Liverpool,2,38,28,8,2,94,26,68,92,2.473684210526316,0.6842105263157895,2.4210526315789473,1.7894736842105263,0.7368421052631579,20,0.9473684210526316,1.4092105263157895,1.7553688141923438,2.0596153846153844
Premier League,2021-2022,Chelsea,3,38,21,11,6,76,33,43,74,2.0,0.868421052631579,1.9473684210526316,1.131578947368421,0.5526315789473685,20,0.8947368421052632,1.4092105263157895,1.419234360410831,1.6227272727272726
Premier League,2021-2022,Tottenham,4,38,22,5,11,69,40,29,71,1.8157894736842106,1.0526315789473684,1.868421052631579,0.7631578947368421,0.5789473684210527,20,0.8421052631578947,1.4092105263157895,1.288515406162465,1.33875
Premier League,2021-2022,Arsenal,5,38,22,3,13,61,48,13,69,1.605263157894737,1.263157894736842,1.8157894736842106,0.34210526315789475,0.5789473684210527,20,0.7894736842105263,1.4092105263157895,1.139122315592904,1.115625
Premier League,2021-2022,Man United,6,38,16,10,12,57,57,0,58,1.5,1.5,1.5263157894736843,0.0,0.42105263157894735,20,0.736842105263158,1.4092105263157895,1.0644257703081232,0.9394736842105263
Premier League,2021-2022,West Ham,7,38,16,8,14,60,51,9,56,1.5789473684210527,1.3421052631578947,1.4736842105263157,0.23684210526315788,0.42105263157894735,20,0.6842105263157895,1.4092105263157895,1.1204481792717087,1.05
Premier League,2021-2022,Leicester,8,38,14,10,14,62,59,3,52,1.631578947368421,1.5526315789473684,1.368421052631579,0.07894736842105263,0.3684210526315789,20,0.631578947368421,1.4092105263157895,1.1577964519140989,0.9076271186440679
Premier League,2021-2022,Brighton,9,38,12,15,11,42,44,-2,51,1.105263157894737,1.1578947368421053,1.3421052631578947,-0.05263157894736842,0.3157894736842105,20,0.5789473684210527,1.4092105263157895,0.7843137254901962,1.2170454545454545
Premier League,2021-2022,Wolves,10,38,15,6,17,38,43,-5,51,1.0,1.131578947368421,1.3421052631578947,-0.13157894736842105,0.39473684210526316,20,0.5263157894736843,1.4092105263157895,0.7096171802054155,1.2453488372093025
Premier League,2021-2022,Newcastle,11,38,13,10,15,44,62,-18,49,1.1578947368421053,1.631578947368421,1.2894736842105263,-0.47368421052631576,0.34210526315789475,20,0.4736842105263158,1.4092105263157895,0.8216619981325864,0.8637096774193549
Premier League,2021-2022,Crystal Palace,12,38,11,15,12,50,46,4,48,1.3157894736842106,1.2105263157894737,1.263157894736842,0.10526315789473684,0.2894736842105263,20,0.42105263157894735,1.4092105263157895,0.9337068160597574,1.1641304347826087
Premier League,2021-2022,Brentford,13,38,13,7,18,48,56,-8,46,1.263157894736842,1.4736842105263157,1.2105263157894737,-0.21052631578947367,0.34210526315789475,20,0.368421052631579,1.4092105263157895,0.8963585434173669,0.95625
Premier League,2021-2022,Aston Villa,14,38,13,6,19,52,54,-2,45,1.368421052631579,1.4210526315789473,1.1842105263157894,-0.05263157894736842,0.34210526315789475,20,0.3157894736842105,1.4092105263157895,0.9710550887021475,0.9916666666666667
Premier League,2021-2022,Southampton,15,38,9,13,16,43,67,-24,40,1.131578947368421,1.763157894736842,1.0526315789473684,-0.631578947368421,0.23684210526315788,20,0.26315789473684215,1.4092105263157895,0.8029878618113911,0.7992537313432836
Premier League,2021-2022,Everton,16,38,11,6,21,43,66,-23,39,1.131578947368421,1.736842105263158,1.0263157894736843,-0.6052631578947368,0.2894736842105263,20,0.21052631578947367,1.4092105263157895,0.8029878618113911,0.8113636363636363
Premier League,2021-2022,Leeds,17,38,9,11,18,42,79,-37,38,1.105263157894737,2.0789473684210527,1.0,-0.9736842105263158,0.23684210526315788,20,0.1578947368421053,1.4092105263157895,0.7843137254901962,0.6778481012658227
Premier League,2021-2022,Burnley,18,38,7,14,17,34,53,-19,35,0.8947368421052632,1.394736842105263,0.9210526315789473,-0.5,0.18421052631578946,20,0.10526315789473684,1.4092105263157895,0.6349206349206349,1.0103773584905662
Premier League,2021-2022,Watford,19,38,6,5,27,34,77,-43,23,0.8947368421052632,2.026315789473684,0.6052631578947368,-1.131578947368421,0.15789473684210525,20,0.052631578947368474,1.4092105263157895,0.6349206349206349,0.6954545454545455
Premier League,2021-2022,Norwich,20,38,5,7,26,23,84,-61,22,0.6052631578947368,2.210526315789474,0.5789473684210527,-1.605263157894737,0.13157894736842105,20,0.0,1.4092105263157895,0.4295051353874883,0.6375
Serie A,2021-2022,Milan,1,38,26,8,4,69,31,38,86,1.8157894736842106,0.8157894736842105,2.263157894736842,1.0,0.6842105263157895,20,1.0,1.4328947368421052,1.2672176308539946,1.7564516129032257
Serie A,2021-2022,Inter,2,38,25,9,4,84,32,52,84,2.210526315789474,0.8421052631578947,2.210526315789474,1.368421052631579,0.6578947368421053,20,0.9473684210526316,1.4328947368421052,1.5426997245179066,1.7015625
Serie A,2021-2022,Napoli,3,38,24,7,7,74,31,43,79,1.9473684210526316,0.8157894736842105,2.0789473684210527,1.131578947368421,0.631578947368421,20,0.8947368421052632,1.4328947368421052,1.3590449954086319,1.7564516129032257
Serie A,2021-2022,Juventus,4,38,20,10,8,57,37,20,70,1.5,0.9736842105263158,1.8421052631578947,0.5263157894736842,0.5263157894736842,20,0.8421052631578947,1.4328947368421052,1.0468319559228652,1.4716216216216216
Serie A,2021-2022,Lazio,5,38,18,10,10,77,58,19,64,2.026315789473684,1.5263157894736843,1.6842105263157894,0.5,0.47368421052631576,20,0.7894736842105263,1.4328947368421052,1.4141414141414141,0.9387931034482758
Serie A,2021-2022,Roma,6,38,18,9,11,59,43,16,63,1.5526315789473684,1.131578947368421,1.6578947368421053,0.42105263157894735,0.47368421052631576,20,0.736842105263158,1.4328947368421052,1.08356290174472,1.2662790697674418
Serie A,2021-2022,Fiorentina,7,38,19,5,14,59,51,8,62,1.5526315789473684,1.3421052631578947,1.631578947368421,0.21052631578947367,0.5,20,0.6842105263157895,1.4328947368421052,1.08356290174472,1.0676470588235294
Serie A,2021-2022,Atalanta,8,38,16,11,11,65,48,17,59,1.7105263157894737,1.263157894736842,1.5526315789473684,0.4473684210526316,0.42105263157894735,20,0.631578947368421,1.4328947368421052,1.1937557392102847,1.1343750000000001
Serie A,2021-2022,Verona,9,38,14,11,13,65,59,6,53,1.7105263157894737,1.5526315789473684,1.394736842105263,0.15789473684210525,0.3684210526315789,20,0.5789473684210527,1.4328947368421052,1.1937557392102847,0.9228813559322034
Serie A,2021-2022,Torino,10,38,13,11,14,46,41,5,50,1.2105263157894737,1.0789473684210527,1.3157894736842106,0.13157894736842105,0.34210526315789475,20,0.5263157894736843,1.4328947368421052,0.844811753902663,1.3280487804878047
Serie A,2021-2022,Sassuolo,11,38,13,11,14,64,66,-2,50,1.6842105263157894,1.736842105263158,1.3157894736842106,-0.05263157894736842,0.34210526315789475,20,0.4736842105263158,1.4328947368421052,1.1753902662993572,0.825
Serie A,2021-2022,Udinese,12,38,11,14,13,61,58,3,47,1.605263157894737,1.5263157894736843,1.236842105263158,0.07894736842105263,0.2894736842105263,20,0.42105263157894735,1.4328947368421052,1.120293847566575,0.9387931034482758
Serie A,2021-2022,Bologna,13,38,12,10,16,44,55,-11,46,1.1578947368421053,1.4473684210526316,1.2105263157894737,-0.2894736842105263,0.3157894736842105,20,0.368421052631579,1.4328947368421052,0.8080808080808082,0.9899999999999999
Serie A,2021-2022,Empoli,14,38,10,11,17,50,70,-20,41,1.3157894736842106,1.8421052631578947,1.0789473684210527,-0.5263157894736842,0.2631578947368421,20,0.3157894736842105,1.4328947368421052,0.9182736455463729,0.7778571428571428
Serie A,2021-2022,Sampdoria,15,38,10,6,22,46,63,-17,36,1.2105263157894737,1.6578947368421053,0.9473684210526315,-0.4473684210526316,0.2631578947368421,20,0.26315789473684215,1.4328947368421052,0.844811753902663,0.8642857142857142
Serie A,2021-2022,Spezia,16,38,10,6,22,41,71,-30,36,1.0789473684210527,1.868421052631579,0.9473684210526315,-0.7894736842105263,0.2631578947368421,20,0.21052631578947367,1.4328947368421052,0.7529843893480257,0.7669014084507042
Serie A,2021-2022,Salernitana,17,38,7,10,21,33,78,-45,31,0.868421052631579,2.0526315789473686,0.8157894736842105,-1.1842105263157894,0.18421052631578946,20,0.1578947368421053,1.4328947368421052,0.6060606060606061,0.698076923076923
Serie A,2021-2022,Cagliari,18,38,6,12,20,34,68,-34,30,0.8947368421052632,1.7894736842105263,0.7894736842105263,-0.8947368421052632,0.15789473684210525,20,0.10526315789473684,1.4328947368421052,0.6244260789715336,0.800735294117647
Serie A,2021-2022,Genoa,19,38,4,16,18,27,60,-33,28,0.7105263157894737,1.5789473684210527,0.7368421052631579,-0.868421052631579,0.10526315789473684,20,0.052631578947368474,1.4328947368421052,0.49586776859504134,0.9075
Serie A,2021-2022,Venezia,20,38,6,9,23,34,69,-35,27,0.8947368421052632,1.8157894736842106,0.7105263157894737,-0.9210526315789473,0.15789473684210525,20,0.0,1.4328947368421052,0.6244260789715336,0.7891304347826086
Bundesliga,2022-2023,Bayern Munich,1,34,21,8,5,92,38,54,71,2.7058823529411766,1.1176470588235294,2.088235294117647,1.588235294117647,0.6176470588235294,18,1.0,1.5866013071895424,1.7054582904222453,1.4195906432748537
Bundesliga,2022-2023,Dortmund,2,34,22,5,7,83,44,39,71,2.4411764705882355,1.2941176470588236,2.088235294117647,1.1470588235294117,0.6470588235294118,18,0.9411764705882353,1.5866013071895424,1.5386199794026778,1.2260101010101008
Bundesliga,2022-2023,RB Leipzig,3,34,20,6,8,64,41,23,66,1.8823529411764706,1.2058823529411764,1.9411764705882353,0.6764705882352942,0.5882352941176471,18,0.8823529411764706,1.5866013071895424,1.1864057672502575,1.315718157181572
Bundesliga,2022-2023,Union Berlin,4,34,18,8,8,51,38,13,62,1.5,1.1176470588235294,1.8235294117647058,0.38235294117647056,0.5294117647058824,18,0.8235294117647058,1.5866013071895424,0.945417095777549,1.4195906432748537
Bundesliga,2022-2023,Freiburg,5,34,17,8,9,51,44,7,59,1.5,1.2941176470588236,1.7352941176470589,0.20588235294117646,0.5,18,0.7647058823529411,1.5866013071895424,0.945417095777549,1.2260101010101008
Bundesliga,2022-2023,Leverkusen,6,34,14,8,12,57,49,8,50,1.6764705882352942,1.4411764705882353,1.4705882352941178,0.23529411764705882,0.4117647058823529,18,0.7058823529411764,1.5866013071895424,1.0566426364572605,1.100907029478458
Bundesliga,2022-2023,Ein Frankfurt,7,34,13,11,10,58,52,6,50,1.7058823529411764,1.5294117647058822,1.4705882352941178,0.17647058823529413,0.38235294117647056,18,0.6470588235294117,1.5866013071895424,1.075180226570546,1.0373931623931625
Bundesliga,2022-2023,Wolfsburg,8,34,13,10,11,57,48,9,49,1.6764705882352942,1.411764705882353,1.4411764705882353,0.2647058823529412,0.38235294117647056,18,0.5882352941176471,1.5866013071895424,1.0566426364572605,1.1238425925925926
Bundesliga,2022-2023,Mainz,9,34,12,10,12,54,55,-1,46,1.588235294117647,1.6176470588235294,1.3529411764705883,-0.029411764705882353,0.35294117647058826,18,0.5294117647058824,1.5866013071895424,1.0010298661174046,0.9808080808080807
Bundesliga,2022-2023,M'gladbach,10,34,11,10,13,52,55,-3,43,1.5294117647058822,1.6176470588235294,1.2647058823529411,-0.08823529411764706,0.3235294117647059,18,0.47058823529411764,1.5866013071895424,0.9639546858908342,0.9808080808080807
Bundesliga,2022-2023,FC Koln,11,34,10,12,12,49,54,-5,42,1.4411764705882353,1.588235294117647,1.2352941176470589,-0.14705882352941177,0.29411764705882354,18,0.4117647058823529,1.5866013071895424,0.9083419155509784,0.9989711934156379
Bundesliga,2022-2023,Hoffenheim,12,34,10,6,18,48,57,-9,36,1.411764705882353,1.6764705882352942,1.0588235294117647,-0.2647058823529412,0.29411764705882354,18,0.3529411764705882,1.5866013071895424,0.8898043254376932,0.9463937621832358
Bundesliga,2022-2023,Werder Bremen,13,34,10,6,18,51,64,-13,36,1.5,1.8823529411764706,1.0588235294117647,-0.38235294117647056,0.29411764705882354,18,0.2941176470588235,1.5866013071895424,0.945417095777549,0.8428819444444444
Bundesliga,2022-2023,Bochum,14,34,10,5,19,40,72,-32,35,1.1764705882352942,2.1176470588235294,1.0294117647058822,-0.9411764705882353,0.29411764705882354,18,0.23529411764705888,1.5866013071895424,0.741503604531411,0.7492283950617283
Bundesliga,2022-2023,Augsburg,15,34,9,7,18,42,63,-21,34,1.2352941176470589,1.8529411764705883,1.0,-0.6176470588235294,0.2647058823529412,18,0.17647058823529416,1.5866013071895424,0.7785787847579816,0.8562610229276895
Bundesliga,2022-2023,Stuttgart,16,34,7,12,15,45,57,-12,33,1.3235294117647058,1.6764705882352942,0.9705882352941176,-0.35294117647058826,0.20588235294117646,18,0.11764705882352944,1.5866013071895424,0.8341915550978373,0.9463937621832358
Bundesliga,2022-2023,Schalke 04,17,34,7,10,17,35,71,-36,31,1.0294117647058822,2.088235294117647,0.9117647058823529,-1.0588235294117647,0.20588235294117646,18,0.05882352941176472,1.5866013071895424,0.6488156539649845,0.7597809076682315
Bundesliga,2022-2023,Hertha,18,34,7,8,19,42,69,-27,29,1.2352941176470589,2.0294117647058822,0.8529411764705882,-0.7941176470588235,0.20588235294117646,18,0.0,1.5866013071895424,0.7785787847579816,0.7818035426731079
La Liga,2022-2023,Barcelona,1,38,28,4,6,70,20,50,88,1.8421052631578947,0.5263157894736842,2.3157894736842106,1.3157894736842106,0.7368421052631579,20,1.0,1.256578947368421,1.4659685863874345,2.3875
La Liga,2022-2023,Real Madrid,2,38,24,6,8,75,36,39,78,1.9736842105263157,0.9473684210526315,2.0526315789473686,1.0263157894736843,0.631578947368421,20,0.9473684210526316,1.256578947368421,1.5706806282722512,1.3263888888888888
La Liga,2022-2023,Ath Madrid,3,38,23,8,7,70,33,37,77,1.8421052631578947,0.868421052631579,2.026315789473684,0.9736842105263158,0.6052631578947368,20,0.8947368421052632,1.256578947368421,1.4659685863874345,1.4469696969696968
La Liga,2022-2023,Sociedad,4,38,21,8,9,51,35,16,71,1.3421052631578947,0.9210526315789473,1.868421052631579,0.42105263157894735,0.5526315789473685,20,0.8421052631578947,1.256578947368421,1.068062827225131,1.3642857142857143
La Liga,2022-2023,Villarreal,5,38,19,7,12,59,40,19,64,1.5526315789473684,1.0526315789473684,1.6842105263157894,0.5,0.5,20,0.7894736842105263,1.256578947368421,1.2356020942408377,1.19375
La Liga,2022-2023,Betis,6,38,17,9,12,46,41,5,60,1.2105263157894737,1.0789473684210527,1.5789473684210527,0.13157894736842105,0.4473684210526316,20,0.736842105263158,1.256578947368421,0.9633507853403142,1.1646341463414633
La Liga,2022-2023,Osasuna,7,38,15,8,15,37,42,-5,53,0.9736842105263158,1.105263157894737,1.394736842105263,-0.13157894736842105,0.39473684210526316,20,0.6842105263157895,1.256578947368421,0.774869109947644,1.1369047619047619
La Liga,2022-2023,Ath Bilbao,8,38,14,9,15,47,43,4,51,1.236842105263158,1.131578947368421,1.3421052631578947,0.10526315789473684,0.3684210526315789,20,0.631578947368421,1.256578947368421,0.9842931937172775,1.1104651162790697
La Liga,2022-2023,Mallorca,9,38,14,8,16,37,43,-6,50,0.9736842105263158,1.131578947368421,1.3157894736842106,-0.15789473684210525,0.3684210526315789,20,0.5789473684210527,1.256578947368421,0.774869109947644,1.1104651162790697
La Liga,2022-2023,Girona,10,38,13,10,15,58,55,3,49,1.5263157894736843,1.4473684210526316,1.2894736842105263,0.07894736842105263,0.34210526315789475,20,0.5263157894736843,1.256578947368421,1.2146596858638745,0.8681818181818182
La Liga,2022-2023,Sevilla,11,38,13,10,15,47,54,-7,49,1.236842105263158,1.4210526315789473,1.2894736842105263,-0.18421052631578946,0.34210526315789475,20,0.4736842105263158,1.256578947368421,0.9842931937172775,0.8842592592592593
La Liga,2022-2023,Vallecano,12,38,13,10,15,45,53,-8,49,1.1842105263157894,1.394736842105263,1.2894736842105263,-0.21052631578947367,0.34210526315789475,20,0.42105263157894735,1.256578947368421,0.9424083769633508,0.9009433962264152
La Liga,2022-2023,Celta,13,38,11,10,17,43,53,-10,43,1.131578947368421,1.394736842105263,1.131578947368421,-0.2631578947368421,0.2894736842105263,20,0.368421052631579,1.256578947368421,0.900523560209424,0.9009433962264152
La Liga,2022-2023,Valencia,14,38,11,9,18,42,45,-3,42,1.105263157894737,1.1842105263157894,1.105263157894737,-0.07894736842105263,0.2894736842105263,20,0.3157894736842105,1.256578947368421,0.8795811518324609,1.0611111111111111
La Liga,2022-2023,Getafe,15,38,10,12,16,34,45,-11,42,0.8947368421052632,1.1842105263157894,1.105263157894737,-0.2894736842105263,0.2631578947368421,20,0.26315789473684215,1.256578947368421,0.7120418848167539,1.0611111111111111
La Liga,2022-2023,Cadiz,16,38,10,12,16,30,53,-23,42,0.7894736842105263,1.394736842105263,1.105263157894737,-0.6052631578947368,0.2631578947368421,20,0.21052631578947367,1.256578947368421,0.6282722513089005,0.9009433962264152
La Liga,2022-2023,Almeria,17,38,11,8,19,49,65,-16,41,1.2894736842105263,1.7105263157894737,1.0789473684210527,-0.42105263157894735,0.2894736842105263,20,0.1578947368421053,1.256578947368421,1.0261780104712042,0.7346153846153846
La Liga,2022-2023,Valladolid,18,38,11,7,20,33,63,-30,40,0.868421052631579,1.6578947368421053,1.0526315789473684,-0.7894736842105263,0.2894736842105263,20,0.10526315789473684,1.256578947368421,0.6910994764397906,0.7579365079365079
La Liga,2022-2023,Espanol,19,38,8,13,17,52,69,-17,37,1.368421052631579,1.8157894736842106,0.9736842105263158,-0.4473684210526316,0.21052631578947367,20,0.052631578947368474,1.256578947368421,1.0890052356020943,0.6920289855072463
La Liga,2022-2023,Elche,20,38,5,10,23,30,67,-37,25,0.7894736842105263,1.763157894736842,0.6578947368421053,-0.9736842105263158,0.13157894736842105,20,0.0,1.256578947368421,0.6282722513089005,0.7126865671641791
Ligue 1,2022-2023,Paris SG,1,38,27,4,7,89,40,49,85,2.3421052631578947,1.0526315789473684,2.236842105263158,1.2894736842105263,0.7105263157894737,20,1.0,1.4039473684210526,1.668228678537957,1.33375
Ligue 1,2022-2023,Lens,2,38,25,9,4,68,29,39,84,1.7894736842105263,0.7631578947368421,2.210526315789474,1.0263157894736843,0.6578947368421053,20,0.9473684210526316,1.4039473684210526,1.274601686972821,1.839655172413793
Ligue 1,2022-2023,Marseille,3,38,22,7,9,67,40,27,73,1.763157894736842,1.0526315789473684,1.9210526315789473,0.7105263157894737,0.5789473684210527,20,0.8947368421052632,1.4039473684210526,1.2558575445173383,1.33375
Ligue 1,2022-2023,Rennes,4,38,21,5,12,69,39,30,68,1.8157894736842106,1.0263157894736843,1.7894736842105263,0.7894736842105263,0.5526315789473685,20,0.8421052631578947,1.4039473684210526,1.2933458294283038,1.3679487179487178
Ligue 1,2022-2023,Lille,5,38,19,10,9,65,44,21,67,1.7105263157894737,1.1578947368421053,1.763157894736842,0.5526315789473685,0.5,20,0.7894736842105263,1.4039473684210526,1.218369259606373,1.2125
Ligue 1,2022-2023,Monaco,6,38,19,8,11,70,58,12,65,1.8421052631578947,1.5263157894736843,1.7105263157894737,0.3157894736842105,0.5,20,0.736842105263158,1.4039473684210526,1.3120899718837864,0.9198275862068965
Ligue 1,2022-2023,Lyon,7,38,18,8,12,65,47,18,62,1.7105263157894737,1.236842105263158,1.631578947368421,0.47368421052631576,0.47368421052631576,20,0.6842105263157895,1.4039473684210526,1.218369259606373,1.1351063829787233
Ligue 1,2022-2023,Clermont,8,38,17,8,13,45,49,-4,59,1.1842105263157894,1.2894736842105263,1.5526315789473684,-0.10526315789473684,0.4473684210526316,20,0.631578947368421,1.4039473684210526,0.8434864104967197,1.0887755102040817
Ligue 1,2022-2023,Nice,9,38,15,13,10,48,37,11,58,1.263157894736842,0.9736842105263158,1.5263157894736843,0.2894736842105263,0.39473684210526316,20,0.5789473684210527,1.4039473684210526,0.8997188378631678,1.441891891891892
Ligue 1,2022-2023,Lorient,10,38,15,10,13,52,53,-1,55,1.368421052631579,1.394736842105263,1.4473684210526316,-0.02631578947368421,0.39473684210526316,20,0.5263157894736843,1.4039473684210526,0.9746954076850984,1.0066037735849058
Ligue 1,2022-2023,Reims,11,38,12,15,11,45,45,0,51,1.1842105263157894,1.1842105263157894,1.3421052631578947,0.0,0.3157894736842105,20,0.4736842105263158,1.4039473684210526,0.8434864104967197,1.1855555555555557
Ligue 1,2022-2023,Montpellier,12,38,15,5,18,65,62,3,50,1.7105263157894737,1.631578947368421,1.3157894736842106,0.07894736842105263,0.39473684210526316,20,0.42105263157894735,1.4039473684210526,1.218369259606373,0.8604838709677419
Ligue 1,2022-2023,Toulouse,13,38,13,9,16,51,57,-6,48,1.3421052631578947,1.5,1.263157894736842,-0.15789473684210525,0.34210526315789475,20,0.368421052631579,1.4039473684210526,0.9559512652296157,0.9359649122807018
Ligue 1,2022-2023,Brest,14,38,11,11,16,44,54,-10,44,1.1578947368421053,1.4210526315789473,1.1578947368421053,-0.2631578947368421,0.2894736842105263,20,0.3157894736842105,1.4039473684210526,0.8247422680412372,0.9879629629629629
Ligue 1,2022-2023,Strasbourg,15,38,9,13,16,51,59,-8,40,1.3421052631578947,1.5526315789473684,1.0526315789473684,-0.21052631578947367,0.23684210526315788,20,0.26315789473684215,1.4039473684210526,0.9559512652296157,0.9042372881355932
Ligue 1,2022-2023,Nantes,16,38,7,15,16,37,55,-18,36,0.9736842105263158,1.4473684210526316,0.9473684210526315,-0.47368421052631576,0.18421052631578946,20,0.21052631578947367,1.4039473684210526,0.6935332708528585,0.97
Ligue 1,2022-2023,Auxerre,17,38,8,11,19,35,63,-28,35,0.9210526315789473,1.6578947368421053,0.9210526315789473,-0.7368421052631579,0.21052631578947367,20,0.1578947368421053,1.4039473684210526,0.6560449859418932,0.8468253968253968
Ligue 1,2022-2023,Ajaccio,18,38,7,5,26,23,74,-51,26,0.6052631578947368,1.9473684210526316,0.6842105263157895,-1.3421052631578947,0.18421052631578946,20,0.10526315789473684,1.4039473684210526,0.4311152764761012,0.720945945945946
Ligue 1,2022-2023,Troyes,19,38,4,12,22,45,81,-36,24,1.1842105263157894,2.1315789473684212,0.631578947368421,-0.9473684210526315,0.10526315789473684,20,0.052631578947368474,1.4039473684210526,0.8434864104967197,0.6586419753086419
Ligue 1,2022-2023,Angers,20,38,4,6,28,33,81,-48,18,0.868421052631579,2.1315789473684212,0.47368421052631576,-1.263157894736842,0.10526315789473684,20,0.0,1.4039473684210526,0.6185567010309279,0.6586419753086419
Premier League,2022-2023,Man City,1,38,28,5,5,94,33,61,89,2.473684210526316,0.868421052631579,2.3421052631578947,1.605263157894737,0.7368421052631579,20,1.0,1.4263157894736842,1.7343173431734318,1.6424242424242423
Premier League,2022-2023,Arsenal,2,38,26,6,6,88,43,45,84,2.3157894736842106,1.131578947368421,2.210526315789474,1.1842105263157894,0.6842105263157895,20,0.9473684210526316,1.4263157894736842,1.6236162361623616,1.2604651162790699
Premier League,2022-2023,Man United,3,38,23,6,9,58,43,15,75,1.5263157894736843,1.131578947368421,1.9736842105263157,0.39473684210526316,0.6052631578947368,20,0.8947368421052632,1.4263157894736842,1.0701107011070112,1.2604651162790699
Premier League,2022-2023,Newcastle,4,38,19,14,5,68,33,35,71,1.7894736842105263,0.868421052631579,1.868421052631579,0.9210526315789473,0.5,20,0.8421052631578947,1.4263157894736842,1.2546125461254614,1.6424242424242423
Premier League,2022-2023,Liverpool,5,38,19,10,9,75,47,28,67,1.9736842105263157,1.236842105263158,1.763157894736842,0.7368421052631579,0.5,20,0.7894736842105263,1.4263157894736842,1.3837638376383763,1.1531914893617021
Premier League,2022-2023,Brighton,6,38,18,8,12,72,53,19,62,1.894736842105263,1.394736842105263,1.631578947368421,0.5,0.47368421052631576,20,0.736842105263158,1.4263157894736842,1.3284132841328413,1.0226415094339623
Premier League,2022-2023,Aston Villa,7,38,18,7,13,51,46,5,61,1.3421052631578947,1.2105263157894737,1.605263157894737,0.13157894736842105,0.47368421052631576,20,0.6842105263157895,1.4263157894736842,0.940959409594096,1.1782608695652175
Premier League,2022-2023,Tottenham,8,38,18,6,14,70,63,7,60,1.8421052631578947,1.6578947368421053,1.5789473684210527,0.18421052631578946,0.47368421052631576,20,0.631578947368421,1.4263157894736842,1.2915129151291513,0.8603174603174603
Premier League,2022-2023,Brentford,9,38,15,14,9,58,46,12,59,1.5263157894736843,1.2105263157894737,1.5526315789473684,0.3157894736842105,0.39473684210526316,20,0.5789473684210527,1.4263157894736842,1.0701107011070112,1.1782608695652175
Premier League,2022-2023,Fulham,10,38,15,7,16,55,53,2,52,1.4473684210526316,1.394736842105263,1.368421052631579,0.05263157894736842,0.39473684210526316,20,0.5263157894736843,1.4263157894736842,1.014760147601476,1.0226415094339623
Premier League,2022-2023,Crystal Palace,11,38,11,12,15,40,49,-9,45,1.0526315789473684,1.2894736842105263,1.1842105263157894,-0.23684210526315788,0.2894736842105263,20,0.4736842105263158,1.4263157894736842,0.7380073800738007,1.1061224489795918
Premier League,2022-2023,Chelsea,12,38,11,11,16,38,47,-9,44,1.0,1.236842105263158,1.1578947368421053,-0.23684210526315788,0.2894736842105263,20,0.42105263157894735,1.4263157894736842,0.7011070110701108,1.1531914893617021
Premier League,2022-2023,Wolves,13,38,11,8,19,31,58,-27,41,0.8157894736842105,1.5263157894736843,1.0789473684210527,-0.7105263157894737,0.2894736842105263,20,0.368421052631579,1.4263157894736842,0.5719557195571956,0.9344827586206896
Premier League,2022-2023,West Ham,14,38,11,7,20,42,55,-13,40,1.105263157894737,1.4473684210526316,1.0526315789473684,-0.34210526315789475,0.2894736842105263,20,0.3157894736842105,1.4263157894736842,0.7749077490774908,0.9854545454545454
Premier League,2022-2023,Bournemouth,15,38,11,6,21,37,71,-34,39,0.9736842105263158,1.868421052631579,1.0263157894736843,-0.8947368421052632,0.2894736842105263,20,0.26315789473684215,1.4263157894736842,0.6826568265682657,0.7633802816901408
Premier League,2022-2023,Nott'm Forest,16,38,9,11,18,38,68,-30,38,1.0,1.7894736842105263,1.0,-0.7894736842105263,0.23684210526315788,20,0.21052631578947367,1.4263157894736842,0.7011070110701108,0.7970588235294117
Premier League,2022-2023,Everton,17,38,8,12,18,34,57,-23,36,0.8947368421052632,1.5,0.9473684210526315,-0.6052631578947368,0.21052631578947367,20,0.1578947368421053,1.4263157894736842,0.6273062730627307,0.9508771929824561
Premier League,2022-2023,Leicester,18,38,9,7,22,51,68,-17,34,1.3421052631578947,1.7894736842105263,0.8947368421052632,-0.4473684210526316,0.23684210526315788,20,0.10526315789473684,1.4263157894736842,0.940959409594096,0.7970588235294117
Premier League,2022-2023,Leeds,19,38,7,10,21,48,78,-30,31,1.263157894736842,2.0526315789473686,0.8157894736842105,-0.7894736842105263,0.18421052631578946,20,0.052631578947368474,1.4263157894736842,0.8856088560885609,0.6948717948717948
Premier League,2022-2023,Southampton,20,38,6,7,25,36,73,-37,25,0.9473684210526315,1.9210526315789473,0.6578947368421053,-0.9736842105263158,0.15789473684210525,20,0.0,1.4263157894736842,0.6642066420664207,0.7424657534246576
Serie A,2022-2023,Napoli,1,38,28,6,4,77,28,49,90,2.026315789473684,0.7368421052631579,2.3684210526315788,1.2894736842105263,0.7368421052631579,20,1.0,1.2815789473684212,1.5811088295687883,1.7392857142857145
Serie A,2022-2023,Lazio,2,38,22,8,8,60,30,30,74,1.5789473684210527,0.7894736842105263,1.9473684210526316,0.7894736842105263,0.5789473684210527,20,0.9473684210526316,1.2815789473684212,1.2320328542094454,1.6233333333333335
Serie A,2022-2023,Inter,3,38,23,3,12,71,42,29,72,1.868421052631579,1.105263157894737,1.894736842105263,0.7631578947368421,0.6052631578947368,20,0.8947368421052632,1.2815789473684212,1.457905544147844,1.1595238095238094
Serie A,2022-2023,Juventus,4,38,22,6,10,56,33,23,72,1.4736842105263157,0.868421052631579,1.894736842105263,0.6052631578947368,0.5789473684210527,20,0.8421052631578947,1.2815789473684212,1.1498973305954825,1.4757575757575758
Serie A,2022-2023,Milan,5,38,20,10,8,64,43,21,70,1.6842105263157894,1.131578947368421,1.8421052631578947,0.5526315789473685,0.5263157894736842,20,0.7894736842105263,1.2815789473684212,1.3141683778234083,1.1325581395348838
Serie A,2022-2023,Atalanta,6,38,19,7,12,66,48,18,64,1.736842105263158,1.263157894736842,1.6842105263157894,0.47368421052631576,0.5,20,0.736842105263158,1.2815789473684212,1.35523613963039,1.0145833333333334
Serie A,2022-2023,Roma,7,38,18,9,11,50,38,12,63,1.3157894736842106,1.0,1.6578947368421053,0.3157894736842105,0.47368421052631576,20,0.6842105263157895,1.2815789473684212,1.0266940451745379,1.2815789473684212
Serie A,2022-2023,Fiorentina,8,38,15,11,12,53,43,10,56,1.394736842105263,1.131578947368421,1.4736842105263157,0.2631578947368421,0.39473684210526316,20,0.631578947368421,1.2815789473684212,1.08829568788501,1.1325581395348838
Serie A,2022-2023,Bologna,9,38,14,12,12,53,49,4,54,1.394736842105263,1.2894736842105263,1.4210526315789473,0.10526315789473684,0.3684210526315789,20,0.5789473684210527,1.2815789473684212,1.08829568788501,0.9938775510204082
Serie A,2022-2023,Torino,10,38,14,11,13,42,41,1,53,1.105263157894737,1.0789473684210527,1.394736842105263,0.02631578947368421,0.3684210526315789,20,0.5263157894736843,1.2815789473684212,0.8624229979466119,1.1878048780487807
Serie A,2022-2023,Monza,11,38,14,10,14,48,52,-4,52,1.263157894736842,1.368421052631579,1.368421052631579,-0.10526315789473684,0.3684210526315789,20,0.4736842105263158,1.2815789473684212,0.9856262833675563,0.9365384615384615
Serie A,2022-2023,Udinese,12,38,11,13,14,47,48,-1,46,1.236842105263158,1.263157894736842,1.2105263157894737,-0.02631578947368421,0.2894736842105263,20,0.42105263157894735,1.2815789473684212,0.9650924024640657,1.0145833333333334
Serie A,2022-2023,Sassuolo,13,38,12,9,17,47,61,-14,45,1.236842105263158,1.605263157894737,1.1842105263157894,-0.3684210526315789,0.3157894736842105,20,0.368421052631579,1.2815789473684212,0.9650924024640657,0.7983606557377049
Serie A,2022-2023,Empoli,14,38,10,13,15,37,49,-12,43,0.9736842105263158,1.2894736842105263,1.131578947368421,-0.3157894736842105,0.2631578947368421,20,0.3157894736842105,1.2815789473684212,0.759753593429158,0.9938775510204082
Serie A,2022-2023,Salernitana,15,38,9,15,14,48,62,-14,42,1.263157894736842,1.631578947368421,1.105263157894737,-0.3684210526315789,0.23684210526315788,20,0.26315789473684215,1.2815789473684212,0.9856262833675563,0.785483870967742
Serie A,2022-2023,Lecce,16,38,8,12,18,33,46,-13,36,0.868421052631579,1.2105263157894737,0.9473684210526315,-0.34210526315789475,0.21052631578947367,20,0.21052631578947367,1.2815789473684212,0.677618069815195,1.058695652173913
Serie A,2022-2023,Verona,17,38,7,10,21,31,59,-28,31,0.8157894736842105,1.5526315789473684,0.8157894736842105,-0.7368421052631579,0.18421052631578946,20,0.1578947368421053,1.2815789473684212,0.6365503080082134,0.8254237288135594
Serie A,2022-2023,Spezia,18,38,6,13,19,31,62,-31,31,0.8157894736842105,1.631578947368421,0.8157894736842105,-0.8157894736842105,0.15789473684210525,20,0.10526315789473684,1.2815789473684212,0.6365503080082134,0.785483870967742
Serie A,2022-2023,Cremonese,19,38,5,12,21,36,69,-33,27,0.9473684210526315,1.8157894736842106,0.7105263157894737,-0.868421052631579,0.13157894736842105,20,0.052631578947368474,1.2815789473684212,0.7392197125256672,0.7057971014492754
Serie A,2022-2023,Sampdoria,20,38,3,10,25,24,71,-47,19,0.631578947368421,1.868421052631579,0.5,-1.236842105263158,0.07894736842105263,20,0.0,1.2815789473684212,0.49281314168377816,0.6859154929577466
Bundesliga,2023-2024,Leverkusen,1,34,28,6,0,89,24,65,90,2.6176470588235294,0.7058823529411765,2.6470588235294117,1.911764705882353,0.8235294117647058,18,1.0,1.6094771241830064,1.6263959390862945,2.280092592592592
Bundesliga,2023-2024,Stuttgart,2,34,23,4,7,78,39,39,73,2.2941176470588234,1.1470588235294117,2.1470588235294117,1.1470588235294117,0.6764705882352942,18,0.9411764705882353,1.6094771241830064,1.4253807106598986,1.4031339031339032
Bundesliga,2023-2024,Bayern Munich,3,34,23,3,8,94,45,49,72,2.764705882352941,1.3235294117647058,2.1176470588235294,1.4411764705882353,0.6764705882352942,18,0.8823529411764706,1.6094771241830064,1.717766497461929,1.2160493827160492
Bundesliga,2023-2024,RB Leipzig,4,34,19,8,7,77,39,38,65,2.264705882352941,1.1470588235294117,1.911764705882353,1.1176470588235294,0.5588235294117647,18,0.8235294117647058,1.6094771241830064,1.4071065989847718,1.4031339031339032
Bundesliga,2023-2024,Dortmund,5,34,18,9,7,68,43,25,63,2.0,1.2647058823529411,1.8529411764705883,0.7352941176470589,0.5294117647058824,18,0.7647058823529411,1.6094771241830064,1.2426395939086297,1.272609819121447
Bundesliga,2023-2024,Ein Frankfurt,6,34,11,14,9,51,50,1,47,1.5,1.4705882352941178,1.3823529411764706,0.029411764705882353,0.3235294117647059,18,0.7058823529411764,1.6094771241830064,0.9319796954314722,1.0944444444444443
Bundesliga,2023-2024,Hoffenheim,7,34,13,7,14,66,66,0,46,1.9411764705882353,1.9411764705882353,1.3529411764705883,0.0,0.38235294117647056,18,0.6470588235294117,1.6094771241830064,1.2060913705583758,0.829124579124579
Bundesliga,2023-2024,Heidenheim,8,34,10,12,12,50,55,-5,42,1.4705882352941178,1.6176470588235294,1.2352941176470589,-0.14705882352941177,0.29411764705882354,18,0.5882352941176471,1.6094771241830064,0.9137055837563454,0.9949494949494948
Bundesliga,2023-2024,Werder Bremen,9,34,11,9,14,48,54,-6,42,1.411764705882353,1.588235294117647,1.2352941176470589,-0.17647058823529413,0.3235294117647059,18,0.5294117647058824,1.6094771241830064,0.8771573604060915,1.0133744855967077
Bundesliga,2023-2024,Freiburg,10,34,11,9,14,45,58,-13,42,1.3235294117647058,1.7058823529411764,1.2352941176470589,-0.38235294117647056,0.3235294117647059,18,0.47058823529411764,1.6094771241830064,0.8223350253807107,0.9434865900383141
Bundesliga,2023-2024,Augsburg,11,34,10,9,15,50,60,-10,39,1.4705882352941178,1.7647058823529411,1.1470588235294117,-0.29411764705882354,0.29411764705882354,18,0.4117647058823529,1.6094771241830064,0.9137055837563454,0.912037037037037
Bundesliga,2023-2024,Wolfsburg,12,34,10,7,17,41,56,-15,37,1.2058823529411764,1.6470588235294117,1.088235294117647,-0.4411764705882353,0.29411764705882354,18,0.3529411764705882,1.6094771241830064,0.749238578680203,0.9771825396825397
Bundesliga,2023-2024,Mainz,13,34,7,14,13,39,51,-12,35,1.1470588235294117,1.5,1.0294117647058822,-0.35294117647058826,0.20588235294117646,18,0.2941176470588235,1.6094771241830064,0.7126903553299493,1.0729847494553375
Bundesliga,2023-2024,M'gladbach,14,34,7,13,14,56,67,-11,34,1.6470588235294117,1.9705882352941178,1.0,-0.3235294117647059,0.20588235294117646,18,0.23529411764705888,1.6094771241830064,1.0233502538071066,0.8167495854063017
Bundesliga,2023-2024,Union Berlin,15,34,9,6,19,33,58,-25,33,0.9705882352941176,1.7058823529411764,0.9705882352941176,-0.7352941176470589,0.2647058823529412,18,0.17647058823529416,1.6094771241830064,0.6030456852791879,0.9434865900383141
Bundesliga,2023-2024,Bochum,16,34,7,12,15,42,74,-32,33,1.2352941176470589,2.176470588235294,0.9705882352941176,-0.9411764705882353,0.20588235294117646,18,0.11764705882352944,1.6094771241830064,0.7675126903553301,0.7394894894894894
Bundesliga,2023-2024,FC Koln,17,34,5,12,17,28,60,-32,27,0.8235294117647058,1.7647058823529411,0.7941176470588235,-0.9411764705882353,0.14705882352941177,18,0.05882352941176472,1.6094771241830064,0.5116751269035533,0.912037037037037
Bundesliga,2023-2024,Darmstadt,18,34,3,8,23,30,86,-56,17,0.8823529411764706,2.5294117647058822,0.5,-1.6470588235294117,0.08823529411764706,18,0.0,1.6094771241830064,0.5482233502538072,0.6363049095607235
La Liga,2023-2024,Real Madrid,1,38,29,8,1,87,26,61,95,2.289473684210526,0.6842105263157895,2.5,1.605263157894737,0.7631578947368421,20,1.0,1.3223684210526314,1.7313432835820897,1.9326923076923075
La Liga,2023-2024,Barcelona,2,38,26,7,5,79,44,35,85,2.0789473684210527,1.1578947368421053,2.236842105263158,0.9210526315789473,0.6842105263157895,20,0.9473684210526316,1.3223684210526314,1.5721393034825872,1.1420454545454544
La Liga,2023-2024,Girona,3,38,25,6,7,85,46,39,81,2.236842105263158,1.2105263157894737,2.1315789473684212,1.0263157894736843,0.6578947368421053,20,0.8947368421052632,1.3223684210526314,1.6915422885572142,1.092391304347826
La Liga,2023-2024,Ath Madrid,4,38,24,4,10,70,43,27,76,1.8421052631578947,1.131578947368421,2.0,0.7105263157894737,0.631578947368421,20,0.8421052631578947,1.3223684210526314,1.3930348258706469,1.1686046511627906
La Liga,2023-2024,Ath Bilbao,5,38,19,11,8,61,37,24,68,1.605263157894737,0.9736842105263158,1.7894736842105263,0.631578947368421,0.5,20,0.7894736842105263,1.3223684210526314,1.2139303482587067,1.358108108108108
La Liga,2023-2024,Sociedad,6,38,16,12,10,51,39,12,60,1.3421052631578947,1.0263157894736843,1.5789473684210527,0.3157894736842105,0.42105263157894735,20,0.736842105263158,1.3223684210526314,1.0149253731343284,1.288461538461538
La Liga,2023-2024,Betis,7,38,14,15,9,48,45,3,57,1.263157894736842,1.1842105263157894,1.5,0.07894736842105263,0.3684210526315789,20,0.6842105263157895,1.3223684210526314,0.955223880597015,1.1166666666666667
La Liga,2023-2024,Villarreal,8,38,14,11,13,65,65,0,53,1.7105263157894737,1.7105263157894737,1.394736842105263,0.0,0.3684210526315789,20,0.631578947368421,1.3223684210526314,1.2935323383084578,0.773076923076923
La Liga,2023-2024,Valencia,9,38,13,10,15,40,45,-5,49,1.0526315789473684,1.1842105263157894,1.2894736842105263,-0.13157894736842105,0.34210526315789475,20,0.5789473684210527,1.3223684210526314,0.7960199004975125,1.1166666666666667
La Liga,2023-2024,Alaves,10,38,12,10,16,36,46,-10,46,0.9473684210526315,1.2105263157894737,1.2105263157894737,-0.2631578947368421,0.3157894736842105,20,0.5263157894736843,1.3223684210526314,0.7164179104477613,1.092391304347826
La Liga,2023-2024,Osasuna,11,38,12,9,17,45,56,-11,45,1.1842105263157894,1.4736842105263157,1.1842105263157894,-0.2894736842105263,0.3157894736842105,20,0.4736842105263158,1.3223684210526314,0.8955223880597015,0.8973214285714285
La Liga,2023-2024,Getafe,12,38,10,13,15,42,54,-12,43,1.105263157894737,1.4210526315789473,1.131578947368421,-0.3157894736842105,0.2631578947368421,20,0.42105263157894735,1.3223684210526314,0.8358208955223883,0.9305555555555555
La Liga,2023-2024,Sevilla,13,38,10,11,17,48,54,-6,41,1.263157894736842,1.4210526315789473,1.0789473684210527,-0.15789473684210525,0.2631578947368421,20,0.368421052631579,1.3223684210526314,0.955223880597015,0.9305555555555555
La Liga,2023-2024,Celta,14,38,10,11,17,46,57,-11,41,1.2105263157894737,1.5,1.0789473684210527,-0.2894736842105263,0.2631578947368421,20,0.3157894736842105,1.3223684210526314,0.9154228855721394,0.8815789473684209
La Liga,2023-2024,Mallorca,15,38,8,16,14,33,44,-11,40,0.868421052631579,1.1578947368421053,1.0526315789473684,-0.2894736842105263,0.21052631578947367,20,0.26315789473684215,1.3223684210526314,0.6567164179104479,1.1420454545454544
La Liga,2023-2024,Las Palmas,16,38,10,10,18,33,47,-14,40,0.868421052631579,1.236842105263158,1.0526315789473684,-0.3684210526315789,0.2631578947368421,20,0.21052631578947367,1.3223684210526314,0.6567164179104479,1.0691489361702127
La Liga,2023-2024,Vallecano,17,38,8,14,16,29,48,-19,38,0.7631578947368421,1.263157894736842,1.0,-0.5,0.21052631578947367,20,0.1578947368421053,1.3223684210526314,0.5771144278606967,1.046875
La Liga,2023-2024,Cadiz,18,38,6,15,17,26,55,-29,33,0.6842105263157895,1.4473684210526316,0.868421052631579,-0.7631578947368421,0.15789473684210525,20,0.10526315789473684,1.3223684210526314,0.5174129353233832,0.9136363636363635
La Liga,2023-2024,Almeria,19,38,3,12,23,43,75,-32,21,1.131578947368421,1.9736842105263157,0.5526315789473685,-0.8421052631578947,0.07894736842105263,20,0.052631578947368474,1.3223684210526314,0.855721393034826,0.6699999999999999
La Liga,2023-2024,Granada,20,38,4,9,25,38,79,-41,21,1.0,2.0789473684210527,0.5526315789473685,-1.0789473684210527,0.10526315789473684,20,0.0,1.3223684210526314,0.7562189054726369,0.6360759493670886
Ligue 1,2023-2024,Paris SG,1,34,22,10,2,81,33,48,76,2.3823529411764706,0.9705882352941176,2.235294117647059,1.411764705882353,0.6470588235294118,18,1.0,1.349673202614379,1.7651331719128331,1.3905723905723903
Ligue 1,2023-2024,Monaco,2,34,20,7,7,68,42,26,67,2.0,1.2352941176470589,1.9705882352941178,0.7647058823529411,0.5882352941176471,18,0.9411764705882353,1.349673202614379,1.4818401937046006,1.0925925925925923
Ligue 1,2023-2024,Brest,3,34,17,10,7,53,34,19,61,1.5588235294117647,1.0,1.7941176470588236,0.5588235294117647,0.5,18,0.8823529411764706,1.349673202614379,1.1549636803874093,1.349673202614379
Ligue 1,2023-2024,Lille,4,34,16,11,7,52,34,18,59,1.5294117647058822,1.0,1.7352941176470589,0.5294117647058824,0.47058823529411764,18,0.8235294117647058,1.349673202614379,1.1331719128329298,1.349673202614379
Ligue 1,2023-2024,Nice,5,34,15,10,9,40,29,11,55,1.1764705882352942,0.8529411764705882,1.6176470588235294,0.3235294117647059,0.4411764705882353,18,0.7647058823529411,1.349673202614379,0.8716707021791769,1.5823754789272029
Ligue 1,2023-2024,Lyon,6,34,16,5,13,49,55,-6,53,1.4411764705882353,1.6176470588235294,1.5588235294117647,-0.17647058823529413,0.47058823529411764,18,0.7058823529411764,1.349673202614379,1.0677966101694916,0.8343434343434343
Ligue 1,2023-2024,Lens,7,34,14,9,11,45,37,8,51,1.3235294117647058,1.088235294117647,1.5,0.23529411764705882,0.4117647058823529,18,0.6470588235294117,1.349673202614379,0.9806295399515739,1.2402402402402402
Ligue 1,2023-2024,Marseille,8,34,13,11,10,52,41,11,50,1.5294117647058822,1.2058823529411764,1.4705882352941178,0.3235294117647059,0.38235294117647056,18,0.5882352941176471,1.349673202614379,1.1331719128329298,1.119241192411924
Ligue 1,2023-2024,Reims,9,34,13,8,13,42,47,-5,47,1.2352941176470589,1.3823529411764706,1.3823529411764706,-0.14705882352941177,0.38235294117647056,18,0.5294117647058824,1.349673202614379,0.9152542372881357,0.9763593380614657
Ligue 1,2023-2024,Rennes,10,34,12,10,12,53,46,7,46,1.5588235294117647,1.3529411764705883,1.3529411764705883,0.20588235294117646,0.35294117647058826,18,0.47058823529411764,1.349673202614379,1.1549636803874093,0.9975845410628018
Ligue 1,2023-2024,Toulouse,11,34,11,10,13,42,46,-4,43,1.2352941176470589,1.3529411764705883,1.2647058823529411,-0.11764705882352941,0.3235294117647059,18,0.4117647058823529,1.349673202614379,0.9152542372881357,0.9975845410628018
Ligue 1,2023-2024,Montpellier,12,34,10,12,12,43,48,-5,42,1.2647058823529411,1.411764705882353,1.2352941176470589,-0.14705882352941177,0.29411764705882354,18,0.3529411764705882,1.349673202614379,0.937046004842615,0.9560185185185184
Ligue 1,2023-2024,Strasbourg,13,34,10,9,15,38,50,-12,39,1.1176470588235294,1.4705882352941178,1.1470588235294117,-0.35294117647058826,0.29411764705882354,18,0.2941176470588235,1.349673202614379,0.828087167070218,0.9177777777777776
Ligue 1,2023-2024,Nantes,14,34,9,6,19,30,55,-25,33,0.8823529411764706,1.6176470588235294,0.9705882352941176,-0.7352941176470589,0.2647058823529412,18,0.23529411764705888,1.349673202614379,0.6537530266343826,0.8343434343434343
Ligue 1,2023-2024,Le Havre,15,34,7,11,16,34,45,-11,32,1.0,1.3235294117647058,0.9411764705882353,-0.3235294117647059,0.20588235294117646,18,0.17647058823529416,1.349673202614379,0.7409200968523003,1.019753086419753
Ligue 1,2023-2024,Lorient,16,34,7,8,19,43,66,-23,29,1.2647058823529411,1.9411764705882353,0.8529411764705882,-0.6764705882352942,0.20588235294117646,18,0.11764705882352944,1.349673202614379,0.937046004842615,0.6952861952861952
Ligue 1,2023-2024,Metz,17,34,8,5,21,35,58,-23,29,1.0294117647058822,1.7058823529411764,0.8529411764705882,-0.6764705882352942,0.23529411764705882,18,0.05882352941176472,1.349673202614379,0.7627118644067796,0.7911877394636014
Ligue 1,2023-2024,Clermont,18,34,5,10,19,26,60,-34,25,0.7647058823529411,1.7647058823529411,0.7352941176470589,-1.0,0.14705882352941177,18,0.0,1.349673202614379,0.5665859564164649,0.7648148148148147
Premier League,2023-2024,Man City,1,38,28,7,3,96,34,62,91,2.526315789473684,0.8947368421052632,2.3947368421052633,1.631578947368421,0.7368421052631579,20,1.0,1.6394736842105264,1.5409309791332262,1.8323529411764707
Premier League,2023-2024,Arsenal,2,38,28,5,5,91,29,62,89,2.3947368421052633,0.7631578947368421,2.3421052631578947,1.631578947368421,0.7368421052631579,20,0.9473684210526316,1.6394736842105264,1.4606741573033708,2.1482758620689655
Premier League,2023-2024,Liverpool,3,38,24,10,4,86,41,45,82,2.263157894736842,1.0789473684210527,2.1578947368421053,1.1842105263157894,0.631578947368421,20,0.8947368421052632,1.6394736842105264,1.3804173354735152,1.5195121951219512
Premier League,2023-2024,Aston Villa,4,38,20,8,10,76,61,15,68,2.0,1.605263157894737,1.7894736842105263,0.39473684210526316,0.5263157894736842,20,0.8421052631578947,1.6394736842105264,1.2199036918138042,1.021311475409836
Premier League,2023-2024,Tottenham,5,38,20,6,12,74,61,13,66,1.9473684210526316,1.605263157894737,1.736842105263158,0.34210526315789475,0.5263157894736842,20,0.7894736842105263,1.6394736842105264,1.187800963081862,1.021311475409836
Premier League,2023-2024,Chelsea,6,38,18,9,11,77,63,14,63,2.026315789473684,1.6578947368421053,1.6578947368421053,0.3684210526315789,0.47368421052631576,20,0.736842105263158,1.6394736842105264,1.2359550561797752,0.9888888888888889
Premier League,2023-2024,Newcastle,7,38,18,6,14,85,62,23,60,2.236842105263158,1.631578947368421,1.5789473684210527,0.6052631578947368,0.47368421052631576,20,0.6842105263157895,1.6394736842105264,1.3643659711075442,1.0048387096774194
Premier League,2023-2024,Man United,8,38,18,6,14,57,58,-1,60,1.5,1.5263157894736843,1.5789473684210527,-0.02631578947368421,0.47368421052631576,20,0.631578947368421,1.6394736842105264,0.9149277688603531,1.0741379310344827
Premier League,2023-2024,West Ham,9,38,14,10,14,60,74,-14,52,1.5789473684210527,1.9473684210526316,1.368421052631579,-0.3684210526315789,0.3684210526315789,20,0.5789473684210527,1.6394736842105264,0.9630818619582664,0.841891891891892
Premier League,2023-2024,Crystal Palace,10,38,13,10,15,57,58,-1,49,1.5,1.5263157894736843,1.2894736842105263,-0.02631578947368421,0.34210526315789475,20,0.5263157894736843,1.6394736842105264,0.9149277688603531,1.0741379310344827
Premier League,2023-2024,Brighton,11,38,12,12,14,55,62,-7,48,1.4473684210526316,1.631578947368421,1.263157894736842,-0.18421052631578946,0.3157894736842105,20,0.4736842105263158,1.6394736842105264,0.8828250401284109,1.0048387096774194
Premier League,2023-2024,Everton,12,38,13,9,16,40,51,-11,48,1.0526315789473684,1.3421052631578947,1.263157894736842,-0.2894736842105263,0.34210526315789475,20,0.42105263157894735,1.6394736842105264,0.6420545746388442,1.2215686274509805
Premier League,2023-2024,Bournemouth,13,38,13,9,16,54,67,-13,48,1.4210526315789473,1.763157894736842,1.263157894736842,-0.34210526315789475,0.34210526315789475,20,0.368421052631579,1.6394736842105264,0.8667736757624397,0.9298507462686568
Premier League,2023-2024,Fulham,14,38,13,8,17,55,61,-6,47,1.4473684210526316,1.605263157894737,1.236842105263158,-0.15789473684210525,0.34210526315789475,20,0.3157894736842105,1.6394736842105264,0.8828250401284109,1.021311475409836
Premier League,2023-2024,Wolves,15,38,13,7,18,50,65,-15,46,1.3157894736842106,1.7105263157894737,1.2105263157894737,-0.39473684210526316,0.34210526315789475,20,0.26315789473684215,1.6394736842105264,0.8025682182985554,0.9584615384615385
Premier League,2023-2024,Brentford,16,38,10,9,19,56,65,-9,39,1.4736842105263157,1.7105263157894737,1.0263157894736843,-0.23684210526315788,0.2631578947368421,20,0.21052631578947367,1.6394736842105264,0.8988764044943819,0.9584615384615385
Premier League,2023-2024,Nott'm Forest,17,38,9,9,20,49,67,-18,36,1.2894736842105263,1.763157894736842,0.9473684210526315,-0.47368421052631576,0.23684210526315788,20,0.1578947368421053,1.6394736842105264,0.7865168539325842,0.9298507462686568
Premier League,2023-2024,Luton,18,38,6,8,24,52,85,-33,26,1.368421052631579,2.236842105263158,0.6842105263157895,-0.868421052631579,0.15789473684210525,20,0.10526315789473684,1.6394736842105264,0.8346709470304976,0.7329411764705882
Premier League,2023-2024,Burnley,19,38,5,9,24,41,78,-37,24,1.0789473684210527,2.0526315789473686,0.631578947368421,-0.9736842105263158,0.13157894736842105,20,0.052631578947368474,1.6394736842105264,0.6581059390048154,0.7987179487179487
Premier League,2023-2024,Sheffield United,20,38,3,7,28,35,104,-69,16,0.9210526315789473,2.736842105263158,0.42105263157894735,-1.8157894736842106,0.07894736842105263,20,0.0,1.6394736842105264,0.5617977528089887,0.5990384615384615
Serie A,2023-2024,Inter,1,38,29,7,2,89,22,67,94,2.3421052631578947,0.5789473684210527,2.473684210526316,1.763157894736842,0.7631578947368421,20,1.0,1.305263157894737,1.7943548387096773,2.2545454545454544
Serie A,2023-2024,Milan,2,38,22,9,7,76,49,27,75,2.0,1.2894736842105263,1.9736842105263157,0.7105263157894737,0.5789473684210527,20,0.9473684210526316,1.305263157894737,1.532258064516129,1.0122448979591838
Serie A,2023-2024,Juventus,3,38,19,14,5,54,31,23,71,1.4210526315789473,0.8157894736842105,1.868421052631579,0.6052631578947368,0.5,20,0.8947368421052632,1.305263157894737,1.0887096774193548,1.6
Serie A,2023-2024,Atalanta,4,38,21,6,11,72,42,30,69,1.894736842105263,1.105263157894737,1.8157894736842106,0.7894736842105263,0.5526315789473685,20,0.8421052631578947,1.305263157894737,1.4516129032258063,1.180952380952381
Serie A,2023-2024,Bologna,5,38,18,14,6,54,32,22,68,1.4210526315789473,0.8421052631578947,1.7894736842105263,0.5789473684210527,0.47368421052631576,20,0.7894736842105263,1.305263157894737,1.0887096774193548,1.5500000000000003
Serie A,2023-2024,Roma,6,38,18,9,11,65,46,19,63,1.7105263157894737,1.2105263157894737,1.6578947368421053,0.5,0.47368421052631576,20,0.736842105263158,1.305263157894737,1.3104838709677418,1.0782608695652174
Serie A,2023-2024,Lazio,7,38,18,7,13,49,39,10,61,1.2894736842105263,1.0263157894736843,1.605263157894737,0.2631578947368421,0.47368421052631576,20,0.6842105263157895,1.305263157894737,0.9879032258064516,1.2717948717948717
Serie A,2023-2024,Fiorentina,8,38,17,9,12,61,46,15,60,1.605263157894737,1.2105263157894737,1.5789473684210527,0.39473684210526316,0.4473684210526316,20,0.631578947368421,1.305263157894737,1.2298387096774195,1.0782608695652174
Serie A,2023-2024,Napoli,9,38,13,14,11,55,48,7,53,1.4473684210526316,1.263157894736842,1.394736842105263,0.18421052631578946,0.34210526315789475,20,0.5789473684210527,1.305263157894737,1.1088709677419355,1.0333333333333334
Serie A,2023-2024,Torino,10,38,13,14,11,36,36,0,53,0.9473684210526315,0.9473684210526315,1.394736842105263,0.0,0.34210526315789475,20,0.5263157894736843,1.305263157894737,0.7258064516129031,1.377777777777778
Serie A,2023-2024,Genoa,11,38,12,13,13,45,45,0,49,1.1842105263157894,1.1842105263157894,1.2894736842105263,0.0,0.3157894736842105,20,0.4736842105263158,1.305263157894737,0.9072580645161289,1.1022222222222224
Serie A,2023-2024,Monza,12,38,11,12,15,39,51,-12,45,1.0263157894736843,1.3421052631578947,1.1842105263157894,-0.3157894736842105,0.2894736842105263,20,0.42105263157894735,1.305263157894737,0.7862903225806452,0.9725490196078432
Serie A,2023-2024,Verona,13,38,9,11,18,38,51,-13,38,1.0,1.3421052631578947,1.0,-0.34210526315789475,0.23684210526315788,20,0.368421052631579,1.305263157894737,0.7661290322580645,0.9725490196078432
Serie A,2023-2024,Lecce,14,38,8,14,16,32,54,-22,38,0.8421052631578947,1.4210526315789473,1.0,-0.5789473684210527,0.21052631578947367,20,0.3157894736842105,1.305263157894737,0.6451612903225806,0.9185185185185186
Serie A,2023-2024,Udinese,15,38,6,19,13,37,53,-16,37,0.9736842105263158,1.394736842105263,0.9736842105263158,-0.42105263157894735,0.15789473684210525,20,0.26315789473684215,1.305263157894737,0.7459677419354839,0.9358490566037737
Serie A,2023-2024,Empoli,16,38,9,9,20,29,54,-25,36,0.7631578947368421,1.4210526315789473,0.9473684210526315,-0.6578947368421053,0.23684210526315788,20,0.21052631578947367,1.305263157894737,0.5846774193548387,0.9185185185185186
Serie A,2023-2024,Cagliari,17,38,8,12,18,42,68,-26,36,1.105263157894737,1.7894736842105263,0.9473684210526315,-0.6842105263157895,0.21052631578947367,20,0.1578947368421053,1.305263157894737,0.8467741935483871,0.7294117647058824
Serie A,2023-2024,Frosinone,18,38,8,11,19,44,69,-25,35,1.1578947368421053,1.8157894736842106,0.9210526315789473,-0.6578947368421053,0.21052631578947367,20,0.10526315789473684,1.305263157894737,0.8870967741935484,0.7188405797101449
Serie A,2023-2024,Sassuolo,19,38,7,9,22,43,75,-32,30,1.131578947368421,1.9736842105263157,0.7894736842105263,-0.8421052631578947,0.18421052631578946,20,0.052631578947368474,1.305263157894737,0.8669354838709676,0.6613333333333334
Serie A,2023-2024,Salernitana,20,38,2,11,25,32,81,-49,17,0.8421052631578947,2.1315789473684212,0.4473684210526316,-1.2894736842105263,0.05263157894736842,20,0.0,1.305263157894737,0.6451612903225806,0.6123456790123456
Bundesliga,2024-2025,Bayern Munich,1,34,25,7,2,99,32,67,82,2.911764705882353,0.9411764705882353,2.411764705882353,1.9705882352941178,0.7352941176470589,18,1.0,1.5669934640522876,1.8581856100104275,1.6649305555555556
Bundesliga,2024-2025,Leverkusen,2,34,19,12,3,72,43,29,69,2.1176470588235294,1.2647058823529411,2.0294117647058822,0.8529411764705882,0.5588235294117647,18,0.9411764705882353,1.5669934640522876,1.3514077163712201,1.2390180878552972
Bundesliga,2024-2025,Ein Frankfurt,3,34,17,9,8,68,46,22,60,2.0,1.3529411764705883,1.7647058823529411,0.6470588235294118,0.5,18,0.8823529411764706,1.5669934640522876,1.2763295099061522,1.1582125603864732
Bundesliga,2024-2025,Dortmund,4,34,17,6,11,71,51,20,57,2.088235294117647,1.5,1.6764705882352942,0.5882352941176471,0.5,18,0.8235294117647058,1.5669934640522876,1.3326381647549532,1.0446623093681917
Bundesliga,2024-2025,Freiburg,5,34,16,7,11,49,53,-4,55,1.4411764705882353,1.5588235294117647,1.6176470588235294,-0.11764705882352941,0.47058823529411764,18,0.7647058823529411,1.5669934640522876,0.9197080291970803,1.0052410901467506
Bundesliga,2024-2025,Mainz,6,34,14,10,10,55,43,12,52,1.6176470588235294,1.2647058823529411,1.5294117647058822,0.35294117647058826,0.4117647058823529,18,0.7058823529411764,1.5669934640522876,1.032325338894682,1.2390180878552972
Bundesliga,2024-2025,RB Leipzig,7,34,13,12,9,53,48,5,51,1.5588235294117647,1.411764705882353,1.5,0.14705882352941177,0.38235294117647056,18,0.6470588235294117,1.5669934640522876,0.9947862356621481,1.1099537037037037
Bundesliga,2024-2025,Werder Bremen,8,34,14,9,11,54,57,-3,51,1.588235294117647,1.6764705882352942,1.5,-0.08823529411764706,0.4117647058823529,18,0.5882352941176471,1.5669934640522876,1.0135557872784149,0.9346978557504872
Bundesliga,2024-2025,Stuttgart,9,34,14,8,12,64,53,11,50,1.8823529411764706,1.5588235294117647,1.4705882352941178,0.3235294117647059,0.4117647058823529,18,0.5294117647058824,1.5669934640522876,1.2012513034410846,1.0052410901467506
Bundesliga,2024-2025,M'gladbach,10,34,13,6,15,55,57,-2,45,1.6176470588235294,1.6764705882352942,1.3235294117647058,-0.058823529411764705,0.38235294117647056,18,0.47058823529411764,1.5669934640522876,1.032325338894682,0.9346978557504872
Bundesliga,2024-2025,Wolfsburg,11,34,11,10,13,56,54,2,43,1.6470588235294117,1.588235294117647,1.2647058823529411,0.058823529411764705,0.3235294117647059,18,0.4117647058823529,1.5669934640522876,1.051094890510949,0.9866255144032923
Bundesliga,2024-2025,Augsburg,12,34,11,10,13,35,51,-16,43,1.0294117647058822,1.5,1.2647058823529411,-0.47058823529411764,0.3235294117647059,18,0.3529411764705882,1.5669934640522876,0.656934306569343,1.0446623093681917
Bundesliga,2024-2025,Union Berlin,13,34,10,10,14,35,51,-16,40,1.0294117647058822,1.5,1.1764705882352942,-0.47058823529411764,0.29411764705882354,18,0.2941176470588235,1.5669934640522876,0.656934306569343,1.0446623093681917
Bundesliga,2024-2025,St Pauli,14,34,8,8,18,28,41,-13,32,0.8235294117647058,1.2058823529411764,0.9411764705882353,-0.38235294117647056,0.23529411764705882,18,0.23529411764705888,1.5669934640522876,0.5255474452554745,1.2994579945799458
Bundesliga,2024-2025,Hoffenheim,15,34,7,11,16,46,68,-22,32,1.3529411764705883,2.0,0.9411764705882353,-0.6470588235294118,0.20588235294117646,18,0.17647058823529416,1.5669934640522876,0.8633993743482795,0.7834967320261438
Bundesliga,2024-2025,Heidenheim,16,34,8,5,21,37,64,-27,29,1.088235294117647,1.8823529411764706,0.8529411764705882,-0.7941176470588235,0.23529411764705882,18,0.11764705882352944,1.5669934640522876,0.6944734098018769,0.8324652777777778
Bundesliga,2024-2025,Holstein Kiel,17,34,6,7,21,49,80,-31,25,1.4411764705882353,2.3529411764705883,0.7352941176470589,-0.9117647058823529,0.17647058823529413,18,0.05882352941176472,1.5669934640522876,0.9197080291970803,0.6659722222222222
Bundesliga,2024-2025,Bochum,18,34,6,7,21,33,67,-34,25,0.9705882352941176,1.9705882352941178,0.7352941176470589,-1.0,0.17647058823529413,18,0.0,1.5669934640522876,0.6193952033368092,0.7951907131011609
La Liga,2024-2025,Barcelona,1,38,28,4,6,102,39,63,88,2.6842105263157894,1.0263157894736843,2.3157894736842106,1.6578947368421053,0.7368421052631579,20,1.0,1.3092105263157896,2.0502512562814066,1.2756410256410258
La Liga,2024-2025,Real Madrid,2,38,26,6,6,78,38,40,84,2.0526315789473686,1.0,2.210526315789474,1.0526315789473684,0.6842105263157895,20,0.9473684210526316,1.3092105263157896,1.5678391959798994,1.3092105263157896
La Liga,2024-2025,Ath Madrid,3,38,22,10,6,68,30,38,76,1.7894736842105263,0.7894736842105263,2.0,1.0,0.5789473684210527,20,0.8947368421052632,1.3092105263157896,1.3668341708542713,1.6583333333333334
La Liga,2024-2025,Ath Bilbao,4,38,19,13,6,54,29,25,70,1.4210526315789473,0.7631578947368421,1.8421052631578947,0.6578947368421053,0.5,20,0.8421052631578947,1.3092105263157896,1.0854271356783918,1.7155172413793105
La Liga,2024-2025,Villarreal,5,38,20,10,8,71,51,20,70,1.868421052631579,1.3421052631578947,1.8421052631578947,0.5263157894736842,0.5263157894736842,20,0.7894736842105263,1.3092105263157896,1.4271356783919598,0.9754901960784315
La Liga,2024-2025,Betis,6,38,16,12,10,57,50,7,60,1.5,1.3157894736842106,1.5789473684210527,0.18421052631578946,0.42105263157894735,20,0.736842105263158,1.3092105263157896,1.1457286432160803,0.995
La Liga,2024-2025,Celta,7,38,16,7,15,59,57,2,55,1.5526315789473684,1.5,1.4473684210526316,0.05263157894736842,0.42105263157894735,20,0.6842105263157895,1.3092105263157896,1.1859296482412058,0.8728070175438597
La Liga,2024-2025,Osasuna,8,38,12,16,10,48,52,-4,52,1.263157894736842,1.368421052631579,1.368421052631579,-0.10526315789473684,0.3157894736842105,20,0.631578947368421,1.3092105263157896,0.9648241206030149,0.9567307692307693
La Liga,2024-2025,Vallecano,9,38,13,13,12,41,45,-4,52,1.0789473684210527,1.1842105263157894,1.368421052631579,-0.10526315789473684,0.34210526315789475,20,0.5789473684210527,1.3092105263157896,0.8241206030150753,1.1055555555555558
La Liga,2024-2025,Mallorca,10,38,13,9,16,35,44,-9,48,0.9210526315789473,1.1578947368421053,1.263157894736842,-0.23684210526315788,0.34210526315789475,20,0.5263157894736843,1.3092105263157896,0.7035175879396984,1.1306818181818183
La Liga,2024-2025,Valencia,11,38,11,13,14,44,54,-10,46,1.1578947368421053,1.4210526315789473,1.2105263157894737,-0.2631578947368421,0.2894736842105263,20,0.4736842105263158,1.3092105263157896,0.8844221105527638,0.9212962962962964
La Liga,2024-2025,Sociedad,12,38,13,7,18,35,46,-11,46,0.9210526315789473,1.2105263157894737,1.2105263157894737,-0.2894736842105263,0.34210526315789475,20,0.42105263157894735,1.3092105263157896,0.7035175879396984,1.0815217391304348
La Liga,2024-2025,Getafe,13,38,11,9,18,34,39,-5,42,0.8947368421052632,1.0263157894736843,1.105263157894737,-0.13157894736842105,0.2894736842105263,20,0.368421052631579,1.3092105263157896,0.6834170854271356,1.2756410256410258
La Liga,2024-2025,Alaves,14,38,10,12,16,38,48,-10,42,1.0,1.263157894736842,1.105263157894737,-0.2631578947368421,0.2631578947368421,20,0.3157894736842105,1.3092105263157896,0.7638190954773869,1.0364583333333335
La Liga,2024-2025,Espanol,15,38,11,9,18,40,51,-11,42,1.0526315789473684,1.3421052631578947,1.105263157894737,-0.2894736842105263,0.2894736842105263,20,0.26315789473684215,1.3092105263157896,0.8040201005025125,0.9754901960784315
La Liga,2024-2025,Sevilla,16,38,10,11,17,42,55,-13,41,1.105263157894737,1.4473684210526316,1.0789473684210527,-0.34210526315789475,0.2631578947368421,20,0.21052631578947367,1.3092105263157896,0.8442211055276382,0.9045454545454547
La Liga,2024-2025,Girona,17,38,11,8,19,44,60,-16,41,1.1578947368421053,1.5789473684210527,1.0789473684210527,-0.42105263157894735,0.2894736842105263,20,0.1578947368421053,1.3092105263157896,0.8844221105527638,0.8291666666666667
La Liga,2024-2025,Leganes,18,38,9,13,16,39,56,-17,40,1.0263157894736843,1.4736842105263157,1.0526315789473684,-0.4473684210526316,0.23684210526315788,20,0.10526315789473684,1.3092105263157896,0.7839195979899497,0.8883928571428573
La Liga,2024-2025,Las Palmas,19,38,8,8,22,40,61,-21,32,1.0526315789473684,1.605263157894737,0.8421052631578947,-0.5526315789473685,0.21052631578947367,20,0.052631578947368474,1.3092105263157896,0.8040201005025125,0.8155737704918034
La Liga,2024-2025,Valladolid,20,38,4,4,30,26,90,-64,16,0.6842105263157895,2.3684210526315788,0.42105263157894735,-1.6842105263157894,0.10526315789473684,20,0.0,1.3092105263157896,0.5226130653266331,0.5527777777777779
Ligue 1,2024-2025,Paris SG,1,34,26,6,2,92,35,57,84,2.7058823529411766,1.0294117647058822,2.4705882352941178,1.6764705882352942,0.7647058823529411,18,1.0,1.488562091503268,1.817782656421515,1.4460317460317462
Ligue 1,2024-2025,Marseille,2,34,20,5,9,74,47,27,65,2.176470588235294,1.3823529411764706,1.911764705882353,0.7941176470588235,0.5882352941176471,18,0.9411764705882353,1.488562091503268,1.4621295279912183,1.0768321513002364
Ligue 1,2024-2025,Monaco,3,34,18,7,9,63,41,22,61,1.8529411764705883,1.2058823529411764,1.7941176470588236,0.6470588235294118,0.5294117647058824,18,0.8823529411764706,1.488562091503268,1.2447859495060374,1.2344173441734418
Ligue 1,2024-2025,Nice,4,34,17,9,8,66,41,25,60,1.9411764705882353,1.2058823529411764,1.7647058823529411,0.7352941176470589,0.5,18,0.8235294117647058,1.488562091503268,1.3040614709110867,1.2344173441734418
Ligue 1,2024-2025,Lille,5,34,17,9,8,52,36,16,60,1.5294117647058822,1.0588235294117647,1.7647058823529411,0.47058823529411764,0.5,18,0.7647058823529411,1.488562091503268,1.027442371020856,1.4058641975308641
Ligue 1,2024-2025,Lyon,6,34,17,6,11,65,46,19,57,1.911764705882353,1.3529411764705883,1.6764705882352942,0.5588235294117647,0.5,18,0.7058823529411764,1.488562091503268,1.2843029637760703,1.1002415458937198
Ligue 1,2024-2025,Strasbourg,7,34,16,9,9,56,44,12,57,1.6470588235294117,1.2941176470588236,1.6764705882352942,0.35294117647058826,0.47058823529411764,18,0.6470588235294117,1.488562091503268,1.106476399560922,1.1502525252525253
Ligue 1,2024-2025,Lens,8,34,15,7,12,42,39,3,52,1.2352941176470589,1.1470588235294117,1.5294117647058822,0.08823529411764706,0.4411764705882353,18,0.5882352941176471,1.488562091503268,0.8298572996706916,1.2977207977207978
Ligue 1,2024-2025,Brest,9,34,15,5,14,52,59,-7,50,1.5294117647058822,1.7352941176470589,1.4705882352941178,-0.20588235294117646,0.4411764705882353,18,0.5294117647058824,1.488562091503268,1.027442371020856,0.8578154425612052
Ligue 1,2024-2025,Toulouse,10,34,11,9,14,44,43,1,42,1.2941176470588236,1.2647058823529411,1.2352941176470589,0.029411764705882353,0.3235294117647059,18,0.47058823529411764,1.488562091503268,0.8693743139407245,1.1770025839793283
Ligue 1,2024-2025,Auxerre,11,34,11,9,14,48,51,-3,42,1.411764705882353,1.5,1.2352941176470589,-0.08823529411764706,0.3235294117647059,18,0.4117647058823529,1.488562091503268,0.9484083424807904,0.9923747276688454
Ligue 1,2024-2025,Rennes,12,34,13,2,19,51,50,1,41,1.5,1.4705882352941178,1.2058823529411764,0.029411764705882353,0.38235294117647056,18,0.3529411764705882,1.488562091503268,1.0076838638858396,1.0122222222222221
Ligue 1,2024-2025,Nantes,13,34,8,12,14,39,52,-13,36,1.1470588235294117,1.5294117647058822,1.0588235294117647,-0.38235294117647056,0.23529411764705882,18,0.2941176470588235,1.488562091503268,0.7705817782656421,0.9732905982905984
Ligue 1,2024-2025,Angers,14,34,10,6,18,32,53,-21,36,0.9411764705882353,1.5588235294117647,1.0588235294117647,-0.6176470588235294,0.29411764705882354,18,0.23529411764705888,1.488562091503268,0.6322722283205269,0.9549266247379455
Ligue 1,2024-2025,Le Havre,15,34,10,4,20,40,71,-31,34,1.1764705882352942,2.088235294117647,1.0,-0.9117647058823529,0.29411764705882354,18,0.17647058823529416,1.488562091503268,0.7903402854006586,0.7128325508607198
Ligue 1,2024-2025,Reims,16,34,8,9,17,33,47,-14,33,0.9705882352941176,1.3823529411764706,0.9705882352941176,-0.4117647058823529,0.23529411764705882,18,0.11764705882352944,1.488562091503268,0.6520307354555434,1.0768321513002364
Ligue 1,2024-2025,St Etienne,17,34,8,6,20,39,77,-38,30,1.1470588235294117,2.264705882352941,0.8823529411764706,-1.1176470588235294,0.23529411764705882,18,0.05882352941176472,1.488562091503268,0.7705817782656421,0.6572871572871574
Ligue 1,2024-2025,Montpellier,18,34,4,4,26,23,79,-56,16,0.6764705882352942,2.323529411764706,0.47058823529411764,-1.6470588235294117,0.11764705882352941,18,0.0,1.488562091503268,0.45444566410537873,0.6406469760900141
Premier League,2024-2025,Liverpool,1,38,25,9,4,86,41,45,84,2.263157894736842,1.0789473684210527,2.210526315789474,1.1842105263157894,0.6578947368421053,20,1.0,1.4671052631578947,1.5426008968609866,1.3597560975609755
Premier League,2024-2025,Arsenal,2,38,20,14,4,69,34,35,74,1.8157894736842106,0.8947368421052632,1.9473684210526316,0.9210526315789473,0.5263157894736842,20,0.9473684210526316,1.4671052631578947,1.2376681614349776,1.6397058823529411
Premier League,2024-2025,Man City,3,38,21,8,9,72,44,28,71,1.894736842105263,1.1578947368421053,1.868421052631579,0.7368421052631579,0.5526315789473685,20,0.8947368421052632,1.4671052631578947,1.2914798206278026,1.2670454545454544
Premier League,2024-2025,Chelsea,4,38,20,9,9,64,43,21,69,1.6842105263157894,1.131578947368421,1.8157894736842106,0.5526315789473685,0.5263157894736842,20,0.8421052631578947,1.4671052631578947,1.147982062780269,1.2965116279069768
Premier League,2024-2025,Newcastle,5,38,20,6,12,68,47,21,66,1.7894736842105263,1.236842105263158,1.736842105263158,0.5526315789473685,0.5263157894736842,20,0.7894736842105263,1.4671052631578947,1.2197309417040358,1.1861702127659572
Premier League,2024-2025,Aston Villa,6,38,19,9,10,58,51,7,66,1.5263157894736843,1.3421052631578947,1.736842105263158,0.18421052631578946,0.5,20,0.736842105263158,1.4671052631578947,1.040358744394619,1.093137254901961
Premier League,2024-2025,Nott'm Forest,7,38,19,8,11,58,46,12,65,1.5263157894736843,1.2105263157894737,1.7105263157894737,0.3157894736842105,0.5,20,0.6842105263157895,1.4671052631578947,1.040358744394619,1.2119565217391304
Premier League,2024-2025,Brighton,8,38,16,13,9,66,59,7,61,1.736842105263158,1.5526315789473684,1.605263157894737,0.18421052631578946,0.42105263157894735,20,0.631578947368421,1.4671052631578947,1.1838565022421526,0.9449152542372882
Premier League,2024-2025,Bournemouth,9,38,15,11,12,58,46,12,56,1.5263157894736843,1.2105263157894737,1.4736842105263157,0.3157894736842105,0.39473684210526316,20,0.5789473684210527,1.4671052631578947,1.040358744394619,1.2119565217391304
Premier League,2024-2025,Brentford,10,38,16,8,14,66,57,9,56,1.736842105263158,1.5,1.4736842105263157,0.23684210526315788,0.42105263157894735,20,0.5263157894736843,1.4671052631578947,1.1838565022421526,0.9780701754385964
Premier League,2024-2025,Fulham,11,38,15,9,14,54,54,0,54,1.4210526315789473,1.4210526315789473,1.4210526315789473,0.0,0.39473684210526316,20,0.4736842105263158,1.4671052631578947,0.968609865470852,1.0324074074074074
Premier League,2024-2025,Crystal Palace,12,38,13,14,11,51,51,0,53,1.3421052631578947,1.3421052631578947,1.394736842105263,0.0,0.34210526315789475,20,0.42105263157894735,1.4671052631578947,0.9147982062780269,1.093137254901961
Premier League,2024-2025,Everton,13,38,11,15,12,42,44,-2,48,1.105263157894737,1.1578947368421053,1.263157894736842,-0.05263157894736842,0.2894736842105263,20,0.368421052631579,1.4671052631578947,0.7533632286995516,1.2670454545454544
Premier League,2024-2025,West Ham,14,38,11,10,17,46,62,-16,43,1.2105263157894737,1.631578947368421,1.131578947368421,-0.42105263157894735,0.2894736842105263,20,0.3157894736842105,1.4671052631578947,0.8251121076233184,0.8991935483870968
Premier League,2024-2025,Man United,15,38,11,9,18,44,54,-10,42,1.1578947368421053,1.4210526315789473,1.105263157894737,-0.2631578947368421,0.2894736842105263,20,0.26315789473684215,1.4671052631578947,0.789237668161435,1.0324074074074074
Premier League,2024-2025,Wolves,16,38,12,6,20,54,69,-15,42,1.4210526315789473,1.8157894736842106,1.105263157894737,-0.39473684210526316,0.3157894736842105,20,0.21052631578947367,1.4671052631578947,0.968609865470852,0.8079710144927535
Premier League,2024-2025,Tottenham,17,38,11,5,22,64,65,-1,38,1.6842105263157894,1.7105263157894737,1.0,-0.02631578947368421,0.2894736842105263,20,0.1578947368421053,1.4671052631578947,1.147982062780269,0.8576923076923076
Premier League,2024-2025,Leicester,18,38,6,7,25,33,80,-47,25,0.868421052631579,2.1052631578947367,0.6578947368421053,-1.236842105263158,0.15789473684210525,20,0.10526315789473684,1.4671052631578947,0.5919282511210763,0.696875
Premier League,2024-2025,Ipswich,19,38,4,10,24,36,82,-46,22,0.9473684210526315,2.1578947368421053,0.5789473684210527,-1.2105263157894737,0.10526315789473684,20,0.052631578947368474,1.4671052631578947,0.6457399103139013,0.6798780487804877
Premier League,2024-2025,Southampton,20,38,2,6,30,26,86,-60,12,0.6842105263157895,2.263157894736842,0.3157894736842105,-1.5789473684210527,0.05263157894736842,20,0.0,1.4671052631578947,0.4663677130044843,0.6482558139534884
Serie A,2024-2025,Napoli,1,38,24,10,4,59,27,32,82,1.5526315789473684,0.7105263157894737,2.1578947368421053,0.8421052631578947,0.631578947368421,20,1.0,1.2802631578947368,1.2127440904419322,1.8018518518518518
Serie A,2024-2025,Inter,2,38,24,9,5,79,35,44,81,2.0789473684210527,0.9210526315789473,2.1315789473684212,1.1578947368421053,0.631578947368421,20,0.9473684210526316,1.2802631578947368,1.6238437821171636,1.39
Serie A,2024-2025,Atalanta,3,38,22,8,8,78,37,41,74,2.0526315789473686,0.9736842105263158,1.9473684210526316,1.0789473684210527,0.5789473684210527,20,0.8947368421052632,1.2802631578947368,1.603288797533402,1.3148648648648646
Serie A,2024-2025,Juventus,4,38,18,16,4,58,35,23,70,1.5263157894736843,0.9210526315789473,1.8421052631578947,0.6052631578947368,0.47368421052631576,20,0.8421052631578947,1.2802631578947368,1.1921891058581708,1.39
Serie A,2024-2025,Roma,5,38,20,9,9,56,35,21,69,1.4736842105263157,0.9210526315789473,1.8157894736842106,0.5526315789473685,0.5263157894736842,20,0.7894736842105263,1.2802631578947368,1.1510791366906474,1.39
Serie A,2024-2025,Fiorentina,6,38,19,8,11,60,41,19,65,1.5789473684210527,1.0789473684210527,1.7105263157894737,0.5,0.5,20,0.736842105263158,1.2802631578947368,1.2332990750256938,1.1865853658536585
Serie A,2024-2025,Lazio,7,38,18,11,9,61,49,12,65,1.605263157894737,1.2894736842105263,1.7105263157894737,0.3157894736842105,0.47368421052631576,20,0.6842105263157895,1.2802631578947368,1.2538540596094554,0.9928571428571428
Serie A,2024-2025,Milan,8,38,18,9,11,61,43,18,63,1.605263157894737,1.131578947368421,1.6578947368421053,0.47368421052631576,0.47368421052631576,20,0.631578947368421,1.2802631578947368,1.2538540596094554,1.1313953488372093
Serie A,2024-2025,Bologna,9,38,16,14,8,57,47,10,62,1.5,1.236842105263158,1.631578947368421,0.2631578947368421,0.42105263157894735,20,0.5789473684210527,1.2802631578947368,1.171634121274409,1.0351063829787233
Serie A,2024-2025,Como,10,38,13,10,15,49,52,-3,49,1.2894736842105263,1.368421052631579,1.2894736842105263,-0.07894736842105263,0.34210526315789475,20,0.5263157894736843,1.2802631578947368,1.0071942446043165,0.935576923076923
Serie A,2024-2025,Torino,11,38,10,14,14,39,45,-6,44,1.0263157894736843,1.1842105263157894,1.1578947368421053,-0.15789473684210525,0.2631578947368421,20,0.4736842105263158,1.2802631578947368,0.801644398766701,1.0811111111111111
Serie A,2024-2025,Udinese,12,38,12,8,18,41,56,-15,44,1.0789473684210527,1.4736842105263157,1.1578947368421053,-0.39473684210526316,0.3157894736842105,20,0.42105263157894735,1.2802631578947368,0.8427543679342241,0.86875
Serie A,2024-2025,Genoa,13,38,10,13,15,37,49,-12,43,0.9736842105263158,1.2894736842105263,1.131578947368421,-0.3157894736842105,0.2631578947368421,20,0.368421052631579,1.2802631578947368,0.7605344295991778,0.9928571428571428
Serie A,2024-2025,Verona,14,38,10,7,21,34,66,-32,37,0.8947368421052632,1.736842105263158,0.9736842105263158,-0.8421052631578947,0.2631578947368421,20,0.3157894736842105,1.2802631578947368,0.6988694758478932,0.7371212121212121
Serie A,2024-2025,Parma,15,38,7,15,16,44,58,-14,36,1.1578947368421053,1.5263157894736843,0.9473684210526315,-0.3684210526315789,0.18421052631578946,20,0.26315789473684215,1.2802631578947368,0.9044193216855089,0.8387931034482757
Serie A,2024-2025,Cagliari,16,38,9,9,20,40,56,-16,36,1.0526315789473684,1.4736842105263157,0.9473684210526315,-0.42105263157894735,0.23684210526315788,20,0.21052631578947367,1.2802631578947368,0.8221993833504625,0.86875
Serie A,2024-2025,Lecce,17,38,8,10,20,27,58,-31,34,0.7105263157894737,1.5263157894736843,0.8947368421052632,-0.8157894736842105,0.21052631578947367,20,0.1578947368421053,1.2802631578947368,0.5549845837615622,0.8387931034482757
Serie A,2024-2025,Empoli,18,38,6,13,19,33,59,-26,31,0.868421052631579,1.5526315789473684,0.8157894736842105,-0.6842105263157895,0.15789473684210525,20,0.10526315789473684,1.2802631578947368,0.6783144912641316,0.8245762711864406
Serie A,2024-2025,Venezia,19,38,5,14,19,32,56,-24,29,0.8421052631578947,1.4736842105263157,0.7631578947368421,-0.631578947368421,0.13157894736842105,20,0.052631578947368474,1.2802631578947368,0.65775950668037,0.86875
Serie A,2024-2025,Monza,20,38,3,9,26,28,69,-41,18,0.7368421052631579,1.8157894736842106,0.47368421052631576,-1.0789473684210527,0.07894736842105263,20,0.0,1.2802631578947368,0.5755395683453237,0.7050724637681158
